comparison	region_set_1	region_set_2	output_prefix	name	motif_id	effect	ci_lower	ci_upper	pvalue	qvalue_bh	significant_fdr05	status	statistical_method	n_replicates	n_regions_set_1	n_regions_set_2	n_motif_regions_set_1	n_motif_regions_set_2	n_analyzed_regions_set_1	n_analyzed_regions_set_2	motif_prevalence_set_1	motif_prevalence_set_2	n_motif_sites_set_1	n_motif_sites_set_2
CTCF_bound_vs_matched_control	CTCF_bound	matched_control	Arnt_MA0004.1	Arnt	MA0004.1	0.010382470857248955	-0.03359499459635282	0.05435993631085073	0.5978890317535096	0.6683451180945068	False	tested	paired empirical-Bayes moderated t	2	1000	1000	150	152	141	150	0.15	0.152	185	179
CTCF_bound_vs_matched_control	CTCF_bound	matched_control	PAX6_MA0069.1	PAX6	MA0069.1	0.08819916180438184	0.02355753428764007	0.1528407893211236	0.01405977555007884	0.029545905141470027	True	tested	paired empirical-Bayes moderated t	2	1000	1000	86	96	79	76	0.086	0.096	93	102
CTCF_bound_vs_matched_control	CTCF_bound	matched_control	RORA_MA0071.1	RORA	MA0071.1	-0.0012374937051666587	-0.04676183831606955	0.04428685090573623	0.9511044593059663	0.9702221368799556	False	tested	paired empirical-Bayes moderated t	2	1000	1000	155	182	152	182	0.155	0.182	172	215
CTCF_bound_vs_matched_control	CTCF_bound	matched_control	RXRAVDR_MA0074.1	RXRA::VDR	MA0074.1	-0.06098574196123968	-0.16140712447356204	0.03943564055108269	0.19676625617703453	0.26175327656577985	False	tested	paired empirical-Bayes moderated t	2	1000	1000	93	102	87	93	0.093	0.102	97	105
CTCF_bound_vs_matched_control	CTCF_bound	matched_control	REL_MA0101.1	REL	MA0101.1	-0.0004859536169704026	-0.05323483059884804	0.05226292336490723	0.9834177608547868	0.9853593556442336	False	tested	paired empirical-Bayes moderated t	2	1000	1000	141	144	131	136	0.141	0.144	155	160
CTCF_bound_vs_matched_control	CTCF_bound	matched_control	RELA_MA0107.1	RELA	MA0107.1	0.00988285074911468	-0.03271331997578584	0.052479021474015196	0.6041030496940677	0.6728214616974396	False	tested	paired empirical-Bayes moderated t	2	1000	1000	144	163	144	153	0.144	0.163	165	185
CTCF_bound_vs_matched_control	CTCF_bound	matched_control	Spz1_MA0111.1	Spz1	MA0111.1	-0.02272824835469344	-0.07363017636768651	0.02817367965829963	0.3300528193346232	0.4075469727793705	False	tested	paired empirical-Bayes moderated t	2	1000	1000	131	145	127	129	0.131	0.145	141	167
CTCF_bound_vs_matched_control	CTCF_bound	matched_control	NR1H2RXRA_MA0115.1	NR1H2::RXRA	MA0115.1	-0.10921952297297921	-0.15351532530850331	-0.0649237206374551	0.0005397568040395612	0.002633909404327666	True	tested	paired empirical-Bayes moderated t	2	1000	1000	144	194	142	182	0.144	0.194	160	226
CTCF_bound_vs_matched_control	CTCF_bound	matched_control	NFICTLX1_MA0119.1	NFIC::TLX1	MA0119.1	0.00697554753913278	-0.03890210610827928	0.05285320118654484	0.7326309323176631	0.7860680722012982	False	tested	paired empirical-Bayes moderated t	2	1000	1000	111	184	109	163	0.111	0.184	121	207
CTCF_bound_vs_matched_control	CTCF_bound	matched_control	ZNF354C_MA0130.1	ZNF354C	MA0130.1	-0.0686857847226478	-0.11980568803480002	-0.017565881410495587	0.015088103868929123	0.031190275818662037	True	tested	paired empirical-Bayes moderated t	2	1000	1000	220	219	220	216	0.22	0.219	267	257
CTCF_bound_vs_matched_control	CTCF_bound	matched_control	Pou5f1Sox2_MA0142.1	Pou5f1::Sox2	MA0142.1	-0.05067967028169607	-0.09341187140145045	-0.007947469161941695	0.025973287262409158	0.04927642349784168	True	tested	paired empirical-Bayes moderated t	2	1000	1000	240	345	240	345	0.24	0.345	296	507
CTCF_bound_vs_matched_control	CTCF_bound	matched_control	EWSR1-FLI1_MA0149.1	EWSR1-FLI1	MA0149.1	-0.003255231752866434	-0.04591270870752314	0.039402245201790274	0.8634480568723782	0.8997944329830224	False	tested	paired empirical-Bayes moderated t	2	1000	1000	440	470	440	470	0.44	0.47	676	774
CTCF_bound_vs_matched_control	CTCF_bound	matched_control	Arid3a_MA0151.1	Arid3a	MA0151.1	-0.07782612629593508	-0.12406946169620474	-0.031582790895665416	0.004963927400698493	0.011996157885021359	True	tested	paired empirical-Bayes moderated t	2	1000	1000	197	240	197	231	0.197	0.24	247	292
CTCF_bound_vs_matched_control	CTCF_bound	matched_control	INSM1_MA0155.1	INSM1	MA0155.1	-0.05888596263638711	-0.1039969891963041	-0.01377493607647013	0.01719160096649375	0.03482929137922387	True	tested	paired empirical-Bayes moderated t	2	1000	1000	217	242	212	237	0.217	0.242	269	308
CTCF_bound_vs_matched_control	CTCF_bound	matched_control	RARARXRA_MA0159.1	RARA::RXRA	MA0159.1	0.1196802650569897	0.07601814340082767	0.1633423867131517	0.00027504338381580454	0.0015952516261316663	True	tested	paired empirical-Bayes moderated t	2	1000	1000	162	203	162	203	0.162	0.203	187	240
CTCF_bound_vs_matched_control	CTCF_bound	matched_control	PLAG1_MA0163.1	PLAG1	MA0163.1	0.0019411434833109032	-0.0409184721377502	0.04480075910437201	0.9186429998385544	0.9466219744529266	False	tested	paired empirical-Bayes moderated t	2	1000	1000	224	240	224	235	0.224	0.24	300	330
CTCF_bound_vs_matched_control	CTCF_bound	matched_control	Tfcp2l1_MA0145.2	Tfcp2l1	MA0145.2	0.10563219159486323	0.06054037910553023	0.15072400408419623	0.0007418619385815312	0.0029120323305951057	True	tested	paired empirical-Bayes moderated t	2	1000	1000	175	183	173	178	0.175	0.183	203	208
CTCF_bound_vs_matched_control	CTCF_bound	matched_control	DUX4_MA0468.1	DUX4	MA0468.1	-0.030171516710523035	-0.07619779232024956	0.015854758899203496	0.1672459431787699	0.23446772420780587	False	tested	paired empirical-Bayes moderated t	2	1000	1000	142	217	139	205	0.142	0.217	166	268
CTCF_bound_vs_matched_control	CTCF_bound	matched_control	Sox6_MA0515.1	Sox6	MA0515.1	-0.03231655902255677	-0.07706382672696191	0.012430708681848375	0.1330507669972561	0.19182745525882802	False	tested	paired empirical-Bayes moderated t	2	1000	1000	246	264	246	264	0.246	0.264	317	337
CTCF_bound_vs_matched_control	CTCF_bound	matched_control	ESR2_MA0258.2	ESR2	MA0258.2	0.0821376606816728	0.03949636735570908	0.12477895400763653	0.00236564157830036	0.006689666326872131	True	tested	paired empirical-Bayes moderated t	2	1000	1000	159	178	153	178	0.159	0.178	181	201
CTCF_bound_vs_matched_control	CTCF_bound	matched_control	SREBF1_MA0595.1	SREBF1	MA0595.1	-0.029360795991928285	-0.07336039325373697	0.014638801269880403	0.16067787262780892	0.22651116766281396	False	tested	paired empirical-Bayes moderated t	2	1000	1000	149	175	149	170	0.149	0.175	167	197
CTCF_bound_vs_matched_control	CTCF_bound	matched_control	SREBF2_MA0596.1	SREBF2	MA0596.1	-0.09454702798390115	-0.13781055410115048	-0.051283501866651815	0.0011316773690787998	0.0039608707917757995	True	tested	paired empirical-Bayes moderated t	2	1000	1000	162	187	162	180	0.162	0.187	179	215
CTCF_bound_vs_matched_control	CTCF_bound	matched_control	KLF5_MA0599.1	KLF5	MA0599.1	0.00015229804206951154	-0.042435713463526786	0.042740309547665806	0.9935627454255623	0.9939069422651008	False	tested	paired empirical-Bayes moderated t	2	1000	1000	404	515	404	515	0.404	0.515	892	1186
CTCF_bound_vs_matched_control	CTCF_bound	matched_control	Atf1_MA0604.1	Atf1	MA0604.1	0.27888715026470334	0.23080130326852222	0.32697299726088447	1.519090702492811e-06	5.316817458724838e-05	True	tested	paired empirical-Bayes moderated t	2	1000	1000	39	56	32	37	0.039	0.056	41	60
CTCF_bound_vs_matched_control	CTCF_bound	matched_control	Creb3l2_MA0608.1	Creb3l2	MA0608.1	0.10395239035294629	0.043057258640040744	0.16484752206585185	0.004602641422207592	0.01145019863612918	True	tested	paired empirical-Bayes moderated t	2	1000	1000	81	94	72	79	0.081	0.094	94	102
CTCF_bound_vs_matched_control	CTCF_bound	matched_control	FOXG1_MA0613.1	FOXG1	MA0613.1	-0.027914667979484838	-0.07115280029100644	0.015323464332036768	0.17297331008517405	0.2408338953860791	False	tested	paired empirical-Bayes moderated t	2	1000	1000	193	244	193	244	0.193	0.244	223	304
CTCF_bound_vs_matched_control	CTCF_bound	matched_control	Foxj2_MA0614.1	Foxj2	MA0614.1	0.05539089848188156	0.012766015339954022	0.09801578162380911	0.017540059262915176	0.03527633788121917	True	tested	paired empirical-Bayes moderated t	2	1000	1000	176	238	176	232	0.176	0.238	198	294
CTCF_bound_vs_matched_control	CTCF_bound	matched_control	BHLHE41_MA0636.1	BHLHE41	MA0636.1	0.361640107340733	0.31630862403739696	0.406971590644069	1.4741169557421576e-07	2.9924574201565798e-05	True	tested	paired empirical-Bayes moderated t	2	1000	1000	48	52	34	34	0.048	0.052	53	56
CTCF_bound_vs_matched_control	CTCF_bound	matched_control	ELF4_MA0641.1	ELF4	MA0641.1	0.15060753845971275	0.10054480424566734	0.20067027267375817	0.00014957439978393973	0.0010398494231554714	True	tested	paired empirical-Bayes moderated t	2	1000	1000	120	182	118	152	0.12	0.182	145	214
CTCF_bound_vs_matched_control	CTCF_bound	matched_control	FOXI1_MA0042.2	FOXI1	MA0042.2	0.026752033094867917	-0.016083143842290423	0.06958721003202625	0.18572079195513339	0.2513694442960855	False	tested	paired empirical-Bayes moderated t	2	1000	1000	162	209	162	203	0.162	0.209	186	257
CTCF_bound_vs_matched_control	CTCF_bound	matched_control	FOXL1_MA0033.2	FOXL1	MA0033.2	0.04874938433574956	0.006180914400905679	0.09131785427059344	0.029954766806337366	0.05510808749427339	False	tested	paired empirical-Bayes moderated t	2	1000	1000	216	274	216	274	0.216	0.274	255	358
CTCF_bound_vs_matched_control	CTCF_bound	matched_control	HNF1B_MA0153.2	HNF1B	MA0153.2	-0.054639567085389446	-0.09870090699911911	-0.01057822717165978	0.02152270143701763	0.04222228168600069	True	tested	paired empirical-Bayes moderated t	2	1000	1000	127	192	127	186	0.127	0.192	144	220
CTCF_bound_vs_matched_control	CTCF_bound	matched_control	HSF1_MA0486.2	HSF1	MA0486.2	-0.093365329296503	-0.13976072520586735	-0.046969933387138646	0.0018405747395765077	0.005489039255702783	True	tested	paired empirical-Bayes moderated t	2	1000	1000	124	177	124	165	0.124	0.177	136	202
CTCF_bound_vs_matched_control	CTCF_bound	matched_control	IRF9_MA0653.1	IRF9	MA0653.1	-0.011089776242190624	-0.06226857351427522	0.04008902102989397	0.6277918651341029	0.6947560172838775	False	tested	paired empirical-Bayes moderated t	2	1000	1000	165	211	156	187	0.165	0.211	184	237
CTCF_bound_vs_matched_control	CTCF_bound	matched_control	JDP2_MA0655.1	JDP2	MA0655.1	-0.01454483797951151	-0.06615878791226054	0.037069111953237525	0.530651194741869	0.6072276918410338	False	tested	paired empirical-Bayes moderated t	2	1000	1000	116	217	116	196	0.116	0.217	138	245
CTCF_bound_vs_matched_control	CTCF_bound	matched_control	MEF2B_MA0660.1	MEF2B	MA0660.1	0.04032208054583106	-0.00342872215712494	0.08407288324878706	0.06601725353938714	0.10807663281044831	False	tested	paired empirical-Bayes moderated t	2	1000	1000	179	257	179	257	0.179	0.257	209	327
CTCF_bound_vs_matched_control	CTCF_bound	matched_control	MLX_MA0663.1	MLX	MA0663.1	-0.046057506219952776	-0.09611151480188497	0.003996502361979418	0.06636321097976529	0.1082936642193919	False	tested	paired empirical-Bayes moderated t	2	1000	1000	58	61	44	45	0.058	0.061	64	64
CTCF_bound_vs_matched_control	CTCF_bound	matched_control	MSC_MA0665.1	MSC	MA0665.1	-0.11896272135974566	-0.1709407864627212	-0.0669846562567701	0.0008556382100266324	0.003209191271958342	True	tested	paired empirical-Bayes moderated t	2	1000	1000	174	202	174	194	0.174	0.202	191	238
CTCF_bound_vs_matched_control	CTCF_bound	matched_control	MYF6_MA0667.1	MYF6	MA0667.1	-0.07723139419011125	-0.1209506961960714	-0.0335120921841511	0.003827565722693619	0.009736789996325873	True	tested	paired empirical-Bayes moderated t	2	1000	1000	113	143	106	133	0.113	0.143	122	165
CTCF_bound_vs_matched_control	CTCF_bound	matched_control	NEUROG2_MA0669.1	NEUROG2	MA0669.1	-0.032854305253753685	-0.07583677851687559	0.010128168009368214	0.1149140522669408	0.17077271310533662	False	tested	paired empirical-Bayes moderated t	2	1000	1000	86	112	72	96	0.086	0.112	94	125
CTCF_bound_vs_matched_control	CTCF_bound	matched_control	Nr2e1_MA0676.1	Nr2e1	MA0676.1	-0.01073010525729981	-0.05341352078805306	0.03195331027345344	0.5748644813759658	0.6504876795948777	False	tested	paired empirical-Bayes moderated t	2	1000	1000	177	220	174	220	0.177	0.22	193	268
CTCF_bound_vs_matched_control	CTCF_bound	matched_control	OLIG2_MA0678.1	OLIG2	MA0678.1	-0.04624265667009232	-0.09083826626976871	-0.0016470470704159287	0.043869472418632594	0.07585607241041241	False	tested	paired empirical-Bayes moderated t	2	1000	1000	44	71	31	43	0.044	0.071	45	82
CTCF_bound_vs_matched_control	CTCF_bound	matched_control	PAX4_MA0068.2	PAX4	MA0068.2	-0.13711844029068992	-0.17976364173966716	-0.09447323884171269	9.596095162213127e-05	0.0007792029271717059	True	tested	paired empirical-Bayes moderated t	2	1000	1000	58	79	46	59	0.058	0.079	63	83
CTCF_bound_vs_matched_control	CTCF_bound	matched_control	Rxra_MA0512.2	Rxra	MA0512.2	-0.11275191858512582	-0.15663827807037725	-0.06886555909987438	0.00041648379927217047	0.00215679110337374	True	tested	paired empirical-Bayes moderated t	2	1000	1000	156	209	153	193	0.156	0.209	169	240
CTCF_bound_vs_matched_control	CTCF_bound	matched_control	SRF_MA0083.3	SRF	MA0083.3	-0.15456512322339291	-0.24621687062305647	-0.06291337582372934	0.004910076958934835	0.011951386362874959	True	tested	paired empirical-Bayes moderated t	2	1000	1000	59	93	50	58	0.059	0.093	62	100
CTCF_bound_vs_matched_control	CTCF_bound	matched_control	TBXT_MA0009.2	TBXT	MA0009.2	0.055746676697432496	0.013105288495245303	0.09838806489961968	0.017075448030698645	0.034677149099063304	True	tested	paired empirical-Bayes moderated t	2	1000	1000	48	69	37	47	0.048	0.069	49	72
CTCF_bound_vs_matched_control	CTCF_bound	matched_control	TBX20_MA0689.1	TBX20	MA0689.1	-0.028236451858267193	-0.07227474487513892	0.015801841158604533	0.17558251797968338	0.243464830258714	False	tested	paired empirical-Bayes moderated t	2	1000	1000	156	195	156	183	0.156	0.195	172	223
CTCF_bound_vs_matched_control	CTCF_bound	matched_control	TFAP4_MA0691.1	TFAP4	MA0691.1	0.008542509753993593	-0.036401862062327005	0.05348688157031419	0.6700476591545573	0.7285580891597156	False	tested	paired empirical-Bayes moderated t	2	1000	1000	125	159	117	141	0.125	0.159	141	172
CTCF_bound_vs_matched_control	CTCF_bound	matched_control	ZIC1_MA0696.1	ZIC1	MA0696.1	0.15164678346690405	0.10301773705476314	0.20027582987904496	0.0001177875334292085	0.0008698265083914812	True	tested	paired empirical-Bayes moderated t	2	1000	1000	171	145	165	140	0.171	0.145	192	166
CTCF_bound_vs_matched_control	CTCF_bound	matched_control	PHOX2A_MA0713.1	PHOX2A	MA0713.1	-0.023858755417703242	-0.06702955077833189	0.0193120399429254	0.2356875506790642	0.3069968897614672	False	tested	paired empirical-Bayes moderated t	2	1000	1000	145	190	143	180	0.145	0.19	170	228
CTCF_bound_vs_matched_control	CTCF_bound	matched_control	PROP1_MA0715.1	PROP1	MA0715.1	-0.019714449991214397	-0.06231061775895678	0.022881717776527984	0.31383492708480265	0.3903706507243562	False	tested	paired empirical-Bayes moderated t	2	1000	1000	172	232	172	226	0.172	0.232	206	285
CTCF_bound_vs_matched_control	CTCF_bound	matched_control	VENTX_MA0724.1	VENTX	MA0724.1	-0.02751482855141519	-0.07076055760069136	0.015730900497860974	0.1785356443078636	0.2465105607816334	False	tested	paired empirical-Bayes moderated t	2	1000	1000	75	99	63	77	0.075	0.099	80	106
CTCF_bound_vs_matched_control	CTCF_bound	matched_control	Nr2F6_MA0728.1	Nr2F6	MA0728.1	-0.12044416726281888	-0.17202790442509452	-0.06886043010054324	0.0007569975359891525	0.0029120323305951057	True	tested	paired empirical-Bayes moderated t	2	1000	1000	163	226	163	219	0.163	0.226	185	261
CTCF_bound_vs_matched_control	CTCF_bound	matched_control	RARA_MA0729.1	RARA	MA0729.1	0.031089962372642804	-0.01151558897438576	0.07369551371967137	0.1296330370122684	0.18743238257471853	False	tested	paired empirical-Bayes moderated t	2	1000	1000	165	206	165	195	0.165	0.206	188	252
CTCF_bound_vs_matched_control	CTCF_bound	matched_control	RARA_MA0730.1	RARA	MA0730.1	-0.07514396722486406	-0.1255571648712609	-0.024730769578467218	0.009225165836185243	0.020444417737397427	True	tested	paired empirical-Bayes moderated t	2	1000	1000	152	180	152	173	0.152	0.18	170	204
CTCF_bound_vs_matched_control	CTCF_bound	matched_control	BCL6B_MA0731.1	BCL6B	MA0731.1	-0.17280519177345596	-0.2245478075182159	-0.12106257602869601	7.428517245221146e-05	0.0006608114022432662	True	tested	paired empirical-Bayes moderated t	2	1000	1000	164	207	163	204	0.164	0.207	183	238
CTCF_bound_vs_matched_control	CTCF_bound	matched_control	EGR2_MA0472.2	EGR2	MA0472.2	0.15408413529039464	0.10305413840090441	0.20511413217988486	0.00014596770345813231	0.0010217739242069262	True	tested	paired empirical-Bayes moderated t	2	1000	1000	108	121	92	100	0.108	0.121	129	154
CTCF_bound_vs_matched_control	CTCF_bound	matched_control	GLIS2_MA0736.1	GLIS2	MA0736.1	-0.16158313882126124	-0.20500462344523698	-0.1181616541972855	3.544605571657419e-05	0.00041051271447337405	True	tested	paired empirical-Bayes moderated t	2	1000	1000	84	103	71	90	0.084	0.103	92	113
CTCF_bound_vs_matched_control	CTCF_bound	matched_control	GLIS3_MA0737.1	GLIS3	MA0737.1	-0.032246726179695304	-0.07614446732385335	0.011651014964462747	0.12746162369807382	0.185881534559691	False	tested	paired empirical-Bayes moderated t	2	1000	1000	87	101	75	85	0.087	0.101	95	106
CTCF_bound_vs_matched_control	CTCF_bound	matched_control	KLF16_MA0741.1	KLF16	MA0741.1	-0.03680145375507748	-0.07940008193660264	0.005797174426447685	0.08098539519015698	0.1282620637879513	False	tested	paired empirical-Bayes moderated t	2	1000	1000	311	418	311	418	0.311	0.418	570	797
CTCF_bound_vs_matched_control	CTCF_bound	matched_control	E2F7_MA0758.1	E2F7	MA0758.1	0.03769941261900197	-0.009703580984406109	0.08510240622241005	0.1031262623240423	0.15685013524507394	False	tested	paired empirical-Bayes moderated t	2	1000	1000	97	122	92	100	0.097	0.122	104	134
CTCF_bound_vs_matched_control	CTCF_bound	matched_control	HSF2_MA0770.1	HSF2	MA0770.1	-0.041889993837212994	-0.08555877408409707	0.0017787864096710862	0.05776918245298552	0.09644032925950707	False	tested	paired empirical-Bayes moderated t	2	1000	1000	136	190	136	174	0.136	0.19	150	209
CTCF_bound_vs_matched_control	CTCF_bound	matched_control	HSF4_MA0771.1	HSF4	MA0771.1	-0.10869019082923942	-0.16924424044855418	-0.048136141209924654	0.0035083932275966545	0.009061117368983726	True	tested	paired empirical-Bayes moderated t	2	1000	1000	117	165	114	151	0.117	0.165	125	184
CTCF_bound_vs_matched_control	CTCF_bound	matched_control	MEF2D_MA0773.1	MEF2D	MA0773.1	0.0341396598202878	-0.008533627368207647	0.07681294700878324	0.10142952295536475	0.15458102972927212	False	tested	paired empirical-Bayes moderated t	2	1000	1000	207	288	207	288	0.207	0.288	254	388
CTCF_bound_vs_matched_control	CTCF_bound	matched_control	MEIS2_MA0774.1	MEIS2	MA0774.1	-0.22433453975711795	-0.27687959264622963	-0.17178948686800627	1.359541959766616e-05	0.00024265332578444	True	tested	paired empirical-Bayes moderated t	2	1000	1000	124	170	124	170	0.124	0.17	141	201
CTCF_bound_vs_matched_control	CTCF_bound	matched_control	MYBL1_MA0776.1	MYBL1	MA0776.1	0.013503824671109523	-0.04481643982052512	0.07182408916274416	0.6048171413165723	0.6728214616974396	False	tested	paired empirical-Bayes moderated t	2	1000	1000	24	34	14	15	0.024	0.034	24	34
CTCF_bound_vs_matched_control	CTCF_bound	matched_control	MYBL2_MA0777.1	MYBL2	MA0777.1	-0.23651181640274005	-0.29324924345543324	-0.17977438935004686	1.6082896873430055e-05	0.0002534812850093834	True	tested	paired empirical-Bayes moderated t	2	1000	1000	36	33	20	20	0.036	0.033	36	35
CTCF_bound_vs_matched_control	CTCF_bound	matched_control	NFKB1_MA0105.4	NFKB1	MA0105.4	0.09323275523688132	0.05046152994739035	0.1360039805263723	0.0011491382112335928	0.003994435905486633	True	tested	paired empirical-Bayes moderated t	2	1000	1000	86	94	69	67	0.086	0.094	94	106
CTCF_bound_vs_matched_control	CTCF_bound	matched_control	PAX3_MA0780.1	PAX3	MA0780.1	-0.1094297687845149	-0.15200459243822856	-0.06685494513080122	0.0004153396545558758	0.00215679110337374	True	tested	paired empirical-Bayes moderated t	2	1000	1000	84	117	80	97	0.084	0.117	90	134
CTCF_bound_vs_matched_control	CTCF_bound	matched_control	PKNOX2_MA0783.1	PKNOX2	MA0783.1	-0.015289435765796935	-0.05833354648097849	0.02775467494938462	0.43296100103515406	0.51338249538631	False	tested	paired empirical-Bayes moderated t	2	1000	1000	126	171	123	162	0.126	0.171	135	193
CTCF_bound_vs_matched_control	CTCF_bound	matched_control	POU3F2_MA0787.1	POU3F2	MA0787.1	0.010673207315956194	-0.034195762813850436	0.05554217744576283	0.5951712987782576	0.6682509604645259	False	tested	paired empirical-Bayes moderated t	2	1000	1000	196	270	192	270	0.196	0.27	235	372
CTCF_bound_vs_matched_control	CTCF_bound	matched_control	POU3F3_MA0788.1	POU3F3	MA0788.1	0.05079265699950926	0.0068872036840001705	0.09469811031501835	0.028755318274300987	0.053455399356072346	False	tested	paired empirical-Bayes moderated t	2	1000	1000	246	300	246	300	0.246	0.3	318	455
CTCF_bound_vs_matched_control	CTCF_bound	matched_control	POU3F4_MA0789.1	POU3F4	MA0789.1	0.03784385417112855	-0.00791774347780981	0.08360545182006691	0.09225794722431105	0.14296460524072627	False	tested	paired empirical-Bayes moderated t	2	1000	1000	151	199	148	199	0.151	0.199	184	247
CTCF_bound_vs_matched_control	CTCF_bound	matched_control	POU5F1B_MA0792.1	POU5F1B	MA0792.1	0.04837295295096285	0.0010163538630274735	0.09572955203889821	0.04633913591386617	0.07971902195351553	False	tested	paired empirical-Bayes moderated t	2	1000	1000	180	232	175	232	0.18	0.232	221	293
CTCF_bound_vs_matched_control	CTCF_bound	matched_control	PROX1_MA0794.1	PROX1	MA0794.1	-0.0017742302294085424	-0.07952518249477425	0.07597672203595715	0.9589444879001562	0.974386231596567	False	tested	paired empirical-Bayes moderated t	2	1000	1000	69	68	54	50	0.069	0.068	71	76
CTCF_bound_vs_matched_control	CTCF_bound	matched_control	SMAD3_MA0795.1	SMAD3	MA0795.1	-0.1587741568390284	-0.20373669305094494	-0.11381162062711186	5.081823991653327e-05	0.0005317578712915595	True	tested	paired empirical-Bayes moderated t	2	1000	1000	47	69	36	39	0.047	0.069	49	71
CTCF_bound_vs_matched_control	CTCF_bound	matched_control	TGIF1_MA0796.1	TGIF1	MA0796.1	0.010627953699868615	-0.032451611748302606	0.05370751914803984	0.5818567828901763	0.65620514959281	False	tested	paired empirical-Bayes moderated t	2	1000	1000	115	143	109	139	0.115	0.143	124	165
CTCF_bound_vs_matched_control	CTCF_bound	matched_control	TGIF2_MA0797.1	TGIF2	MA0797.1	-0.03429167158207382	-0.08114324080640314	0.0125598976422555	0.12864572384664222	0.18662077648495398	False	tested	paired empirical-Bayes moderated t	2	1000	1000	112	150	107	142	0.112	0.15	119	170
CTCF_bound_vs_matched_control	CTCF_bound	matched_control	RUNX2_MA0511.2	RUNX2	MA0511.2	-0.0076558209581639985	-0.05555936320425631	0.040247721287928306	0.719644294589544	0.7770594772228681	False	tested	paired empirical-Bayes moderated t	2	1000	1000	106	138	100	109	0.106	0.138	117	153
CTCF_bound_vs_matched_control	CTCF_bound	matched_control	MGA_MA0801.1	MGA	MA0801.1	0.05914676970809532	0.01603895145857974	0.1022545879576109	0.01370143078193108	0.02891258262715186	True	tested	paired empirical-Bayes moderated t	2	1000	1000	135	168	130	168	0.135	0.168	147	185
CTCF_bound_vs_matched_control	CTCF_bound	matched_control	TBX15_MA0803.1	TBX15	MA0803.1	0.09737858738522098	0.05043800426174586	0.1443191705086961	0.0015414565934363952	0.004858939261919072	True	tested	paired empirical-Bayes moderated t	2	1000	1000	190	228	190	228	0.19	0.228	225	262
CTCF_bound_vs_matched_control	CTCF_bound	matched_control	TBX1_MA0805.1	TBX1	MA0805.1	0.1394393044559506	0.09341898515229538	0.1854596237596058	0.0001426562545092358	0.0010055284606032941	True	tested	paired empirical-Bayes moderated t	2	1000	1000	141	172	134	172	0.141	0.172	157	191
CTCF_bound_vs_matched_control	CTCF_bound	matched_control	TBX4_MA0806.1	TBX4	MA0806.1	0.13459816569051067	0.09202513049538107	0.17717120088564026	0.00010744945139502527	0.0008389322551226974	True	tested	paired empirical-Bayes moderated t	2	1000	1000	107	130	94	114	0.107	0.13	116	144
CTCF_bound_vs_matched_control	CTCF_bound	matched_control	TBX5_MA0807.1	TBX5	MA0807.1	0.10750921554107726	0.0648372271288904	0.15018120395326412	0.0004713313294127629	0.002392006496769772	True	tested	paired empirical-Bayes moderated t	2	1000	1000	147	164	136	162	0.147	0.164	161	183
CTCF_bound_vs_matched_control	CTCF_bound	matched_control	TEAD3_MA0808.1	TEAD3	MA0808.1	0.10439664093340587	0.06029858771210852	0.1484946941547032	0.0006952582292549859	0.0029120323305951057	True	tested	paired empirical-Bayes moderated t	2	1000	1000	134	165	130	154	0.134	0.165	147	184
CTCF_bound_vs_matched_control	CTCF_bound	matched_control	TFAP2B_MA0813.1	TFAP2B	MA0813.1	0.2700238589032141	0.22614907583231034	0.31389864197411793	9.870974687534095e-07	4.55410877629414e-05	True	tested	paired empirical-Bayes moderated t	2	1000	1000	142	132	134	122	0.142	0.132	169	148
CTCF_bound_vs_matched_control	CTCF_bound	matched_control	TFAP2C_MA0815.1	TFAP2C	MA0815.1	0.3504056778157197	0.3074315022678392	0.39337985336360015	1.2547894432528131e-07	2.9924574201565798e-05	True	tested	paired empirical-Bayes moderated t	2	1000	1000	120	119	103	102	0.12	0.119	138	135
CTCF_bound_vs_matched_control	CTCF_bound	matched_control	Ascl2_MA0816.1	Ascl2	MA0816.1	0.03591457396787699	-0.008165633958484714	0.0799947818942387	0.09631341544792904	0.1478942763686051	False	tested	paired empirical-Bayes moderated t	2	1000	1000	212	251	212	243	0.212	0.251	248	299
CTCF_bound_vs_matched_control	CTCF_bound	matched_control	HES7_MA0822.1	HES7	MA0822.1	0.15520557078185426	0.11263691165541626	0.19777422990829227	4.080617855629477e-05	0.0004551458377432879	True	tested	paired empirical-Bayes moderated t	2	1000	1000	57	51	38	32	0.057	0.051	58	56
CTCF_bound_vs_matched_control	CTCF_bound	matched_control	HEY1_MA0823.1	HEY1	MA0823.1	0.061302437241133295	0.013842059139018814	0.10876281534324778	0.018018061238348995	0.03600065385221305	True	tested	paired empirical-Bayes moderated t	2	1000	1000	68	73	51	42	0.068	0.073	71	82
CTCF_bound_vs_matched_control	CTCF_bound	matched_control	OLIG1_MA0826.1	OLIG1	MA0826.1	-0.028098284623684296	-0.0726174637667992	0.01642089451943061	0.18163003078662196	0.24994144768072907	False	tested	paired empirical-Bayes moderated t	2	1000	1000	46	78	30	41	0.046	0.078	49	88
CTCF_bound_vs_matched_control	CTCF_bound	matched_control	OLIG3_MA0827.1	OLIG3	MA0827.1	-0.029996380648523002	-0.07543523739451975	0.015442476097473748	0.1646389329059376	0.23113211189422772	False	tested	paired empirical-Bayes moderated t	2	1000	1000	59	77	40	58	0.059	0.077	61	93
CTCF_bound_vs_matched_control	CTCF_bound	matched_control	CEBPG_MA0838.1	CEBPG	MA0838.1	0.10297422830307199	0.06033916192164802	0.14560929468449596	0.0006140968424896122	0.002885686551513687	True	tested	paired empirical-Bayes moderated t	2	1000	1000	51	71	40	41	0.051	0.071	52	75
CTCF_bound_vs_matched_control	CTCF_bound	matched_control	FOXB1_MA0845.1	FOXB1	MA0845.1	-0.004262663250295592	-0.046829563900259365	0.038304237399668185	0.8215720208763647	0.8668353442718402	False	tested	paired empirical-Bayes moderated t	2	1000	1000	231	310	231	310	0.231	0.31	301	410
CTCF_bound_vs_matched_control	CTCF_bound	matched_control	FOXC1_MA0032.2	FOXC1	MA0032.2	0.00893666922198698	-0.033701987136443186	0.05157532558041714	0.6389220134848629	0.7033685940207547	False	tested	paired empirical-Bayes moderated t	2	1000	1000	257	341	257	341	0.257	0.341	347	491
CTCF_bound_vs_matched_control	CTCF_bound	matched_control	FOXO4_MA0848.1	FOXO4	MA0848.1	0.026750561512083375	-0.01608447500667269	0.06958559803083944	0.18574096869168877	0.2513694442960855	False	tested	paired empirical-Bayes moderated t	2	1000	1000	162	209	162	203	0.162	0.209	186	257
CTCF_bound_vs_matched_control	CTCF_bound	matched_control	FOXO6_MA0849.1	FOXO6	MA0849.1	0.057969504513422206	0.015301776371851566	0.10063723265499284	0.014339002193136588	0.029946681535048637	True	tested	paired empirical-Bayes moderated t	2	1000	1000	122	177	121	163	0.122	0.177	133	204
CTCF_bound_vs_matched_control	CTCF_bound	matched_control	FOXP3_MA0850.1	FOXP3	MA0850.1	0.026750561512083375	-0.01608447500667269	0.06958559803083944	0.18574096869168877	0.2513694442960855	False	tested	paired empirical-Bayes moderated t	2	1000	1000	162	209	162	203	0.162	0.209	186	257
CTCF_bound_vs_matched_control	CTCF_bound	matched_control	RXRB_MA0855.1	RXRB	MA0855.1	-0.12485213220413754	-0.16743949966797797	-0.08226476474029712	0.0001773789597807572	0.0011925613286169773	True	tested	paired empirical-Bayes moderated t	2	1000	1000	146	216	146	188	0.146	0.216	163	249
CTCF_bound_vs_matched_control	CTCF_bound	matched_control	RXRG_MA0856.1	RXRG	MA0856.1	-0.078085951094334	-0.12088200569311336	-0.03528989649555465	0.003205502345940896	0.008407196075271342	True	tested	paired empirical-Bayes moderated t	2	1000	1000	142	212	142	191	0.142	0.212	154	235
CTCF_bound_vs_matched_control	CTCF_bound	matched_control	Rarb_MA0857.1	Rarb	MA0857.1	-0.10412625646522768	-0.1531396685041882	-0.05511284442626714	0.0013395869240918651	0.004465911291637773	True	tested	paired empirical-Bayes moderated t	2	1000	1000	177	236	177	231	0.177	0.236	195	272
CTCF_bound_vs_matched_control	CTCF_bound	matched_control	Rarb_MA0858.1	Rarb	MA0858.1	-0.004747442610002241	-0.05019304719282272	0.04069816197281824	0.8140345447991519	0.8597763402405194	False	tested	paired empirical-Bayes moderated t	2	1000	1000	150	198	149	194	0.15	0.198	167	225
CTCF_bound_vs_matched_control	CTCF_bound	matched_control	Rarg_MA0860.1	Rarg	MA0860.1	-0.1058348416178784	-0.1561541676697523	-0.0555155155660045	0.0014214231388409103	0.0045452231033416965	True	tested	paired empirical-Bayes moderated t	2	1000	1000	196	196	196	196	0.196	0.196	213	222
CTCF_bound_vs_matched_control	CTCF_bound	matched_control	TP63_MA0525.2	TP63	MA0525.2	0.14361073146172032	0.06883117203130987	0.21839029089213077	0.002406419732075993	0.006765972376889565	True	tested	paired empirical-Bayes moderated t	2	1000	1000	75	79	69	64	0.075	0.079	76	85
CTCF_bound_vs_matched_control	CTCF_bound	matched_control	TP53_MA0106.3	TP53	MA0106.3	-0.0512271174691498	-0.09438572330490465	-0.008068511633394948	0.025885830205413875	0.049202467525271694	True	tested	paired empirical-Bayes moderated t	2	1000	1000	65	77	54	58	0.065	0.077	67	79
CTCF_bound_vs_matched_control	CTCF_bound	matched_control	GMEB2_MA0862.1	GMEB2	MA0862.1	0.10725038806939949	0.025725785231762915	0.18877499090703606	0.01660216116752301	0.034042815323304755	True	tested	paired empirical-Bayes moderated t	2	1000	1000	24	26	10	10	0.024	0.026	25	26
CTCF_bound_vs_matched_control	CTCF_bound	matched_control	MTF1_MA0863.1	MTF1	MA0863.1	-0.002884358989934631	-0.08341550582526719	0.07764678784539791	0.9356107959200906	0.9573033849383991	False	tested	paired empirical-Bayes moderated t	2	1000	1000	95	91	68	81	0.095	0.091	100	101
CTCF_bound_vs_matched_control	CTCF_bound	matched_control	E2F1_MA0024.3	E2F1	MA0024.3	0.5844268536013275	0.4272835155272103	0.7415701916754447	3.5591250121829476e-05	0.00041051271447337405	True	tested	paired empirical-Bayes moderated t	2	1000	1000	37	29	16	13	0.037	0.029	39	30
CTCF_bound_vs_matched_control	CTCF_bound	matched_control	SOX21_MA0866.1	SOX21	MA0866.1	-0.012993418110770177	-0.05748640858864066	0.031499572367100305	0.5162545504816362	0.5934296361708501	False	tested	paired empirical-Bayes moderated t	2	1000	1000	149	181	146	162	0.149	0.181	162	217
CTCF_bound_vs_matched_control	CTCF_bound	matched_control	Sox1_MA0870.1	Sox1	MA0870.1	-0.029480584988196473	-0.073022692736158	0.014061522759765056	0.15540902992267805	0.22030749353564	False	tested	paired empirical-Bayes moderated t	2	1000	1000	114	121	104	105	0.114	0.121	118	139
CTCF_bound_vs_matched_control	CTCF_bound	matched_control	TFAP2A_MA0872.1	TFAP2A	MA0872.1	0.2801051150264478	0.23681999929579722	0.3233902307570984	6.846999751378688e-07	3.657739340868089e-05	True	tested	paired empirical-Bayes moderated t	2	1000	1000	129	119	113	112	0.129	0.119	149	136
CTCF_bound_vs_matched_control	CTCF_bound	matched_control	ZNF24_MA1124.1	ZNF24	MA1124.1	0.00723492567129156	-0.035370004798804436	0.049839856141387556	0.7030807446128317	0.7607963281258252	False	tested	paired empirical-Bayes moderated t	2	1000	1000	178	263	178	256	0.178	0.263	217	316
CTCF_bound_vs_matched_control	CTCF_bound	matched_control	ZSCAN4_MA1155.1	ZSCAN4	MA1155.1	0.06935632716827521	0.02670218719073858	0.11201046714581184	0.00594534614169356	0.014034436715648602	True	tested	paired empirical-Bayes moderated t	2	1000	1000	148	232	143	211	0.148	0.232	182	283
CTCF_bound_vs_matched_control	CTCF_bound	matched_control	FOSBJUN_MA1127.1	FOSB::JUN	MA1127.1	0.06313335878880702	0.016595130314865522	0.10967158726274852	0.014438252019309459	0.030092044763037167	True	tested	paired empirical-Bayes moderated t	2	1000	1000	86	122	83	108	0.086	0.122	89	130
CTCF_bound_vs_matched_control	CTCF_bound	matched_control	FOSL1JUN_MA1129.1	FOSL1::JUN	MA1129.1	0.0849883238785379	0.038503703053979814	0.13147294470309598	0.003169739421167916	0.008334936560843095	True	tested	paired empirical-Bayes moderated t	2	1000	1000	64	94	51	73	0.064	0.094	67	99
CTCF_bound_vs_matched_control	CTCF_bound	matched_control	FOSBJUNB_MA1136.1	FOSB::JUNB	MA1136.1	0.16742053780673993	0.12366946446464243	0.21117161114883742	2.921827531850034e-05	0.00038514999283477717	True	tested	paired empirical-Bayes moderated t	2	1000	1000	69	105	58	82	0.069	0.105	72	112
CTCF_bound_vs_matched_control	CTCF_bound	matched_control	IRF5_MA1420.1	IRF5	MA1420.1	0.0904646248167972	0.047671478247737396	0.133257771385857	0.0013792833100296836	0.00451604051509719	True	tested	paired empirical-Bayes moderated t	2	1000	1000	119	133	116	118	0.119	0.133	121	149
CTCF_bound_vs_matched_control	CTCF_bound	matched_control	TCF7L1_MA1421.1	TCF7L1	MA1421.1	0.03668757227568331	-0.006367726317901487	0.07974287086926811	0.08443505874926775	0.13287067384574694	False	tested	paired empirical-Bayes moderated t	2	1000	1000	202	273	202	273	0.202	0.273	244	339
CTCF_bound_vs_matched_control	CTCF_bound	matched_control	ATOH7_MA1468.1	ATOH7	MA1468.1	-0.015134414460965504	-0.05802035243547937	0.02775152351354836	0.43582735640159465	0.5160762515226851	False	tested	paired empirical-Bayes moderated t	2	1000	1000	93	119	78	105	0.093	0.119	99	133
CTCF_bound_vs_matched_control	CTCF_bound	matched_control	FERD3L_MA1485.1	FERD3L	MA1485.1	0.0059653978400045	-0.03673096726043608	0.04866176294044508	0.7534271420656441	0.8049774202069776	False	tested	paired empirical-Bayes moderated t	2	1000	1000	134	126	124	105	0.134	0.126	147	134
CTCF_bound_vs_matched_control	CTCF_bound	matched_control	FOXN3_MA1489.1	FOXN3	MA1489.1	-0.07090336112750843	-0.12547336733457248	-0.016333354920444396	0.017551281408882444	0.03527633788121917	True	tested	paired empirical-Bayes moderated t	2	1000	1000	162	216	162	216	0.162	0.216	182	261
CTCF_bound_vs_matched_control	CTCF_bound	matched_control	HES6_MA1493.1	HES6	MA1493.1	0.13410402904902952	0.08531308625301535	0.18289497184504366	0.00027023148865279353	0.0015854622022114765	True	tested	paired empirical-Bayes moderated t	2	1000	1000	80	70	67	47	0.08	0.07	83	74
CTCF_bound_vs_matched_control	CTCF_bound	matched_control	IRF6_MA1509.1	IRF6	MA1509.1	-0.064471494626	-0.13280492114620895	0.003861931894208942	0.06109492941083538	0.10149157668084764	False	tested	paired empirical-Bayes moderated t	2	1000	1000	57	62	38	44	0.057	0.062	59	68
CTCF_bound_vs_matched_control	CTCF_bound	matched_control	NR2F1_MA1538.1	NR2F1	MA1538.1	0.10830371765891714	0.06380842856592553	0.15279900675190874	0.0005851361131632248	0.0028014771455692126	True	tested	paired empirical-Bayes moderated t	2	1000	1000	89	90	80	77	0.089	0.09	92	98
CTCF_bound_vs_matched_control	CTCF_bound	matched_control	NR2F6_MA1539.1	NR2F6	MA1539.1	0.13860231803123066	0.09031632942854514	0.18688830663391617	0.00020373257877011813	0.001337327237075999	True	tested	paired empirical-Bayes moderated t	2	1000	1000	84	84	76	71	0.084	0.084	87	92
CTCF_bound_vs_matched_control	CTCF_bound	matched_control	RXRB_MA1555.1	RXRB	MA1555.1	-0.13391753034177367	-0.17687888869458412	-0.09095617198896322	0.00011811028597005541	0.0008698265083914812	True	tested	paired empirical-Bayes moderated t	2	1000	1000	82	117	79	95	0.082	0.117	89	126
CTCF_bound_vs_matched_control	CTCF_bound	matched_control	RXRG_MA1556.1	RXRG	MA1556.1	0.11477163921803306	0.07209739060206256	0.15744588783400354	0.00031088815630988815	0.0017433783351079363	True	tested	paired empirical-Bayes moderated t	2	1000	1000	101	138	100	115	0.101	0.138	108	150
CTCF_bound_vs_matched_control	CTCF_bound	matched_control	SMAD5_MA1557.1	SMAD5	MA1557.1	-0.34255117114919886	-0.39404057055618236	-0.29106177174221537	5.593124323966472e-07	3.6543003106004155e-05	True	tested	paired empirical-Bayes moderated t	2	1000	1000	36	50	21	25	0.036	0.05	37	51
CTCF_bound_vs_matched_control	CTCF_bound	matched_control	TFAP4_MA1570.1	TFAP4	MA1570.1	-0.014415522442840611	-0.05934213945073187	0.030511094565050648	0.47702604701676754	0.5533502145394503	False	tested	paired empirical-Bayes moderated t	2	1000	1000	73	102	57	79	0.073	0.102	76	117
CTCF_bound_vs_matched_control	CTCF_bound	matched_control	TGIF2LX_MA1571.1	TGIF2LX	MA1571.1	-0.07904758192131317	-0.12201833315866113	-0.03607683068396521	0.003063701889897658	0.008149352988200118	True	tested	paired empirical-Bayes moderated t	2	1000	1000	82	106	70	94	0.082	0.106	84	113
CTCF_bound_vs_matched_control	CTCF_bound	matched_control	TGIF2LY_MA1572.1	TGIF2LY	MA1572.1	-0.06353489654975716	-0.10659273906318337	-0.02047705403633096	0.009693118119866631	0.021341680892981843	True	tested	paired empirical-Bayes moderated t	2	1000	1000	80	99	69	86	0.08	0.099	82	106
CTCF_bound_vs_matched_control	CTCF_bound	matched_control	ZBTB32_MA1580.1	ZBTB32	MA1580.1	0.04811778522705633	-0.002798740198689899	0.09903431065280255	0.06076027885130351	0.10110111972798863	False	tested	paired empirical-Bayes moderated t	2	1000	1000	121	142	116	134	0.121	0.142	133	168
CTCF_bound_vs_matched_control	CTCF_bound	matched_control	ZNF135_MA1587.1	ZNF135	MA1587.1	-0.04595576838213041	-0.08971741772935536	-0.002194119034905462	0.04186748635858892	0.07352162396880234	False	tested	paired empirical-Bayes moderated t	2	1000	1000	281	355	281	355	0.281	0.355	445	622
CTCF_bound_vs_matched_control	CTCF_bound	matched_control	ZNF136_MA1588.1	ZNF136	MA1588.1	0.004218402318840401	-0.03962670539466614	0.04806351003234694	0.8284381101560183	0.8713623645682472	False	tested	paired empirical-Bayes moderated t	2	1000	1000	160	220	160	213	0.16	0.22	183	271
CTCF_bound_vs_matched_control	CTCF_bound	matched_control	ZNF382_MA1594.1	ZNF382	MA1594.1	-0.004212962386008661	-0.04681845915658918	0.03839253438457185	0.8237674369200615	0.8682491676779465	False	tested	paired empirical-Bayes moderated t	2	1000	1000	136	188	129	185	0.136	0.188	158	205
CTCF_bound_vs_matched_control	CTCF_bound	matched_control	ZNF460_MA1596.1	ZNF460	MA1596.1	0.0013407847868266577	-0.041445704014494975	0.04412727358814829	0.9436473854660559	0.9645539740665123	False	tested	paired empirical-Bayes moderated t	2	1000	1000	407	455	407	455	0.407	0.455	760	869
CTCF_bound_vs_matched_control	CTCF_bound	matched_control	ZNF528_MA1597.1	ZNF528	MA1597.1	-0.09083942464552262	-0.1372466918243378	-0.044432157466707464	0.002158642553356355	0.006214123763362296	True	tested	paired empirical-Bayes moderated t	2	1000	1000	218	268	218	268	0.218	0.268	258	310
CTCF_bound_vs_matched_control	CTCF_bound	matched_control	HOXA5_MA0158.2	HOXA5	MA0158.2	-0.049094193525527255	-0.09167214973442198	-0.006516237316632527	0.02914273563550908	0.054076556983622875	False	tested	paired empirical-Bayes moderated t	2	1000	1000	73	76	55	61	0.073	0.076	79	82
CTCF_bound_vs_matched_control	CTCF_bound	matched_control	HOXD3_MA0912.2	HOXD3	MA0912.2	-0.1068079637289889	-0.15004824064826427	-0.06356768680971354	0.0005337357808908061	0.0026171102299718274	True	tested	paired empirical-Bayes moderated t	2	1000	1000	85	112	80	94	0.085	0.112	97	125
CTCF_bound_vs_matched_control	CTCF_bound	matched_control	NEUROG1_MA0623.2	NEUROG1	MA0623.2	-0.020036032109081173	-0.06868582174363974	0.028613757525477398	0.3666851697004591	0.4446660062675818	False	tested	paired empirical-Bayes moderated t	2	1000	1000	45	64	29	43	0.045	0.064	49	67
CTCF_bound_vs_matched_control	CTCF_bound	matched_control	HOXB1_MA2093.1	HOXB1	MA2093.1	-0.04460000827929442	-0.08719635697665379	-0.0020036595819350397	0.04232891390531932	0.07388902078928067	False	tested	paired empirical-Bayes moderated t	2	1000	1000	71	82	67	68	0.071	0.082	77	88
CTCF_bound_vs_matched_control	CTCF_bound	matched_control	Sox7_MA2095.1	Sox7	MA2095.1	-0.11272930605096598	-0.15665166279979365	-0.0688069493021383	0.00041918940015806097	0.0021597829500529537	True	tested	paired empirical-Bayes moderated t	2	1000	1000	186	200	186	194	0.186	0.2	224	237
CTCF_bound_vs_matched_control	CTCF_bound	matched_control	ZNF524_MA2096.1	ZNF524	MA2096.1	0.1956266718823092	0.1482971821001568	0.2429561616644616	1.7069723279808396e-05	0.0002534812850093834	True	tested	paired empirical-Bayes moderated t	2	1000	1000	87	97	71	81	0.087	0.097	100	110
CTCF_bound_vs_matched_control	CTCF_bound	matched_control	ZNF707_MA1715.1	ZNF707	MA1715.1	-0.046883814463800924	-0.09682090606623522	0.0030532771386333826	0.062105574606221126	0.10249944426880397	False	tested	paired empirical-Bayes moderated t	2	1000	1000	214	263	214	259	0.214	0.263	255	320
CTCF_bound_vs_matched_control	CTCF_bound	matched_control	ZNF75A_MA2097.1	ZNF75A	MA2097.1	0.07134970258235707	0.027931713888477067	0.11476769127623707	0.005626669809324353	0.01337487085823002	True	tested	paired empirical-Bayes moderated t	2	1000	1000	212	219	212	219	0.212	0.219	248	258
CTCF_bound_vs_matched_control	CTCF_bound	matched_control	ZNF766_MA2098.1	ZNF766	MA2098.1	0.04996553688135569	0.00739948017731875	0.09253159358539262	0.027098353269407745	0.051219420052977395	False	tested	paired empirical-Bayes moderated t	2	1000	1000	210	267	210	267	0.21	0.267	248	341
CTCF_bound_vs_matched_control	CTCF_bound	matched_control	ZNF770_MA2099.1	ZNF770	MA2099.1	0.004159375913103185	-0.0389728103928794	0.047291562219085766	0.828050139089769	0.8713623645682472	False	tested	paired empirical-Bayes moderated t	2	1000	1000	217	220	217	214	0.217	0.22	268	282
CTCF_bound_vs_matched_control	CTCF_bound	matched_control	ZNF8_MA1718.1	ZNF8	MA1718.1	0.050636265216181475	0.00281018877080743	0.09846234166155551	0.04061093414087669	0.07168712722259102	False	tested	paired empirical-Bayes moderated t	2	1000	1000	124	170	120	152	0.124	0.17	140	218
CTCF_bound_vs_matched_control	CTCF_bound	matched_control	ZSCAN16_MA2100.1	ZSCAN16	MA2100.1	-0.020147097101892747	-0.06330458443860468	0.02301039023481919	0.30995095570664566	0.38743869463330705	False	tested	paired empirical-Bayes moderated t	2	1000	1000	158	177	158	171	0.158	0.177	170	200
CTCF_bound_vs_matched_control	CTCF_bound	matched_control	ZNF677_MA2101.1	ZNF677	MA2101.1	0.08672806888148332	0.043761707848777955	0.1296944299141887	0.001808413633032838	0.005414571792118969	True	tested	paired empirical-Bayes moderated t	2	1000	1000	247	307	242	307	0.247	0.307	291	374
CTCF_bound_vs_matched_control	CTCF_bound	matched_control	Foxn1_MA1684.1	Foxn1	MA1684.1	0.004037346995633817	-0.039064501082003926	0.04713919507327156	0.8328882390383091	0.8733280605618634	False	tested	paired empirical-Bayes moderated t	2	1000	1000	475	523	475	523	0.475	0.523	777	895
CTCF_bound_vs_matched_control	CTCF_bound	matched_control	ZBTB17_MA2102.1	ZBTB17	MA2102.1	NA	NA	NA	NA	NA	False	insufficient motif-containing regions	paired empirical-Bayes moderated t	2	1000	1000	20	33	9	10	0.02	0.033	20	38
CTCF_bound_vs_matched_control	CTCF_bound	matched_control	ELK1HOXA1_MA1931.1	ELK1::HOXA1	MA1931.1	-0.1546592384354697	-0.19936312985647683	-0.10995534701446255	5.845134667130516e-05	0.0005785533297855794	True	tested	paired empirical-Bayes moderated t	2	1000	1000	111	134	107	103	0.111	0.134	124	152
CTCF_bound_vs_matched_control	CTCF_bound	matched_control	HOXB2ELK1_MA1957.1	HOXB2::ELK1	MA1957.1	-0.09799767395767026	-0.17101313714135594	-0.024982210773984576	0.01516376435680006	0.03128296915071557	True	tested	paired empirical-Bayes moderated t	2	1000	1000	95	143	91	113	0.095	0.143	107	161
CTCF_bound_vs_matched_control	CTCF_bound	matched_control	POU2F1SOX2_MA1962.1	POU2F1::SOX2	MA1962.1	-0.018873373857095338	-0.06145807364349223	0.02371132592930155	0.33342726684287566	0.4112134578924894	False	tested	paired empirical-Bayes moderated t	2	1000	1000	225	311	225	311	0.225	0.311	278	428
CTCF_bound_vs_matched_control	CTCF_bound	matched_control	ZFP14_MA1972.1	ZFP14	MA1972.1	0.030793317063159013	-0.011819621575286765	0.07340625570160479	0.13285455146220373	0.1918170266488432	False	tested	paired empirical-Bayes moderated t	2	1000	1000	358	381	354	381	0.358	0.381	507	532
CTCF_bound_vs_matched_control	CTCF_bound	matched_control	ZNF418_MA1980.1	ZNF418	MA1980.1	0.06582882462477083	0.021997367250151736	0.10966028199938992	0.00888836640788441	0.019827894294511376	True	tested	paired empirical-Bayes moderated t	2	1000	1000	248	305	248	305	0.248	0.305	295	386
CTCF_bound_vs_matched_control	CTCF_bound	matched_control	ZNF669_MA1985.1	ZNF669	MA1985.1	0.3757458772190881	0.29419786852570085	0.45729388591247533	7.928392719835341e-06	0.00015542111747561784	True	tested	paired empirical-Bayes moderated t	2	1000	1000	61	79	50	53	0.061	0.079	63	83
CTCF_bound_vs_matched_control	CTCF_bound	matched_control	FOXP4_MA2117.1	FOXP4	MA2117.1	0.026752033094867917	-0.016083143842290423	0.06958721003202625	0.18572079195513339	0.2513694442960855	False	tested	paired empirical-Bayes moderated t	2	1000	1000	162	209	162	203	0.162	0.209	186	257
CTCF_bound_vs_matched_control	CTCF_bound	matched_control	FOXS1_MA2118.1	FOXS1	MA2118.1	-0.07174359486569837	-0.11700826445312626	-0.026478925278270483	0.006781496042197828	0.0156793131727353	True	tested	paired empirical-Bayes moderated t	2	1000	1000	201	250	201	250	0.201	0.25	231	314
CTCF_bound_vs_matched_control	CTCF_bound	matched_control	HOXA3_MA2119.1	HOXA3	MA2119.1	-0.05309164088930746	-0.0992579661159233	-0.006925315662691632	0.029454183068704815	0.054455365782760265	False	tested	paired empirical-Bayes moderated t	2	1000	1000	83	116	81	95	0.083	0.116	96	126
CTCF_bound_vs_matched_control	CTCF_bound	matched_control	ZNF184_MA2120.1	ZNF184	MA2120.1	-0.10422297848711347	-0.14687447478632873	-0.06157148218789821	0.0005710136774860568	0.002751515690154652	True	tested	paired empirical-Bayes moderated t	2	1000	1000	237	292	237	286	0.237	0.292	269	373
CTCF_bound_vs_matched_control	CTCF_bound	matched_control	ZNF213_MA2121.1	ZNF213	MA2121.1	-0.046825372502058996	-0.09021263301664545	-0.003438111987472549	0.03777716229872446	0.06737456310718226	False	tested	paired empirical-Bayes moderated t	2	1000	1000	334	409	334	409	0.334	0.409	475	626
CTCF_bound_vs_matched_control	CTCF_bound	matched_control	Ebf4_MA2122.1	Ebf4	MA2122.1	-0.04369328883396226	-0.08737767771963922	-8.899948285283343e-06	0.04996390929972192	0.08466338554126503	False	tested	paired empirical-Bayes moderated t	2	1000	1000	222	254	222	254	0.222	0.254	277	299
CTCF_bound_vs_matched_control	CTCF_bound	matched_control	Hand1_MA2123.1	Hand1	MA2123.1	-0.10374096928864736	-0.14725304154478386	-0.06022889703251085	0.0006654754427740237	0.0029120323305951057	True	tested	paired empirical-Bayes moderated t	2	1000	1000	218	252	218	252	0.218	0.252	251	300
CTCF_bound_vs_matched_control	CTCF_bound	matched_control	Hmga1_MA2124.1	Hmga1	MA2124.1	0.04875755825101873	0.006176518569014855	0.09133859793302261	0.029970112607723066	0.05510808749427339	False	tested	paired empirical-Bayes moderated t	2	1000	1000	334	433	334	433	0.334	0.433	502	737
CTCF_bound_vs_matched_control	CTCF_bound	matched_control	Zfp809_MA2125.1	Zfp809	MA2125.1	-0.02719107751840093	-0.07086053942428576	0.016478384387483894	0.18689666950228365	0.25259669713025024	False	tested	paired empirical-Bayes moderated t	2	1000	1000	315	365	315	365	0.315	0.365	403	484
CTCF_bound_vs_matched_control	CTCF_bound	matched_control	Zfp961_MA2126.1	Zfp961	MA2126.1	0.27923965337305523	0.23667360028278744	0.321805706463323	6.197099166553751e-07	3.6543003106004155e-05	True	tested	paired empirical-Bayes moderated t	2	1000	1000	98	89	87	81	0.098	0.089	107	98
CTCF_bound_vs_matched_control	CTCF_bound	matched_control	SP1_MA0079.5	SP1	MA0079.5	0.01589006931178161	-0.030390043526796497	0.062170182150359715	0.4478502280198019	0.526729990081227	False	tested	paired empirical-Bayes moderated t	2	1000	1000	334	395	334	393	0.334	0.395	770	987
CTCF_bound_vs_matched_control	CTCF_bound	matched_control	RFX1_MA0509.3	RFX1	MA0509.3	-0.084121197909512	-0.1871865042287177	0.01894410840969367	0.09582750375261372	0.14737108531651957	False	tested	paired empirical-Bayes moderated t	2	1000	1000	59	101	54	74	0.059	0.101	65	112
CTCF_bound_vs_matched_control	CTCF_bound	matched_control	SP2_MA0516.3	SP2	MA0516.3	0.12013708503825161	0.07657579221421927	0.16369837786228397	0.00026435919994300414	0.0015673828812560338	True	tested	paired empirical-Bayes moderated t	2	1000	1000	312	393	310	393	0.312	0.393	756	1022
CTCF_bound_vs_matched_control	CTCF_bound	matched_control	BHLHA15_MA0607.2	BHLHA15	MA0607.2	-0.05377478586471946	-0.1009216352707202	-0.006627936458718724	0.030443855119323272	0.055777099180709604	False	tested	paired empirical-Bayes moderated t	2	1000	1000	60	69	42	46	0.06	0.069	62	76
CTCF_bound_vs_matched_control	CTCF_bound	matched_control	SP4_MA0685.2	SP4	MA0685.2	0.031591646887418987	-0.012552498110871474	0.07573579188570945	0.13610036874919795	0.19594592096515734	False	tested	paired empirical-Bayes moderated t	2	1000	1000	381	471	381	471	0.381	0.471	860	1130
CTCF_bound_vs_matched_control	CTCF_bound	matched_control	KLF14_MA0740.2	KLF14	MA0740.2	0.03555642856977105	-0.007111541619802077	0.07822439875934417	0.09021687822164243	0.14044498680209672	False	tested	paired empirical-Bayes moderated t	2	1000	1000	329	418	329	418	0.329	0.418	744	1013
CTCF_bound_vs_matched_control	CTCF_bound	matched_control	KLF12_MA0742.2	KLF12	MA0742.2	0.10374692642696456	0.05365696478564346	0.15383688806828566	0.0015559081757781244	0.004874218513625914	True	tested	paired empirical-Bayes moderated t	2	1000	1000	312	411	312	405	0.312	0.411	717	1008
CTCF_bound_vs_matched_control	CTCF_bound	matched_control	RFX3_MA0798.3	RFX3	MA0798.3	-0.09460353051096201	-0.17751973254064501	-0.011687328481279027	0.03040407287045236	0.055777099180709604	False	tested	paired empirical-Bayes moderated t	2	1000	1000	71	106	67	80	0.071	0.106	77	116
CTCF_bound_vs_matched_control	CTCF_bound	matched_control	BHLHE22_MA0818.2	BHLHE22	MA0818.2	0.05155583895718647	0.008989205911511915	0.09412247200286103	0.02379174579989822	0.04599737521313656	True	tested	paired empirical-Bayes moderated t	2	1000	1000	39	70	29	39	0.039	0.07	40	79
CTCF_bound_vs_matched_control	CTCF_bound	matched_control	HES5_MA0821.2	HES5	MA0821.2	0.009109542496886825	-0.04985991566629351	0.06807900066006717	0.7285558456410599	0.7835270834310141	False	tested	paired empirical-Bayes moderated t	2	1000	1000	45	50	31	28	0.045	0.05	48	53
CTCF_bound_vs_matched_control	CTCF_bound	matched_control	TFE3_MA0831.3	TFE3	MA0831.3	0.03444266654667724	-0.014085742325117778	0.08297107541847226	0.13890354632450824	0.19913432135505066	False	tested	paired empirical-Bayes moderated t	2	1000	1000	65	90	60	74	0.065	0.09	73	96
CTCF_bound_vs_matched_control	CTCF_bound	matched_control	CDX1_MA0878.3	CDX1	MA0878.3	-0.03530919489098212	-0.08243563573709278	0.01181724595512855	0.12113245635653923	0.17818759884331495	False	tested	paired empirical-Bayes moderated t	2	1000	1000	134	195	128	192	0.134	0.195	147	236
CTCF_bound_vs_matched_control	CTCF_bound	matched_control	DUXA_MA0884.2	DUXA	MA0884.2	0.10035082849785132	0.053514577171328015	0.14718707982437462	0.0012735873543494626	0.004308970548882349	True	tested	paired empirical-Bayes moderated t	2	1000	1000	85	114	72	98	0.085	0.114	95	125
CTCF_bound_vs_matched_control	CTCF_bound	matched_control	KLF10_MA1511.2	KLF10	MA1511.2	0.07961550489822558	0.033316327057651314	0.12591468273879985	0.0044263535009644965	0.01109320692217028	True	tested	paired empirical-Bayes moderated t	2	1000	1000	320	396	320	395	0.32	0.396	729	976
CTCF_bound_vs_matched_control	CTCF_bound	matched_control	NR1D2_MA1532.2	NR1D2	MA1532.2	-0.05959360898716798	-0.103754340156509	-0.015432877817826963	0.014791280458969823	0.030639080950723204	True	tested	paired empirical-Bayes moderated t	2	1000	1000	136	164	131	155	0.136	0.164	143	183
CTCF_bound_vs_matched_control	CTCF_bound	matched_control	PITX2_MA1547.2	PITX2	MA1547.2	-0.03553027220402104	-0.0780990494494565	0.007038505041414428	0.08979578744992633	0.14000418473375612	False	tested	paired empirical-Bayes moderated t	2	1000	1000	99	123	94	112	0.099	0.123	109	141
CTCF_bound_vs_matched_control	CTCF_bound	matched_control	SOX18_MA1563.2	SOX18	MA1563.2	-0.021083536132205143	-0.06367708455028975	0.02151001228587946	0.2837152672575396	0.3608723934369759	False	tested	paired empirical-Bayes moderated t	2	1000	1000	116	134	114	131	0.116	0.134	119	149
CTCF_bound_vs_matched_control	CTCF_bound	matched_control	Thap11_MA1573.2	Thap11	MA1573.2	0.1723872979041417	0.12974683534570702	0.21502776046257638	1.993047256641822e-05	0.0002849215444354154	True	tested	paired empirical-Bayes moderated t	2	1000	1000	187	215	184	212	0.187	0.215	223	268
CTCF_bound_vs_matched_control	CTCF_bound	matched_control	ZNF75D_MA1601.2	ZNF75D	MA1601.2	0.011097513289966913	-0.03159280562634302	0.05378783220627685	0.5622000796295458	0.6382920367158713	False	tested	paired empirical-Bayes moderated t	2	1000	1000	189	221	189	221	0.189	0.221	218	256
CTCF_bound_vs_matched_control	CTCF_bound	matched_control	BACH1_MA1633.2	BACH1	MA1633.2	-0.11212630646067996	-0.16698512754713318	-0.05726748537422675	0.0016815336590023618	0.005110049891878435	True	tested	paired empirical-Bayes moderated t	2	1000	1000	151	268	151	253	0.151	0.268	176	329
CTCF_bound_vs_matched_control	CTCF_bound	matched_control	Pgr_MA2323.1	Pgr	MA2323.1	0.010129163487877367	-0.03298672535218386	0.053245052327938594	0.5996509955024387	0.6695772942078936	False	tested	paired empirical-Bayes moderated t	2	1000	1000	168	209	159	209	0.168	0.209	189	247
CTCF_bound_vs_matched_control	CTCF_bound	matched_control	BCL11A_MA2324.1	BCL11A	MA2324.1	-0.1454489277361328	-0.19848088228095787	-0.09241697319130773	0.0002740002071239848	0.0015952516261316663	True	tested	paired empirical-Bayes moderated t	2	1000	1000	242	258	242	258	0.242	0.258	285	337
CTCF_bound_vs_matched_control	CTCF_bound	matched_control	EPAS1_MA2325.1	EPAS1	MA2325.1	-0.5815070948989715	-0.6847774859107378	-0.4782367038872051	1.8814962245688256e-06	6.160382799797929e-05	True	tested	paired empirical-Bayes moderated t	2	1000	1000	43	37	24	19	0.043	0.037	48	39
CTCF_bound_vs_matched_control	CTCF_bound	matched_control	IKZF2_MA2326.1	IKZF2	MA2326.1	-0.030728662487472937	-0.07555404724509408	0.014096722270148212	0.1509715419703042	0.21491741248227036	False	tested	paired empirical-Bayes moderated t	2	1000	1000	551	624	551	624	0.551	0.624	1016	1173
CTCF_bound_vs_matched_control	CTCF_bound	matched_control	PGR_MA2327.1	PGR	MA2327.1	-0.031164583385895766	-0.08565370328491125	0.023324536513119717	0.2212516189330252	0.2897682493122846	False	tested	paired empirical-Bayes moderated t	2	1000	1000	94	92	82	80	0.094	0.092	97	97
CTCF_bound_vs_matched_control	CTCF_bound	matched_control	ZBED4_MA2328.1	ZBED4	MA2328.1	0.016165619227136257	-0.03204589072979021	0.06437712918406273	0.4581424564456928	0.5375157845902047	False	tested	paired empirical-Bayes moderated t	2	1000	1000	249	278	247	267	0.249	0.278	538	673
CTCF_bound_vs_matched_control	CTCF_bound	matched_control	ZBTB11_MA2329.1	ZBTB11	MA2329.1	0.12171860838100582	0.07898904231664094	0.1644481744453707	0.00021417934552692375	0.0013685271363274327	True	tested	paired empirical-Bayes moderated t	2	1000	1000	156	203	153	191	0.156	0.203	190	243
CTCF_bound_vs_matched_control	CTCF_bound	matched_control	ZNF157_MA2331.1	ZNF157	MA2331.1	-0.004461280923576406	-0.05169966231496283	0.04277710046781001	0.8315359142120794	0.872811740357043	False	tested	paired empirical-Bayes moderated t	2	1000	1000	115	162	111	149	0.115	0.162	134	186
CTCF_bound_vs_matched_control	CTCF_bound	matched_control	ZNF175_MA2332.1	ZNF175	MA2332.1	-0.05204781457320988	-0.10531297477450449	0.0012173456280847247	0.05421991329818459	0.09096398677298738	False	tested	paired empirical-Bayes moderated t	2	1000	1000	238	314	238	314	0.238	0.314	296	416
CTCF_bound_vs_matched_control	CTCF_bound	matched_control	ZNF35_MA2333.1	ZNF35	MA2333.1	-0.0025761135793069207	-0.04532079738314907	0.04016857022453523	0.8919149239623799	0.9247126126882693	False	tested	paired empirical-Bayes moderated t	2	1000	1000	182	237	182	237	0.182	0.237	220	302
CTCF_bound_vs_matched_control	CTCF_bound	matched_control	ZNF547_MA2334.1	ZNF547	MA2334.1	0.03747189706740832	-0.005804755514641727	0.08074854964945836	0.08042715249737306	0.1277520497415237	False	tested	paired empirical-Bayes moderated t	2	1000	1000	113	160	101	149	0.113	0.16	124	178
CTCF_bound_vs_matched_control	CTCF_bound	matched_control	ZNF558_MA2335.1	ZNF558	MA2335.1	0.007261575139078262	-0.0368647422583701	0.051387892536526626	0.711760312850122	0.7693681762969902	False	tested	paired empirical-Bayes moderated t	2	1000	1000	336	405	336	405	0.336	0.405	485	712
CTCF_bound_vs_matched_control	CTCF_bound	matched_control	ZSCAN21_MA2336.1	ZSCAN21	MA2336.1	-0.11405626570450969	-0.16439016567091827	-0.06372236573810111	0.0009092611604978625	0.003380339910469863	True	tested	paired empirical-Bayes moderated t	2	1000	1000	104	135	92	124	0.104	0.135	115	158
CTCF_bound_vs_matched_control	CTCF_bound	matched_control	Nr1h3_MA2337.1	Nr1h3	MA2337.1	-0.1101194643858997	-0.1611613724084503	-0.059077556363349104	0.0012222511585621846	0.004149113464684339	True	tested	paired empirical-Bayes moderated t	2	1000	1000	323	412	323	412	0.323	0.412	434	575
CTCF_bound_vs_matched_control	CTCF_bound	matched_control	Ppara_MA2338.1	Ppara	MA2338.1	-0.013718901151451815	-0.05803829301647346	0.03060049071356983	0.4921900894314576	0.5696384729451874	False	tested	paired empirical-Bayes moderated t	2	1000	1000	157	199	157	189	0.157	0.199	182	241
CTCF_bound_vs_matched_control	CTCF_bound	matched_control	Nanog_MA2339.1	Nanog	MA2339.1	0.08698518787268317	0.04144784670352083	0.1325225290418455	0.0024805421359218724	0.006955111237460498	True	tested	paired empirical-Bayes moderated t	2	1000	1000	98	120	91	105	0.098	0.12	104	134
CTCF_bound_vs_matched_control	CTCF_bound	matched_control	Zbtb2_MA2340.1	Zbtb2	MA2340.1	-0.2152829616680757	-0.2674382862426159	-0.1631276370935355	1.7231732675514732e-05	0.0002534812850093834	True	tested	paired empirical-Bayes moderated t	2	1000	1000	112	137	101	115	0.112	0.137	134	167
CTCF_bound_vs_matched_control	CTCF_bound	matched_control	FEZF2_MA2341.1	FEZF2	MA2341.1	-0.01361122027868735	-0.05854187092115071	0.031319430363776005	0.5011834733883253	0.5787272189865189	False	tested	paired empirical-Bayes moderated t	2	1000	1000	362	447	362	447	0.362	0.447	531	714
CTCF_bound_vs_matched_control	CTCF_bound	matched_control	LIN54_MA0619.2	LIN54	MA0619.2	0.11254489471360382	0.06888222028380356	0.15620756914340408	0.0004079199182356483	0.002134220190768985	True	tested	paired empirical-Bayes moderated t	2	1000	1000	170	234	170	225	0.17	0.234	207	292
CTCF_bound_vs_matched_control	CTCF_bound	matched_control	AhrArnt_MA0006.2	Ahr::Arnt	MA0006.2	0.00378589282676493	-0.038862081064079304	0.04643386671760917	0.8414846486536322	0.8814312883214	False	tested	paired empirical-Bayes moderated t	2	1000	1000	501	555	501	555	0.501	0.555	1142	1294
CTCF_bound_vs_matched_control	CTCF_bound	matched_control	Alx1_MA0854.2	Alx1	MA0854.2	-0.14294011151395064	-0.18619305246245732	-0.09968717056544395	7.97656802142408e-05	0.0006898265724874858	True	tested	paired empirical-Bayes moderated t	2	1000	1000	63	83	48	59	0.063	0.083	72	88
CTCF_bound_vs_matched_control	CTCF_bound	matched_control	ALX3_MA0634.2	ALX3	MA0634.2	-0.10126333136867162	-0.14463620612044087	-0.057890456616902376	0.0007574153056917319	0.0029120323305951057	True	tested	paired empirical-Bayes moderated t	2	1000	1000	68	84	61	63	0.068	0.084	79	90
CTCF_bound_vs_matched_control	CTCF_bound	matched_control	Alx4_MA0853.2	Alx4	MA0853.2	-0.15283956563582918	-0.19704614657066058	-0.10863298470099778	5.8710337899423325e-05	0.0005785533297855794	True	tested	paired empirical-Bayes moderated t	2	1000	1000	81	99	61	81	0.081	0.099	92	107
CTCF_bound_vs_matched_control	CTCF_bound	matched_control	TBX21_MA0690.3	TBX21	MA0690.3	-0.03515940800790412	-0.08145989516899048	0.011141079153182243	0.1169321990912461	0.17301192722684372	False	tested	paired empirical-Bayes moderated t	2	1000	1000	156	175	156	171	0.156	0.175	176	199
CTCF_bound_vs_matched_control	CTCF_bound	matched_control	Ar_MA0007.4	Ar	MA0007.4	0.22567524273784795	0.18121780702049212	0.2701326784552038	3.971471290836641e-06	0.00010326698667780841	True	tested	paired empirical-Bayes moderated t	2	1000	1000	82	77	67	68	0.082	0.077	89	82
CTCF_bound_vs_matched_control	CTCF_bound	matched_control	ARGFX_MA1463.2	ARGFX	MA1463.2	-0.08100122538500301	-0.12504264540993448	-0.03695980536007153	0.0030670471344753157	0.008149352988200118	True	tested	paired empirical-Bayes moderated t	2	1000	1000	75	103	66	78	0.075	0.103	82	107
CTCF_bound_vs_matched_control	CTCF_bound	matched_control	Arid3b_MA0601.2	Arid3b	MA0601.2	-0.08699796269624388	-0.13268025953820312	-0.04131566585428465	0.002523408077028694	0.007009016525905438	True	tested	paired empirical-Bayes moderated t	2	1000	1000	174	210	171	204	0.174	0.21	205	253
CTCF_bound_vs_matched_control	CTCF_bound	matched_control	Arid5a_MA0602.2	Arid5a	MA0602.2	-0.028718643440368466	-0.07823153905426741	0.02079425217353048	0.21543175166334208	0.2832425232361298	False	tested	paired empirical-Bayes moderated t	2	1000	1000	108	158	103	154	0.108	0.158	116	184
CTCF_bound_vs_matched_control	CTCF_bound	matched_control	ARNTHIF1A_MA0259.2	ARNT::HIF1A	MA0259.2	0.03820339701027829	-0.004562811830054678	0.08096960585061126	0.07298602920109386	0.11777554791591456	False	tested	paired empirical-Bayes moderated t	2	1000	1000	380	388	380	388	0.38	0.388	569	581
CTCF_bound_vs_matched_control	CTCF_bound	matched_control	ARNT2_MA1464.2	ARNT2	MA1464.2	0.1099547254375137	0.054621655724188756	0.16528779515083863	0.001979820228846979	0.005834154338416145	True	tested	paired empirical-Bayes moderated t	2	1000	1000	65	82	55	57	0.065	0.082	75	94
CTCF_bound_vs_matched_control	CTCF_bound	matched_control	Arntl_MA0603.2	Arntl	MA0603.2	0.13926586500307364	0.08695184014547322	0.19157988986067406	0.00033199880248264036	0.0018020255856678073	True	tested	paired empirical-Bayes moderated t	2	1000	1000	66	79	51	59	0.066	0.079	76	90
CTCF_bound_vs_matched_control	CTCF_bound	matched_control	Arx_MA0874.2	Arx	MA0874.2	-0.12320574060936634	-0.16577084852060706	-0.08064063269812563	0.00019288020171572305	0.0012795647368722802	True	tested	paired empirical-Bayes moderated t	2	1000	1000	81	112	72	88	0.081	0.112	91	120
CTCF_bound_vs_matched_control	CTCF_bound	matched_control	ASCL1_MA1100.3	ASCL1	MA1100.3	0.023987638604105622	-0.029238652570355527	0.07721392977856677	0.3258532113527516	0.4038351764628118	False	tested	paired empirical-Bayes moderated t	2	1000	1000	135	153	128	134	0.135	0.153	147	169
CTCF_bound_vs_matched_control	CTCF_bound	matched_control	ASCL1_MA1631.2	ASCL1	MA1631.2	0.1789510838662653	0.13569212154087099	0.2222100461916596	1.6970263104293125e-05	0.0002534812850093834	True	tested	paired empirical-Bayes moderated t	2	1000	1000	279	240	270	234	0.279	0.24	354	308
CTCF_bound_vs_matched_control	CTCF_bound	matched_control	ATF2_MA1632.2	ATF2	MA1632.2	-0.03730089162369034	-0.08102574207059729	0.0064239588232166064	0.08414378297385865	0.1328241675248313	False	tested	paired empirical-Bayes moderated t	2	1000	1000	144	198	137	195	0.144	0.198	164	223
CTCF_bound_vs_matched_control	CTCF_bound	matched_control	Atf3_MA1988.2	Atf3	MA1988.2	-0.09445337445253857	-0.150244614089306	-0.03866213481577112	0.004810303134733075	0.011813171061639682	True	tested	paired empirical-Bayes moderated t	2	1000	1000	154	279	154	269	0.154	0.279	180	344
CTCF_bound_vs_matched_control	CTCF_bound	matched_control	ATF3_MA0605.3	ATF3	MA0605.3	0.12182087950359766	0.07889818346087299	0.16474357554632232	0.000219373901127174	0.0013830093766713143	True	tested	paired empirical-Bayes moderated t	2	1000	1000	60	96	49	72	0.06	0.096	63	101
CTCF_bound_vs_matched_control	CTCF_bound	matched_control	ATF4_MA0833.3	ATF4	MA0833.3	-0.13526298371443832	-0.1780287436317386	-0.09249722379713804	0.00010715456259714052	0.0008389322551226974	True	tested	paired empirical-Bayes moderated t	2	1000	1000	123	142	120	134	0.123	0.142	136	167
CTCF_bound_vs_matched_control	CTCF_bound	matched_control	ATF6_MA1466.2	ATF6	MA1466.2	0.19926792521603964	0.15669774803831255	0.24183810239376674	7.087288848451268e-06	0.00014941814119356418	True	tested	paired empirical-Bayes moderated t	2	1000	1000	59	81	54	59	0.059	0.081	65	87
CTCF_bound_vs_matched_control	CTCF_bound	matched_control	ATF7_MA0834.2	ATF7	MA0834.2	0.11079448367691373	0.06092667784247533	0.16066228951135214	0.0010246228297923195	0.0036748840008452447	True	tested	paired empirical-Bayes moderated t	2	1000	1000	56	85	45	66	0.056	0.085	56	89
CTCF_bound_vs_matched_control	CTCF_bound	matched_control	Atoh1_MA0461.3	Atoh1	MA0461.3	-0.07193834622444015	-0.11467174144397292	-0.029204951004907373	0.00495686678322806	0.011996157885021359	True	tested	paired empirical-Bayes moderated t	2	1000	1000	72	105	66	74	0.072	0.105	79	115
CTCF_bound_vs_matched_control	CTCF_bound	matched_control	Atoh1_MA1467.3	Atoh1	MA1467.3	0.07368214724510154	0.030860997726183906	0.11650329676401917	0.004411111945037656	0.011082372832210943	True	tested	paired empirical-Bayes moderated t	2	1000	1000	157	132	149	126	0.157	0.132	172	154
CTCF_bound_vs_matched_control	CTCF_bound	matched_control	Bach1Mafk_MA0591.2	Bach1::Mafk	MA0591.2	0.03189748492270356	-0.01691196593082249	0.08070693577622962	0.16839616129000162	0.23527585695639008	False	tested	paired empirical-Bayes moderated t	2	1000	1000	169	281	169	279	0.169	0.281	192	331
CTCF_bound_vs_matched_control	CTCF_bound	matched_control	MAFK_MA0496.4	MAFK	MA0496.4	-0.04933929459654653	-0.10506869464717064	0.006390105454077567	0.07507500762457887	0.12019675188038104	False	tested	paired empirical-Bayes moderated t	2	1000	1000	190	335	190	335	0.19	0.335	226	418
CTCF_bound_vs_matched_control	CTCF_bound	matched_control	BACH2_MA1101.3	BACH2	MA1101.3	-0.07333570018341087	-0.11945323699947513	-0.027218163367346608	0.00666862525497812	0.015453549392243818	True	tested	paired empirical-Bayes moderated t	2	1000	1000	115	218	115	185	0.115	0.218	132	252
CTCF_bound_vs_matched_control	CTCF_bound	matched_control	BACH2_MA1470.2	BACH2	MA1470.2	0.08872649220196384	0.04207853988121608	0.1353744445227116	0.002541200080328277	0.007009016525905438	True	tested	paired empirical-Bayes moderated t	2	1000	1000	79	115	75	92	0.079	0.115	84	117
CTCF_bound_vs_matched_control	CTCF_bound	matched_control	BARHL1_MA0877.4	BARHL1	MA0877.4	-0.28113208976412496	-0.32416027324222096	-0.23810390628602895	6.382884077677498e-07	3.6543003106004155e-05	True	tested	paired empirical-Bayes moderated t	2	1000	1000	65	66	40	43	0.065	0.066	68	73
CTCF_bound_vs_matched_control	CTCF_bound	matched_control	BARHL2_MA0635.2	BARHL2	MA0635.2	-0.28113208976412496	-0.32416027324222096	-0.23810390628602895	6.382884077677498e-07	3.6543003106004155e-05	True	tested	paired empirical-Bayes moderated t	2	1000	1000	65	66	40	43	0.065	0.066	68	73
CTCF_bound_vs_matched_control	CTCF_bound	matched_control	BARX1_MA0875.2	BARX1	MA0875.2	-0.021457868916609855	-0.06505126988060984	0.022135532047390133	0.28620913962242917	0.3608723934369759	False	tested	paired empirical-Bayes moderated t	2	1000	1000	108	128	100	120	0.108	0.128	114	150
CTCF_bound_vs_matched_control	CTCF_bound	matched_control	BARX2_MA1471.2	BARX2	MA1471.2	-0.08494320689689694	-0.1295633388955001	-0.04032307489829379	0.002528773845274531	0.007009016525905438	True	tested	paired empirical-Bayes moderated t	2	1000	1000	148	258	145	252	0.148	0.258	185	329
CTCF_bound_vs_matched_control	CTCF_bound	matched_control	BATF_MA1634.2	BATF	MA1634.2	-0.09445337445253857	-0.150244614089306	-0.03866213481577112	0.004810303134733075	0.011813171061639682	True	tested	paired empirical-Bayes moderated t	2	1000	1000	154	279	154	269	0.154	0.279	180	344
CTCF_bound_vs_matched_control	CTCF_bound	matched_control	BATFJUN_MA0462.3	BATF::JUN	MA0462.3	-0.09445337445253857	-0.150244614089306	-0.03866213481577112	0.004810303134733075	0.011813171061639682	True	tested	paired empirical-Bayes moderated t	2	1000	1000	154	279	154	269	0.154	0.279	180	344
CTCF_bound_vs_matched_control	CTCF_bound	matched_control	Jun_MA0489.3	Jun	MA0489.3	-0.07133744735661736	-0.12908738508604523	-0.013587509627189479	0.021883159368047668	0.04279654481419727	True	tested	paired empirical-Bayes moderated t	2	1000	1000	159	287	159	279	0.159	0.287	189	358
CTCF_bound_vs_matched_control	CTCF_bound	matched_control	JUN_MA0488.2	JUN	MA0488.2	-0.02516970170980595	-0.0686440356929587	0.0183046322733468	0.21619316047325246	0.2838758834157196	False	tested	paired empirical-Bayes moderated t	2	1000	1000	148	209	148	197	0.148	0.209	164	246
CTCF_bound_vs_matched_control	CTCF_bound	matched_control	BATF3_MA0835.3	BATF3	MA0835.3	-0.09445337445253857	-0.150244614089306	-0.03866213481577112	0.004810303134733075	0.011813171061639682	True	tested	paired empirical-Bayes moderated t	2	1000	1000	154	279	154	269	0.154	0.279	180	344
CTCF_bound_vs_matched_control	CTCF_bound	matched_control	Bcl11B_MA1989.2	Bcl11B	MA1989.2	0.08871851947021929	0.04591767872359784	0.13151936021684074	0.0015488295876531465	0.004867065112903851	True	tested	paired empirical-Bayes moderated t	2	1000	1000	201	252	201	252	0.201	0.252	235	310
CTCF_bound_vs_matched_control	CTCF_bound	matched_control	BCL6_MA0463.3	BCL6	MA0463.3	-0.005891363272044644	-0.05059539005896138	0.03881266351487209	0.7669202172863862	0.8176722904891617	False	tested	paired empirical-Bayes moderated t	2	1000	1000	158	201	150	198	0.158	0.201	171	228
CTCF_bound_vs_matched_control	CTCF_bound	matched_control	Bhlha15_MA1472.3	Bhlha15	MA1472.3	-0.14257745902246294	-0.19330636249534128	-0.09184855554958458	0.0002337867641489789	0.001417528819435783	True	tested	paired empirical-Bayes moderated t	2	1000	1000	121	138	110	126	0.121	0.138	134	148
CTCF_bound_vs_matched_control	CTCF_bound	matched_control	BHLHE22_MA1635.2	BHLHE22	MA1635.2	-0.008286341637962885	-0.050921775204566144	0.03434909192864037	0.6631540784905471	0.7225863979324534	False	tested	paired empirical-Bayes moderated t	2	1000	1000	366	427	366	427	0.366	0.427	491	568
CTCF_bound_vs_matched_control	CTCF_bound	matched_control	BHLHE23_MA0817.2	BHLHE23	MA0817.2	-0.026724569138580477	-0.07022208007564279	0.016772941798481836	0.192150946304245	0.2569607516453342	False	tested	paired empirical-Bayes moderated t	2	1000	1000	42	74	29	43	0.042	0.074	45	83
CTCF_bound_vs_matched_control	CTCF_bound	matched_control	BHLHE40_MA0464.3	BHLHE40	MA0464.3	0.37126881405230494	0.2981444372518966	0.4443931908527133	3.965783660998887e-06	0.00010326698667780841	True	tested	paired empirical-Bayes moderated t	2	1000	1000	43	46	27	30	0.043	0.046	46	49
CTCF_bound_vs_matched_control	CTCF_bound	matched_control	BNC2_MA1928.2	BNC2	MA1928.2	-0.04126776545496445	-0.09008805975609453	0.0075525288461656265	0.08648748718270179	0.13588978249294476	False	tested	paired empirical-Bayes moderated t	2	1000	1000	125	233	125	216	0.125	0.233	143	269
CTCF_bound_vs_matched_control	CTCF_bound	matched_control	BSX_MA0876.2	BSX	MA0876.2	-0.021457868916609855	-0.06505126988060984	0.022135532047390133	0.28620913962242917	0.3608723934369759	False	tested	paired empirical-Bayes moderated t	2	1000	1000	108	128	100	120	0.108	0.128	114	150
CTCF_bound_vs_matched_control	CTCF_bound	matched_control	CDX2_MA0465.3	CDX2	MA0465.3	0.06298470613040469	0.019987937231451175	0.1059814750293582	0.010042610781736854	0.021968211085049368	True	tested	paired empirical-Bayes moderated t	2	1000	1000	150	203	150	196	0.15	0.203	171	255
CTCF_bound_vs_matched_control	CTCF_bound	matched_control	CDX4_MA1473.2	CDX4	MA1473.2	0.00014588768035934604	-0.04295414967503615	0.043245925035754834	0.9939069422651008	0.9939069422651008	False	tested	paired empirical-Bayes moderated t	2	1000	1000	163	236	163	233	0.163	0.236	178	291
CTCF_bound_vs_matched_control	CTCF_bound	matched_control	CEBPA_MA0102.5	CEBPA	MA0102.5	0.09603439427459853	0.05259190200226215	0.1394768865469349	0.0010562020345430763	0.003748409318395883	True	tested	paired empirical-Bayes moderated t	2	1000	1000	125	184	119	177	0.125	0.184	138	220
CTCF_bound_vs_matched_control	CTCF_bound	matched_control	CEBPB_MA0466.4	CEBPB	MA0466.4	-0.14018695197015438	-0.18601243906823395	-0.09436146487207481	0.00013385554594213015	0.0009567843600793105	True	tested	paired empirical-Bayes moderated t	2	1000	1000	30	40	19	18	0.03	0.04	30	42
CTCF_bound_vs_matched_control	CTCF_bound	matched_control	CEBPD_MA0836.3	CEBPD	MA0836.3	0.049614140295745214	0.004440254852144061	0.09478802573934636	0.0353232608058107	0.06368225527157702	False	tested	paired empirical-Bayes moderated t	2	1000	1000	114	165	110	153	0.114	0.165	128	186
CTCF_bound_vs_matched_control	CTCF_bound	matched_control	CEBPE_MA0837.3	CEBPE	MA0837.3	0.20956680419068813	0.1645742957540477	0.25455931262732856	7.341268845454403e-06	0.00014941814119356418	True	tested	paired empirical-Bayes moderated t	2	1000	1000	35	45	25	25	0.035	0.045	36	47
CTCF_bound_vs_matched_control	CTCF_bound	matched_control	CEBPG_MA1636.2	CEBPG	MA1636.2	-0.09696916628300252	-0.13978762110102508	-0.054150711464979955	0.0009125252566194507	0.003380339910469863	True	tested	paired empirical-Bayes moderated t	2	1000	1000	137	164	129	154	0.137	0.164	151	198
CTCF_bound_vs_matched_control	CTCF_bound	matched_control	CLOCK_MA0819.3	CLOCK	MA0819.3	-0.02435434575641482	-0.08938832332306439	0.04067963181023475	0.4094977243622877	0.48841385455666514	False	tested	paired empirical-Bayes moderated t	2	1000	1000	61	58	34	35	0.061	0.058	64	60
CTCF_bound_vs_matched_control	CTCF_bound	matched_control	CREB1_MA0018.5	CREB1	MA0018.5	0.01798187688656974	-0.024621680677450863	0.060585434450590336	0.35556449865855383	0.4348168266728098	False	tested	paired empirical-Bayes moderated t	2	1000	1000	169	229	169	221	0.169	0.229	195	274
CTCF_bound_vs_matched_control	CTCF_bound	matched_control	CREB3_MA0638.2	CREB3	MA0638.2	0.4061994168283713	0.34981402806095324	0.46258480559578935	3.1220586910749696e-07	3.277373138639668e-05	True	tested	paired empirical-Bayes moderated t	2	1000	1000	68	70	56	56	0.068	0.07	72	75
CTCF_bound_vs_matched_control	CTCF_bound	matched_control	CREB3L1_MA0839.2	CREB3L1	MA0839.2	0.053143403629835814	0.008575752640901747	0.09771105461876989	0.025396818219689653	0.04854570714309793	True	tested	paired empirical-Bayes moderated t	2	1000	1000	71	83	63	67	0.071	0.083	77	91
CTCF_bound_vs_matched_control	CTCF_bound	matched_control	CREB3L4_MA1474.2	CREB3L4	MA1474.2	0.25683462109223515	0.20954066745073652	0.3041285747337338	2.4442004918065787e-06	7.752698434948992e-05	True	tested	paired empirical-Bayes moderated t	2	1000	1000	66	81	57	64	0.066	0.081	73	92
CTCF_bound_vs_matched_control	CTCF_bound	matched_control	CREB3L4_MA1475.2	CREB3L4	MA1475.2	0.32921166501346155	0.28662654578009145	0.37179678424683166	1.858487713552886e-07	3.143941715426965e-05	True	tested	paired empirical-Bayes moderated t	2	1000	1000	60	81	53	54	0.06	0.081	62	85
CTCF_bound_vs_matched_control	CTCF_bound	matched_control	Creb5_MA0840.2	Creb5	MA0840.2	0.12573879642190855	0.08191810213613013	0.16955949070768697	0.00020422238595741856	0.001337327237075999	True	tested	paired empirical-Bayes moderated t	2	1000	1000	71	100	61	84	0.071	0.1	75	104
CTCF_bound_vs_matched_control	CTCF_bound	matched_control	CREM_MA0609.3	CREM	MA0609.3	0.14229539402466435	0.09682417520556721	0.18776661284376148	0.00011507197181360283	0.0008651707510430139	True	tested	paired empirical-Bayes moderated t	2	1000	1000	68	96	54	74	0.068	0.096	71	101
CTCF_bound_vs_matched_control	CTCF_bound	matched_control	Crx_MA0467.3	Crx	MA0467.3	0.0008032057958829433	-0.042609020088101246	0.044215431679867134	0.9667063401160029	0.974386231596567	False	tested	paired empirical-Bayes moderated t	2	1000	1000	185	239	185	229	0.185	0.239	221	316
CTCF_bound_vs_matched_control	CTCF_bound	matched_control	CTCF_MA0139.2	CTCF	MA0139.2	0.23698775954301812	0.18291274395610532	0.29106277512993095	1.1304574610419707e-05	0.00021248413388103707	True	tested	paired empirical-Bayes moderated t	2	1000	1000	754	218	754	218	0.754	0.218	896	256
CTCF_bound_vs_matched_control	CTCF_bound	matched_control	CTCF_MA1929.2	CTCF	MA1929.2	0.3019090842046324	0.2593367990828015	0.34448136932646334	3.5035368783512466e-07	3.277373138639668e-05	True	tested	paired empirical-Bayes moderated t	2	1000	1000	511	217	511	217	0.511	0.217	613	244
CTCF_bound_vs_matched_control	CTCF_bound	matched_control	CTCF_MA1930.2	CTCF	MA1930.2	0.3169082194178704	0.2571319025493216	0.3766845362864192	2.906667591529799e-06	8.940204864856807e-05	True	tested	paired empirical-Bayes moderated t	2	1000	1000	496	166	496	166	0.496	0.166	568	192
CTCF_bound_vs_matched_control	CTCF_bound	matched_control	CTCFL_MA1102.3	CTCFL	MA1102.3	0.21189959453348478	0.15587897079259805	0.2679202182743715	3.166314594873228e-05	0.000387828370731131	True	tested	paired empirical-Bayes moderated t	2	1000	1000	317	194	311	194	0.317	0.194	405	251
CTCF_bound_vs_matched_control	CTCF_bound	matched_control	CUX1_MA0754.3	CUX1	MA0754.3	-0.11096799721320469	-0.2533310887072991	0.03139509428088971	0.10900492551127262	0.16415430177142687	False	tested	paired empirical-Bayes moderated t	2	1000	1000	34	35	11	16	0.034	0.035	36	37
CTCF_bound_vs_matched_control	CTCF_bound	matched_control	Hoxa13_MA0650.4	Hoxa13	MA0650.4	0.04187609053041216	-0.0036069599467741797	0.0873591410075985	0.06623620219031774	0.1082604592965741	False	tested	paired empirical-Bayes moderated t	2	1000	1000	157	219	155	214	0.157	0.219	184	266
CTCF_bound_vs_matched_control	CTCF_bound	matched_control	HOXB13_MA0901.3	HOXB13	MA0901.3	0.006701834612554519	-0.0367089934564514	0.050112662681560435	0.7287187849841156	0.7835270834310141	False	tested	paired empirical-Bayes moderated t	2	1000	1000	241	303	241	303	0.241	0.303	306	430
CTCF_bound_vs_matched_control	CTCF_bound	matched_control	CUX2_MA0755.2	CUX2	MA0755.2	-0.21104544197332187	-0.2763308274685835	-0.14576005647806023	9.255492783087064e-05	0.0007637662743766967	True	tested	paired empirical-Bayes moderated t	2	1000	1000	42	53	28	31	0.042	0.053	44	58
CTCF_bound_vs_matched_control	CTCF_bound	matched_control	DBP_MA0639.2	DBP	MA0639.2	-0.032286043430200806	-0.08704970628044627	0.022477619420044656	0.2087416670027261	0.27587603126011323	False	tested	paired empirical-Bayes moderated t	2	1000	1000	49	70	32	38	0.049	0.07	54	76
CTCF_bound_vs_matched_control	CTCF_bound	matched_control	Ddit3Cebpa_MA0019.2	Ddit3::Cebpa	MA0019.2	0.0030148275449002823	-0.041841689430334755	0.04787134452013532	0.8795721466909094	0.9156571578372031	False	tested	paired empirical-Bayes moderated t	2	1000	1000	76	107	69	91	0.076	0.107	84	115
CTCF_bound_vs_matched_control	CTCF_bound	matched_control	DLX1_MA0879.3	DLX1	MA0879.3	-0.021457868916609855	-0.06505126988060984	0.022135532047390133	0.28620913962242917	0.3608723934369759	False	tested	paired empirical-Bayes moderated t	2	1000	1000	108	128	100	120	0.108	0.128	114	150
CTCF_bound_vs_matched_control	CTCF_bound	matched_control	Dlx2_MA0885.3	Dlx2	MA0885.3	-0.15838298549254737	-0.20462391444658506	-0.11214205653850967	6.257656770434182e-05	0.0006049068211419709	True	tested	paired empirical-Bayes moderated t	2	1000	1000	84	91	74	78	0.084	0.091	88	105
CTCF_bound_vs_matched_control	CTCF_bound	matched_control	Dlx3_MA0880.2	Dlx3	MA0880.2	-0.10126333136867162	-0.14463620612044087	-0.057890456616902376	0.0007574153056917319	0.0029120323305951057	True	tested	paired empirical-Bayes moderated t	2	1000	1000	68	84	61	63	0.068	0.084	79	90
CTCF_bound_vs_matched_control	CTCF_bound	matched_control	Dlx4_MA0881.2	Dlx4	MA0881.2	-0.10126333136867162	-0.14463620612044087	-0.057890456616902376	0.0007574153056917319	0.0029120323305951057	True	tested	paired empirical-Bayes moderated t	2	1000	1000	68	84	61	63	0.068	0.084	79	90
CTCF_bound_vs_matched_control	CTCF_bound	matched_control	Dlx5_MA1476.3	Dlx5	MA1476.3	-0.12860723717043426	-0.17527366115046777	-0.08194081319040075	0.00026560576904043136	0.0015673828812560338	True	tested	paired empirical-Bayes moderated t	2	1000	1000	79	86	68	73	0.079	0.086	84	101
CTCF_bound_vs_matched_control	CTCF_bound	matched_control	DLX6_MA0882.2	DLX6	MA0882.2	-0.10126333136867162	-0.14463620612044087	-0.057890456616902376	0.0007574153056917319	0.0029120323305951057	True	tested	paired empirical-Bayes moderated t	2	1000	1000	68	84	61	63	0.068	0.084	79	90
CTCF_bound_vs_matched_control	CTCF_bound	matched_control	Dmbx1_MA0883.2	Dmbx1	MA0883.2	-0.08855352589900851	-0.1355261665765594	-0.041580885221457635	0.0026716471969894092	0.0072583742979616395	True	tested	paired empirical-Bayes moderated t	2	1000	1000	94	131	93	116	0.094	0.131	103	143
CTCF_bound_vs_matched_control	CTCF_bound	matched_control	Dmrt1_MA1603.2	Dmrt1	MA1603.2	0.0518132074711744	0.0066070621248967495	0.09701935281745205	0.02985468452492165	0.055095463259628136	False	tested	paired empirical-Bayes moderated t	2	1000	1000	156	184	156	184	0.156	0.184	173	218
CTCF_bound_vs_matched_control	CTCF_bound	matched_control	DMRT3_MA0610.2	DMRT3	MA0610.2	0.017310979071648608	-0.02798261204957285	0.06260457019287007	0.4003778686065117	0.4792258686740677	False	tested	paired empirical-Bayes moderated t	2	1000	1000	73	101	60	73	0.073	0.101	77	115
CTCF_bound_vs_matched_control	CTCF_bound	matched_control	DMRTA1_MA1707.2	DMRTA1	MA1707.2	-0.03637364142516018	-0.0795064052275509	0.006759122377230538	0.08710132694453145	0.13643186242083244	False	tested	paired empirical-Bayes moderated t	2	1000	1000	104	140	100	128	0.104	0.14	116	166
CTCF_bound_vs_matched_control	CTCF_bound	matched_control	DMRTA2_MA1478.2	DMRTA2	MA1478.2	-0.01482928759226309	-0.0574785086514725	0.02781993346694632	0.4423377009675735	0.5220613563745199	False	tested	paired empirical-Bayes moderated t	2	1000	1000	142	191	142	183	0.142	0.191	154	228
CTCF_bound_vs_matched_control	CTCF_bound	matched_control	DMRTC2_MA1479.2	DMRTC2	MA1479.2	0.04702589962347123	0.004315505719302518	0.08973629352763994	0.03498294017851606	0.06329355486843816	False	tested	paired empirical-Bayes moderated t	2	1000	1000	118	153	116	139	0.118	0.153	136	182
CTCF_bound_vs_matched_control	CTCF_bound	matched_control	DPRX_MA1480.2	DPRX	MA1480.2	0.06378169620367136	0.02121606307304478	0.10634732933429794	0.008989200128410209	0.02000885554898325	True	tested	paired empirical-Bayes moderated t	2	1000	1000	81	112	73	92	0.081	0.112	87	120
CTCF_bound_vs_matched_control	CTCF_bound	matched_control	DRGX_MA1481.2	DRGX	MA1481.2	-0.10126333136867162	-0.14463620612044087	-0.057890456616902376	0.0007574153056917319	0.0029120323305951057	True	tested	paired empirical-Bayes moderated t	2	1000	1000	68	84	61	63	0.068	0.084	79	90
CTCF_bound_vs_matched_control	CTCF_bound	matched_control	Dux_MA0611.3	Dux	MA0611.3	-0.06960604713683542	-0.12439537867513344	-0.014816715598537408	0.01938173611705762	0.03842277765393259	True	tested	paired empirical-Bayes moderated t	2	1000	1000	96	158	92	135	0.096	0.158	107	176
CTCF_bound_vs_matched_control	CTCF_bound	matched_control	E2F2_MA0864.3	E2F2	MA0864.3	0.158536264208082	0.11389248774806393	0.20318004066810008	4.8901816218154105e-05	0.0005180241292756499	True	tested	paired empirical-Bayes moderated t	2	1000	1000	51	42	23	26	0.051	0.042	52	44
CTCF_bound_vs_matched_control	CTCF_bound	matched_control	E2F3_MA0469.4	E2F3	MA0469.4	0.5893866955846934	0.5436692049517621	0.6351041862176247	4.183105192978701e-09	4.245851770873382e-06	True	tested	paired empirical-Bayes moderated t	2	1000	1000	29	30	10	14	0.029	0.03	30	30
CTCF_bound_vs_matched_control	CTCF_bound	matched_control	ONECUT2_MA0756.3	ONECUT2	MA0756.3	-0.3501156097650528	-0.4099838595157687	-0.2902473600143369	1.430386505404592e-06	5.185151082091646e-05	True	tested	paired empirical-Bayes moderated t	2	1000	1000	28	41	17	18	0.028	0.041	28	42
CTCF_bound_vs_matched_control	CTCF_bound	matched_control	E2F4_MA0470.3	E2F4	MA0470.3	-0.08031176505219037	-0.12420234875885737	-0.03642118134552337	0.0031553137741459885	0.008318554495475788	True	tested	paired empirical-Bayes moderated t	2	1000	1000	45	36	26	18	0.045	0.036	48	38
CTCF_bound_vs_matched_control	CTCF_bound	matched_control	E2F6_MA0471.3	E2F6	MA0471.3	0.06362670795008699	0.0200932599173674	0.10716015598280657	0.010153480265295717	0.02206805667939005	True	tested	paired empirical-Bayes moderated t	2	1000	1000	256	289	256	287	0.256	0.289	375	392
CTCF_bound_vs_matched_control	CTCF_bound	matched_control	E2F8_MA0865.3	E2F8	MA0865.3	0.051356656377113695	-0.000185831538038507	0.1028991442922659	0.05064305448384784	0.08567116716850925	False	tested	paired empirical-Bayes moderated t	2	1000	1000	101	116	88	89	0.101	0.116	120	128
CTCF_bound_vs_matched_control	CTCF_bound	matched_control	EBF1_MA0154.5	EBF1	MA0154.5	-0.024726722113077394	-0.06750084002344192	0.018047395797287126	0.21682132001257895	0.28433286797515195	False	tested	paired empirical-Bayes moderated t	2	1000	1000	226	242	226	242	0.226	0.242	277	288
CTCF_bound_vs_matched_control	CTCF_bound	matched_control	Ebf2_MA1604.2	Ebf2	MA1604.2	0.02335662027494962	-0.01922639466629663	0.06593963521619586	0.23890849687403376	0.3104892757069709	False	tested	paired empirical-Bayes moderated t	2	1000	1000	200	196	196	196	0.2	0.196	233	223
CTCF_bound_vs_matched_control	CTCF_bound	matched_control	EBF3_MA1637.2	EBF3	MA1637.2	-0.0928940519200695	-0.13545917056580564	-0.05032893327433336	0.001140964532611742	0.0039796529230272095	True	tested	paired empirical-Bayes moderated t	2	1000	1000	207	211	204	211	0.207	0.211	240	239
CTCF_bound_vs_matched_control	CTCF_bound	matched_control	EGR1_MA0162.5	EGR1	MA0162.5	-0.07321623528181058	-0.1158709596948114	-0.030561510868809767	0.00446935317101582	0.011145929898233558	True	tested	paired empirical-Bayes moderated t	2	1000	1000	178	218	173	202	0.178	0.218	277	346
CTCF_bound_vs_matched_control	CTCF_bound	matched_control	EGR3_MA0732.2	EGR3	MA0732.2	0.0710531161189766	0.02438038387118332	0.11772584836676989	0.008310362018434549	0.01866154302812183	True	tested	paired empirical-Bayes moderated t	2	1000	1000	138	176	130	155	0.138	0.176	198	246
CTCF_bound_vs_matched_control	CTCF_bound	matched_control	EGR4_MA0733.2	EGR4	MA0733.2	-0.07527296100793086	-0.11910754639831563	-0.0314383756175461	0.00445934802268479	0.011145929898233558	True	tested	paired empirical-Bayes moderated t	2	1000	1000	149	183	143	168	0.149	0.183	219	264
CTCF_bound_vs_matched_control	CTCF_bound	matched_control	EHF_MA0598.4	EHF	MA0598.4	-0.015298516315893998	-0.06738963501062954	0.03679260237884154	0.513949623057746	0.5921213023877551	False	tested	paired empirical-Bayes moderated t	2	1000	1000	275	348	275	348	0.275	0.348	344	453
CTCF_bound_vs_matched_control	CTCF_bound	matched_control	ELF1_MA0473.4	ELF1	MA0473.4	-0.025359814098867027	-0.0746056803129718	0.02388605211523774	0.26623629456934994	0.34076902772747814	False	tested	paired empirical-Bayes moderated t	2	1000	1000	279	354	279	354	0.279	0.354	358	473
CTCF_bound_vs_matched_control	CTCF_bound	matched_control	ELF2_MA1483.3	ELF2	MA1483.3	-0.05965905403224338	-0.1125233188770245	-0.00679478918746225	0.031758819384959336	0.05776917863034718	False	tested	paired empirical-Bayes moderated t	2	1000	1000	133	180	128	150	0.133	0.18	154	210
CTCF_bound_vs_matched_control	CTCF_bound	matched_control	ELF3_MA0640.3	ELF3	MA0640.3	-0.056191481158905196	-0.10567586709186984	-0.006707095225940554	0.030987089313901275	0.05667008225875639	False	tested	paired empirical-Bayes moderated t	2	1000	1000	323	393	323	393	0.323	0.393	429	563
CTCF_bound_vs_matched_control	CTCF_bound	matched_control	Elf5_MA0136.4	Elf5	MA0136.4	0.02795378659123959	-0.017694751987208924	0.07360232516968811	0.19345725671879113	0.2583672573283855	False	tested	paired empirical-Bayes moderated t	2	1000	1000	300	357	300	357	0.3	0.357	380	493
CTCF_bound_vs_matched_control	CTCF_bound	matched_control	ELK1_MA0028.3	ELK1	MA0028.3	-0.13879280197171495	-0.18190698911250694	-0.09567861483092296	9.519031244287665e-05	0.0007791787671735467	True	tested	paired empirical-Bayes moderated t	2	1000	1000	87	102	76	84	0.087	0.102	100	128
CTCF_bound_vs_matched_control	CTCF_bound	matched_control	EOMES_MA0800.2	EOMES	MA0800.2	0.1637633826153136	0.1176347778476183	0.20989198738300888	4.8995385626071326e-05	0.0005180241292756499	True	tested	paired empirical-Bayes moderated t	2	1000	1000	142	185	142	179	0.142	0.185	154	201
CTCF_bound_vs_matched_control	CTCF_bound	matched_control	ETV7_MA1708.2	ETV7	MA1708.2	0.005040152859134367	-0.04219696268573791	0.05227726840400664	0.8101471213067116	0.8565618001315752	False	tested	paired empirical-Bayes moderated t	2	1000	1000	204	252	204	244	0.204	0.252	243	308
CTCF_bound_vs_matched_control	CTCF_bound	matched_control	HOXA1_MA1495.2	HOXA1	MA1495.2	-0.10126333136867162	-0.14463620612044087	-0.057890456616902376	0.0007574153056917319	0.0029120323305951057	True	tested	paired empirical-Bayes moderated t	2	1000	1000	68	84	61	63	0.068	0.084	79	90
CTCF_bound_vs_matched_control	CTCF_bound	matched_control	ELK1HOXB13_MA1932.2	ELK1::HOXB13	MA1932.2	0.01984737677130253	-0.030268834269531544	0.0699635878121366	0.38438526670252987	0.4628126283547661	False	tested	paired empirical-Bayes moderated t	2	1000	1000	91	121	90	109	0.091	0.121	100	131
CTCF_bound_vs_matched_control	CTCF_bound	matched_control	PAX1_MA0779.2	PAX1	MA0779.2	-0.2865920557585947	-0.37191748688852727	-0.20126662462866213	7.146900595764481e-05	0.000647687866491156	True	tested	paired empirical-Bayes moderated t	2	1000	1000	51	54	35	34	0.051	0.054	53	54
CTCF_bound_vs_matched_control	CTCF_bound	matched_control	PAX5_MA0014.4	PAX5	MA0014.4	-0.24542948555585495	-0.304636618504653	-0.18622235260705688	1.6726931843608595e-05	0.0002534812850093834	True	tested	paired empirical-Bayes moderated t	2	1000	1000	61	68	52	57	0.061	0.068	65	88
CTCF_bound_vs_matched_control	CTCF_bound	matched_control	PAX9_MA0781.2	PAX9	MA0781.2	-0.24219029623529187	-0.305819750570948	-0.17856084189963572	3.0321059706125914e-05	0.000387828370731131	True	tested	paired empirical-Bayes moderated t	2	1000	1000	56	57	33	41	0.056	0.057	60	60
CTCF_bound_vs_matched_control	CTCF_bound	matched_control	SPDEF_MA0686.2	SPDEF	MA0686.2	0.21905171047126543	0.1697151988302378	0.268388222112293	1.0311629950307017e-05	0.0001974774415011627	True	tested	paired empirical-Bayes moderated t	2	1000	1000	86	91	73	80	0.086	0.091	94	98
CTCF_bound_vs_matched_control	CTCF_bound	matched_control	ELK1SREBF2_MA1933.2	ELK1::SREBF2	MA1933.2	-0.24906010493142194	-0.3145158862651971	-0.18360432359764678	3.0390005876338826e-05	0.000387828370731131	True	tested	paired empirical-Bayes moderated t	2	1000	1000	102	96	96	85	0.102	0.096	112	109
CTCF_bound_vs_matched_control	CTCF_bound	matched_control	SREBF2_MA0828.3	SREBF2	MA0828.3	0.11409142095587149	0.058601922870341966	0.16958091904140102	0.0016241548208087437	0.00501069040462272	True	tested	paired empirical-Bayes moderated t	2	1000	1000	57	76	48	52	0.057	0.076	64	81
CTCF_bound_vs_matched_control	CTCF_bound	matched_control	TEF_MA0843.2	TEF	MA0843.2	0.0004407533200153111	-0.04212428652128496	0.04300579316131557	0.9813622212418897	0.9852390771757216	False	tested	paired empirical-Bayes moderated t	2	1000	1000	54	78	47	52	0.054	0.078	63	85
CTCF_bound_vs_matched_control	CTCF_bound	matched_control	ELK3_MA0759.3	ELK3	MA0759.3	-0.015951909308789633	-0.06043294550485618	0.028529126887276914	0.4287333235114902	0.5089641208937574	False	tested	paired empirical-Bayes moderated t	2	1000	1000	105	105	96	88	0.105	0.105	118	128
CTCF_bound_vs_matched_control	CTCF_bound	matched_control	ELK4_MA0076.3	ELK4	MA0076.3	-0.014727851306285213	-0.058705804729943335	0.02925010211737291	0.4586774777254996	0.5375157845902047	False	tested	paired empirical-Bayes moderated t	2	1000	1000	148	190	144	168	0.148	0.19	181	235
CTCF_bound_vs_matched_control	CTCF_bound	matched_control	EMX1_MA0612.3	EMX1	MA0612.3	-0.10126333136867162	-0.14463620612044087	-0.057890456616902376	0.0007574153056917319	0.0029120323305951057	True	tested	paired empirical-Bayes moderated t	2	1000	1000	68	84	61	63	0.068	0.084	79	90
CTCF_bound_vs_matched_control	CTCF_bound	matched_control	EMX2_MA0886.2	EMX2	MA0886.2	-0.10126333136867162	-0.14463620612044087	-0.057890456616902376	0.0007574153056917319	0.0029120323305951057	True	tested	paired empirical-Bayes moderated t	2	1000	1000	68	84	61	63	0.068	0.084	79	90
CTCF_bound_vs_matched_control	CTCF_bound	matched_control	EN1_MA0027.3	EN1	MA0027.3	-0.10126333136867162	-0.14463620612044087	-0.057890456616902376	0.0007574153056917319	0.0029120323305951057	True	tested	paired empirical-Bayes moderated t	2	1000	1000	68	84	61	63	0.068	0.084	79	90
CTCF_bound_vs_matched_control	CTCF_bound	matched_control	EN2_MA0642.3	EN2	MA0642.3	0.039610592287022045	-0.0031749229218580935	0.08239610749590218	0.06504991408926324	0.10683764207217183	False	tested	paired empirical-Bayes moderated t	2	1000	1000	55	74	44	49	0.055	0.074	57	77
CTCF_bound_vs_matched_control	CTCF_bound	matched_control	ERF_MA0760.2	ERF	MA0760.2	-0.291282822132083	-0.33385323221737195	-0.24871241204679406	4.55408732327497e-07	3.6543003106004155e-05	True	tested	paired empirical-Bayes moderated t	2	1000	1000	106	128	100	110	0.106	0.128	122	151
CTCF_bound_vs_matched_control	CTCF_bound	matched_control	ERFFIGLA_MA1934.2	ERF::FIGLA	MA1934.2	0.023188603962686676	-0.01939332912417923	0.06577053704955257	0.24198458294068015	0.3136837186268076	False	tested	paired empirical-Bayes moderated t	2	1000	1000	170	185	159	185	0.17	0.185	202	210
CTCF_bound_vs_matched_control	CTCF_bound	matched_control	FIGLA_MA0820.2	FIGLA	MA0820.2	0.14332921092092055	0.10065688647900066	0.18600153536284042	7.146593452803263e-05	0.000647687866491156	True	tested	paired empirical-Bayes moderated t	2	1000	1000	516	457	516	457	0.516	0.457	818	710
CTCF_bound_vs_matched_control	CTCF_bound	matched_control	ERFFOXI1_MA1935.2	ERF::FOXI1	MA1935.2	-0.07524156846212922	-0.11982760782515839	-0.03065552909910004	0.004892838671420619	0.011938055893009444	True	tested	paired empirical-Bayes moderated t	2	1000	1000	254	313	254	313	0.254	0.313	311	421
CTCF_bound_vs_matched_control	CTCF_bound	matched_control	ERFFOXO1_MA1936.2	ERF::FOXO1	MA1936.2	0.07118956353387801	0.025365030836877397	0.11701409623087862	0.007507903662688138	0.017036983349352944	True	tested	paired empirical-Bayes moderated t	2	1000	1000	233	290	233	290	0.233	0.29	287	373
CTCF_bound_vs_matched_control	CTCF_bound	matched_control	Foxo1_MA0480.3	Foxo1	MA0480.3	0.057969504513422206	0.015301776371851566	0.10063723265499284	0.014339002193136588	0.029946681535048637	True	tested	paired empirical-Bayes moderated t	2	1000	1000	122	177	121	163	0.122	0.177	133	204
CTCF_bound_vs_matched_control	CTCF_bound	matched_control	ERFHOXB13_MA1937.2	ERF::HOXB13	MA1937.2	-0.0033533866638457005	-0.04605304355571074	0.03934627022801934	0.8595188819562398	0.8975428654172669	False	tested	paired empirical-Bayes moderated t	2	1000	1000	124	155	123	136	0.124	0.155	132	180
CTCF_bound_vs_matched_control	CTCF_bound	matched_control	MAX_MA0058.4	MAX	MA0058.4	0.010382470857248955	-0.03359499459635282	0.05435993631085073	0.5978890317535096	0.6683451180945068	False	tested	paired empirical-Bayes moderated t	2	1000	1000	150	152	141	150	0.15	0.152	185	179
CTCF_bound_vs_matched_control	CTCF_bound	matched_control	ERFNHLH1_MA1938.2	ERF::NHLH1	MA1938.2	0.006330293381102892	-0.03626456063217249	0.048925147394378275	0.7383937746394965	0.7914146581405375	False	tested	paired empirical-Bayes moderated t	2	1000	1000	175	216	174	212	0.175	0.216	200	238
CTCF_bound_vs_matched_control	CTCF_bound	matched_control	NHLH1_MA0048.3	NHLH1	MA0048.3	0.08255619168904335	0.0380307784838764	0.1270816048942103	0.0029321544728080776	0.007852603667282847	True	tested	paired empirical-Bayes moderated t	2	1000	1000	211	218	211	210	0.211	0.218	251	257
CTCF_bound_vs_matched_control	CTCF_bound	matched_control	ERFSREBF2_MA1939.2	ERF::SREBF2	MA1939.2	0.17620333178270528	0.13148965311840358	0.22091701044700698	2.382476463258068e-05	0.00032242848136092517	True	tested	paired empirical-Bayes moderated t	2	1000	1000	89	90	75	71	0.089	0.09	97	100
CTCF_bound_vs_matched_control	CTCF_bound	matched_control	Erg_MA0474.4	Erg	MA0474.4	-0.05561785221282854	-0.10338825820699009	-0.007847446218666995	0.028019312488829464	0.05227868047088585	False	tested	paired empirical-Bayes moderated t	2	1000	1000	305	395	305	395	0.305	0.395	406	543
CTCF_bound_vs_matched_control	CTCF_bound	matched_control	ESR1_MA0112.4	ESR1	MA0112.4	0.018311379195551765	-0.02427861099291368	0.06090136938401721	0.34718655042967295	0.4250836534211316	False	tested	paired empirical-Bayes moderated t	2	1000	1000	95	115	89	96	0.095	0.115	98	116
CTCF_bound_vs_matched_control	CTCF_bound	matched_control	ESRRA_MA0592.4	ESRRA	MA0592.4	0.08107095753323099	0.038207407027952264	0.12393450803850971	0.002623088565170617	0.007189557836193023	True	tested	paired empirical-Bayes moderated t	2	1000	1000	162	226	160	219	0.162	0.226	187	266
CTCF_bound_vs_matched_control	CTCF_bound	matched_control	ESRRB_MA0141.4	ESRRB	MA0141.4	0.11117805824522059	0.06830204798196	0.1540540685084812	0.0003927455828371504	0.0020762331592693107	True	tested	paired empirical-Bayes moderated t	2	1000	1000	149	175	149	175	0.149	0.175	164	199
CTCF_bound_vs_matched_control	CTCF_bound	matched_control	Esrrg_MA0643.2	Esrrg	MA0643.2	0.1072769911737955	0.06452537629955953	0.15002860604803148	0.00048344862642871823	0.0024320573250523805	True	tested	paired empirical-Bayes moderated t	2	1000	1000	134	193	134	188	0.134	0.193	146	218
CTCF_bound_vs_matched_control	CTCF_bound	matched_control	ESX1_MA0644.3	ESX1	MA0644.3	-0.02625644042275399	-0.06898716669369209	0.016474285848184105	0.19210608261244883	0.2569607516453342	False	tested	paired empirical-Bayes moderated t	2	1000	1000	77	101	69	80	0.077	0.101	85	105
CTCF_bound_vs_matched_control	CTCF_bound	matched_control	ETS1_MA0098.4	ETS1	MA0098.4	-0.19985209886214644	-0.2425883436398213	-0.1571158540844716	7.136173029018664e-06	0.00014941814119356418	True	tested	paired empirical-Bayes moderated t	2	1000	1000	113	148	111	129	0.113	0.148	126	172
CTCF_bound_vs_matched_control	CTCF_bound	matched_control	ETS2_MA1484.2	ETS2	MA1484.2	-0.21032459346668025	-0.2544903419867995	-0.16615884494656102	6.269957462676375e-06	0.00014463651874128456	True	tested	paired empirical-Bayes moderated t	2	1000	1000	107	130	104	113	0.107	0.13	118	155
CTCF_bound_vs_matched_control	CTCF_bound	matched_control	ETV1_MA0761.3	ETV1	MA0761.3	0.0008514976427153216	-0.04342013813127141	0.045123133416702044	0.9653907387190909	0.974386231596567	False	tested	paired empirical-Bayes moderated t	2	1000	1000	285	362	285	362	0.285	0.362	360	518
CTCF_bound_vs_matched_control	CTCF_bound	matched_control	ETV2_MA0762.2	ETV2	MA0762.2	-0.149739523270717	-0.194312892887633	-0.10516615365380097	7.138502328223897e-05	0.000647687866491156	True	tested	paired empirical-Bayes moderated t	2	1000	1000	115	146	115	133	0.115	0.146	130	169
CTCF_bound_vs_matched_control	CTCF_bound	matched_control	ETV2DRGX_MA1940.2	ETV2::DRGX	MA1940.2	-0.09147219374391669	-0.14188932653563388	-0.04105506095219949	0.0033072580105402106	0.008607350976149524	True	tested	paired empirical-Bayes moderated t	2	1000	1000	95	147	93	128	0.095	0.147	108	162
CTCF_bound_vs_matched_control	CTCF_bound	matched_control	ETV2FIGLA_MA1941.2	ETV2::FIGLA	MA1941.2	-0.04057329244358518	-0.08374000106648047	0.0025934161793101165	0.06187181422495298	0.10243112747729977	False	tested	paired empirical-Bayes moderated t	2	1000	1000	175	211	172	206	0.175	0.211	211	241
CTCF_bound_vs_matched_control	CTCF_bound	matched_control	ETV2FOXI1_MA1942.2	ETV2::FOXI1	MA1942.2	-0.033126676493995005	-0.07674240614931538	0.010489053161325368	0.11687607811340246	0.17301192722684372	False	tested	paired empirical-Bayes moderated t	2	1000	1000	233	325	233	325	0.233	0.325	282	417
CTCF_bound_vs_matched_control	CTCF_bound	matched_control	ETV2HOXB13_MA1943.2	ETV2::HOXB13	MA1943.2	0.10804730682109528	0.06115777682985788	0.1549368368123327	0.000820871829976729	0.003097341663295093	True	tested	paired empirical-Bayes moderated t	2	1000	1000	73	107	65	72	0.073	0.107	75	116
CTCF_bound_vs_matched_control	CTCF_bound	matched_control	ETV3_MA0763.2	ETV3	MA0763.2	-0.30747175828121787	-0.35090944759394066	-0.2640340689684951	3.5518329581316595e-07	3.277373138639668e-05	True	tested	paired empirical-Bayes moderated t	2	1000	1000	85	89	75	67	0.085	0.089	98	109
CTCF_bound_vs_matched_control	CTCF_bound	matched_control	ETV4_MA0764.4	ETV4	MA0764.4	-0.19556730003430706	-0.24258270169764257	-0.14855189837097155	1.632564193381068e-05	0.0002534812850093834	True	tested	paired empirical-Bayes moderated t	2	1000	1000	84	102	73	80	0.084	0.102	97	128
CTCF_bound_vs_matched_control	CTCF_bound	matched_control	ETV5_MA0765.4	ETV5	MA0765.4	-0.21615241871588398	-0.258769248243565	-0.17353558918820297	3.9951871246400145e-06	0.00010326698667780841	True	tested	paired empirical-Bayes moderated t	2	1000	1000	79	90	68	74	0.079	0.09	89	110
CTCF_bound_vs_matched_control	CTCF_bound	matched_control	ETV5DRGX_MA1944.2	ETV5::DRGX	MA1944.2	0.09153856505488493	0.04546016674127485	0.13761696336849502	0.001983037681530611	0.005834154338416145	True	tested	paired empirical-Bayes moderated t	2	1000	1000	136	192	136	180	0.136	0.192	162	217
CTCF_bound_vs_matched_control	CTCF_bound	matched_control	ETV5FIGLA_MA1945.2	ETV5::FIGLA	MA1945.2	-0.06280283398272098	-0.10671627184884214	-0.018889396116599816	0.011272285663924086	0.02424019056966726	True	tested	paired empirical-Bayes moderated t	2	1000	1000	209	250	205	250	0.209	0.25	250	303
CTCF_bound_vs_matched_control	CTCF_bound	matched_control	ETV5FOXI1_MA1946.2	ETV5::FOXI1	MA1946.2	0.09616104874090217	0.05339872835015521	0.13892336913164913	0.0009524818798664854	0.003501960384901724	True	tested	paired empirical-Bayes moderated t	2	1000	1000	203	259	203	246	0.203	0.259	242	313
CTCF_bound_vs_matched_control	CTCF_bound	matched_control	ETV5FOXO1_MA1947.2	ETV5::FOXO1	MA1947.2	0.04021151596188135	-0.0033633207912063118	0.08378635271496901	0.06574064281539338	0.10779766148243018	False	tested	paired empirical-Bayes moderated t	2	1000	1000	238	283	238	283	0.238	0.283	278	346
CTCF_bound_vs_matched_control	CTCF_bound	matched_control	ETV5HOXA2_MA1948.2	ETV5::HOXA2	MA1948.2	0.0412366887740035	-0.003992542277975478	0.08646591982598248	0.06837590405717127	0.11104246818884615	False	tested	paired empirical-Bayes moderated t	2	1000	1000	99	127	98	110	0.099	0.127	109	136
CTCF_bound_vs_matched_control	CTCF_bound	matched_control	HOXA2_MA0900.3	HOXA2	MA0900.3	-0.10126333136867162	-0.14463620612044087	-0.057890456616902376	0.0007574153056917319	0.0029120323305951057	True	tested	paired empirical-Bayes moderated t	2	1000	1000	68	84	61	63	0.068	0.084	79	90
CTCF_bound_vs_matched_control	CTCF_bound	matched_control	ETV6_MA0645.2	ETV6	MA0645.2	0.04550296603190786	-0.005894025630541609	0.09689995769435733	0.07507856225828727	0.12019675188038104	False	tested	paired empirical-Bayes moderated t	2	1000	1000	164	197	164	174	0.164	0.197	194	238
CTCF_bound_vs_matched_control	CTCF_bound	matched_control	EVX1_MA0887.2	EVX1	MA0887.2	-0.10126333136867162	-0.14463620612044087	-0.057890456616902376	0.0007574153056917319	0.0029120323305951057	True	tested	paired empirical-Bayes moderated t	2	1000	1000	68	84	61	63	0.068	0.084	79	90
CTCF_bound_vs_matched_control	CTCF_bound	matched_control	EVX2_MA0888.2	EVX2	MA0888.2	-0.10126333136867162	-0.14463620612044087	-0.057890456616902376	0.0007574153056917319	0.0029120323305951057	True	tested	paired empirical-Bayes moderated t	2	1000	1000	68	84	61	63	0.068	0.084	79	90
CTCF_bound_vs_matched_control	CTCF_bound	matched_control	FEV_MA0156.4	FEV	MA0156.4	-0.2535047250526201	-0.29619972675888445	-0.21080972334635578	1.2811521038811043e-06	5.0014207132281575e-05	True	tested	paired empirical-Bayes moderated t	2	1000	1000	88	104	77	84	0.088	0.104	100	129
CTCF_bound_vs_matched_control	CTCF_bound	matched_control	FLI1_MA0475.3	FLI1	MA0475.3	-0.331361056253881	-0.3895904871417983	-0.27313162536596375	1.7432650856913368e-06	5.89804687325569e-05	True	tested	paired empirical-Bayes moderated t	2	1000	1000	85	103	78	79	0.085	0.103	94	124
CTCF_bound_vs_matched_control	CTCF_bound	matched_control	FLI1DRGX_MA1949.2	FLI1::DRGX	MA1949.2	-0.05408950314734509	-0.09920483473907714	-0.008974171555613045	0.024828676656581446	0.04763914330138028	True	tested	paired empirical-Bayes moderated t	2	1000	1000	107	163	106	149	0.107	0.163	116	186
CTCF_bound_vs_matched_control	CTCF_bound	matched_control	FLI1FOXI1_MA1950.2	FLI1::FOXI1	MA1950.2	0.06932532917111064	0.024934896844607167	0.11371576149761412	0.0073109869757194135	0.016750906953397753	True	tested	paired empirical-Bayes moderated t	2	1000	1000	244	283	244	283	0.244	0.283	290	370
CTCF_bound_vs_matched_control	CTCF_bound	matched_control	FOS_MA0476.2	FOS	MA0476.2	-0.11650338741489552	-0.1717191263846242	-0.06128764844516684	0.0013949455012097559	0.004535065452638505	True	tested	paired empirical-Bayes moderated t	2	1000	1000	138	263	138	254	0.138	0.263	165	329
CTCF_bound_vs_matched_control	CTCF_bound	matched_control	FOS_MA1951.2	FOS	MA1951.2	-0.0035171240443390484	-0.046266776145713485	0.039232528057035386	0.8529219691087804	0.8924905140674351	False	tested	paired empirical-Bayes moderated t	2	1000	1000	58	108	56	76	0.058	0.108	61	111
CTCF_bound_vs_matched_control	CTCF_bound	matched_control	FOSJUN_MA0099.4	FOS::JUN	MA0099.4	-0.1070810479602214	-0.1576944556915944	-0.0564676402288484	0.0013728601834988388	0.004509556913434697	True	tested	paired empirical-Bayes moderated t	2	1000	1000	116	240	116	223	0.116	0.24	134	285
CTCF_bound_vs_matched_control	CTCF_bound	matched_control	FOSJUN_MA1126.2	FOS::JUN	MA1126.2	0.04858328259358376	0.005742885122543263	0.09142368006462426	0.03114918968178924	0.05686407828600014	False	tested	paired empirical-Bayes moderated t	2	1000	1000	84	126	73	98	0.084	0.126	89	137
CTCF_bound_vs_matched_control	CTCF_bound	matched_control	FOSJUNB_MA1134.2	FOS::JUNB	MA1134.2	-0.11075822213078285	-0.16468103943864898	-0.05683540482291671	0.0016337794500918845	0.00502510952073716	True	tested	paired empirical-Bayes moderated t	2	1000	1000	122	250	122	233	0.122	0.25	141	298
CTCF_bound_vs_matched_control	CTCF_bound	matched_control	JUNB_MA1140.3	JUNB	MA1140.3	-0.031684772670562356	-0.07481131422541523	0.011441768884290528	0.12741487067579474	0.185881534559691	False	tested	paired empirical-Bayes moderated t	2	1000	1000	63	104	57	85	0.063	0.104	64	110
CTCF_bound_vs_matched_control	CTCF_bound	matched_control	JUNB_MA0490.3	JUNB	MA0490.3	-0.02403698099938925	-0.07019820723051673	0.022124245231738233	0.2613683912299997	0.3358087558208224	False	tested	paired empirical-Bayes moderated t	2	1000	1000	125	258	125	240	0.125	0.258	150	310
CTCF_bound_vs_matched_control	CTCF_bound	matched_control	FOSJUND_MA1141.2	FOS::JUND	MA1141.2	-0.09829738309967677	-0.15112735269896282	-0.04546741350039073	0.0028754591594889	0.007721140335664638	True	tested	paired empirical-Bayes moderated t	2	1000	1000	144	276	144	268	0.144	0.276	167	336
CTCF_bound_vs_matched_control	CTCF_bound	matched_control	JUND_MA0492.2	JUND	MA0492.2	-0.08445892639925251	-0.12729711486895715	-0.04162073792954787	0.0020714008029839534	0.006024274541629549	True	tested	paired empirical-Bayes moderated t	2	1000	1000	128	193	124	185	0.128	0.193	138	220
CTCF_bound_vs_matched_control	CTCF_bound	matched_control	JUND_MA0491.3	JUND	MA0491.3	-0.025481201133318702	-0.07445956141237398	0.023497159145736576	0.26175788287670393	0.33588400900108023	False	tested	paired empirical-Bayes moderated t	2	1000	1000	127	258	127	240	0.127	0.258	150	309
CTCF_bound_vs_matched_control	CTCF_bound	matched_control	FOSBJUNB_MA1135.2	FOSB::JUNB	MA1135.2	-0.11383643469472059	-0.16747918580052412	-0.06019368358891704	0.0013483034469771575	0.0044712976946062015	True	tested	paired empirical-Bayes moderated t	2	1000	1000	121	243	121	226	0.121	0.243	140	290
CTCF_bound_vs_matched_control	CTCF_bound	matched_control	FOSL1_MA0477.3	FOSL1	MA0477.3	-0.04096229836304768	-0.09141960644553583	0.009495009719440464	0.09731223136514916	0.14920228827133897	False	tested	paired empirical-Bayes moderated t	2	1000	1000	136	256	136	248	0.136	0.256	163	310
CTCF_bound_vs_matched_control	CTCF_bound	matched_control	FOSL1JUN_MA1128.2	FOSL1::JUN	MA1128.2	-0.1052171453240972	-0.15586662430287532	-0.054567666345319094	0.0015290708917331346	0.004834912632738728	True	tested	paired empirical-Bayes moderated t	2	1000	1000	126	255	126	242	0.126	0.255	147	308
CTCF_bound_vs_matched_control	CTCF_bound	matched_control	FOSL1JUNB_MA1137.2	FOSL1::JUNB	MA1137.2	-0.08573560332579656	-0.13011421206869112	-0.04135699458290201	0.002326484572491793	0.006614514961006077	True	tested	paired empirical-Bayes moderated t	2	1000	1000	120	265	120	250	0.12	0.265	143	318
CTCF_bound_vs_matched_control	CTCF_bound	matched_control	FOSL1JUND_MA1142.2	FOSL1::JUND	MA1142.2	-0.12304590842196081	-0.17988544499348352	-0.0662063718504381	0.001197637829209022	0.0041347020294121	True	tested	paired empirical-Bayes moderated t	2	1000	1000	143	269	143	256	0.143	0.269	168	333
CTCF_bound_vs_matched_control	CTCF_bound	matched_control	FOSL1JUND_MA1143.2	FOSL1::JUND	MA1143.2	-0.0005755293821501145	-0.04396641361412957	0.04281535484982934	0.9761279365764348	0.9819324634539954	False	tested	paired empirical-Bayes moderated t	2	1000	1000	82	137	81	114	0.082	0.137	91	150
CTCF_bound_vs_matched_control	CTCF_bound	matched_control	FOSL2_MA0478.2	FOSL2	MA0478.2	-0.07529228382376027	-0.121433361802958	-0.029151205844562537	0.005837016638227608	0.01384245768177809	True	tested	paired empirical-Bayes moderated t	2	1000	1000	182	319	182	319	0.182	0.319	215	405
CTCF_bound_vs_matched_control	CTCF_bound	matched_control	FOSL2JUN_MA1130.2	FOSL2::JUN	MA1130.2	-0.1220068869089092	-0.17489879299437217	-0.06911498082344625	0.000815600800996565	0.0030889358694459455	True	tested	paired empirical-Bayes moderated t	2	1000	1000	124	246	124	233	0.124	0.246	145	295
CTCF_bound_vs_matched_control	CTCF_bound	matched_control	FOSL2JUN_MA1131.2	FOSL2::JUN	MA1131.2	0.03892287734716347	-0.0036432125355734535	0.0814889672299004	0.06772860300952571	0.11016751931837916	False	tested	paired empirical-Bayes moderated t	2	1000	1000	93	133	83	111	0.093	0.133	98	143
CTCF_bound_vs_matched_control	CTCF_bound	matched_control	FOSL2JUNB_MA1138.2	FOSL2::JUNB	MA1138.2	-0.11990047684239616	-0.17248351462146566	-0.06731743906332666	0.0008752778147291939	0.0032662021395225434	True	tested	paired empirical-Bayes moderated t	2	1000	1000	123	252	123	232	0.123	0.252	142	299
CTCF_bound_vs_matched_control	CTCF_bound	matched_control	FOSL2JUNB_MA1139.2	FOSL2::JUNB	MA1139.2	0.028478627552588794	-0.017352934806508673	0.07431018991168625	0.18770251417700176	0.2530120211018018	False	tested	paired empirical-Bayes moderated t	2	1000	1000	65	99	55	78	0.065	0.099	68	103
CTCF_bound_vs_matched_control	CTCF_bound	matched_control	FOSL2JUND_MA1144.2	FOSL2::JUND	MA1144.2	-0.11039551465967061	-0.16021457263201372	-0.0605764566873275	0.0010410092179297524	0.0037205082964742913	True	tested	paired empirical-Bayes moderated t	2	1000	1000	118	249	118	229	0.118	0.249	136	294
CTCF_bound_vs_matched_control	CTCF_bound	matched_control	FOSL2JUND_MA1145.2	FOSL2::JUND	MA1145.2	0.07434937621352967	0.03041919210974324	0.11827956031731611	0.004818377162087516	0.011813171061639682	True	tested	paired empirical-Bayes moderated t	2	1000	1000	83	124	72	104	0.083	0.124	88	131
CTCF_bound_vs_matched_control	CTCF_bound	matched_control	FOXA1_MA0148.5	FOXA1	MA0148.5	-0.03791837937854175	-0.08295377516655507	0.0071170164094715715	0.08750989519163928	0.13686062190988268	False	tested	paired empirical-Bayes moderated t	2	1000	1000	160	200	160	200	0.16	0.2	177	242
CTCF_bound_vs_matched_control	CTCF_bound	matched_control	FOXA2_MA0047.4	FOXA2	MA0047.4	-0.03151404306628194	-0.07451466005525197	0.011486573922688093	0.12822138480449935	0.18662077648495398	False	tested	paired empirical-Bayes moderated t	2	1000	1000	184	221	184	221	0.184	0.221	212	274
CTCF_bound_vs_matched_control	CTCF_bound	matched_control	FOXA3_MA1683.2	FOXA3	MA1683.2	0.026752033094867917	-0.016083143842290423	0.06958721003202625	0.18572079195513339	0.2513694442960855	False	tested	paired empirical-Bayes moderated t	2	1000	1000	162	209	162	203	0.162	0.209	186	257
CTCF_bound_vs_matched_control	CTCF_bound	matched_control	FOXC2_MA0846.2	FOXC2	MA0846.2	0.04291336787485955	0.0002741200201972216	0.08555261572952187	0.04887373548823344	0.08309353688535501	False	tested	paired empirical-Bayes moderated t	2	1000	1000	257	350	257	350	0.257	0.35	344	501
CTCF_bound_vs_matched_control	CTCF_bound	matched_control	FOXD1_MA0031.2	FOXD1	MA0031.2	0.0335534665193908	-0.009233895625639477	0.07634082866442107	0.10721899810440443	0.16170472968197697	False	tested	paired empirical-Bayes moderated t	2	1000	1000	176	238	176	238	0.176	0.238	207	281
CTCF_bound_vs_matched_control	CTCF_bound	matched_control	FOXD2_MA0847.4	FOXD2	MA0847.4	-0.016203622273521203	-0.058830425423493204	0.026423180876450795	0.4028091737544004	0.48156809347551993	False	tested	paired empirical-Bayes moderated t	2	1000	1000	255	352	255	352	0.255	0.352	339	518
CTCF_bound_vs_matched_control	CTCF_bound	matched_control	FOXD3_MA0041.3	FOXD3	MA0041.3	-0.0016440048163000043	-0.04605938588091743	0.04277137624831742	0.9334637261138213	0.9560703148390803	False	tested	paired empirical-Bayes moderated t	2	1000	1000	331	433	331	433	0.331	0.433	481	723
CTCF_bound_vs_matched_control	CTCF_bound	matched_control	FOXE1_MA1487.3	FOXE1	MA1487.3	0.03604258019945229	-0.006873748588214115	0.0789589089871187	0.08817126676457089	0.1376828242554453	False	tested	paired empirical-Bayes moderated t	2	1000	1000	322	428	322	428	0.322	0.428	435	676
CTCF_bound_vs_matched_control	CTCF_bound	matched_control	Foxf1_MA1606.2	Foxf1	MA1606.2	0.0335534665193908	-0.009233895625639477	0.07634082866442107	0.10721899810440443	0.16170472968197697	False	tested	paired empirical-Bayes moderated t	2	1000	1000	176	238	176	238	0.176	0.238	207	281
CTCF_bound_vs_matched_control	CTCF_bound	matched_control	FOXF2_MA0030.2	FOXF2	MA0030.2	0.04109539925514566	-0.0018902371003732682	0.08408103561066459	0.058436862752964544	0.0973947712549409	False	tested	paired empirical-Bayes moderated t	2	1000	1000	161	225	161	225	0.161	0.225	183	270
CTCF_bound_vs_matched_control	CTCF_bound	matched_control	FOXH1_MA0479.2	FOXH1	MA0479.2	-0.0011750596481282594	-0.044101865504056884	0.041751746207800366	0.9507624239437736	0.9702221368799556	False	tested	paired empirical-Bayes moderated t	2	1000	1000	156	202	156	195	0.156	0.202	180	244
CTCF_bound_vs_matched_control	CTCF_bound	matched_control	FOXJ2ELF1_MA1952.2	FOXJ2::ELF1	MA1952.2	-0.08636010530423299	-0.13212899433085795	-0.04059121627760802	0.0026584728021070256	0.007253628747684492	True	tested	paired empirical-Bayes moderated t	2	1000	1000	235	336	235	336	0.235	0.336	299	442
CTCF_bound_vs_matched_control	CTCF_bound	matched_control	PITX1_MA0682.3	PITX1	MA0682.3	0.0008032057958829433	-0.042609020088101246	0.044215431679867134	0.9667063401160029	0.974386231596567	False	tested	paired empirical-Bayes moderated t	2	1000	1000	185	239	185	229	0.185	0.239	221	316
CTCF_bound_vs_matched_control	CTCF_bound	matched_control	Foxj3_MA0851.2	Foxj3	MA0851.2	0.02838020979001939	-0.015808520785852296	0.07256894036589108	0.17494789390961082	0.2429167063177223	False	tested	paired empirical-Bayes moderated t	2	1000	1000	214	265	214	265	0.214	0.265	251	366
CTCF_bound_vs_matched_control	CTCF_bound	matched_control	FOXK1_MA0852.3	FOXK1	MA0852.3	0.026750561512083375	-0.01608447500667269	0.06958559803083944	0.18574096869168877	0.2513694442960855	False	tested	paired empirical-Bayes moderated t	2	1000	1000	162	209	162	203	0.162	0.209	186	257
CTCF_bound_vs_matched_control	CTCF_bound	matched_control	FOXK2_MA1103.3	FOXK2	MA1103.3	0.026750561512083375	-0.01608447500667269	0.06958559803083944	0.18574096869168877	0.2513694442960855	False	tested	paired empirical-Bayes moderated t	2	1000	1000	162	209	162	203	0.162	0.209	186	257
CTCF_bound_vs_matched_control	CTCF_bound	matched_control	Foxl2_MA1607.2	Foxl2	MA1607.2	0.04341268398166778	0.0005039732423068183	0.08632139472102875	0.04796172708530463	0.08173990570488476	False	tested	paired empirical-Bayes moderated t	2	1000	1000	230	329	230	329	0.23	0.329	292	447
CTCF_bound_vs_matched_control	CTCF_bound	matched_control	FOXO1ELF1_MA1953.2	FOXO1::ELF1	MA1953.2	0.0179247661347914	-0.02497699234077227	0.060826524610355065	0.36016811080274524	0.4383340916843962	False	tested	paired empirical-Bayes moderated t	2	1000	1000	255	316	255	316	0.255	0.316	303	415
CTCF_bound_vs_matched_control	CTCF_bound	matched_control	FOXO1ELK1_MA1954.2	FOXO1::ELK1	MA1954.2	0.03815847784401244	-0.006013722239163605	0.08233067792718848	0.08100096836263722	0.1282620637879513	False	tested	paired empirical-Bayes moderated t	2	1000	1000	263	331	263	331	0.263	0.331	318	433
CTCF_bound_vs_matched_control	CTCF_bound	matched_control	FOXO1ELK3_MA1955.2	FOXO1::ELK3	MA1955.2	0.046431807700882004	0.0033840871074495432	0.08947952829431446	0.0378612293728629	0.06737456310718226	False	tested	paired empirical-Bayes moderated t	2	1000	1000	201	273	201	273	0.201	0.273	240	341
CTCF_bound_vs_matched_control	CTCF_bound	matched_control	FOXO1FLI1_MA1956.2	FOXO1::FLI1	MA1956.2	0.00975327945177346	-0.03309838079334067	0.05260493969688759	0.6108651718892718	0.677626392860777	False	tested	paired empirical-Bayes moderated t	2	1000	1000	242	288	234	288	0.242	0.288	293	371
CTCF_bound_vs_matched_control	CTCF_bound	matched_control	Foxo3_MA0157.4	Foxo3	MA0157.4	0.026750561512083375	-0.01608447500667269	0.06958559803083944	0.18574096869168877	0.2513694442960855	False	tested	paired empirical-Bayes moderated t	2	1000	1000	162	209	162	203	0.162	0.209	186	257
CTCF_bound_vs_matched_control	CTCF_bound	matched_control	FOXP1_MA0481.4	FOXP1	MA0481.4	0.026752033094867917	-0.016083143842290423	0.06958721003202625	0.18572079195513339	0.2513694442960855	False	tested	paired empirical-Bayes moderated t	2	1000	1000	162	209	162	203	0.162	0.209	186	257
CTCF_bound_vs_matched_control	CTCF_bound	matched_control	FOXP2_MA0593.2	FOXP2	MA0593.2	0.021414946411943348	-0.022448649982411816	0.06527854280629851	0.28985667385654595	0.36456570503642394	False	tested	paired empirical-Bayes moderated t	2	1000	1000	277	323	277	323	0.277	0.323	362	450
CTCF_bound_vs_matched_control	CTCF_bound	matched_control	Foxq1_MA0040.2	Foxq1	MA0040.2	0.026493147892757276	-0.016099972759137823	0.06908626854465237	0.18730606581609766	0.25281337340869564	False	tested	paired empirical-Bayes moderated t	2	1000	1000	172	261	172	261	0.172	0.261	196	330
CTCF_bound_vs_matched_control	CTCF_bound	matched_control	GABPA_MA0062.4	GABPA	MA0062.4	-0.028309727854152082	-0.07662753326500321	0.020008077556699047	0.21127944896680612	0.27886689297959455	False	tested	paired empirical-Bayes moderated t	2	1000	1000	297	371	297	371	0.297	0.371	386	508
CTCF_bound_vs_matched_control	CTCF_bound	matched_control	GATA1_MA0035.5	GATA1	MA0035.5	-0.11517902038494118	-0.16985291457818752	-0.06050512619169483	0.001407961386370202	0.004536764467192873	True	tested	paired empirical-Bayes moderated t	2	1000	1000	100	221	100	193	0.1	0.221	109	264
CTCF_bound_vs_matched_control	CTCF_bound	matched_control	GATA1TAL1_MA0140.3	GATA1::TAL1	MA0140.3	-0.03207743999125495	-0.09954439048999549	0.03538951050748558	0.3017158679932156	0.3785433943301778	False	tested	paired empirical-Bayes moderated t	2	1000	1000	158	278	158	272	0.158	0.278	183	349
CTCF_bound_vs_matched_control	CTCF_bound	matched_control	GATA2_MA0036.4	GATA2	MA0036.4	-0.14959019899586629	-0.20071665427263163	-0.09846374371910095	0.00017969870888010175	0.0011999617731138373	True	tested	paired empirical-Bayes moderated t	2	1000	1000	164	322	164	313	0.164	0.322	199	439
CTCF_bound_vs_matched_control	CTCF_bound	matched_control	Gata3_MA0037.5	Gata3	MA0037.5	-0.10219442547921073	-0.15445128582617323	-0.049937565132248236	0.0021701743643434608	0.006214123763362296	True	tested	paired empirical-Bayes moderated t	2	1000	1000	174	331	173	329	0.174	0.331	207	442
CTCF_bound_vs_matched_control	CTCF_bound	matched_control	GATA4_MA0482.3	GATA4	MA0482.3	-0.14713222760470965	-0.20770907690818793	-0.08655537830123136	0.0005929864594234334	0.002825733597721995	True	tested	paired empirical-Bayes moderated t	2	1000	1000	160	315	160	309	0.16	0.315	189	406
CTCF_bound_vs_matched_control	CTCF_bound	matched_control	GATA5_MA0766.3	GATA5	MA0766.3	-0.13877383792901257	-0.1987206360237638	-0.07882703983426134	0.0007980012939641617	0.0030450049374948275	True	tested	paired empirical-Bayes moderated t	2	1000	1000	122	274	122	259	0.122	0.274	137	333
CTCF_bound_vs_matched_control	CTCF_bound	matched_control	GATA6_MA1104.3	GATA6	MA1104.3	-0.12485758250270959	-0.18416112932541748	-0.0655540356800017	0.0014129340370362623	0.004538379897442425	True	tested	paired empirical-Bayes moderated t	2	1000	1000	145	300	144	296	0.145	0.3	169	384
CTCF_bound_vs_matched_control	CTCF_bound	matched_control	GBX1_MA0889.2	GBX1	MA0889.2	-0.0004194453053518244	-0.043138583605237917	0.04229969299453427	0.982327040494414	0.9852390771757216	False	tested	paired empirical-Bayes moderated t	2	1000	1000	71	89	61	73	0.071	0.089	79	94
CTCF_bound_vs_matched_control	CTCF_bound	matched_control	GBX2_MA0890.2	GBX2	MA0890.2	-0.10126333136867162	-0.14463620612044087	-0.057890456616902376	0.0007574153056917319	0.0029120323305951057	True	tested	paired empirical-Bayes moderated t	2	1000	1000	68	84	61	63	0.068	0.084	79	90
CTCF_bound_vs_matched_control	CTCF_bound	matched_control	GCM1_MA0646.2	GCM1	MA0646.2	0.06803119768935346	0.011527365447404854	0.12453502993130208	0.024392347939539902	0.04697956956097343	True	tested	paired empirical-Bayes moderated t	2	1000	1000	76	77	60	54	0.076	0.077	86	80
CTCF_bound_vs_matched_control	CTCF_bound	matched_control	SOX2_MA0143.5	SOX2	MA0143.5	0.06510316754683655	0.009514287753031064	0.12069204734064204	0.027353362470350428	0.051387574404328513	False	tested	paired empirical-Bayes moderated t	2	1000	1000	113	129	100	126	0.113	0.129	121	141
CTCF_bound_vs_matched_control	CTCF_bound	matched_control	GCM2_MA0767.2	GCM2	MA0767.2	0.1979373428144702	0.12849971038182756	0.26737497524711284	0.00021320094853221724	0.0013685271363274327	True	tested	paired empirical-Bayes moderated t	2	1000	1000	71	74	54	57	0.071	0.074	75	75
CTCF_bound_vs_matched_control	CTCF_bound	matched_control	GFI1_MA0038.3	GFI1	MA0038.3	0.032300456779422226	-0.010265348667870697	0.07486626222671515	0.11715202767891952	0.1730848734994226	False	tested	paired empirical-Bayes moderated t	2	1000	1000	189	183	189	183	0.189	0.183	218	232
CTCF_bound_vs_matched_control	CTCF_bound	matched_control	Gfi1B_MA0483.2	Gfi1B	MA0483.2	-0.04974185896884419	-0.09530913964801634	-0.0041745782896720485	0.03616445313805832	0.06496799988518441	False	tested	paired empirical-Bayes moderated t	2	1000	1000	222	245	222	245	0.222	0.245	259	292
CTCF_bound_vs_matched_control	CTCF_bound	matched_control	Gli1_MA1990.2	Gli1	MA1990.2	-0.05005923960962623	-0.09281665529566185	-0.007301823923590599	0.027389830298267713	0.051387574404328513	False	tested	paired empirical-Bayes moderated t	2	1000	1000	165	179	165	177	0.165	0.179	184	199
CTCF_bound_vs_matched_control	CTCF_bound	matched_control	Gli2_MA0734.4	Gli2	MA0734.4	0.08740811580107348	0.04321247387419116	0.1316037577279558	0.0020345264390110728	0.005934035447115628	True	tested	paired empirical-Bayes moderated t	2	1000	1000	158	166	153	160	0.158	0.166	175	189
CTCF_bound_vs_matched_control	CTCF_bound	matched_control	GLI3_MA1491.3	GLI3	MA1491.3	0.05640745220005832	0.001775370818056142	0.1110395335820605	0.04456362927134768	0.0769253124326835	False	tested	paired empirical-Bayes moderated t	2	1000	1000	98	107	87	92	0.098	0.107	105	117
CTCF_bound_vs_matched_control	CTCF_bound	matched_control	GLIS1_MA0735.2	GLIS1	MA0735.2	0.26698841602034185	0.22417154361308858	0.3098052884275951	8.972868458025701e-07	4.5342220960059935e-05	True	tested	paired empirical-Bayes moderated t	2	1000	1000	74	77	65	62	0.074	0.077	78	85
CTCF_bound_vs_matched_control	CTCF_bound	matched_control	Gmeb1_MA0615.2	Gmeb1	MA0615.2	NA	NA	NA	NA	NA	False	insufficient motif-containing regions	paired empirical-Bayes moderated t	2	1000	1000	20	28	6	8	0.02	0.028	20	30
CTCF_bound_vs_matched_control	CTCF_bound	matched_control	GRHL1_MA0647.2	GRHL1	MA0647.2	0.0795201775167067	0.03543491688045791	0.1236054381529555	0.0034149054050361697	0.008864780015630977	True	tested	paired empirical-Bayes moderated t	2	1000	1000	72	86	61	61	0.072	0.086	74	89
CTCF_bound_vs_matched_control	CTCF_bound	matched_control	GRHL2_MA1105.3	GRHL2	MA1105.3	0.05365957193757085	0.01109244117784794	0.09622670269729376	0.020050548679003303	0.03959398231359602	True	tested	paired empirical-Bayes moderated t	2	1000	1000	146	152	141	148	0.146	0.152	164	172
CTCF_bound_vs_matched_control	CTCF_bound	matched_control	GSC_MA0648.2	GSC	MA0648.2	0.0008032057958829433	-0.042609020088101246	0.044215431679867134	0.9667063401160029	0.974386231596567	False	tested	paired empirical-Bayes moderated t	2	1000	1000	185	239	185	229	0.185	0.239	221	316
CTCF_bound_vs_matched_control	CTCF_bound	matched_control	GSC2_MA0891.2	GSC2	MA0891.2	0.0008032057958829433	-0.042609020088101246	0.044215431679867134	0.9667063401160029	0.974386231596567	False	tested	paired empirical-Bayes moderated t	2	1000	1000	185	239	185	229	0.185	0.239	221	316
CTCF_bound_vs_matched_control	CTCF_bound	matched_control	GSX1_MA0892.2	GSX1	MA0892.2	-0.10126333136867162	-0.14463620612044087	-0.057890456616902376	0.0007574153056917319	0.0029120323305951057	True	tested	paired empirical-Bayes moderated t	2	1000	1000	68	84	61	63	0.068	0.084	79	90
CTCF_bound_vs_matched_control	CTCF_bound	matched_control	GSX2_MA0893.3	GSX2	MA0893.3	-0.09088113703081582	-0.14709714318807032	-0.03466513087356131	0.006126065676833271	0.014360177048465981	True	tested	paired empirical-Bayes moderated t	2	1000	1000	123	162	120	145	0.123	0.162	145	186
CTCF_bound_vs_matched_control	CTCF_bound	matched_control	Hand1Tcf3_MA0092.2	Hand1::Tcf3	MA0092.2	0.09106706168635757	0.04667919536385121	0.13545492800886394	0.001644951487861241	0.005040573707899878	True	tested	paired empirical-Bayes moderated t	2	1000	1000	159	185	159	180	0.159	0.185	175	215
CTCF_bound_vs_matched_control	CTCF_bound	matched_control	TCF3_MA0522.4	TCF3	MA0522.4	0.2200377765692632	0.17639297814745292	0.2636825749910735	4.171375816542015e-06	0.00010326698667780841	True	tested	paired empirical-Bayes moderated t	2	1000	1000	223	188	218	185	0.223	0.188	273	231
CTCF_bound_vs_matched_control	CTCF_bound	matched_control	HAND2_MA1638.2	HAND2	MA1638.2	0.030701844885083804	-0.012269424595708699	0.07367311436587631	0.13665331066398634	0.19646332907074524	False	tested	paired empirical-Bayes moderated t	2	1000	1000	353	378	353	378	0.353	0.378	470	555
CTCF_bound_vs_matched_control	CTCF_bound	matched_control	HES1_MA1099.3	HES1	MA1099.3	-0.08677239822153902	-0.13006166478661085	-0.04348313165646718	0.001882995838790163	0.0055884233227251915	True	tested	paired empirical-Bayes moderated t	2	1000	1000	73	87	68	58	0.073	0.087	81	103
CTCF_bound_vs_matched_control	CTCF_bound	matched_control	HES2_MA0616.3	HES2	MA0616.3	0.06513921557231629	0.01259662120582198	0.11768180993881061	0.02154792306733828	0.04222228168600069	True	tested	paired empirical-Bayes moderated t	2	1000	1000	70	71	51	44	0.07	0.071	75	80
CTCF_bound_vs_matched_control	CTCF_bound	matched_control	HESX1_MA0894.2	HESX1	MA0894.2	-0.10126333136867162	-0.14463620612044087	-0.057890456616902376	0.0007574153056917319	0.0029120323305951057	True	tested	paired empirical-Bayes moderated t	2	1000	1000	68	84	61	63	0.068	0.084	79	90
CTCF_bound_vs_matched_control	CTCF_bound	matched_control	HEY2_MA0649.2	HEY2	MA0649.2	0.13777986610401505	0.07535847156988054	0.20020126063814955	0.0010659115921650302	0.003760102702269585	True	tested	paired empirical-Bayes moderated t	2	1000	1000	67	67	48	42	0.067	0.067	70	74
CTCF_bound_vs_matched_control	CTCF_bound	matched_control	Hic1_MA0739.2	Hic1	MA0739.2	0.07776457535712529	0.031163814156495516	0.12436533655775506	0.005191526436421629	0.012457208824983341	True	tested	paired empirical-Bayes moderated t	2	1000	1000	83	98	66	86	0.083	0.098	85	102
CTCF_bound_vs_matched_control	CTCF_bound	matched_control	HIC2_MA0738.2	HIC2	MA0738.2	0.107771792576907	0.06472027545527907	0.1508233096985349	0.0004907761725072411	0.0024516462575932528	True	tested	paired empirical-Bayes moderated t	2	1000	1000	273	277	270	277	0.273	0.277	328	341
CTCF_bound_vs_matched_control	CTCF_bound	matched_control	HIF1A_MA1106.2	HIF1A	MA1106.2	-0.16074023245060803	-0.20330513515700144	-0.11817532974421463	3.202301650809642e-05	0.000387828370731131	True	tested	paired empirical-Bayes moderated t	2	1000	1000	134	141	123	117	0.134	0.141	160	165
CTCF_bound_vs_matched_control	CTCF_bound	matched_control	HINFP_MA0131.3	HINFP	MA0131.3	0.11465635491040421	0.05257704920749915	0.17673566061330928	0.0029964037946018612	0.008003552240844446	True	tested	paired empirical-Bayes moderated t	2	1000	1000	51	65	45	49	0.051	0.065	57	76
CTCF_bound_vs_matched_control	CTCF_bound	matched_control	HLF_MA0043.4	HLF	MA0043.4	-0.03706509239545793	-0.08199409371287603	0.007863908921960164	0.09291267693747406	0.1435408935944234	False	tested	paired empirical-Bayes moderated t	2	1000	1000	103	143	102	131	0.103	0.143	115	158
CTCF_bound_vs_matched_control	CTCF_bound	matched_control	HMBOX1_MA0895.2	HMBOX1	MA0895.2	-0.14022983876783232	-0.22656639768336118	-0.053893279852303466	0.005979463925735401	0.014081568177775942	True	tested	paired empirical-Bayes moderated t	2	1000	1000	44	60	28	36	0.044	0.06	47	63
CTCF_bound_vs_matched_control	CTCF_bound	matched_control	Hmx1_MA0896.2	Hmx1	MA0896.2	-0.0017321518951172862	-0.045620983063822354	0.04215667927358778	0.9290688139611096	0.953493272164334	False	tested	paired empirical-Bayes moderated t	2	1000	1000	120	151	110	137	0.12	0.151	125	173
CTCF_bound_vs_matched_control	CTCF_bound	matched_control	Hmx2_MA0897.2	Hmx2	MA0897.2	0.012623678553613626	-0.030682127148399643	0.055929484255626896	0.516997108443364	0.5936109333371204	False	tested	paired empirical-Bayes moderated t	2	1000	1000	167	224	164	224	0.167	0.224	196	281
CTCF_bound_vs_matched_control	CTCF_bound	matched_control	Hmx3_MA0898.2	Hmx3	MA0898.2	0.044639850144479826	0.0019948494077397932	0.08728485088121986	0.042367891723508716	0.07388902078928067	False	tested	paired empirical-Bayes moderated t	2	1000	1000	121	164	113	154	0.121	0.164	132	194
CTCF_bound_vs_matched_control	CTCF_bound	matched_control	Hnf1A_MA1991.2	Hnf1A	MA1991.2	-0.06225941737643923	-0.10700109169051492	-0.01751774306236354	0.012830715793255409	0.02720345764585659	True	tested	paired empirical-Bayes moderated t	2	1000	1000	189	223	189	223	0.189	0.223	226	262
CTCF_bound_vs_matched_control	CTCF_bound	matched_control	HNF1A_MA0046.3	HNF1A	MA0046.3	-0.031108709899703407	-0.07889334692879632	0.016675927129389506	0.1698262996858728	0.23677705244664957	False	tested	paired empirical-Bayes moderated t	2	1000	1000	157	216	157	206	0.157	0.216	184	266
CTCF_bound_vs_matched_control	CTCF_bound	matched_control	HNF4A_MA1494.2	HNF4A	MA1494.2	-0.03282868925937579	-0.07551598168645796	0.00985860316770637	0.1130494399531401	0.16899143085778676	False	tested	paired empirical-Bayes moderated t	2	1000	1000	134	160	121	150	0.134	0.16	150	180
CTCF_bound_vs_matched_control	CTCF_bound	matched_control	HNF4A_MA0114.5	HNF4A	MA0114.5	0.036489553206235294	-0.00672920488223034	0.07970831129470093	0.08679332582382426	0.13615954514865786	False	tested	paired empirical-Bayes moderated t	2	1000	1000	188	225	188	219	0.188	0.225	214	262
CTCF_bound_vs_matched_control	CTCF_bound	matched_control	HNF4G_MA0484.3	HNF4G	MA0484.3	0.020811474012273054	-0.022021620239491578	0.0636445682640377	0.29200513877867346	0.3668133859657841	False	tested	paired empirical-Bayes moderated t	2	1000	1000	188	222	188	216	0.188	0.222	215	258
CTCF_bound_vs_matched_control	CTCF_bound	matched_control	HOXA10_MA0899.2	HOXA10	MA0899.2	-0.05117405097720319	-0.09421957727707289	-0.0081285246773335	0.025716216041196355	0.04897178101653715	True	tested	paired empirical-Bayes moderated t	2	1000	1000	172	240	168	229	0.172	0.24	206	302
CTCF_bound_vs_matched_control	CTCF_bound	matched_control	Hoxa11_MA0911.2	Hoxa11	MA0911.2	-0.11409269639105668	-0.1567444002492063	-0.07144099253290706	0.00032187786602793516	0.0017755762718388815	True	tested	paired empirical-Bayes moderated t	2	1000	1000	68	86	60	64	0.068	0.086	70	93
CTCF_bound_vs_matched_control	CTCF_bound	matched_control	HOXA4_MA1496.2	HOXA4	MA1496.2	-0.06792061938112338	-0.1127105675077274	-0.023130671254519362	0.008473627809012842	0.01898616385463142	True	tested	paired empirical-Bayes moderated t	2	1000	1000	81	136	74	102	0.081	0.136	95	145
CTCF_bound_vs_matched_control	CTCF_bound	matched_control	HOXA6_MA1497.2	HOXA6	MA1497.2	-0.19303651695107837	-0.2384877578549694	-0.14758527604718735	1.410497164658321e-05	0.00024265332578444	True	tested	paired empirical-Bayes moderated t	2	1000	1000	56	56	38	38	0.056	0.056	56	65
CTCF_bound_vs_matched_control	CTCF_bound	matched_control	HOXA7_MA1498.3	HOXA7	MA1498.3	-0.021457868916609855	-0.06505126988060984	0.022135532047390133	0.28620913962242917	0.3608723934369759	False	tested	paired empirical-Bayes moderated t	2	1000	1000	108	128	100	120	0.108	0.128	114	150
CTCF_bound_vs_matched_control	CTCF_bound	matched_control	HOXA9_MA0594.3	HOXA9	MA0594.3	NA	NA	NA	NA	NA	False	insufficient motif-containing regions	paired empirical-Bayes moderated t	2	1000	1000	14	11	1	1	0.014	0.011	14	11
CTCF_bound_vs_matched_control	CTCF_bound	matched_control	HOXB2_MA0902.3	HOXB2	MA0902.3	-0.10126333136867162	-0.14463620612044087	-0.057890456616902376	0.0007574153056917319	0.0029120323305951057	True	tested	paired empirical-Bayes moderated t	2	1000	1000	68	84	61	63	0.068	0.084	79	90
CTCF_bound_vs_matched_control	CTCF_bound	matched_control	TBX3_MA1566.3	TBX3	MA1566.3	0.0461748149676203	0.0024419317993514614	0.08990769813588914	0.04103235467384149	0.07217996532746813	False	tested	paired empirical-Bayes moderated t	2	1000	1000	149	172	141	168	0.149	0.172	162	183
CTCF_bound_vs_matched_control	CTCF_bound	matched_control	HOXB3_MA0903.2	HOXB3	MA0903.2	-0.10126333136867162	-0.14463620612044087	-0.057890456616902376	0.0007574153056917319	0.0029120323305951057	True	tested	paired empirical-Bayes moderated t	2	1000	1000	68	84	61	63	0.068	0.084	79	90
CTCF_bound_vs_matched_control	CTCF_bound	matched_control	HOXB4_MA1499.2	HOXB4	MA1499.2	-0.025162110099812535	-0.07947437524857492	0.029150155048949855	0.3133831833424644	0.3902870320154618	False	tested	paired empirical-Bayes moderated t	2	1000	1000	148	197	148	184	0.148	0.197	173	233
CTCF_bound_vs_matched_control	CTCF_bound	matched_control	HOXB5_MA0904.3	HOXB5	MA0904.3	-0.10126333136867162	-0.14463620612044087	-0.057890456616902376	0.0007574153056917319	0.0029120323305951057	True	tested	paired empirical-Bayes moderated t	2	1000	1000	68	84	61	63	0.068	0.084	79	90
CTCF_bound_vs_matched_control	CTCF_bound	matched_control	HOXB6_MA1500.2	HOXB6	MA1500.2	-0.19303651695107837	-0.2384877578549694	-0.14758527604718735	1.410497164658321e-05	0.00024265332578444	True	tested	paired empirical-Bayes moderated t	2	1000	1000	56	56	38	38	0.056	0.056	56	65
CTCF_bound_vs_matched_control	CTCF_bound	matched_control	HOXB7_MA1501.2	HOXB7	MA1501.2	-0.053682400394733126	-0.09875050582794795	-0.008614294961518304	0.025510500880335085	0.0486713503637972	True	tested	paired empirical-Bayes moderated t	2	1000	1000	90	115	81	100	0.09	0.115	98	133
CTCF_bound_vs_matched_control	CTCF_bound	matched_control	HOXB8_MA1502.2	HOXB8	MA1502.2	-0.19303651695107837	-0.2384877578549694	-0.14758527604718735	1.410497164658321e-05	0.00024265332578444	True	tested	paired empirical-Bayes moderated t	2	1000	1000	56	56	38	38	0.056	0.056	56	65
CTCF_bound_vs_matched_control	CTCF_bound	matched_control	HOXB9_MA1503.2	HOXB9	MA1503.2	-0.126890250620391	-0.17017418110973614	-0.08360632013104587	0.00017741552770557986	0.0011925613286169773	True	tested	paired empirical-Bayes moderated t	2	1000	1000	60	84	52	67	0.06	0.084	64	91
CTCF_bound_vs_matched_control	CTCF_bound	matched_control	HOXC10_MA0905.2	HOXC10	MA0905.2	-0.1388578591023956	-0.1815527453393739	-0.09616297286541728	8.885144834494172e-05	0.0007392149186075069	True	tested	paired empirical-Bayes moderated t	2	1000	1000	95	121	85	107	0.095	0.121	101	137
CTCF_bound_vs_matched_control	CTCF_bound	matched_control	HOXC11_MA0651.3	HOXC11	MA0651.3	0.1393724971011074	0.09515373277032652	0.1835912614318883	0.00010968161363880387	0.0008458286467875266	True	tested	paired empirical-Bayes moderated t	2	1000	1000	63	78	50	58	0.063	0.078	64	82
CTCF_bound_vs_matched_control	CTCF_bound	matched_control	HOXC12_MA0906.2	HOXC12	MA0906.2	0.00473697520406091	-0.037829258049292866	0.04730320845741469	0.8021876556252275	0.8499169837782943	False	tested	paired empirical-Bayes moderated t	2	1000	1000	80	107	75	89	0.08	0.107	85	117
CTCF_bound_vs_matched_control	CTCF_bound	matched_control	HOXC13_MA0907.2	HOXC13	MA0907.2	-0.1028404600512147	-0.1588034032322252	-0.0468775168702042	0.003081458950565194	0.00816626849823413	True	tested	paired empirical-Bayes moderated t	2	1000	1000	112	125	108	108	0.112	0.125	122	134
CTCF_bound_vs_matched_control	CTCF_bound	matched_control	HOXC4_MA1504.2	HOXC4	MA1504.2	-0.025162110099812535	-0.07947437524857492	0.029150155048949855	0.3133831833424644	0.3902870320154618	False	tested	paired empirical-Bayes moderated t	2	1000	1000	148	197	148	184	0.148	0.197	173	233
CTCF_bound_vs_matched_control	CTCF_bound	matched_control	HOXC8_MA1505.2	HOXC8	MA1505.2	-0.10126333136867162	-0.14463620612044087	-0.057890456616902376	0.0007574153056917319	0.0029120323305951057	True	tested	paired empirical-Bayes moderated t	2	1000	1000	68	84	61	63	0.068	0.084	79	90
CTCF_bound_vs_matched_control	CTCF_bound	matched_control	HOXC9_MA0485.3	HOXC9	MA0485.3	-0.17664321175394906	-0.21929530189869004	-0.1339911216092081	1.6834253775607437e-05	0.0002534812850093834	True	tested	paired empirical-Bayes moderated t	2	1000	1000	62	95	54	77	0.062	0.095	67	105
CTCF_bound_vs_matched_control	CTCF_bound	matched_control	HOXD10_MA1506.2	HOXD10	MA1506.2	-0.019100459485509258	-0.06173303135796786	0.02353211238694934	0.32851984408345997	0.40614816290464295	False	tested	paired empirical-Bayes moderated t	2	1000	1000	74	92	63	77	0.074	0.092	78	99
CTCF_bound_vs_matched_control	CTCF_bound	matched_control	HOXD11_MA0908.2	HOXD11	MA0908.2	-0.05927587787951673	-0.1018975388655787	-0.016654216893454747	0.01286468933006026	0.02720345764585659	True	tested	paired empirical-Bayes moderated t	2	1000	1000	97	121	90	107	0.097	0.121	105	133
CTCF_bound_vs_matched_control	CTCF_bound	matched_control	HOXD12_MA0873.2	HOXD12	MA0873.2	0.10772751622085953	0.035597926150012824	0.17985710629170626	0.009135473454423164	0.020289946512559106	True	tested	paired empirical-Bayes moderated t	2	1000	1000	56	79	45	58	0.056	0.079	60	88
CTCF_bound_vs_matched_control	CTCF_bound	matched_control	HOXD12ELK1_MA1958.2	HOXD12::ELK1	MA1958.2	0.03930669715311931	-0.0036276712862110747	0.0822410655924497	0.06746599009659687	0.10991650071917468	False	tested	paired empirical-Bayes moderated t	2	1000	1000	125	140	125	123	0.125	0.14	135	154
CTCF_bound_vs_matched_control	CTCF_bound	matched_control	Hoxd13_MA0909.4	Hoxd13	MA0909.4	0.09024441279243475	0.047672965752078016	0.13281585983279148	0.0013569478623432615	0.00447176000090393	True	tested	paired empirical-Bayes moderated t	2	1000	1000	120	153	118	143	0.12	0.153	131	173
CTCF_bound_vs_matched_control	CTCF_bound	matched_control	HOXD4_MA1507.2	HOXD4	MA1507.2	-0.10126333136867162	-0.14463620612044087	-0.057890456616902376	0.0007574153056917319	0.0029120323305951057	True	tested	paired empirical-Bayes moderated t	2	1000	1000	68	84	61	63	0.068	0.084	79	90
CTCF_bound_vs_matched_control	CTCF_bound	matched_control	HOXD8_MA0910.3	HOXD8	MA0910.3	-0.19303651695107837	-0.2384877578549694	-0.14758527604718735	1.410497164658321e-05	0.00024265332578444	True	tested	paired empirical-Bayes moderated t	2	1000	1000	56	56	38	38	0.056	0.056	56	65
CTCF_bound_vs_matched_control	CTCF_bound	matched_control	HOXD9_MA0913.3	HOXD9	MA0913.3	-0.07614889441684045	-0.11888213718321318	-0.03341565165046771	0.0036504096276655457	0.009356479222425579	True	tested	paired empirical-Bayes moderated t	2	1000	1000	167	226	166	223	0.167	0.226	190	274
CTCF_bound_vs_matched_control	CTCF_bound	matched_control	IKZF1_MA1508.2	IKZF1	MA1508.2	-0.02078050786660377	-0.06452618501036132	0.02296516927715378	0.30211661503883014	0.3785782274869291	False	tested	paired empirical-Bayes moderated t	2	1000	1000	320	397	320	397	0.32	0.397	413	583
CTCF_bound_vs_matched_control	CTCF_bound	matched_control	Ikzf3_MA1992.2	Ikzf3	MA1992.2	-0.01577346348790654	-0.0630440746334813	0.031497147657668215	0.4602381721526558	0.5381817335656056	False	tested	paired empirical-Bayes moderated t	2	1000	1000	305	381	305	375	0.305	0.381	385	536
CTCF_bound_vs_matched_control	CTCF_bound	matched_control	Irf1_MA0050.4	Irf1	MA0050.4	0.01885762426629645	-0.02487377373497995	0.06258902226757285	0.3458499812868396	0.42395861232625864	False	tested	paired empirical-Bayes moderated t	2	1000	1000	394	460	394	460	0.394	0.46	580	747
CTCF_bound_vs_matched_control	CTCF_bound	matched_control	IRF2_MA0051.2	IRF2	MA0051.2	0.0453113287364587	0.0027409088931465084	0.08788174857977088	0.03981155677092805	0.07064463308127966	False	tested	paired empirical-Bayes moderated t	2	1000	1000	221	272	221	272	0.221	0.272	248	330
CTCF_bound_vs_matched_control	CTCF_bound	matched_control	IRF3_MA1418.2	IRF3	MA1418.2	0.014982384087695606	-0.03129184324517506	0.06125661142056628	0.4731846787638235	0.5495222527978041	False	tested	paired empirical-Bayes moderated t	2	1000	1000	282	342	282	342	0.282	0.342	343	451
CTCF_bound_vs_matched_control	CTCF_bound	matched_control	IRF4_MA1419.2	IRF4	MA1419.2	0.10094798292387722	0.05110846284180582	0.15078750300594862	0.001772680238599272	0.005323285331888346	True	tested	paired empirical-Bayes moderated t	2	1000	1000	120	157	111	150	0.12	0.157	124	177
CTCF_bound_vs_matched_control	CTCF_bound	matched_control	IRF7_MA0772.2	IRF7	MA0772.2	0.034077854570000156	-0.014363869105728316	0.08251957824572863	0.14193410544341015	0.2029057986268469	False	tested	paired empirical-Bayes moderated t	2	1000	1000	267	330	267	326	0.267	0.33	336	447
CTCF_bound_vs_matched_control	CTCF_bound	matched_control	IRF8_MA0652.2	IRF8	MA0652.2	0.0779860455122532	0.02780903319668105	0.12816305782782536	0.007491017429602871	0.017036983349352944	True	tested	paired empirical-Bayes moderated t	2	1000	1000	148	160	137	150	0.148	0.16	160	183
CTCF_bound_vs_matched_control	CTCF_bound	matched_control	Isl1_MA1608.2	Isl1	MA1608.2	0.05488882609162271	0.0032347357940302676	0.10654291638921515	0.040060173613938564	0.07083811187830599	False	tested	paired empirical-Bayes moderated t	2	1000	1000	48	85	42	57	0.048	0.085	50	92
CTCF_bound_vs_matched_control	CTCF_bound	matched_control	ISL2_MA0914.2	ISL2	MA0914.2	0.055718419879021534	0.013153548354030417	0.09828329140401265	0.01697722578701355	0.034602177055860946	True	tested	paired empirical-Bayes moderated t	2	1000	1000	176	247	176	247	0.176	0.247	202	296
CTCF_bound_vs_matched_control	CTCF_bound	matched_control	ISX_MA0654.2	ISX	MA0654.2	-0.10126333136867162	-0.14463620612044087	-0.057890456616902376	0.0007574153056917319	0.0029120323305951057	True	tested	paired empirical-Bayes moderated t	2	1000	1000	68	84	61	63	0.068	0.084	79	90
CTCF_bound_vs_matched_control	CTCF_bound	matched_control	JDP2_MA0656.2	JDP2	MA0656.2	0.03378922688473985	-0.011094991499773728	0.07867344526925343	0.11963845920515095	0.17624533540381454	False	tested	paired empirical-Bayes moderated t	2	1000	1000	69	102	59	83	0.069	0.102	73	106
CTCF_bound_vs_matched_control	CTCF_bound	matched_control	JUNJUNB_MA1132.2	JUN::JUNB	MA1132.2	-0.0682934932426912	-0.11414038109395283	-0.02244660539142957	0.009254461946194874	0.020464659859232678	True	tested	paired empirical-Bayes moderated t	2	1000	1000	128	261	128	247	0.128	0.261	147	312
CTCF_bound_vs_matched_control	CTCF_bound	matched_control	JUNJUNB_MA1133.2	JUN::JUNB	MA1133.2	0.017363245741678742	-0.027454893060519462	0.06218138454387695	0.39428559018702075	0.47304949650097644	False	tested	paired empirical-Bayes moderated t	2	1000	1000	74	124	73	111	0.074	0.124	78	129
CTCF_bound_vs_matched_control	CTCF_bound	matched_control	KLF1_MA0493.3	KLF1	MA0493.3	0.0017392820630152365	-0.040980025448052855	0.04445858957408332	0.9268344653191594	0.9521629375495412	False	tested	paired empirical-Bayes moderated t	2	1000	1000	349	427	349	427	0.349	0.427	745	1012
CTCF_bound_vs_matched_control	CTCF_bound	matched_control	KLF11_MA1512.2	KLF11	MA1512.2	-0.015482798574951497	-0.05951967397072105	0.028554076820818057	0.4374651424998336	0.5169116643042272	False	tested	paired empirical-Bayes moderated t	2	1000	1000	252	336	252	331	0.252	0.336	384	555
CTCF_bound_vs_matched_control	CTCF_bound	matched_control	KLF13_MA0657.2	KLF13	MA0657.2	0.19003006609029477	0.14279054384833706	0.23726958833225248	2.0637415751357992e-05	0.00029093023593928277	True	tested	paired empirical-Bayes moderated t	2	1000	1000	147	163	141	156	0.147	0.163	167	198
CTCF_bound_vs_matched_control	CTCF_bound	matched_control	KLF15_MA1513.2	KLF15	MA1513.2	0.0311011976128581	-0.01146747510776814	0.07366987033348435	0.12923099285415537	0.18711762874032484	False	tested	paired empirical-Bayes moderated t	2	1000	1000	253	303	251	303	0.253	0.303	533	708
CTCF_bound_vs_matched_control	CTCF_bound	matched_control	KLF17_MA1514.2	KLF17	MA1514.2	0.014260544060959827	-0.032574014956399854	0.06109510307831951	0.49906554011212867	0.5769379535464813	False	tested	paired empirical-Bayes moderated t	2	1000	1000	237	270	237	263	0.237	0.27	291	338
CTCF_bound_vs_matched_control	CTCF_bound	matched_control	KLF2_MA1515.2	KLF2	MA1515.2	-0.06763495089179973	-0.1106622508560724	-0.024607650927527064	0.007073768327774132	0.016280895357575383	True	tested	paired empirical-Bayes moderated t	2	1000	1000	156	218	151	206	0.156	0.218	182	293
CTCF_bound_vs_matched_control	CTCF_bound	matched_control	KLF3_MA1516.2	KLF3	MA1516.2	0.1727586247829196	0.12097684982872164	0.22454039973711754	7.480304664842862e-05	0.0006608114022432662	True	tested	paired empirical-Bayes moderated t	2	1000	1000	199	251	190	245	0.199	0.251	264	350
CTCF_bound_vs_matched_control	CTCF_bound	matched_control	KLF4_MA0039.5	KLF4	MA0039.5	-0.02575494995246631	-0.07477800509586609	0.02326810519093347	0.2574927266179156	0.331668930859371	False	tested	paired empirical-Bayes moderated t	2	1000	1000	323	388	323	388	0.323	0.388	485	592
CTCF_bound_vs_matched_control	CTCF_bound	matched_control	KLF6_MA1517.2	KLF6	MA1517.2	0.07072023246168246	0.02794274655488655	0.11349771836847838	0.005452851872192646	0.013022693294765967	True	tested	paired empirical-Bayes moderated t	2	1000	1000	185	249	182	230	0.185	0.249	226	337
CTCF_bound_vs_matched_control	CTCF_bound	matched_control	KLF7_MA1959.2	KLF7	MA1959.2	0.009814532608600032	-0.035862841177581824	0.05549190639478189	0.6306377321510707	0.6957579327536269	False	tested	paired empirical-Bayes moderated t	2	1000	1000	278	354	278	347	0.278	0.354	570	804
CTCF_bound_vs_matched_control	CTCF_bound	matched_control	KLF9_MA1107.3	KLF9	MA1107.3	-0.022680333470889394	-0.06531711375061103	0.01995644680883224	0.25208723335241834	0.325118858770908	False	tested	paired empirical-Bayes moderated t	2	1000	1000	290	398	290	398	0.29	0.398	426	591
CTCF_bound_vs_matched_control	CTCF_bound	matched_control	LBX1_MA0618.2	LBX1	MA0618.2	0.042370785612389675	-0.0004480181674666184	0.08518958939224597	0.05188928260366079	0.08763331421416923	False	tested	paired empirical-Bayes moderated t	2	1000	1000	55	74	44	49	0.055	0.074	57	77
CTCF_bound_vs_matched_control	CTCF_bound	matched_control	LBX2_MA0699.2	LBX2	MA0699.2	-0.10126333136867162	-0.14463620612044087	-0.057890456616902376	0.0007574153056917319	0.0029120323305951057	True	tested	paired empirical-Bayes moderated t	2	1000	1000	68	84	61	63	0.068	0.084	79	90
CTCF_bound_vs_matched_control	CTCF_bound	matched_control	Lef1_MA0768.3	Lef1	MA0768.3	0.010470893835327497	-0.03234183289282515	0.05328362056348014	0.5850543838624663	0.6590790228861302	False	tested	paired empirical-Bayes moderated t	2	1000	1000	160	210	158	210	0.16	0.21	178	245
CTCF_bound_vs_matched_control	CTCF_bound	matched_control	Lhx1_MA1518.3	Lhx1	MA1518.3	0.0019473580979146436	-0.04062050555970383	0.04451522175553312	0.917826641181557	0.9466219744529266	False	tested	paired empirical-Bayes moderated t	2	1000	1000	58	70	41	45	0.058	0.07	65	74
CTCF_bound_vs_matched_control	CTCF_bound	matched_control	LHX2_MA0700.3	LHX2	MA0700.3	-0.021457868916609855	-0.06505126988060984	0.022135532047390133	0.28620913962242917	0.3608723934369759	False	tested	paired empirical-Bayes moderated t	2	1000	1000	108	128	100	120	0.108	0.128	114	150
CTCF_bound_vs_matched_control	CTCF_bound	matched_control	Lhx3_MA0135.2	Lhx3	MA0135.2	-0.03246558502862585	-0.07512819227945317	0.010197022222201473	0.116277470362138	0.17254624622451764	False	tested	paired empirical-Bayes moderated t	2	1000	1000	196	273	196	266	0.196	0.273	248	367
CTCF_bound_vs_matched_control	CTCF_bound	matched_control	Lhx4_MA0704.2	Lhx4	MA0704.2	-0.10126333136867162	-0.14463620612044087	-0.057890456616902376	0.0007574153056917319	0.0029120323305951057	True	tested	paired empirical-Bayes moderated t	2	1000	1000	68	84	61	63	0.068	0.084	79	90
CTCF_bound_vs_matched_control	CTCF_bound	matched_control	LHX5_MA1519.2	LHX5	MA1519.2	-0.1086289726198954	-0.15142870125480598	-0.06582924398498483	0.0004498894702206658	0.0022946623732360595	True	tested	paired empirical-Bayes moderated t	2	1000	1000	63	77	57	56	0.063	0.077	71	82
CTCF_bound_vs_matched_control	CTCF_bound	matched_control	LHX6_MA0658.2	LHX6	MA0658.2	-0.10669803297674647	-0.1495353162744572	-0.06386074967903574	0.0005065349115485264	0.0024957909476784187	True	tested	paired empirical-Bayes moderated t	2	1000	1000	71	85	59	61	0.071	0.085	78	92
CTCF_bound_vs_matched_control	CTCF_bound	matched_control	Lhx8_MA0705.2	Lhx8	MA0705.2	-0.10126333136867162	-0.14463620612044087	-0.057890456616902376	0.0007574153056917319	0.0029120323305951057	True	tested	paired empirical-Bayes moderated t	2	1000	1000	68	84	61	63	0.068	0.084	79	90
CTCF_bound_vs_matched_control	CTCF_bound	matched_control	LHX9_MA0701.3	LHX9	MA0701.3	-0.02625644042275399	-0.06898716669369209	0.016474285848184105	0.19210608261244883	0.2569607516453342	False	tested	paired empirical-Bayes moderated t	2	1000	1000	77	101	69	80	0.077	0.101	85	105
CTCF_bound_vs_matched_control	CTCF_bound	matched_control	LMX1A_MA0702.3	LMX1A	MA0702.3	-0.08770808446933691	-0.1304975739520181	-0.04491859498665571	0.0016537054627888271	0.005040573707899878	True	tested	paired empirical-Bayes moderated t	2	1000	1000	81	101	76	83	0.081	0.101	91	108
CTCF_bound_vs_matched_control	CTCF_bound	matched_control	LMX1B_MA0703.3	LMX1B	MA0703.3	-0.13108546973056287	-0.17486599826877178	-0.08730494119235396	0.000154340731595529	0.0010656860038738907	True	tested	paired empirical-Bayes moderated t	2	1000	1000	89	115	84	98	0.089	0.115	105	125
CTCF_bound_vs_matched_control	CTCF_bound	matched_control	MAF_MA1520.2	MAF	MA1520.2	-0.03345258825877025	-0.08243549287692711	0.015530316359386627	0.15230975304597427	0.21651876658496344	False	tested	paired empirical-Bayes moderated t	2	1000	1000	103	143	98	116	0.103	0.143	112	153
CTCF_bound_vs_matched_control	CTCF_bound	matched_control	MAFNFE2_MA0501.2	MAF::NFE2	MA0501.2	-0.017734677078441424	-0.06803717560986772	0.03256782145298487	0.43624967862705794	0.5160762515226851	False	tested	paired empirical-Bayes moderated t	2	1000	1000	174	293	174	285	0.174	0.293	209	355
CTCF_bound_vs_matched_control	CTCF_bound	matched_control	NFE2_MA0841.2	NFE2	MA0841.2	0.0037482503380077362	-0.043567342437493085	0.051063843113508554	0.8583112842186483	0.8972048954499774	False	tested	paired empirical-Bayes moderated t	2	1000	1000	113	198	113	176	0.113	0.198	131	221
CTCF_bound_vs_matched_control	CTCF_bound	matched_control	MAFA_MA1521.2	MAFA	MA1521.2	-0.027884833979151463	-0.07836799603187905	0.02259832807357613	0.23591879213196496	0.3069968897614672	False	tested	paired empirical-Bayes moderated t	2	1000	1000	95	139	91	117	0.095	0.139	103	154
CTCF_bound_vs_matched_control	CTCF_bound	matched_control	Mafb_MA0117.3	Mafb	MA0117.3	0.08291165271293102	0.033137309128641726	0.13268599629722033	0.00524076599151956	0.012545701607057437	True	tested	paired empirical-Bayes moderated t	2	1000	1000	146	183	146	172	0.146	0.183	163	202
CTCF_bound_vs_matched_control	CTCF_bound	matched_control	MAFF_MA0495.4	MAFF	MA0495.4	0.0062523708662334115	-0.03795560023082088	0.050460341963287705	0.75052262606751	0.8027191416844285	False	tested	paired empirical-Bayes moderated t	2	1000	1000	172	226	171	217	0.172	0.226	197	270
CTCF_bound_vs_matched_control	CTCF_bound	matched_control	Mafg_MA0659.4	Mafg	MA0659.4	-0.0588829178790252	-0.11348984551126678	-0.004275990246783608	0.03790234042778431	0.06737456310718226	False	tested	paired empirical-Bayes moderated t	2	1000	1000	157	259	157	247	0.157	0.259	183	312
CTCF_bound_vs_matched_control	CTCF_bound	matched_control	MAXMYC_MA0059.2	MAX::MYC	MA0059.2	0.0007096156721534911	-0.043179943286699836	0.044599174631006815	0.9709032274518703	0.9776456109758416	False	tested	paired empirical-Bayes moderated t	2	1000	1000	88	92	80	74	0.088	0.092	94	97
CTCF_bound_vs_matched_control	CTCF_bound	matched_control	MYC_MA0147.4	MYC	MA0147.4	-0.07509605357853358	-0.13658190942161536	-0.013610197735451794	0.022965641673373186	0.044484973852049206	True	tested	paired empirical-Bayes moderated t	2	1000	1000	94	91	81	80	0.094	0.091	110	102
CTCF_bound_vs_matched_control	CTCF_bound	matched_control	MAZ_MA1522.2	MAZ	MA1522.2	0.11649257401996448	0.06976071887818691	0.16322442916174204	0.00050397010175678	0.00249526660138113	True	tested	paired empirical-Bayes moderated t	2	1000	1000	295	358	295	352	0.295	0.358	499	584
CTCF_bound_vs_matched_control	CTCF_bound	matched_control	Mecom_MA0029.2	Mecom	MA0029.2	-0.07473860138519052	-0.12082040299012253	-0.028656799780258507	0.006024595261899354	0.014155009700990382	True	tested	paired empirical-Bayes moderated t	2	1000	1000	162	258	162	256	0.162	0.258	186	308
CTCF_bound_vs_matched_control	CTCF_bound	matched_control	MEF2A_MA0052.5	MEF2A	MA0052.5	0.03513803508777154	-0.00743190938742451	0.07770797956296759	0.09276604339106276	0.1435328262834279	False	tested	paired empirical-Bayes moderated t	2	1000	1000	278	356	278	356	0.278	0.356	377	527
CTCF_bound_vs_matched_control	CTCF_bound	matched_control	MEF2C_MA0497.2	MEF2C	MA0497.2	0.0348019147590949	-0.007771081079193172	0.07737491059738297	0.09539988125537817	0.1469360841793761	False	tested	paired empirical-Bayes moderated t	2	1000	1000	310	384	310	384	0.31	0.384	422	604
CTCF_bound_vs_matched_control	CTCF_bound	matched_control	MEIS1_MA0498.3	MEIS1	MA0498.3	-0.016337669840287825	-0.05985792463510204	0.02718258495452639	0.4084046377430722	0.4876831850696685	False	tested	paired empirical-Bayes moderated t	2	1000	1000	618	744	618	744	0.618	0.744	1170	1572
CTCF_bound_vs_matched_control	CTCF_bound	matched_control	MEIS1_MA1639.2	MEIS1	MA1639.2	-0.09065642648715375	-0.1369182226244942	-0.04439463034981328	0.002144812542970733	0.006202235701183173	True	tested	paired empirical-Bayes moderated t	2	1000	1000	111	163	111	156	0.111	0.163	123	176
CTCF_bound_vs_matched_control	CTCF_bound	matched_control	MEIS2_MA1640.2	MEIS2	MA1640.2	-0.06062830144255292	-0.10629599309449195	-0.014960609790613887	0.01593389202091613	0.03276600872054611	True	tested	paired empirical-Bayes moderated t	2	1000	1000	148	215	148	212	0.148	0.215	172	237
CTCF_bound_vs_matched_control	CTCF_bound	matched_control	MEIS3_MA0775.2	MEIS3	MA0775.2	-0.2063130837746576	-0.2511161854390772	-0.16150998211023798	7.962461190869092e-06	0.00015542111747561784	True	tested	paired empirical-Bayes moderated t	2	1000	1000	125	186	119	182	0.125	0.186	144	217
CTCF_bound_vs_matched_control	CTCF_bound	matched_control	MEOX1_MA0661.2	MEOX1	MA0661.2	-0.14371789612665153	-0.19818285256355408	-0.08925293968974898	0.00035130780476868754	0.001896688414043712	True	tested	paired empirical-Bayes moderated t	2	1000	1000	91	105	80	91	0.091	0.105	103	118
CTCF_bound_vs_matched_control	CTCF_bound	matched_control	MEOX2_MA0706.2	MEOX2	MA0706.2	-0.08447023875040696	-0.12715587810443277	-0.04178459939638115	0.002027813805797856	0.005934035447115628	True	tested	paired empirical-Bayes moderated t	2	1000	1000	62	73	51	55	0.062	0.073	69	79
CTCF_bound_vs_matched_control	CTCF_bound	matched_control	MGAEVX1_MA1960.2	MGA::EVX1	MA1960.2	-0.014098895766895814	-0.05763357258023599	0.02943578104644436	0.473078490350651	0.5495222527978041	False	tested	paired empirical-Bayes moderated t	2	1000	1000	135	168	135	168	0.135	0.168	144	196
CTCF_bound_vs_matched_control	CTCF_bound	matched_control	MITF_MA0620.4	MITF	MA0620.4	0.1577327354346854	0.1117234457605573	0.2037420251088135	6.21911078905993e-05	0.0006049068211419709	True	tested	paired empirical-Bayes moderated t	2	1000	1000	62	85	53	68	0.062	0.085	68	94
CTCF_bound_vs_matched_control	CTCF_bound	matched_control	mix-a_MA0621.2	mix-a	MA0621.2	-0.10141953723869715	-0.14462829840666927	-0.05821077607072502	0.0007329612605604544	0.0029120323305951057	True	tested	paired empirical-Bayes moderated t	2	1000	1000	68	84	61	63	0.068	0.084	79	90
CTCF_bound_vs_matched_control	CTCF_bound	matched_control	MIXL1_MA0662.2	MIXL1	MA0662.2	-0.10126333136867162	-0.14463620612044087	-0.057890456616902376	0.0007574153056917319	0.0029120323305951057	True	tested	paired empirical-Bayes moderated t	2	1000	1000	68	84	61	63	0.068	0.084	79	90
CTCF_bound_vs_matched_control	CTCF_bound	matched_control	Mlxip_MA0622.2	Mlxip	MA0622.2	0.010382470857248955	-0.03359499459635282	0.05435993631085073	0.5978890317535096	0.6683451180945068	False	tested	paired empirical-Bayes moderated t	2	1000	1000	150	152	141	150	0.15	0.152	185	179
CTCF_bound_vs_matched_control	CTCF_bound	matched_control	MLXIPL_MA0664.2	MLXIPL	MA0664.2	-0.03207541353798957	-0.07491818200516442	0.010767354929185298	0.12137144901757758	0.17828078256561686	False	tested	paired empirical-Bayes moderated t	2	1000	1000	85	93	77	73	0.085	0.093	96	106
CTCF_bound_vs_matched_control	CTCF_bound	matched_control	MNT_MA0825.2	MNT	MA0825.2	0.010382470857248955	-0.03359499459635282	0.05435993631085073	0.5978890317535096	0.6683451180945068	False	tested	paired empirical-Bayes moderated t	2	1000	1000	150	152	141	150	0.15	0.152	185	179
CTCF_bound_vs_matched_control	CTCF_bound	matched_control	MNX1_MA0707.3	MNX1	MA0707.3	-0.10126333136867162	-0.14463620612044087	-0.057890456616902376	0.0007574153056917319	0.0029120323305951057	True	tested	paired empirical-Bayes moderated t	2	1000	1000	68	84	61	63	0.068	0.084	79	90
CTCF_bound_vs_matched_control	CTCF_bound	matched_control	MSANTD3_MA1523.2	MSANTD3	MA1523.2	0.11478110666531052	0.07219929340672163	0.15736291992389942	0.0003064178726923443	0.0017278563376818305	True	tested	paired empirical-Bayes moderated t	2	1000	1000	114	173	111	151	0.114	0.173	130	188
CTCF_bound_vs_matched_control	CTCF_bound	matched_control	Msgn1_MA1524.3	Msgn1	MA1524.3	-0.1025381066808464	-0.14697983365619607	-0.05809637970549673	0.0008144605444454364	0.0030889358694459455	True	tested	paired empirical-Bayes moderated t	2	1000	1000	158	177	158	174	0.158	0.177	175	197
CTCF_bound_vs_matched_control	CTCF_bound	matched_control	MSX1_MA0666.3	MSX1	MA0666.3	-0.021457868916609855	-0.06505126988060984	0.022135532047390133	0.28620913962242917	0.3608723934369759	False	tested	paired empirical-Bayes moderated t	2	1000	1000	108	128	100	120	0.108	0.128	114	150
CTCF_bound_vs_matched_control	CTCF_bound	matched_control	MSX2_MA0708.3	MSX2	MA0708.3	-0.021457868916609855	-0.06505126988060984	0.022135532047390133	0.28620913962242917	0.3608723934369759	False	tested	paired empirical-Bayes moderated t	2	1000	1000	108	128	100	120	0.108	0.128	114	150
CTCF_bound_vs_matched_control	CTCF_bound	matched_control	Msx3_MA0709.2	Msx3	MA0709.2	-0.021457868916609855	-0.06505126988060984	0.022135532047390133	0.28620913962242917	0.3608723934369759	False	tested	paired empirical-Bayes moderated t	2	1000	1000	108	128	100	120	0.108	0.128	114	150
CTCF_bound_vs_matched_control	CTCF_bound	matched_control	MXI1_MA1108.3	MXI1	MA1108.3	0.0773515149649266	0.033772776889354206	0.12093025304049898	0.003729374703515838	0.00953479930495863	True	tested	paired empirical-Bayes moderated t	2	1000	1000	233	315	233	315	0.233	0.315	294	402
CTCF_bound_vs_matched_control	CTCF_bound	matched_control	MYB_MA0100.4	MYB	MA0100.4	0.04455180004980607	0.0017982679078285962	0.08730533219178355	0.04308066484723418	0.075003215814653	False	tested	paired empirical-Bayes moderated t	2	1000	1000	251	287	251	287	0.251	0.287	307	366
CTCF_bound_vs_matched_control	CTCF_bound	matched_control	MYCN_MA0104.5	MYCN	MA0104.5	-0.1607639296759496	-0.2036259612821565	-0.11790189806974272	3.356701245829876e-05	0.00039616880982759584	True	tested	paired empirical-Bayes moderated t	2	1000	1000	52	39	31	25	0.052	0.039	60	43
CTCF_bound_vs_matched_control	CTCF_bound	matched_control	MYF5_MA1641.2	MYF5	MA1641.2	-0.14257745902246294	-0.19330636249534128	-0.09184855554958458	0.0002337867641489789	0.001417528819435783	True	tested	paired empirical-Bayes moderated t	2	1000	1000	121	138	110	126	0.121	0.138	134	148
CTCF_bound_vs_matched_control	CTCF_bound	matched_control	MYOD1_MA0499.3	MYOD1	MA0499.3	-0.017319045688311767	-0.05997276185855855	0.025334670481935016	0.3731083046037929	0.4508392013962498	False	tested	paired empirical-Bayes moderated t	2	1000	1000	215	198	215	195	0.215	0.198	246	221
CTCF_bound_vs_matched_control	CTCF_bound	matched_control	MYOG_MA0500.3	MYOG	MA0500.3	0.023987638604105622	-0.029238652570355527	0.07721392977856677	0.3258532113527516	0.4038351764628118	False	tested	paired empirical-Bayes moderated t	2	1000	1000	135	153	128	134	0.135	0.153	147	169
CTCF_bound_vs_matched_control	CTCF_bound	matched_control	MZF1_MA0056.3	MZF1	MA0056.3	0.09355223741000417	0.045921699477520214	0.14118277534248813	0.002116917800987542	0.006139061622863872	True	tested	paired empirical-Bayes moderated t	2	1000	1000	134	130	129	125	0.134	0.13	153	140
CTCF_bound_vs_matched_control	CTCF_bound	matched_control	NEUROD1_MA1109.2	NEUROD1	MA1109.2	0.032705791289333305	-0.009900949241000434	0.07531253181966704	0.11361565319984247	0.16958807058505898	False	tested	paired empirical-Bayes moderated t	2	1000	1000	210	184	207	182	0.21	0.184	243	223
CTCF_bound_vs_matched_control	CTCF_bound	matched_control	Neurod2_MA1993.2	Neurod2	MA1993.2	-0.008286341637962885	-0.050921775204566144	0.03434909192864037	0.6631540784905471	0.7225863979324534	False	tested	paired empirical-Bayes moderated t	2	1000	1000	366	427	366	427	0.366	0.427	491	568
CTCF_bound_vs_matched_control	CTCF_bound	matched_control	Neurod2_MA0668.3	Neurod2	MA0668.3	0.040043368352729355	-0.0025311329338467345	0.08261786963930545	0.0617343443112183	0.1023862082939323	False	tested	paired empirical-Bayes moderated t	2	1000	1000	228	206	224	203	0.228	0.206	265	254
CTCF_bound_vs_matched_control	CTCF_bound	matched_control	NEUROG2_MA1642.2	NEUROG2	MA1642.2	0.07368214724510154	0.030860997726183906	0.11650329676401917	0.004411111945037656	0.011082372832210943	True	tested	paired empirical-Bayes moderated t	2	1000	1000	157	132	149	126	0.157	0.132	172	154
CTCF_bound_vs_matched_control	CTCF_bound	matched_control	Nfat5_MA0606.3	Nfat5	MA0606.3	0.04326385946972369	0.000680003279543609	0.08584771565990378	0.047249509888318005	0.0808739503147433	False	tested	paired empirical-Bayes moderated t	2	1000	1000	286	353	286	353	0.286	0.353	349	476
CTCF_bound_vs_matched_control	CTCF_bound	matched_control	Nfatc1_MA0624.3	Nfatc1	MA0624.3	0.0053312544908409336	-0.03825254254915218	0.048915051530834044	0.7831341552520408	0.8323363011317502	False	tested	paired empirical-Bayes moderated t	2	1000	1000	393	429	393	429	0.393	0.429	525	620
CTCF_bound_vs_matched_control	CTCF_bound	matched_control	Nfatc2_MA0152.3	Nfatc2	MA0152.3	-0.011650924843472604	-0.05422006884863589	0.03091821916169068	0.5422299967388118	0.6190814923395883	False	tested	paired empirical-Bayes moderated t	2	1000	1000	251	293	251	293	0.251	0.293	305	393
CTCF_bound_vs_matched_control	CTCF_bound	matched_control	NFATC3_MA0625.3	NFATC3	MA0625.3	0.0053312544908409336	-0.03825254254915218	0.048915051530834044	0.7831341552520408	0.8323363011317502	False	tested	paired empirical-Bayes moderated t	2	1000	1000	393	429	393	429	0.393	0.429	525	620
CTCF_bound_vs_matched_control	CTCF_bound	matched_control	NFATC4_MA1525.3	NFATC4	MA1525.3	-0.006776684154483766	-0.04942414477953323	0.035870776470565705	0.7211724409299918	0.7770594772228681	False	tested	paired empirical-Bayes moderated t	2	1000	1000	194	214	194	214	0.194	0.214	219	256
CTCF_bound_vs_matched_control	CTCF_bound	matched_control	Nfe2l2_MA0150.3	Nfe2l2	MA0150.3	0.021173637286744817	-0.029699406918790798	0.07204668149228044	0.36191131943012295	0.4398604476001082	False	tested	paired empirical-Bayes moderated t	2	1000	1000	168	279	168	273	0.168	0.279	199	331
CTCF_bound_vs_matched_control	CTCF_bound	matched_control	NFIA_MA0670.2	NFIA	MA0670.2	-0.008077400516617237	-0.05072590555303953	0.034571104519805065	0.6711347914919549	0.7285580891597156	False	tested	paired empirical-Bayes moderated t	2	1000	1000	217	285	217	275	0.217	0.285	254	340
CTCF_bound_vs_matched_control	CTCF_bound	matched_control	NFIB_MA1643.2	NFIB	MA1643.2	-0.15145482336805843	-0.19685712971779662	-0.10605251701832025	7.487025739702032e-05	0.0006608114022432662	True	tested	paired empirical-Bayes moderated t	2	1000	1000	143	197	141	195	0.143	0.197	161	232
CTCF_bound_vs_matched_control	CTCF_bound	matched_control	NFIC_MA0161.3	NFIC	MA0161.3	0.031167105123753452	-0.013256468961828173	0.07559067920933507	0.1428619842612768	0.2039450267583628	False	tested	paired empirical-Bayes moderated t	2	1000	1000	83	121	73	100	0.083	0.121	88	132
CTCF_bound_vs_matched_control	CTCF_bound	matched_control	NFIC_MA1527.2	NFIC	MA1527.2	-0.2741451213345465	-0.3282015216621371	-0.2200887210069559	3.998194065900634e-06	0.00010326698667780841	True	tested	paired empirical-Bayes moderated t	2	1000	1000	90	157	87	127	0.09	0.157	97	176
CTCF_bound_vs_matched_control	CTCF_bound	matched_control	NFIL3_MA0025.3	NFIL3	MA0025.3	-0.038966601140306464	-0.08359491573801008	0.005661713457397147	0.07838675544299559	0.12470620184112935	False	tested	paired empirical-Bayes moderated t	2	1000	1000	120	173	120	162	0.12	0.173	145	193
CTCF_bound_vs_matched_control	CTCF_bound	matched_control	NFIX_MA0671.2	NFIX	MA0671.2	-0.008077400516617237	-0.05072590555303953	0.034571104519805065	0.6711347914919549	0.7285580891597156	False	tested	paired empirical-Bayes moderated t	2	1000	1000	217	285	217	275	0.217	0.285	254	340
CTCF_bound_vs_matched_control	CTCF_bound	matched_control	NFIX_MA1528.2	NFIX	MA1528.2	-0.03921641992979399	-0.08648887700091763	0.008056037141329658	0.09141544437814451	0.14187565144314476	False	tested	paired empirical-Bayes moderated t	2	1000	1000	107	147	106	122	0.107	0.147	117	162
CTCF_bound_vs_matched_control	CTCF_bound	matched_control	NFKB2_MA0778.2	NFKB2	MA0778.2	0.13549494842992865	0.09276205944889845	0.17822783741095885	0.00010538758288082562	0.000835690598625297	True	tested	paired empirical-Bayes moderated t	2	1000	1000	91	101	70	74	0.091	0.101	96	110
CTCF_bound_vs_matched_control	CTCF_bound	matched_control	NFYA_MA0060.4	NFYA	MA0060.4	0.10442449490882769	0.05756356385496649	0.15128542596268887	0.0010063524899919557	0.003622155238800834	True	tested	paired empirical-Bayes moderated t	2	1000	1000	110	115	102	106	0.11	0.115	138	152
CTCF_bound_vs_matched_control	CTCF_bound	matched_control	NFYB_MA0502.3	NFYB	MA0502.3	-0.2643385934237463	-0.30854217263470535	-0.22013501421278728	1.2165503843027532e-06	4.9391945602691786e-05	True	tested	paired empirical-Bayes moderated t	2	1000	1000	129	168	123	147	0.129	0.168	151	200
CTCF_bound_vs_matched_control	CTCF_bound	matched_control	NFYC_MA1644.2	NFYC	MA1644.2	0.028041341420915543	-0.01724763469280423	0.07333031753463531	0.18910105407923455	0.25422194687473254	False	tested	paired empirical-Bayes moderated t	2	1000	1000	126	145	119	139	0.126	0.145	149	179
CTCF_bound_vs_matched_control	CTCF_bound	matched_control	NHLH2_MA1529.2	NHLH2	MA1529.2	0.11764070175189029	0.07504145035167545	0.16023995315210512	0.00026208447169448246	0.0015647984633523511	True	tested	paired empirical-Bayes moderated t	2	1000	1000	174	162	173	159	0.174	0.162	200	180
CTCF_bound_vs_matched_control	CTCF_bound	matched_control	Nkx2-1_MA1994.2	Nkx2-1	MA1994.2	0.018133812975520584	-0.02521372559971752	0.06148135155075869	0.3595980354321185	0.43816567342569057	False	tested	paired empirical-Bayes moderated t	2	1000	1000	131	183	130	179	0.131	0.183	154	209
CTCF_bound_vs_matched_control	CTCF_bound	matched_control	NKX2-2_MA1645.2	NKX2-2	MA1645.2	0.029459758457584712	-0.0139219851386659	0.07284150205383533	0.15433730589294253	0.2190942174564149	False	tested	paired empirical-Bayes moderated t	2	1000	1000	150	149	148	141	0.15	0.149	167	161
CTCF_bound_vs_matched_control	CTCF_bound	matched_control	NKX2-3_MA0672.2	NKX2-3	MA0672.2	0.03352450427166972	-0.010285669078220268	0.07733467762155971	0.11457094075524805	0.17051247047885157	False	tested	paired empirical-Bayes moderated t	2	1000	1000	124	164	120	145	0.124	0.164	135	183
CTCF_bound_vs_matched_control	CTCF_bound	matched_control	NKX2-4_MA2003.2	NKX2-4	MA2003.2	0.033303790858640284	-0.010680299662334553	0.07728788137961512	0.11783096398886021	0.1738349250707749	False	tested	paired empirical-Bayes moderated t	2	1000	1000	129	151	127	145	0.129	0.151	143	169
CTCF_bound_vs_matched_control	CTCF_bound	matched_control	NKX2-5_MA0063.3	NKX2-5	MA0063.3	0.11797749816991959	0.0709528139140358	0.1650021824258034	0.0004840153494192915	0.0024320573250523805	True	tested	paired empirical-Bayes moderated t	2	1000	1000	143	181	134	178	0.143	0.181	165	204
CTCF_bound_vs_matched_control	CTCF_bound	matched_control	NKX2-8_MA0673.2	NKX2-8	MA0673.2	0.028947378671652556	-0.017740659602237002	0.07563541694554211	0.18856092764767113	0.2538320179872496	False	tested	paired empirical-Bayes moderated t	2	1000	1000	135	167	126	159	0.135	0.167	149	190
CTCF_bound_vs_matched_control	CTCF_bound	matched_control	Nkx3-1_MA0124.3	Nkx3-1	MA0124.3	0.04168195583703775	-0.0009233278367626677	0.08428723951083816	0.05399298155134393	0.09073323886525513	False	tested	paired empirical-Bayes moderated t	2	1000	1000	94	137	91	128	0.094	0.137	100	150
CTCF_bound_vs_matched_control	CTCF_bound	matched_control	Nkx3-2_MA0122.4	Nkx3-2	MA0122.4	0.025883729243211768	-0.016724544907277334	0.06849200339370087	0.1966460415229916	0.26175327656577985	False	tested	paired empirical-Bayes moderated t	2	1000	1000	121	180	119	176	0.121	0.18	132	204
CTCF_bound_vs_matched_control	CTCF_bound	matched_control	NKX6-1_MA0674.2	NKX6-1	MA0674.2	-0.11636453101891885	-0.15924416311877726	-0.07348489891906043	0.0002934135606068031	0.001692129340999461	True	tested	paired empirical-Bayes moderated t	2	1000	1000	113	155	105	134	0.113	0.155	133	178
CTCF_bound_vs_matched_control	CTCF_bound	matched_control	NKX6-2_MA0675.2	NKX6-2	MA0675.2	-0.030325972238912792	-0.07332680114097757	0.01267485666315199	0.14107598883463898	0.2019635101088273	False	tested	paired empirical-Bayes moderated t	2	1000	1000	158	201	155	195	0.158	0.201	191	240
CTCF_bound_vs_matched_control	CTCF_bound	matched_control	NKX6-3_MA1530.2	NKX6-3	MA1530.2	-0.08815170690184673	-0.13114782507515532	-0.04515558872853815	0.0016515057452996724	0.005040573707899878	True	tested	paired empirical-Bayes moderated t	2	1000	1000	89	136	87	110	0.089	0.136	94	156
CTCF_bound_vs_matched_control	CTCF_bound	matched_control	Nobox_MA0125.2	Nobox	MA0125.2	-0.021457868916609855	-0.06505126988060984	0.022135532047390133	0.28620913962242917	0.3608723934369759	False	tested	paired empirical-Bayes moderated t	2	1000	1000	108	128	100	120	0.108	0.128	114	150
CTCF_bound_vs_matched_control	CTCF_bound	matched_control	NOTO_MA0710.2	NOTO	MA0710.2	-0.04905298918192274	-0.0916183531955424	-0.00648762516830307	0.02920679817493691	0.05409653311598716	False	tested	paired empirical-Bayes moderated t	2	1000	1000	93	120	81	104	0.093	0.12	108	133
CTCF_bound_vs_matched_control	CTCF_bound	matched_control	Npas2_MA0626.2	Npas2	MA0626.2	-0.1824585879815618	-0.22575696983117216	-0.13916020613195146	1.4903493505600436e-05	0.00025211743180307404	True	tested	paired empirical-Bayes moderated t	2	1000	1000	71	66	48	50	0.071	0.066	78	72
CTCF_bound_vs_matched_control	CTCF_bound	matched_control	Npas4_MA1995.2	Npas4	MA1995.2	-0.0810206550540346	-0.12359981506884853	-0.03844149503922066	0.0025353294818957622	0.007009016525905438	True	tested	paired empirical-Bayes moderated t	2	1000	1000	28	29	18	17	0.028	0.029	28	29
CTCF_bound_vs_matched_control	CTCF_bound	matched_control	NR1D1_MA1531.2	NR1D1	MA1531.2	-0.05679835562680473	-0.10127632208347534	-0.012320389170134116	0.0189484503903088	0.037711131659143984	True	tested	paired empirical-Bayes moderated t	2	1000	1000	136	162	129	154	0.136	0.162	149	177
CTCF_bound_vs_matched_control	CTCF_bound	matched_control	Nr1H2_MA1996.2	Nr1H2	MA1996.2	-0.1101194643858997	-0.1611613724084503	-0.059077556363349104	0.0012222511585621846	0.004149113464684339	True	tested	paired empirical-Bayes moderated t	2	1000	1000	323	412	323	412	0.323	0.412	434	575
CTCF_bound_vs_matched_control	CTCF_bound	matched_control	Nr1h3Rxra_MA0494.2	Nr1h3::Rxra	MA0494.2	-0.10912929139330035	-0.15780407521983375	-0.06045450756676695	0.0009699298459665633	0.0035412906246620923	True	tested	paired empirical-Bayes moderated t	2	1000	1000	175	186	172	177	0.175	0.186	193	212
CTCF_bound_vs_matched_control	CTCF_bound	matched_control	Nr1H4_MA1110.3	Nr1H4	MA1110.3	-0.1101194643858997	-0.1611613724084503	-0.059077556363349104	0.0012222511585621846	0.004149113464684339	True	tested	paired empirical-Bayes moderated t	2	1000	1000	323	412	323	412	0.323	0.412	434	575
CTCF_bound_vs_matched_control	CTCF_bound	matched_control	NR1H4RXRA_MA1146.2	NR1H4::RXRA	MA1146.2	-0.02505296422705337	-0.07176950911236916	0.021663580658262422	0.24857939363986542	0.32100265209219264	False	tested	paired empirical-Bayes moderated t	2	1000	1000	84	106	76	85	0.084	0.106	88	112
CTCF_bound_vs_matched_control	CTCF_bound	matched_control	NR1I2_MA1533.2	NR1I2	MA1533.2	0.21727725072047932	0.17120351120659447	0.2633509902343642	6.721985279593116e-06	0.00014832206649536983	True	tested	paired empirical-Bayes moderated t	2	1000	1000	83	118	79	84	0.083	0.118	90	129
CTCF_bound_vs_matched_control	CTCF_bound	matched_control	NR1I3_MA1534.2	NR1I3	MA1534.2	0.031813012694570056	-0.01122483700635183	0.07485086239549193	0.1254426722790228	0.18346442703632299	False	tested	paired empirical-Bayes moderated t	2	1000	1000	144	154	141	147	0.144	0.154	158	177
CTCF_bound_vs_matched_control	CTCF_bound	matched_control	NR2C1_MA1535.2	NR2C1	MA1535.2	-0.1101194643858997	-0.1611613724084503	-0.059077556363349104	0.0012222511585621846	0.004149113464684339	True	tested	paired empirical-Bayes moderated t	2	1000	1000	323	412	323	412	0.323	0.412	434	575
CTCF_bound_vs_matched_control	CTCF_bound	matched_control	NR2C2_MA0504.2	NR2C2	MA0504.2	-0.11292761456275534	-0.1634423088456543	-0.06241292027985638	0.000987047742850662	0.00357804806783365	True	tested	paired empirical-Bayes moderated t	2	1000	1000	250	285	250	285	0.25	0.285	315	350
CTCF_bound_vs_matched_control	CTCF_bound	matched_control	NR2C2_MA1536.2	NR2C2	MA1536.2	-0.1101194643858997	-0.1611613724084503	-0.059077556363349104	0.0012222511585621846	0.004149113464684339	True	tested	paired empirical-Bayes moderated t	2	1000	1000	323	412	323	412	0.323	0.412	434	575
CTCF_bound_vs_matched_control	CTCF_bound	matched_control	Nr2e3_MA0164.2	Nr2e3	MA0164.2	0.2549954790542026	0.21242468765616754	0.2975662704522377	1.2020346079489445e-06	4.9391945602691786e-05	True	tested	paired empirical-Bayes moderated t	2	1000	1000	121	140	117	125	0.121	0.14	134	157
CTCF_bound_vs_matched_control	CTCF_bound	matched_control	NR2F1_MA0017.3	NR2F1	MA0017.3	-0.10038212175178741	-0.15252267117683513	-0.048241572326739694	0.002372803036253327	0.006689986338325352	True	tested	paired empirical-Bayes moderated t	2	1000	1000	176	249	176	245	0.176	0.249	194	302
CTCF_bound_vs_matched_control	CTCF_bound	matched_control	NR2F1_MA1537.2	NR2F1	MA1537.2	-0.09354559891335229	-0.14139237717968728	-0.045698820647017316	0.002173412744821296	0.006214123763362296	True	tested	paired empirical-Bayes moderated t	2	1000	1000	157	212	152	193	0.157	0.212	176	233
CTCF_bound_vs_matched_control	CTCF_bound	matched_control	NR2F2_MA1111.2	NR2F2	MA1111.2	0.023605178849098272	-0.01962302126770869	0.06683337896590523	0.24081073402222883	0.31256124684470876	False	tested	paired empirical-Bayes moderated t	2	1000	1000	123	182	123	179	0.123	0.182	142	211
CTCF_bound_vs_matched_control	CTCF_bound	matched_control	Nr2f6_MA0677.2	Nr2f6	MA0677.2	-0.07095446039395233	-0.11513187839977318	-0.026777042388131472	0.006335868154566405	0.014817756167937561	True	tested	paired empirical-Bayes moderated t	2	1000	1000	156	217	156	189	0.156	0.217	179	242
CTCF_bound_vs_matched_control	CTCF_bound	matched_control	NR3C1_MA0113.4	NR3C1	MA0113.4	0.35084696773702584	0.2970369426073499	0.40465699286670176	6.480532570522905e-07	3.6543003106004155e-05	True	tested	paired empirical-Bayes moderated t	2	1000	1000	73	68	56	62	0.073	0.068	79	72
CTCF_bound_vs_matched_control	CTCF_bound	matched_control	NR3C2_MA0727.2	NR3C2	MA0727.2	0.3273018778853992	0.2733474672795109	0.3812562884912875	1.0963210591628523e-06	4.8381125002186746e-05	True	tested	paired empirical-Bayes moderated t	2	1000	1000	72	71	58	63	0.072	0.071	78	76
CTCF_bound_vs_matched_control	CTCF_bound	matched_control	NR4A1_MA1112.3	NR4A1	MA1112.3	-0.02664590326309598	-0.0692131948244237	0.015921388298231733	0.18482526059844195	0.2513694442960855	False	tested	paired empirical-Bayes moderated t	2	1000	1000	199	236	199	236	0.199	0.236	228	280
CTCF_bound_vs_matched_control	CTCF_bound	matched_control	NR4A2_MA0160.3	NR4A2	MA0160.3	-0.016823649225875176	-0.059809195187324964	0.026161896735574612	0.389705743329525	0.46810808222422234	False	tested	paired empirical-Bayes moderated t	2	1000	1000	184	217	184	217	0.184	0.217	204	254
CTCF_bound_vs_matched_control	CTCF_bound	matched_control	NR4A2RXRA_MA1147.2	NR4A2::RXRA	MA1147.2	0.08335103968814463	0.0368816401790506	0.12982043919723865	0.0035218446782931912	0.009072772458039566	True	tested	paired empirical-Bayes moderated t	2	1000	1000	70	85	59	59	0.07	0.085	73	90
CTCF_bound_vs_matched_control	CTCF_bound	matched_control	NR6A1_MA1541.2	NR6A1	MA1541.2	-0.038223125968839124	-0.08970743918740658	0.013261187249728329	0.12404031722440127	0.1816752120963453	False	tested	paired empirical-Bayes moderated t	2	1000	1000	168	206	166	201	0.168	0.206	196	247
CTCF_bound_vs_matched_control	CTCF_bound	matched_control	NRL_MA0842.3	NRL	MA0842.3	0.04507932139995775	0.0005141733100935755	0.08964446948982194	0.047997028374493905	0.08173990570488476	False	tested	paired empirical-Bayes moderated t	2	1000	1000	134	152	131	148	0.134	0.152	146	173
CTCF_bound_vs_matched_control	CTCF_bound	matched_control	Olig2_MA1997.2	Olig2	MA1997.2	-0.008286341637962885	-0.050921775204566144	0.03434909192864037	0.6631540784905471	0.7225863979324534	False	tested	paired empirical-Bayes moderated t	2	1000	1000	366	427	366	427	0.366	0.427	491	568
CTCF_bound_vs_matched_control	CTCF_bound	matched_control	ONECUT1_MA0679.3	ONECUT1	MA0679.3	0.07357422024905302	0.02975472391524487	0.11739371658286119	0.005025852596313234	0.01208824735843112	True	tested	paired empirical-Bayes moderated t	2	1000	1000	147	197	145	190	0.147	0.197	178	242
CTCF_bound_vs_matched_control	CTCF_bound	matched_control	ONECUT3_MA0757.2	ONECUT3	MA0757.2	0.014157733625647161	-0.028505453264444477	0.056820920515738796	0.46261763873860284	0.5403416608972174	False	tested	paired empirical-Bayes moderated t	2	1000	1000	157	222	157	219	0.157	0.222	188	290
CTCF_bound_vs_matched_control	CTCF_bound	matched_control	OSR1_MA1542.2	OSR1	MA1542.2	0.0694224528955612	0.026000872708526537	0.11284403308259587	0.006486553143163123	0.015100576697960022	True	tested	paired empirical-Bayes moderated t	2	1000	1000	98	124	91	117	0.098	0.124	103	133
CTCF_bound_vs_matched_control	CTCF_bound	matched_control	OSR2_MA1646.2	OSR2	MA1646.2	0.09977813068875382	0.05509649431995795	0.1444597670575497	0.000993616469603155	0.003589041696253389	True	tested	paired empirical-Bayes moderated t	2	1000	1000	193	237	193	234	0.193	0.237	222	281
CTCF_bound_vs_matched_control	CTCF_bound	matched_control	OTX1_MA0711.2	OTX1	MA0711.2	0.0008032057958829433	-0.042609020088101246	0.044215431679867134	0.9667063401160029	0.974386231596567	False	tested	paired empirical-Bayes moderated t	2	1000	1000	185	239	185	229	0.185	0.239	221	316
CTCF_bound_vs_matched_control	CTCF_bound	matched_control	OTX2_MA0712.3	OTX2	MA0712.3	-0.007515700616507976	-0.050366874457275314	0.03533547322425936	0.6939140602510248	0.7516785177745892	False	tested	paired empirical-Bayes moderated t	2	1000	1000	141	188	135	179	0.141	0.188	166	240
CTCF_bound_vs_matched_control	CTCF_bound	matched_control	OVOL1_MA1544.2	OVOL1	MA1544.2	0.4195074021287442	0.3624776992918363	0.4765371049656521	2.678347291575131e-07	3.277373138639668e-05	True	tested	paired empirical-Bayes moderated t	2	1000	1000	38	49	24	34	0.038	0.049	40	50
CTCF_bound_vs_matched_control	CTCF_bound	matched_control	OVOL2_MA1545.2	OVOL2	MA1545.2	0.528458723540858	0.4824657388943482	0.5744517081873678	9.864901704163302e-09	5.006437614862876e-06	True	tested	paired empirical-Bayes moderated t	2	1000	1000	33	41	20	24	0.033	0.041	33	41
CTCF_bound_vs_matched_control	CTCF_bound	matched_control	PATZ1_MA1961.2	PATZ1	MA1961.2	0.017332278539827634	-0.025540774587880226	0.06020533166753549	0.37508235467658724	0.4526856004717432	False	tested	paired empirical-Bayes moderated t	2	1000	1000	363	440	360	436	0.363	0.44	948	1205
CTCF_bound_vs_matched_control	CTCF_bound	matched_control	PAX2_MA0067.3	PAX2	MA0067.3	-0.20706713518926073	-0.2640126142900615	-0.15012165608845993	4.156639256650328e-05	0.000458585744076096	True	tested	paired empirical-Bayes moderated t	2	1000	1000	32	42	17	20	0.032	0.042	33	46
CTCF_bound_vs_matched_control	CTCF_bound	matched_control	PAX3_MA1546.2	PAX3	MA1546.2	-0.15757646948514498	-0.20238231844769008	-0.11277062052259987	5.225674566618536e-05	0.0005412305801140627	True	tested	paired empirical-Bayes moderated t	2	1000	1000	56	81	49	60	0.056	0.081	59	85
CTCF_bound_vs_matched_control	CTCF_bound	matched_control	Pax7_MA0680.3	Pax7	MA0680.3	-0.029323214577064743	-0.07274747565824838	0.014101046504118898	0.1563613024863338	0.2213482873411838	False	tested	paired empirical-Bayes moderated t	2	1000	1000	123	199	121	194	0.123	0.199	142	240
CTCF_bound_vs_matched_control	CTCF_bound	matched_control	PBX1_MA0070.2	PBX1	MA0070.2	-0.06794420817689782	-0.11195285669005575	-0.0239355596637399	0.007746977058491206	0.017473737143041276	True	tested	paired empirical-Bayes moderated t	2	1000	1000	95	120	93	98	0.095	0.12	98	133
CTCF_bound_vs_matched_control	CTCF_bound	matched_control	PBX2_MA1113.3	PBX2	MA1113.3	-0.08457859839958831	-0.12917998133855424	-0.039977215460622384	0.002584757350678983	0.007109833904984194	True	tested	paired empirical-Bayes moderated t	2	1000	1000	164	231	164	231	0.164	0.231	191	266
CTCF_bound_vs_matched_control	CTCF_bound	matched_control	PBX3_MA1114.2	PBX3	MA1114.2	-0.09691622086623111	-0.1529524996544953	-0.04087994207796691	0.004291574985488909	0.010862714738831028	True	tested	paired empirical-Bayes moderated t	2	1000	1000	215	285	215	279	0.215	0.285	246	338
CTCF_bound_vs_matched_control	CTCF_bound	matched_control	PDX1_MA0132.3	PDX1	MA0132.3	-0.10126333136867162	-0.14463620612044087	-0.057890456616902376	0.0007574153056917319	0.0029120323305951057	True	tested	paired empirical-Bayes moderated t	2	1000	1000	68	84	61	63	0.068	0.084	79	90
CTCF_bound_vs_matched_control	CTCF_bound	matched_control	PHOX2B_MA0681.3	PHOX2B	MA0681.3	-0.006583904615250642	-0.04951011684052754	0.036342307610026256	0.7304005943095735	0.7845043420362086	False	tested	paired empirical-Bayes moderated t	2	1000	1000	216	310	216	310	0.216	0.31	291	438
CTCF_bound_vs_matched_control	CTCF_bound	matched_control	PITX3_MA0714.2	PITX3	MA0714.2	0.0008032057958829433	-0.042609020088101246	0.044215431679867134	0.9667063401160029	0.974386231596567	False	tested	paired empirical-Bayes moderated t	2	1000	1000	185	239	185	229	0.185	0.239	221	316
CTCF_bound_vs_matched_control	CTCF_bound	matched_control	PKNOX1_MA0782.3	PKNOX1	MA0782.3	-0.06544172640143454	-0.11338925912360624	-0.017494193679262846	0.014039407557554638	0.029545905141470027	True	tested	paired empirical-Bayes moderated t	2	1000	1000	189	253	189	238	0.189	0.253	216	296
CTCF_bound_vs_matched_control	CTCF_bound	matched_control	Plagl1_MA1615.2	Plagl1	MA1615.2	-0.11453466082272078	-0.1640040692439757	-0.06506525240146585	0.000797341380958537	0.0030450049374948275	True	tested	paired empirical-Bayes moderated t	2	1000	1000	181	171	175	168	0.181	0.171	209	202
CTCF_bound_vs_matched_control	CTCF_bound	matched_control	PLAGL2_MA1548.2	PLAGL2	MA1548.2	0.16021126290714877	0.11538971218315214	0.2050328136311454	4.675981468906195e-05	0.0005049065096744455	True	tested	paired empirical-Bayes moderated t	2	1000	1000	136	110	117	106	0.136	0.11	158	136
CTCF_bound_vs_matched_control	CTCF_bound	matched_control	POU1F1_MA0784.3	POU1F1	MA0784.3	0.04914491071744101	0.004592687343871096	0.09369713409101092	0.034731997868101716	0.06295174613593436	False	tested	paired empirical-Bayes moderated t	2	1000	1000	187	250	187	250	0.187	0.25	219	326
CTCF_bound_vs_matched_control	CTCF_bound	matched_control	POU2F1_MA0785.2	POU2F1	MA0785.2	0.030117235438969565	-0.015885008332380626	0.07611947921031975	0.16772252209817679	0.23481153093744753	False	tested	paired empirical-Bayes moderated t	2	1000	1000	153	211	150	208	0.153	0.211	183	256
CTCF_bound_vs_matched_control	CTCF_bound	matched_control	POU2F2_MA0507.3	POU2F2	MA0507.3	0.06259313934951635	0.01790979758581325	0.10727648111321945	0.012436216538253882	0.026462808776368325	True	tested	paired empirical-Bayes moderated t	2	1000	1000	169	227	169	225	0.169	0.227	198	294
CTCF_bound_vs_matched_control	CTCF_bound	matched_control	POU2F3_MA0627.3	POU2F3	MA0627.3	0.0436355400205085	-0.002809732982477227	0.09008081302349422	0.06196326332124341	0.10243112747729977	False	tested	paired empirical-Bayes moderated t	2	1000	1000	178	255	178	255	0.178	0.255	221	309
CTCF_bound_vs_matched_control	CTCF_bound	matched_control	POU3F1_MA0786.2	POU3F1	MA0786.2	0.07515405340558437	0.027216559080297714	0.12309154773087103	0.00716952446987794	0.016463953250964048	True	tested	paired empirical-Bayes moderated t	2	1000	1000	191	258	191	258	0.191	0.258	231	345
CTCF_bound_vs_matched_control	CTCF_bound	matched_control	POU4F1_MA0790.2	POU4F1	MA0790.2	-0.009586458344655276	-0.0525080323756396	0.03333511568632905	0.6174360847787893	0.6841677140288986	False	tested	paired empirical-Bayes moderated t	2	1000	1000	217	282	217	277	0.217	0.282	272	392
CTCF_bound_vs_matched_control	CTCF_bound	matched_control	POU4F2_MA0683.2	POU4F2	MA0683.2	-0.027313293603735557	-0.06995723405427648	0.015330646846805365	0.17598856353521572	0.24369494132093308	False	tested	paired empirical-Bayes moderated t	2	1000	1000	196	268	196	259	0.196	0.268	243	359
CTCF_bound_vs_matched_control	CTCF_bound	matched_control	POU4F3_MA0791.2	POU4F3	MA0791.2	-0.029317764903855285	-0.07286591589063561	0.01423038608292504	0.15745852239448224	0.22259108667186558	False	tested	paired empirical-Bayes moderated t	2	1000	1000	202	273	202	267	0.202	0.273	253	381
CTCF_bound_vs_matched_control	CTCF_bound	matched_control	POU5F1_MA1115.2	POU5F1	MA1115.2	0.08046553179640831	0.02464850644558992	0.1362825571472267	0.010850134049659935	0.023381923695127038	True	tested	paired empirical-Bayes moderated t	2	1000	1000	135	159	132	159	0.135	0.159	153	182
CTCF_bound_vs_matched_control	CTCF_bound	matched_control	POU6F1_MA0628.2	POU6F1	MA0628.2	-0.10126333136867162	-0.14463620612044087	-0.057890456616902376	0.0007574153056917319	0.0029120323305951057	True	tested	paired empirical-Bayes moderated t	2	1000	1000	68	84	61	63	0.068	0.084	79	90
CTCF_bound_vs_matched_control	CTCF_bound	matched_control	POU6F1_MA1549.2	POU6F1	MA1549.2	-0.14416160746694745	-0.20317345259211544	-0.08514976234177947	0.0005719899612045632	0.002751515690154652	True	tested	paired empirical-Bayes moderated t	2	1000	1000	97	119	93	102	0.097	0.119	107	136
CTCF_bound_vs_matched_control	CTCF_bound	matched_control	POU6F2_MA0793.2	POU6F2	MA0793.2	-0.07593597931719044	-0.12511712299261787	-0.02675483564176301	0.007743879409925361	0.017473737143041276	True	tested	paired empirical-Bayes moderated t	2	1000	1000	104	134	104	114	0.104	0.134	117	152
CTCF_bound_vs_matched_control	CTCF_bound	matched_control	PPARARXRA_MA1148.2	PPARA::RXRA	MA1148.2	-0.09964661105826644	-0.14917968153037808	-0.050113540586154796	0.0018441008730981764	0.005489039255702783	True	tested	paired empirical-Bayes moderated t	2	1000	1000	189	229	189	226	0.189	0.229	216	275
CTCF_bound_vs_matched_control	CTCF_bound	matched_control	PPARD_MA1550.2	PPARD	MA1550.2	-0.13189077619871054	-0.18139643832934244	-0.08238511406807865	0.0003303699231102683	0.0018020255856678073	True	tested	paired empirical-Bayes moderated t	2	1000	1000	161	218	161	200	0.161	0.218	182	253
CTCF_bound_vs_matched_control	CTCF_bound	matched_control	PPARG_MA0066.2	PPARG	MA0066.2	0.11497775884368193	0.07232649913628221	0.15762901855108163	0.0003062556982287195	0.0017278563376818305	True	tested	paired empirical-Bayes moderated t	2	1000	1000	145	149	144	141	0.145	0.149	157	165
CTCF_bound_vs_matched_control	CTCF_bound	matched_control	PpargRxra_MA0065.3	Pparg::Rxra	MA0065.3	-0.1269108567673682	-0.1795390595607956	-0.07428265397394082	0.0006201188321298941	0.0028872505257423967	True	tested	paired empirical-Bayes moderated t	2	1000	1000	298	347	298	347	0.298	0.347	398	456
CTCF_bound_vs_matched_control	CTCF_bound	matched_control	PRDM1_MA0508.4	PRDM1	MA0508.4	0.03653297187921069	-0.006063156473108219	0.0791291002315296	0.08279443490227253	0.1308977436539044	False	tested	paired empirical-Bayes moderated t	2	1000	1000	243	308	243	305	0.243	0.308	282	386
CTCF_bound_vs_matched_control	CTCF_bound	matched_control	Prdm14_MA1998.2	Prdm14	MA1998.2	0.09634374597118511	0.05347628950587694	0.1392112024364933	0.000955707415386973	0.003501960384901724	True	tested	paired empirical-Bayes moderated t	2	1000	1000	131	145	122	123	0.131	0.145	141	162
CTCF_bound_vs_matched_control	CTCF_bound	matched_control	Prdm15_MA1616.2	Prdm15	MA1616.2	0.12271367194156085	0.07881954563548896	0.16660779824763275	0.00024201419098101576	0.0014535171825191184	True	tested	paired empirical-Bayes moderated t	2	1000	1000	212	254	212	252	0.212	0.254	243	305
CTCF_bound_vs_matched_control	CTCF_bound	matched_control	Prdm4_MA1647.3	Prdm4	MA1647.3	0.09597128051380593	0.0530908808143334	0.13885168021327848	0.000980193013229128	0.003565935155654354	True	tested	paired empirical-Bayes moderated t	2	1000	1000	179	207	179	207	0.179	0.207	203	249
CTCF_bound_vs_matched_control	CTCF_bound	matched_control	Prdm5_MA1999.2	Prdm5	MA1999.2	-0.05760300891483723	-0.1057105453760718	-0.009495472453602653	0.0249618351653246	0.04780426923170654	True	tested	paired empirical-Bayes moderated t	2	1000	1000	258	251	258	251	0.258	0.251	305	316
CTCF_bound_vs_matched_control	CTCF_bound	matched_control	PRDM9_MA1723.2	PRDM9	MA1723.2	0.015912079042218027	-0.027246809353521546	0.0590709674379576	0.4164581944048403	0.49555107540552507	False	tested	paired empirical-Bayes moderated t	2	1000	1000	471	528	471	528	0.471	0.528	866	960
CTCF_bound_vs_matched_control	CTCF_bound	matched_control	PRRX1_MA0716.2	PRRX1	MA0716.2	-0.10126333136867162	-0.14463620612044087	-0.057890456616902376	0.0007574153056917319	0.0029120323305951057	True	tested	paired empirical-Bayes moderated t	2	1000	1000	68	84	61	63	0.068	0.084	79	90
CTCF_bound_vs_matched_control	CTCF_bound	matched_control	PRRX2_MA0075.4	PRRX2	MA0075.4	-0.02625644042275399	-0.06898716669369209	0.016474285848184105	0.19210608261244883	0.2569607516453342	False	tested	paired empirical-Bayes moderated t	2	1000	1000	77	101	69	80	0.077	0.101	85	105
CTCF_bound_vs_matched_control	CTCF_bound	matched_control	Ptf1A_MA1619.2	Ptf1A	MA1619.2	-0.0764666740437289	-0.12075659056026188	-0.03217675752719591	0.004332098656125738	0.010938010288476678	True	tested	paired empirical-Bayes moderated t	2	1000	1000	153	174	145	165	0.153	0.174	175	192
CTCF_bound_vs_matched_control	CTCF_bound	matched_control	Ptf1A_MA1620.2	Ptf1A	MA1620.2	-0.01946775293554663	-0.06718605247568012	0.028250546604586854	0.37095847561873646	0.44931128013486576	False	tested	paired empirical-Bayes moderated t	2	1000	1000	166	141	163	139	0.166	0.141	187	162
CTCF_bound_vs_matched_control	CTCF_bound	matched_control	RARARXRG_MA1149.2	RARA::RXRG	MA1149.2	-0.050064447199660786	-0.09294125689091995	-0.00718763750840163	0.02769198331825582	0.051763099572798635	False	tested	paired empirical-Bayes moderated t	2	1000	1000	146	156	140	141	0.146	0.156	167	177
CTCF_bound_vs_matched_control	CTCF_bound	matched_control	RARB_MA1552.2	RARB	MA1552.2	-0.13702210074759993	-0.18837329058865862	-0.08567091090654125	0.00032706469352247557	0.0017944360212179065	True	tested	paired empirical-Bayes moderated t	2	1000	1000	92	103	82	81	0.092	0.103	102	110
CTCF_bound_vs_matched_control	CTCF_bound	matched_control	Rarg_MA0859.2	Rarg	MA0859.2	-0.0480035034097888	-0.09520118293618379	-0.0008058238833938136	0.04706496777191323	0.08069415927110123	False	tested	paired empirical-Bayes moderated t	2	1000	1000	174	212	173	206	0.174	0.212	197	240
CTCF_bound_vs_matched_control	CTCF_bound	matched_control	RARG_MA1553.2	RARG	MA1553.2	-0.1369731981155425	-0.21850239257769705	-0.055444003653387974	0.005009717582108291	0.012078060203895286	True	tested	paired empirical-Bayes moderated t	2	1000	1000	95	89	74	73	0.095	0.089	102	96
CTCF_bound_vs_matched_control	CTCF_bound	matched_control	RAX_MA0718.2	RAX	MA0718.2	-0.10126333136867162	-0.14463620612044087	-0.057890456616902376	0.0007574153056917319	0.0029120323305951057	True	tested	paired empirical-Bayes moderated t	2	1000	1000	68	84	61	63	0.068	0.084	79	90
CTCF_bound_vs_matched_control	CTCF_bound	matched_control	RAX2_MA0717.2	RAX2	MA0717.2	-0.10126333136867162	-0.14463620612044087	-0.057890456616902376	0.0007574153056917319	0.0029120323305951057	True	tested	paired empirical-Bayes moderated t	2	1000	1000	68	84	61	63	0.068	0.084	79	90
CTCF_bound_vs_matched_control	CTCF_bound	matched_control	RBPJ_MA1116.2	RBPJ	MA1116.2	0.033880670119129014	-0.008755434756261768	0.0765167749945198	0.10336114145929855	0.15685013524507394	False	tested	paired empirical-Bayes moderated t	2	1000	1000	460	504	460	504	0.46	0.504	693	769
CTCF_bound_vs_matched_control	CTCF_bound	matched_control	RELB_MA1117.2	RELB	MA1117.2	0.04430722245849975	-0.010317822287737907	0.09893226720473741	0.09755383458954849	0.14934712233543243	False	tested	paired empirical-Bayes moderated t	2	1000	1000	71	88	66	70	0.071	0.088	71	99
CTCF_bound_vs_matched_control	CTCF_bound	matched_control	REST_MA0138.3	REST	MA0138.3	0.03373269306544537	-0.020072592123803613	0.08753797825469437	0.18422371374826899	0.2513694442960855	False	tested	paired empirical-Bayes moderated t	2	1000	1000	196	234	196	230	0.196	0.234	235	280
CTCF_bound_vs_matched_control	CTCF_bound	matched_control	RFX2_MA0600.3	RFX2	MA0600.3	-0.11814870401788088	-0.18150078021259652	-0.05479662782316526	0.002838465655963451	0.007642022919901599	True	tested	paired empirical-Bayes moderated t	2	1000	1000	70	105	66	75	0.07	0.105	74	121
CTCF_bound_vs_matched_control	CTCF_bound	matched_control	RFX4_MA0799.3	RFX4	MA0799.3	0.054431086103349624	-0.006574006555156955	0.1154361787618562	0.07326298087215292	0.11790983487792293	False	tested	paired empirical-Bayes moderated t	2	1000	1000	61	56	40	41	0.061	0.056	63	58
CTCF_bound_vs_matched_control	CTCF_bound	matched_control	RFX5_MA0510.3	RFX5	MA0510.3	-0.03593159072527772	-0.09737319522694612	0.025510013776390686	0.21204902274379264	0.2795191663440903	False	tested	paired empirical-Bayes moderated t	2	1000	1000	69	112	62	84	0.069	0.112	73	123
CTCF_bound_vs_matched_control	CTCF_bound	matched_control	Rfx6_MA1724.2	Rfx6	MA1724.2	-0.0654109656957354	-0.12141983494902428	-0.009402096442446516	0.027669398154182588	0.051763099572798635	False	tested	paired empirical-Bayes moderated t	2	1000	1000	124	129	111	120	0.124	0.129	133	151
CTCF_bound_vs_matched_control	CTCF_bound	matched_control	RFX7_MA1554.2	RFX7	MA1554.2	-0.5963628336591156	-0.6772693086560647	-0.5154563586621664	2.6383772378643167e-07	3.277373138639668e-05	True	tested	paired empirical-Bayes moderated t	2	1000	1000	58	81	44	61	0.058	0.081	62	87
CTCF_bound_vs_matched_control	CTCF_bound	matched_control	Rhox11_MA0629.2	Rhox11	MA0629.2	0.07564428883185606	0.030908524635061642	0.12038005302865049	0.004841579612494826	0.011841453751041562	True	tested	paired empirical-Bayes moderated t	2	1000	1000	99	139	96	120	0.099	0.139	109	151
CTCF_bound_vs_matched_control	CTCF_bound	matched_control	RHOXF1_MA0719.2	RHOXF1	MA0719.2	0.0008032057958829433	-0.042609020088101246	0.044215431679867134	0.9667063401160029	0.974386231596567	False	tested	paired empirical-Bayes moderated t	2	1000	1000	185	239	185	229	0.185	0.239	221	316
CTCF_bound_vs_matched_control	CTCF_bound	matched_control	RORA_MA0072.2	RORA	MA0072.2	-0.011109088940382903	-0.05500018021528898	0.03278200233452318	0.5723119164585728	0.648322092863227	False	tested	paired empirical-Bayes moderated t	2	1000	1000	110	174	109	163	0.11	0.174	115	197
CTCF_bound_vs_matched_control	CTCF_bound	matched_control	RORB_MA1150.2	RORB	MA1150.2	0.010669938357883825	-0.033756352038724555	0.0550962287544922	0.5916920805602399	0.6653385803833922	False	tested	paired empirical-Bayes moderated t	2	1000	1000	112	175	102	139	0.112	0.175	120	193
CTCF_bound_vs_matched_control	CTCF_bound	matched_control	RORC_MA1151.2	RORC	MA1151.2	-0.039841869213489145	-0.08657441383003937	0.006890675403061083	0.0843018141908248	0.13286698975727823	False	tested	paired empirical-Bayes moderated t	2	1000	1000	127	150	119	133	0.127	0.15	131	174
CTCF_bound_vs_matched_control	CTCF_bound	matched_control	RREB1_MA0073.2	RREB1	MA0073.2	0.04194213930622284	-0.0006831876035675449	0.08456746621601323	0.0529231814325715	0.08923094543863799	False	tested	paired empirical-Bayes moderated t	2	1000	1000	321	376	321	376	0.321	0.376	432	523
CTCF_bound_vs_matched_control	CTCF_bound	matched_control	RUNX3_MA0684.3	RUNX3	MA0684.3	-0.059381014812505656	-0.10467102415076115	-0.014091005474250157	0.01685546092093241	0.03449252587650483	True	tested	paired empirical-Bayes moderated t	2	1000	1000	173	195	165	184	0.173	0.195	192	222
CTCF_bound_vs_matched_control	CTCF_bound	matched_control	SATB1_MA1963.2	SATB1	MA1963.2	-0.0460453440711778	-0.09671587008481472	0.004625181942459124	0.06910815906901942	0.11205236654162094	False	tested	paired empirical-Bayes moderated t	2	1000	1000	127	158	127	148	0.127	0.158	142	180
CTCF_bound_vs_matched_control	CTCF_bound	matched_control	SCRT1_MA0743.3	SCRT1	MA0743.3	0.0231341752917357	-0.021535417334524156	0.06780376791799556	0.26374669737149853	0.3380087093839281	False	tested	paired empirical-Bayes moderated t	2	1000	1000	177	149	177	137	0.177	0.149	196	164
CTCF_bound_vs_matched_control	CTCF_bound	matched_control	SCRT2_MA0744.3	SCRT2	MA0744.3	-0.051323876370788044	-0.09989053269138343	-0.0027572200501926533	0.04089706091735953	0.07206686949847209	False	tested	paired empirical-Bayes moderated t	2	1000	1000	160	146	160	139	0.16	0.146	180	156
CTCF_bound_vs_matched_control	CTCF_bound	matched_control	SHOX_MA0630.2	SHOX	MA0630.2	-0.10126333136867162	-0.14463620612044087	-0.057890456616902376	0.0007574153056917319	0.0029120323305951057	True	tested	paired empirical-Bayes moderated t	2	1000	1000	68	84	61	63	0.068	0.084	79	90
CTCF_bound_vs_matched_control	CTCF_bound	matched_control	Shox2_MA0720.2	Shox2	MA0720.2	-0.10126333136867162	-0.14463620612044087	-0.057890456616902376	0.0007574153056917319	0.0029120323305951057	True	tested	paired empirical-Bayes moderated t	2	1000	1000	68	84	61	63	0.068	0.084	79	90
CTCF_bound_vs_matched_control	CTCF_bound	matched_control	SIX1_MA1118.2	SIX1	MA1118.2	-0.031206436758107033	-0.07381580436734886	0.011402930851134793	0.1284393794875014	0.18662077648495398	False	tested	paired empirical-Bayes moderated t	2	1000	1000	127	182	127	179	0.127	0.182	139	201
CTCF_bound_vs_matched_control	CTCF_bound	matched_control	SIX2_MA1119.2	SIX2	MA1119.2	0.0023232922106471753	-0.04033972188665431	0.04498630630794866	0.9022692384233018	0.9335405474002562	False	tested	paired empirical-Bayes moderated t	2	1000	1000	169	223	169	214	0.169	0.223	194	262
CTCF_bound_vs_matched_control	CTCF_bound	matched_control	Six3_MA0631.2	Six3	MA0631.2	-0.04830013307228892	-0.09441471981343365	-0.002185546331144192	0.04227572735809001	0.07388902078928067	False	tested	paired empirical-Bayes moderated t	2	1000	1000	78	94	73	70	0.078	0.094	79	98
CTCF_bound_vs_matched_control	CTCF_bound	matched_control	Six4_MA2001.2	Six4	MA2001.2	0.009954180777226448	-0.041319267637847636	0.061227629192300535	0.6634980520916715	0.7225863979324534	False	tested	paired empirical-Bayes moderated t	2	1000	1000	125	148	120	135	0.125	0.148	137	171
CTCF_bound_vs_matched_control	CTCF_bound	matched_control	SMAD2_MA1964.2	SMAD2	MA1964.2	-0.01784552369481544	-0.06075799819472	0.02506695080508912	0.36228899920560637	0.4398604476001082	False	tested	paired empirical-Bayes moderated t	2	1000	1000	371	439	371	439	0.371	0.439	499	636
CTCF_bound_vs_matched_control	CTCF_bound	matched_control	Smad4_MA1153.2	Smad4	MA1153.2	0.013112038282014012	-0.031655842630885694	0.05787991919491371	0.5150606829128981	0.592728563669605	False	tested	paired empirical-Bayes moderated t	2	1000	1000	49	59	32	36	0.049	0.059	53	59
CTCF_bound_vs_matched_control	CTCF_bound	matched_control	SNAI1_MA1558.2	SNAI1	MA1558.2	0.2200377765692632	0.17639297814745292	0.2636825749910735	4.171375816542015e-06	0.00010326698667780841	True	tested	paired empirical-Bayes moderated t	2	1000	1000	223	188	218	185	0.223	0.188	273	231
CTCF_bound_vs_matched_control	CTCF_bound	matched_control	SNAI2_MA0745.3	SNAI2	MA0745.3	0.09956984647212642	0.05239556561912822	0.14674412732512462	0.0013921580889617359	0.004535065452638505	True	tested	paired empirical-Bayes moderated t	2	1000	1000	202	168	200	168	0.202	0.168	229	191
CTCF_bound_vs_matched_control	CTCF_bound	matched_control	SNAI3_MA1559.2	SNAI3	MA1559.2	0.15175549586797044	0.10694667675328831	0.19656431498265256	6.756555021074001e-05	0.0006469720138103878	True	tested	paired empirical-Bayes moderated t	2	1000	1000	211	172	208	172	0.211	0.172	251	201
CTCF_bound_vs_matched_control	CTCF_bound	matched_control	SOHLH2_MA1560.2	SOHLH2	MA1560.2	-0.10324696068476132	-0.1706434211638821	-0.035850500205640526	0.008054630278358878	0.01812738299896732	True	tested	paired empirical-Bayes moderated t	2	1000	1000	40	44	21	21	0.04	0.044	47	48
CTCF_bound_vs_matched_control	CTCF_bound	matched_control	SOX10_MA0442.3	SOX10	MA0442.3	-0.05915590097614312	-0.10481883155879983	-0.013492970393486417	0.017782567672578554	0.03560020944313064	True	tested	paired empirical-Bayes moderated t	2	1000	1000	326	362	326	362	0.326	0.362	424	489
CTCF_bound_vs_matched_control	CTCF_bound	matched_control	Sox11_MA0869.3	Sox11	MA0869.3	-0.037343542454721976	-0.0799100420006133	0.005222957091169343	0.0772410481000473	0.12337168542844561	False	tested	paired empirical-Bayes moderated t	2	1000	1000	250	252	250	252	0.25	0.252	311	312
CTCF_bound_vs_matched_control	CTCF_bound	matched_control	SOX12_MA1561.2	SOX12	MA1561.2	-0.10413802743842018	-0.14707738101793957	-0.061198673858900786	0.0005985197901666114	0.0028387737711173394	True	tested	paired empirical-Bayes moderated t	2	1000	1000	80	78	66	59	0.08	0.078	84	83
CTCF_bound_vs_matched_control	CTCF_bound	matched_control	SOX13_MA1120.2	SOX13	MA1120.2	0.06510316754683655	0.009514287753031064	0.12069204734064204	0.027353362470350428	0.051387574404328513	False	tested	paired empirical-Bayes moderated t	2	1000	1000	113	129	100	126	0.113	0.129	121	141
CTCF_bound_vs_matched_control	CTCF_bound	matched_control	SOX14_MA1562.2	SOX14	MA1562.2	-0.12255364005008475	-0.1658284425712658	-0.07927883752890369	0.00022250624175353998	0.0013914170520271188	True	tested	paired empirical-Bayes moderated t	2	1000	1000	95	81	81	77	0.095	0.081	103	86
CTCF_bound_vs_matched_control	CTCF_bound	matched_control	SOX15_MA1152.2	SOX15	MA1152.2	-0.07055630373771976	-0.11513286105216168	-0.02597974642327784	0.006829059460686698	0.01575339852862954	True	tested	paired empirical-Bayes moderated t	2	1000	1000	66	87	62	66	0.066	0.087	69	100
CTCF_bound_vs_matched_control	CTCF_bound	matched_control	Sox17_MA0078.3	Sox17	MA0078.3	-0.10472171861372707	-0.14728799811200766	-0.0621554391154465	0.0005473326300801903	0.0026580986580449434	True	tested	paired empirical-Bayes moderated t	2	1000	1000	179	205	179	203	0.179	0.205	215	233
CTCF_bound_vs_matched_control	CTCF_bound	matched_control	Sox3_MA0514.3	Sox3	MA0514.3	0.06510316754683655	0.009514287753031064	0.12069204734064204	0.027353362470350428	0.051387574404328513	False	tested	paired empirical-Bayes moderated t	2	1000	1000	113	129	100	126	0.113	0.129	121	141
CTCF_bound_vs_matched_control	CTCF_bound	matched_control	SOX4_MA0867.3	SOX4	MA0867.3	-0.047719019680949645	-0.09159107807822006	-0.003846961283679229	0.03666867648236323	0.0655258919535188	False	tested	paired empirical-Bayes moderated t	2	1000	1000	259	284	259	284	0.259	0.284	335	365
CTCF_bound_vs_matched_control	CTCF_bound	matched_control	Sox5_MA0087.3	Sox5	MA0087.3	-0.0811925593165091	-0.12377418993623215	-0.038610928696786034	0.0025059789209303904	0.007007076046127676	True	tested	paired empirical-Bayes moderated t	2	1000	1000	124	171	120	159	0.124	0.171	139	190
CTCF_bound_vs_matched_control	CTCF_bound	matched_control	SOX8_MA0868.3	SOX8	MA0868.3	0.017753941605289297	-0.02589084472778397	0.06139872793836257	0.37227991996554904	0.45037439662101586	False	tested	paired empirical-Bayes moderated t	2	1000	1000	133	160	133	155	0.133	0.16	144	181
CTCF_bound_vs_matched_control	CTCF_bound	matched_control	SOX9_MA0077.2	SOX9	MA0077.2	0.025329501542551015	-0.01735973333623643	0.06801873642133846	0.20612888828604795	0.2727781246549396	False	tested	paired empirical-Bayes moderated t	2	1000	1000	93	112	88	98	0.093	0.112	101	123
CTCF_bound_vs_matched_control	CTCF_bound	matched_control	SP3_MA0746.3	SP3	MA0746.3	0.06786969994589712	0.02421674182166981	0.11152265807012443	0.007477958375026707	0.017036983349352944	True	tested	paired empirical-Bayes moderated t	2	1000	1000	274	393	274	393	0.274	0.393	510	768
CTCF_bound_vs_matched_control	CTCF_bound	matched_control	SP5_MA1965.2	SP5	MA1965.2	-0.010119560809448773	-0.05351940809617036	0.03328028647727282	0.6023333365759502	0.6718333369500983	False	tested	paired empirical-Bayes moderated t	2	1000	1000	686	783	686	783	0.686	0.783	1911	2161
CTCF_bound_vs_matched_control	CTCF_bound	matched_control	SP8_MA0747.2	SP8	MA0747.2	-0.020165297264957274	-0.06354469910028365	0.02321410457036911	0.31185511269104577	0.3893394088332244	False	tested	paired empirical-Bayes moderated t	2	1000	1000	254	367	254	362	0.254	0.367	382	552
CTCF_bound_vs_matched_control	CTCF_bound	matched_control	SP9_MA1564.2	SP9	MA1564.2	0.010606210185328159	-0.032032544794356736	0.05324496516501306	0.5788040285019459	0.6534884192763905	False	tested	paired empirical-Bayes moderated t	2	1000	1000	268	343	268	339	0.268	0.343	476	681
CTCF_bound_vs_matched_control	CTCF_bound	matched_control	Spi1_MA0080.7	Spi1	MA0080.7	-0.039347236707398515	-0.08311079488575113	0.004416321470954103	0.07150750969852607	0.11557344322293624	False	tested	paired empirical-Bayes moderated t	2	1000	1000	439	500	439	500	0.439	0.5	634	779
CTCF_bound_vs_matched_control	CTCF_bound	matched_control	SPIB_MA0081.3	SPIB	MA0081.3	-0.0829391563663841	-0.1284553793136651	-0.0374229334191031	0.003229077869669358	0.0084254859581347	True	tested	paired empirical-Bayes moderated t	2	1000	1000	365	478	365	478	0.365	0.478	522	728
CTCF_bound_vs_matched_control	CTCF_bound	matched_control	SPIC_MA0687.2	SPIC	MA0687.2	-0.014554379374187252	-0.05924961091303383	0.03014085216465933	0.4707335935049016	0.5488941762859035	False	tested	paired empirical-Bayes moderated t	2	1000	1000	244	332	244	332	0.244	0.332	290	428
CTCF_bound_vs_matched_control	CTCF_bound	matched_control	SREBF1_MA0829.3	SREBF1	MA0829.3	0.10328755975088513	0.06065144324607563	0.14592367625569463	0.0006026845694185259	0.0028452318044642037	True	tested	paired empirical-Bayes moderated t	2	1000	1000	107	141	103	126	0.107	0.141	120	158
CTCF_bound_vs_matched_control	CTCF_bound	matched_control	SRY_MA0084.2	SRY	MA0084.2	0.027643193557776967	-0.01566263495432134	0.07094902206987527	0.17728503021560774	0.24515572979406247	False	tested	paired empirical-Bayes moderated t	2	1000	1000	204	269	204	261	0.204	0.269	260	348
CTCF_bound_vs_matched_control	CTCF_bound	matched_control	STAT1_MA0137.4	STAT1	MA0137.4	0.016847811094990943	-0.02574004137167059	0.059435663561652474	0.38487038500032406	0.46284767864375465	False	tested	paired empirical-Bayes moderated t	2	1000	1000	210	271	210	260	0.21	0.271	240	360
CTCF_bound_vs_matched_control	CTCF_bound	matched_control	STAT1STAT2_MA0517.2	STAT1::STAT2	MA0517.2	0.02522311011227779	-0.0180874463500674	0.06853366657462298	0.21376161111151973	0.281411200101417	False	tested	paired empirical-Bayes moderated t	2	1000	1000	390	460	390	460	0.39	0.46	561	712
CTCF_bound_vs_matched_control	CTCF_bound	matched_control	Stat2_MA1623.2	Stat2	MA1623.2	-0.03407154934221875	-0.0849879788570771	0.01684488017263959	0.15965658659789603	0.22538447204014528	False	tested	paired empirical-Bayes moderated t	2	1000	1000	465	537	465	537	0.465	0.537	727	949
CTCF_bound_vs_matched_control	CTCF_bound	matched_control	STAT3_MA0144.3	STAT3	MA0144.3	0.05648397068967295	0.011755964615450441	0.10121197676389546	0.019895895500449935	0.03936517335859003	True	tested	paired empirical-Bayes moderated t	2	1000	1000	215	282	215	282	0.215	0.282	254	379
CTCF_bound_vs_matched_control	CTCF_bound	matched_control	Stat4_MA0518.2	Stat4	MA0518.2	0.004110411289110709	-0.03891958517807765	0.04714040775629907	0.8296406258702346	0.8717238460230725	False	tested	paired empirical-Bayes moderated t	2	1000	1000	221	289	221	289	0.221	0.289	260	376
CTCF_bound_vs_matched_control	CTCF_bound	matched_control	Stat5a_MA1624.2	Stat5a	MA1624.2	0.027028517962819645	-0.017143654527889247	0.07120069045352853	0.1937680848206502	0.258442320752904	False	tested	paired empirical-Bayes moderated t	2	1000	1000	203	289	203	283	0.203	0.289	242	369
CTCF_bound_vs_matched_control	CTCF_bound	matched_control	Stat5aStat5b_MA0519.2	Stat5a::Stat5b	MA0519.2	0.10310308998300334	0.060378826601984854	0.14582735336402183	0.0006173114654062425	0.0028872505257423967	True	tested	paired empirical-Bayes moderated t	2	1000	1000	251	303	251	302	0.251	0.303	290	399
CTCF_bound_vs_matched_control	CTCF_bound	matched_control	Stat5b_MA1625.2	Stat5b	MA1625.2	0.07535696308489756	0.03277057946460866	0.11794334670518647	0.003792640274404663	0.009672185624423952	True	tested	paired empirical-Bayes moderated t	2	1000	1000	252	311	252	311	0.252	0.311	298	419
CTCF_bound_vs_matched_control	CTCF_bound	matched_control	Stat6_MA0520.2	Stat6	MA0520.2	-0.023697729452139778	-0.06754225235714968	0.020146793452870126	0.24520399555717184	0.3174516013909814	False	tested	paired empirical-Bayes moderated t	2	1000	1000	196	244	196	237	0.196	0.244	225	306
CTCF_bound_vs_matched_control	CTCF_bound	matched_control	TAL1TCF3_MA0091.2	TAL1::TCF3	MA0091.2	-0.05251711071359337	-0.09531904839896581	-0.009715173028220933	0.02252186944989845	0.04396095671470563	True	tested	paired empirical-Bayes moderated t	2	1000	1000	154	158	151	157	0.154	0.158	168	184
CTCF_bound_vs_matched_control	CTCF_bound	matched_control	TBP_MA0108.3	TBP	MA0108.3	0.01448400081681149	-0.028812010558871254	0.057780012192494234	0.4591390987583325	0.5375157845902047	False	tested	paired empirical-Bayes moderated t	2	1000	1000	126	173	126	158	0.126	0.173	147	211
CTCF_bound_vs_matched_control	CTCF_bound	matched_control	TBR1_MA0802.2	TBR1	MA0802.2	0.12323256374208842	0.0799877644210926	0.16647736306308425	0.00021365446068538613	0.0013685271363274327	True	tested	paired empirical-Bayes moderated t	2	1000	1000	159	185	153	180	0.159	0.185	175	200
CTCF_bound_vs_matched_control	CTCF_bound	matched_control	TBX18_MA1565.2	TBX18	MA1565.2	0.12263330859605799	0.07912176492082923	0.16614485227128675	0.0002295878430964656	0.0014123130954115913	True	tested	paired empirical-Bayes moderated t	2	1000	1000	204	263	204	263	0.204	0.263	242	297
CTCF_bound_vs_matched_control	CTCF_bound	matched_control	TBX19_MA0804.2	TBX19	MA0804.2	-0.015880018819175994	-0.06467900405019174	0.03291896641183975	0.471021504970465	0.5488941762859035	False	tested	paired empirical-Bayes moderated t	2	1000	1000	61	91	48	59	0.061	0.091	62	96
CTCF_bound_vs_matched_control	CTCF_bound	matched_control	TBX2_MA0688.2	TBX2	MA0688.2	0.05643694580359042	0.013348380637902453	0.09952551096927839	0.016932814255692118	0.034581099536272634	True	tested	paired empirical-Bayes moderated t	2	1000	1000	152	184	146	177	0.152	0.184	164	194
CTCF_bound_vs_matched_control	CTCF_bound	matched_control	Tbx6_MA1567.3	Tbx6	MA1567.3	0.08718884227575795	0.04363950159441046	0.13073818295710543	0.0018961300139163334	0.005610996979956496	True	tested	paired empirical-Bayes moderated t	2	1000	1000	204	234	201	234	0.204	0.234	239	268
CTCF_bound_vs_matched_control	CTCF_bound	matched_control	Tcf12_MA0521.3	Tcf12	MA0521.3	-0.008286341637962885	-0.050921775204566144	0.03434909192864037	0.6631540784905471	0.7225863979324534	False	tested	paired empirical-Bayes moderated t	2	1000	1000	366	427	366	427	0.366	0.427	491	568
CTCF_bound_vs_matched_control	CTCF_bound	matched_control	TCF12_MA1648.2	TCF12	MA1648.2	0.2200377765692632	0.17639297814745292	0.2636825749910735	4.171375816542015e-06	0.00010326698667780841	True	tested	paired empirical-Bayes moderated t	2	1000	1000	223	188	218	185	0.223	0.188	273	231
CTCF_bound_vs_matched_control	CTCF_bound	matched_control	Tcf21_MA0832.2	Tcf21	MA0832.2	-0.09980622122774949	-0.14240941270330448	-0.0572030297521945	0.0007416844370807327	0.0029120323305951057	True	tested	paired empirical-Bayes moderated t	2	1000	1000	128	138	118	124	0.128	0.138	138	153
CTCF_bound_vs_matched_control	CTCF_bound	matched_control	TCF21_MA1568.2	TCF21	MA1568.2	-0.07124570133087799	-0.11441360040997893	-0.028077802251777043	0.005501099858733476	0.01310708064932976	True	tested	paired empirical-Bayes moderated t	2	1000	1000	55	77	41	53	0.055	0.077	58	83
CTCF_bound_vs_matched_control	CTCF_bound	matched_control	TCF4_MA0830.3	TCF4	MA0830.3	0.13771609206462238	0.09231015121788694	0.1831220329113578	0.0001417084823279292	0.0010055284606032941	True	tested	paired empirical-Bayes moderated t	2	1000	1000	235	197	235	197	0.235	0.197	288	243
CTCF_bound_vs_matched_control	CTCF_bound	matched_control	TCF7_MA0769.3	TCF7	MA0769.3	0.11680292787110957	0.07356087905285891	0.16004497668936024	0.00030235120914531757	0.001724081333047738	True	tested	paired empirical-Bayes moderated t	2	1000	1000	114	161	114	143	0.114	0.161	127	183
CTCF_bound_vs_matched_control	CTCF_bound	matched_control	TCF7L2_MA0523.2	TCF7L2	MA0523.2	-0.11095781187499977	-0.15531024253597622	-0.06660538121402332	0.0004927446665507622	0.0024516462575932528	True	tested	paired empirical-Bayes moderated t	2	1000	1000	184	239	184	230	0.184	0.239	219	293
CTCF_bound_vs_matched_control	CTCF_bound	matched_control	TCFL5_MA0632.3	TCFL5	MA0632.3	0.29016462077807614	0.24686514032789034	0.333464101228262	5.303845721293153e-07	3.6543003106004155e-05	True	tested	paired empirical-Bayes moderated t	2	1000	1000	46	62	37	44	0.046	0.062	51	71
CTCF_bound_vs_matched_control	CTCF_bound	matched_control	TEAD1_MA0090.4	TEAD1	MA0090.4	0.03435031362922801	-0.00837230286552882	0.07707293012398483	0.10001257375576017	0.15265077046931816	False	tested	paired empirical-Bayes moderated t	2	1000	1000	188	214	188	212	0.188	0.214	208	241
CTCF_bound_vs_matched_control	CTCF_bound	matched_control	TEAD2_MA1121.2	TEAD2	MA1121.2	-0.018160456795277564	-0.061420279874655405	0.025099366284100276	0.3580144645424936	0.4367604345079699	False	tested	paired empirical-Bayes moderated t	2	1000	1000	75	84	67	74	0.075	0.084	78	90
CTCF_bound_vs_matched_control	CTCF_bound	matched_control	TEAD4_MA0809.3	TEAD4	MA0809.3	0.08805030526309361	0.04531641436858057	0.13078419615760667	0.0016042267926853271	0.0049794807173565965	True	tested	paired empirical-Bayes moderated t	2	1000	1000	180	218	180	212	0.18	0.218	201	259
CTCF_bound_vs_matched_control	CTCF_bound	matched_control	TFAP2A_MA0810.2	TFAP2A	MA0810.2	0.09326955836746498	0.04964116267551635	0.1368979540594136	0.0012905881351627376	0.004351983246478999	True	tested	paired empirical-Bayes moderated t	2	1000	1000	200	178	195	172	0.2	0.178	248	224
CTCF_bound_vs_matched_control	CTCF_bound	matched_control	TFAP2A_MA0003.5	TFAP2A	MA0003.5	-0.13655831931153972	-0.18073737136410645	-0.092379267258973	0.00012493398982810235	0.0008993475154292475	True	tested	paired empirical-Bayes moderated t	2	1000	1000	247	218	247	218	0.247	0.218	311	292
CTCF_bound_vs_matched_control	CTCF_bound	matched_control	TFAP2B_MA0811.2	TFAP2B	MA0811.2	0.2265219278725193	0.18311861680288444	0.26992523894215414	3.254157833575211e-06	9.714618238467175e-05	True	tested	paired empirical-Bayes moderated t	2	1000	1000	169	170	161	164	0.169	0.17	195	203
CTCF_bound_vs_matched_control	CTCF_bound	matched_control	TFAP2B_MA0812.2	TFAP2B	MA0812.2	-0.0786712374953476	-0.1215537023347116	-0.0357887726559836	0.00311021319986428	0.008221006244432928	True	tested	paired empirical-Bayes moderated t	2	1000	1000	191	180	186	175	0.191	0.18	226	224
CTCF_bound_vs_matched_control	CTCF_bound	matched_control	TFAP2C_MA0524.3	TFAP2C	MA0524.3	0.139107079216892	0.09540434786376742	0.18280981057001658	0.00010269045931740184	0.000820715088245377	True	tested	paired empirical-Bayes moderated t	2	1000	1000	170	168	163	161	0.17	0.168	196	201
CTCF_bound_vs_matched_control	CTCF_bound	matched_control	TFAP2C_MA0814.3	TFAP2C	MA0814.3	-0.13694032292833075	-0.18064021121933918	-0.09324043463732232	0.0001140202363035621	0.0008651707510430139	True	tested	paired empirical-Bayes moderated t	2	1000	1000	242	226	242	225	0.242	0.226	307	295
CTCF_bound_vs_matched_control	CTCF_bound	matched_control	TFAP2E_MA1569.2	TFAP2E	MA1569.2	-0.05008924551572196	-0.09562184875513381	-0.004556642276310113	0.035102264994551	0.06339643944745421	False	tested	paired empirical-Bayes moderated t	2	1000	1000	163	149	149	144	0.163	0.149	189	184
CTCF_bound_vs_matched_control	CTCF_bound	matched_control	TFAP4ETV1_MA1966.2	TFAP4::ETV1	MA1966.2	0.07622526592555189	0.028573524121263072	0.1238770077298407	0.006469251900738788	0.01509492110172384	True	tested	paired empirical-Bayes moderated t	2	1000	1000	186	222	178	216	0.186	0.222	229	268
CTCF_bound_vs_matched_control	CTCF_bound	matched_control	TFAP4FLI1_MA1967.2	TFAP4::FLI1	MA1967.2	0.011288065367694836	-0.03269755387555359	0.05527368461094327	0.5670938182412913	0.6431287435920789	False	tested	paired empirical-Bayes moderated t	2	1000	1000	202	244	200	244	0.202	0.244	237	279
CTCF_bound_vs_matched_control	CTCF_bound	matched_control	TFCP2_MA1968.2	TFCP2	MA1968.2	-0.17309653866917846	-0.2208004003399088	-0.1253926769984481	4.21743124771519e-05	0.00046028953940117397	True	tested	paired empirical-Bayes moderated t	2	1000	1000	54	59	32	44	0.054	0.059	55	60
CTCF_bound_vs_matched_control	CTCF_bound	matched_control	TFDP1_MA1122.2	TFDP1	MA1122.2	-0.24717940743089856	-0.2994537037817681	-0.19490511108002898	6.594972363667873e-06	0.00014832206649536983	True	tested	paired empirical-Bayes moderated t	2	1000	1000	116	120	107	103	0.116	0.12	135	140
CTCF_bound_vs_matched_control	CTCF_bound	matched_control	TFEB_MA0692.2	TFEB	MA0692.2	0.015994084292730172	-0.03171664927084047	0.0637048178563008	0.4582403938981553	0.5375157845902047	False	tested	paired empirical-Bayes moderated t	2	1000	1000	98	131	97	122	0.098	0.131	115	147
CTCF_bound_vs_matched_control	CTCF_bound	matched_control	TFEC_MA0871.3	TFEC	MA0871.3	0.10231920014013778	0.059724786881970963	0.14491361339830458	0.0006351676158129973	0.0029120323305951057	True	tested	paired empirical-Bayes moderated t	2	1000	1000	71	101	64	79	0.071	0.101	79	111
CTCF_bound_vs_matched_control	CTCF_bound	matched_control	THAP1_MA0597.3	THAP1	MA0597.3	-0.12593121479529984	-0.1686841289591775	-0.08317830063142218	0.00017194426300473812	0.0011712981674483838	True	tested	paired empirical-Bayes moderated t	2	1000	1000	264	246	264	246	0.264	0.246	315	291
CTCF_bound_vs_matched_control	CTCF_bound	matched_control	THRA_MA1969.2	THRA	MA1969.2	-0.005228941905167446	-0.04793929177068136	0.03748140796034646	0.7829518283724326	0.8323363011317502	False	tested	paired empirical-Bayes moderated t	2	1000	1000	236	227	236	227	0.236	0.227	282	271
CTCF_bound_vs_matched_control	CTCF_bound	matched_control	THRB_MA1574.2	THRB	MA1574.2	-0.021630451135667545	-0.06450159529071854	0.021240693019383455	0.27524016666941087	0.3518498352260101	False	tested	paired empirical-Bayes moderated t	2	1000	1000	151	195	146	179	0.151	0.195	169	217
CTCF_bound_vs_matched_control	CTCF_bound	matched_control	THRB_MA1575.2	THRB	MA1575.2	-0.11969171471922654	-0.16230132812247466	-0.07708210131597842	0.00023462545976868132	0.001417528819435783	True	tested	paired empirical-Bayes moderated t	2	1000	1000	98	96	90	82	0.098	0.096	103	99
CTCF_bound_vs_matched_control	CTCF_bound	matched_control	THRB_MA1576.2	THRB	MA1576.2	-0.030126337118104224	-0.07624058470767817	0.01598791047146972	0.16851778128797595	0.23527585695639008	False	tested	paired empirical-Bayes moderated t	2	1000	1000	170	167	164	163	0.17	0.167	189	191
CTCF_bound_vs_matched_control	CTCF_bound	matched_control	TLX2_MA1577.2	TLX2	MA1577.2	-0.10126333136867162	-0.14463620612044087	-0.057890456616902376	0.0007574153056917319	0.0029120323305951057	True	tested	paired empirical-Bayes moderated t	2	1000	1000	68	84	61	63	0.068	0.084	79	90
CTCF_bound_vs_matched_control	CTCF_bound	matched_control	TP73_MA0861.2	TP73	MA0861.2	0.021946505292368086	-0.02486647698694952	0.06875948757168569	0.30804033521969965	0.38552520375831706	False	tested	paired empirical-Bayes moderated t	2	1000	1000	59	75	45	55	0.059	0.075	60	79
CTCF_bound_vs_matched_control	CTCF_bound	matched_control	TRPS1_MA1970.2	TRPS1	MA1970.2	-0.13421287676499125	-0.19150611603057335	-0.07691963749940914	0.000741943862756035	0.0029120323305951057	True	tested	paired empirical-Bayes moderated t	2	1000	1000	153	306	152	300	0.153	0.306	177	403
CTCF_bound_vs_matched_control	CTCF_bound	matched_control	TWIST1_MA1123.3	TWIST1	MA1123.3	0.007528698718711689	-0.035327323476194814	0.05038472091361819	0.693449543116531	0.7516785177745892	False	tested	paired empirical-Bayes moderated t	2	1000	1000	168	180	162	174	0.168	0.18	188	221
CTCF_bound_vs_matched_control	CTCF_bound	matched_control	Twist2_MA0633.3	Twist2	MA0633.3	-0.008286341637962885	-0.050921775204566144	0.03434909192864037	0.6631540784905471	0.7225863979324534	False	tested	paired empirical-Bayes moderated t	2	1000	1000	366	427	366	427	0.366	0.427	491	568
CTCF_bound_vs_matched_control	CTCF_bound	matched_control	UNCX_MA0721.2	UNCX	MA0721.2	-0.10126333136867162	-0.14463620612044087	-0.057890456616902376	0.0007574153056917319	0.0029120323305951057	True	tested	paired empirical-Bayes moderated t	2	1000	1000	68	84	61	63	0.068	0.084	79	90
CTCF_bound_vs_matched_control	CTCF_bound	matched_control	USF1_MA0093.4	USF1	MA0093.4	0.1489428683957511	0.10606571408593048	0.19182002270557175	5.685517067803723e-05	0.0005713663191901762	True	tested	paired empirical-Bayes moderated t	2	1000	1000	102	160	99	141	0.102	0.16	113	175
CTCF_bound_vs_matched_control	CTCF_bound	matched_control	USF2_MA0526.5	USF2	MA0526.5	-0.055267221039539946	-0.11211343955549945	0.0015789974764195552	0.055174641350075736	0.09241297189822917	False	tested	paired empirical-Bayes moderated t	2	1000	1000	63	73	52	57	0.063	0.073	69	80
CTCF_bound_vs_matched_control	CTCF_bound	matched_control	VAX1_MA0722.2	VAX1	MA0722.2	-0.173672531714875	-0.21732510337882607	-0.13001996005092395	2.229072806682574e-05	0.00030993272586065924	True	tested	paired empirical-Bayes moderated t	2	1000	1000	90	127	85	100	0.09	0.127	100	142
CTCF_bound_vs_matched_control	CTCF_bound	matched_control	VAX2_MA0723.3	VAX2	MA0723.3	-0.10126333136867162	-0.14463620612044087	-0.057890456616902376	0.0007574153056917319	0.0029120323305951057	True	tested	paired empirical-Bayes moderated t	2	1000	1000	68	84	61	63	0.068	0.084	79	90
CTCF_bound_vs_matched_control	CTCF_bound	matched_control	Vdr_MA0693.4	Vdr	MA0693.4	0.04131943615861193	-0.0012613657918332868	0.08390023810905714	0.0555370762683034	0.09286677497912348	False	tested	paired empirical-Bayes moderated t	2	1000	1000	158	161	154	161	0.158	0.161	181	191
CTCF_bound_vs_matched_control	CTCF_bound	matched_control	VEZF1_MA1578.2	VEZF1	MA1578.2	0.08349822371185892	0.04032786657853814	0.12666858084517968	0.002311175227834506	0.006589446225427033	True	tested	paired empirical-Bayes moderated t	2	1000	1000	304	313	303	313	0.304	0.313	517	550
CTCF_bound_vs_matched_control	CTCF_bound	matched_control	VSX1_MA0725.2	VSX1	MA0725.2	-0.16976015449521084	-0.21478096000836172	-0.12473934898205995	3.235656765478156e-05	0.000387828370731131	True	tested	paired empirical-Bayes moderated t	2	1000	1000	75	98	67	76	0.075	0.098	84	105
CTCF_bound_vs_matched_control	CTCF_bound	matched_control	VSX2_MA0726.2	VSX2	MA0726.2	-0.08445659671352188	-0.127157913017977	-0.041755280409066765	0.002033987801651914	0.005934035447115628	True	tested	paired empirical-Bayes moderated t	2	1000	1000	90	120	89	106	0.09	0.12	101	129
CTCF_bound_vs_matched_control	CTCF_bound	matched_control	Wt1_MA1627.2	Wt1	MA1627.2	0.048447190872553336	0.004940632115780698	0.09195374962932598	0.03347489240594494	0.06078178138109858	False	tested	paired empirical-Bayes moderated t	2	1000	1000	287	372	287	372	0.287	0.372	437	558
CTCF_bound_vs_matched_control	CTCF_bound	matched_control	XBP1_MA0844.2	XBP1	MA0844.2	-0.014044288463215709	-0.057376439762267535	0.029287862835836113	0.4727444804479882	0.5495222527978041	False	tested	paired empirical-Bayes moderated t	2	1000	1000	47	64	39	41	0.047	0.064	48	66
CTCF_bound_vs_matched_control	CTCF_bound	matched_control	Yy1_MA0095.4	Yy1	MA0095.4	0.06408865540624858	0.020342712077359007	0.10783459873513816	0.010037662319898598	0.021968211085049368	True	tested	paired empirical-Bayes moderated t	2	1000	1000	196	270	196	270	0.196	0.27	234	346
CTCF_bound_vs_matched_control	CTCF_bound	matched_control	YY2_MA0748.3	YY2	MA0748.3	-0.1654453492078039	-0.21875555042664543	-0.11213514798896237	0.0001216370215914231	0.0008818684065378175	True	tested	paired empirical-Bayes moderated t	2	1000	1000	76	93	68	67	0.076	0.093	85	101
CTCF_bound_vs_matched_control	CTCF_bound	matched_control	ZBED1_MA0749.2	ZBED1	MA0749.2	NA	NA	NA	NA	NA	False	insufficient motif-containing regions	paired empirical-Bayes moderated t	2	1000	1000	11	21	4	5	0.011	0.021	12	22
CTCF_bound_vs_matched_control	CTCF_bound	matched_control	ZBED2_MA1971.2	ZBED2	MA1971.2	0.1292719822708359	0.08596382127070723	0.17258014327096455	0.0001575189567652019	0.0010802820345721617	True	tested	paired empirical-Bayes moderated t	2	1000	1000	64	70	51	53	0.064	0.07	69	75
CTCF_bound_vs_matched_control	CTCF_bound	matched_control	ZBTB12_MA1649.2	ZBTB12	MA1649.2	-0.17303614586790034	-0.2406860937849587	-0.10538619795084196	0.00042835780353975777	0.002195874598953809	True	tested	paired empirical-Bayes moderated t	2	1000	1000	123	151	106	125	0.123	0.151	134	172
CTCF_bound_vs_matched_control	CTCF_bound	matched_control	ZBTB14_MA1650.2	ZBTB14	MA1650.2	0.10219904954489431	0.05918662875588418	0.14521147033390444	0.0006797368831680177	0.0029120323305951057	True	tested	paired empirical-Bayes moderated t	2	1000	1000	100	127	94	117	0.1	0.127	136	169
CTCF_bound_vs_matched_control	CTCF_bound	matched_control	ZBTB18_MA0698.2	ZBTB18	MA0698.2	0.029804928103677984	-0.017066451143016748	0.07667630735037272	0.17875051501013023	0.2465105607816334	False	tested	paired empirical-Bayes moderated t	2	1000	1000	192	245	192	244	0.192	0.245	218	291
CTCF_bound_vs_matched_control	CTCF_bound	matched_control	ZBTB26_MA1579.2	ZBTB26	MA1579.2	0.038707983660324734	-0.004797004536400508	0.08221297185704998	0.07391479138006095	0.11870809058664852	False	tested	paired empirical-Bayes moderated t	2	1000	1000	255	274	255	269	0.255	0.274	294	338
CTCF_bound_vs_matched_control	CTCF_bound	matched_control	ZBTB33_MA0527.2	ZBTB33	MA0527.2	0.5451698724840797	0.47786789947584873	0.6124718454923106	1.317238317656046e-07	2.9924574201565798e-05	True	tested	paired empirical-Bayes moderated t	2	1000	1000	37	47	26	29	0.037	0.047	41	51
CTCF_bound_vs_matched_control	CTCF_bound	matched_control	ZBTB6_MA1581.2	ZBTB6	MA1581.2	0.00461706853543685	-0.03795174781409	0.0471858848849637	0.8070854963677457	0.8542145764476141	False	tested	paired empirical-Bayes moderated t	2	1000	1000	222	234	222	234	0.222	0.234	257	295
CTCF_bound_vs_matched_control	CTCF_bound	matched_control	ZBTB7B_MA0694.2	ZBTB7B	MA0694.2	-0.06491578065528339	-0.11037738751474777	-0.019454173795819013	0.011356386803362338	0.024318001277242138	True	tested	paired empirical-Bayes moderated t	2	1000	1000	85	102	78	86	0.085	0.102	109	112
CTCF_bound_vs_matched_control	CTCF_bound	matched_control	ZEB1_MA0103.4	ZEB1	MA0103.4	0.14332921092092055	0.10065688647900066	0.18600153536284042	7.146593452803263e-05	0.000647687866491156	True	tested	paired empirical-Bayes moderated t	2	1000	1000	516	457	516	457	0.516	0.457	818	710
CTCF_bound_vs_matched_control	CTCF_bound	matched_control	Zfp335_MA2002.2	Zfp335	MA2002.2	-0.1144820514352679	-0.15720108284972875	-0.07176302002080706	0.0003181169075143959	0.0017644189132629063	True	tested	paired empirical-Bayes moderated t	2	1000	1000	132	135	130	135	0.132	0.135	151	150
CTCF_bound_vs_matched_control	CTCF_bound	matched_control	ZFP42_MA1651.2	ZFP42	MA1651.2	-0.033285152699515444	-0.0767139637954106	0.010143658396379714	0.11408868513345718	0.1700440754925977	False	tested	paired empirical-Bayes moderated t	2	1000	1000	158	204	158	196	0.158	0.204	172	231
CTCF_bound_vs_matched_control	CTCF_bound	matched_control	ZFP57_MA1583.2	ZFP57	MA1583.2	-0.2291608278919216	-0.3026908241996631	-0.15563083158418015	0.00011826212626406347	0.0008698265083914812	True	tested	paired empirical-Bayes moderated t	2	1000	1000	72	65	59	53	0.072	0.065	77	66
CTCF_bound_vs_matched_control	CTCF_bound	matched_control	Zfx_MA0146.3	Zfx	MA0146.3	-0.1429977733439262	-0.18896527884492342	-0.09703026784292897	0.00011972031976861214	0.0008742167234902253	True	tested	paired empirical-Bayes moderated t	2	1000	1000	261	262	261	262	0.261	0.262	351	382
CTCF_bound_vs_matched_control	CTCF_bound	matched_control	Zic1Zic2_MA1628.2	Zic1::Zic2	MA1628.2	0.10141782272853438	0.0546829129214672	0.14815273253560154	0.0011803495085170523	0.004088924065340642	True	tested	paired empirical-Bayes moderated t	2	1000	1000	311	284	308	284	0.311	0.284	396	351
CTCF_bound_vs_matched_control	CTCF_bound	matched_control	Zic2_MA1629.2	Zic2	MA1629.2	-0.06001240489996981	-0.1118717846715862	-0.008153025128353412	0.02872014078442589	0.053455399356072346	False	tested	paired empirical-Bayes moderated t	2	1000	1000	272	278	272	278	0.272	0.278	351	322
CTCF_bound_vs_matched_control	CTCF_bound	matched_control	Zic3_MA0697.3	Zic3	MA0697.3	0.09039071393151643	0.04751491639910891	0.13326651146392396	0.0014018765668001078	0.004535065452638505	True	tested	paired empirical-Bayes moderated t	2	1000	1000	411	376	407	376	0.411	0.376	585	533
CTCF_bound_vs_matched_control	CTCF_bound	matched_control	ZIC4_MA0751.2	ZIC4	MA0751.2	0.11904674044162444	0.07463950602314974	0.16345397486009916	0.00031742206388370777	0.0017644189132629063	True	tested	paired empirical-Bayes moderated t	2	1000	1000	161	132	153	126	0.161	0.132	183	159
CTCF_bound_vs_matched_control	CTCF_bound	matched_control	ZIC5_MA1584.2	ZIC5	MA1584.2	0.2551490487150571	0.21188550414403673	0.2984125932860775	1.3456171483189723e-06	5.058523724236136e-05	True	tested	paired empirical-Bayes moderated t	2	1000	1000	160	123	155	118	0.16	0.123	190	145
CTCF_bound_vs_matched_control	CTCF_bound	matched_control	ZIM3_MA1709.2	ZIM3	MA1709.2	0.002982907131353345	-0.04596202946374629	0.05192784372645298	0.890710515994857	0.9244081531030468	False	tested	paired empirical-Bayes moderated t	2	1000	1000	304	327	304	327	0.304	0.327	385	456
CTCF_bound_vs_matched_control	CTCF_bound	matched_control	ZKSCAN1_MA1585.2	ZKSCAN1	MA1585.2	0.01538501548660844	-0.039727707280156066	0.07049773825337295	0.5344125937036773	0.6108432236590456	False	tested	paired empirical-Bayes moderated t	2	1000	1000	117	114	104	102	0.117	0.114	127	126
CTCF_bound_vs_matched_control	CTCF_bound	matched_control	ZKSCAN3_MA1973.2	ZKSCAN3	MA1973.2	-0.047451228664939823	-0.0909769428369924	-0.003925514492887257	0.03634658138871827	0.06506486791807592	False	tested	paired empirical-Bayes moderated t	2	1000	1000	131	180	131	167	0.131	0.18	145	199
CTCF_bound_vs_matched_control	CTCF_bound	matched_control	ZKSCAN5_MA1652.2	ZKSCAN5	MA1652.2	-0.06031667035886892	-0.1030668951174349	-0.017566445600302932	0.012021964605259557	0.025689040156502002	True	tested	paired empirical-Bayes moderated t	2	1000	1000	317	376	317	376	0.317	0.376	425	489
CTCF_bound_vs_matched_control	CTCF_bound	matched_control	ZNF148_MA1653.2	ZNF148	MA1653.2	0.05174709342543088	0.008975088221912425	0.09451909862894933	0.02390315904264462	0.04612491716403857	True	tested	paired empirical-Bayes moderated t	2	1000	1000	361	447	361	442	0.361	0.447	810	1012
CTCF_bound_vs_matched_control	CTCF_bound	matched_control	ZNF16_MA1654.2	ZNF16	MA1654.2	0.15971017737944826	0.11620093071280434	0.20321942404609217	3.895204683219526e-05	0.0004442283992660471	True	tested	paired empirical-Bayes moderated t	2	1000	1000	265	251	265	251	0.265	0.251	321	304
CTCF_bound_vs_matched_control	CTCF_bound	matched_control	ZNF189_MA1725.2	ZNF189	MA1725.2	0.028321871866154105	-0.01440777577728554	0.07105151950959375	0.16315074259497842	0.22936011597493502	False	tested	paired empirical-Bayes moderated t	2	1000	1000	228	269	228	269	0.228	0.269	252	327
CTCF_bound_vs_matched_control	CTCF_bound	matched_control	ZNF211_MA1974.2	ZNF211	MA1974.2	0.04933218090398351	0.002950383100968443	0.09571397870699858	0.03992062692929558	0.07071454857458118	False	tested	paired empirical-Bayes moderated t	2	1000	1000	77	106	73	87	0.077	0.106	86	116
CTCF_bound_vs_matched_control	CTCF_bound	matched_control	ZNF214_MA1975.2	ZNF214	MA1975.2	-0.029098926539908462	-0.07776869370866887	0.01957084062885195	0.2030410161198646	0.26931092799995143	False	tested	paired empirical-Bayes moderated t	2	1000	1000	148	183	148	175	0.148	0.183	168	206
CTCF_bound_vs_matched_control	CTCF_bound	matched_control	ZNF257_MA1710.2	ZNF257	MA1710.2	-0.10063263660486202	-0.1486059160335936	-0.05265935717613043	0.0014439005204629125	0.00459422892874563	True	tested	paired empirical-Bayes moderated t	2	1000	1000	387	414	387	414	0.387	0.414	579	616
CTCF_bound_vs_matched_control	CTCF_bound	matched_control	ZNF263_MA0528.3	ZNF263	MA0528.3	-0.1049591690906355	-0.15547398808304372	-0.0544443500982273	0.0015272092621383964	0.004834912632738728	True	tested	paired empirical-Bayes moderated t	2	1000	1000	343	349	343	349	0.343	0.349	485	512
CTCF_bound_vs_matched_control	CTCF_bound	matched_control	ZNF274_MA1592.2	ZNF274	MA1592.2	0.03961797543646664	-0.0029748485456998486	0.08221079941863313	0.06405170144707423	0.10536868228327446	False	tested	paired empirical-Bayes moderated t	2	1000	1000	150	183	147	176	0.15	0.183	166	209
CTCF_bound_vs_matched_control	CTCF_bound	matched_control	ZNF281_MA1630.3	ZNF281	MA1630.3	0.01791581400515725	-0.02465045911955935	0.06048208712987385	0.3568361660917968	0.43584682139972775	False	tested	paired empirical-Bayes moderated t	2	1000	1000	385	460	385	460	0.385	0.46	810	990
CTCF_bound_vs_matched_control	CTCF_bound	matched_control	ZNF282_MA1154.2	ZNF282	MA1154.2	0.11067721811915068	0.06802991178732729	0.15332452445097408	0.0003906679317472857	0.002076062569232958	True	tested	paired empirical-Bayes moderated t	2	1000	1000	166	190	166	185	0.166	0.19	182	213
CTCF_bound_vs_matched_control	CTCF_bound	matched_control	ZNF317_MA1593.2	ZNF317	MA1593.2	0.0564253860570604	0.012196556003436707	0.10065421611068409	0.019029421364154607	0.037798165723320794	True	tested	paired empirical-Bayes moderated t	2	1000	1000	253	279	253	279	0.253	0.279	311	346
CTCF_bound_vs_matched_control	CTCF_bound	matched_control	ZNF324_MA1977.2	ZNF324	MA1977.2	-0.002638029377969006	-0.045391723335553406	0.0401156645796154	0.8893602779956882	0.9239515682350291	False	tested	paired empirical-Bayes moderated t	2	1000	1000	197	235	197	235	0.197	0.235	216	279
CTCF_bound_vs_matched_control	CTCF_bound	matched_control	ZNF331_MA1726.2	ZNF331	MA1726.2	-0.08763929610796949	-0.13068837771747804	-0.04459021449846092	0.0017209443530720283	0.005198686066571752	True	tested	paired empirical-Bayes moderated t	2	1000	1000	256	271	256	269	0.256	0.271	306	337
CTCF_bound_vs_matched_control	CTCF_bound	matched_control	ZNF341_MA1655.2	ZNF341	MA1655.2	0.06211146114082512	0.019032550179498668	0.10519037210215157	0.010842477997421733	0.023381923695127038	True	tested	paired empirical-Bayes moderated t	2	1000	1000	163	191	155	186	0.163	0.191	178	230
CTCF_bound_vs_matched_control	CTCF_bound	matched_control	ZNF343_MA1711.2	ZNF343	MA1711.2	0.13940845895891948	0.0968042155367568	0.18201270238108216	8.52824690688559e-05	0.0007213475508740728	True	tested	paired empirical-Bayes moderated t	2	1000	1000	131	174	128	159	0.131	0.174	157	200
CTCF_bound_vs_matched_control	CTCF_bound	matched_control	ZNF354A_MA1978.2	ZNF354A	MA1978.2	0.0009351816829535928	-0.04165034491696719	0.04352070828287437	0.9604889709717701	0.974386231596567	False	tested	paired empirical-Bayes moderated t	2	1000	1000	384	486	384	486	0.384	0.486	623	952
CTCF_bound_vs_matched_control	CTCF_bound	matched_control	ZNF384_MA1125.2	ZNF384	MA1125.2	0.011389713338667696	-0.03133931839879097	0.05411874507612636	0.5525498556791782	0.629447927625551	False	tested	paired empirical-Bayes moderated t	2	1000	1000	313	380	313	380	0.313	0.38	469	615
CTCF_bound_vs_matched_control	CTCF_bound	matched_control	ZNF410_MA0752.2	ZNF410	MA0752.2	-0.00921502039334332	-0.05181350078879878	0.03338346000211214	0.6283606146468961	0.6947560172838775	False	tested	paired empirical-Bayes moderated t	2	1000	1000	98	152	96	141	0.098	0.152	107	172
CTCF_bound_vs_matched_control	CTCF_bound	matched_control	ZNF416_MA1979.2	ZNF416	MA1979.2	-0.033175900577203946	-0.07966835161631675	0.013316550461908848	0.13707762575713345	0.1967946112354886	False	tested	paired empirical-Bayes moderated t	2	1000	1000	207	218	207	216	0.207	0.218	234	264
CTCF_bound_vs_matched_control	CTCF_bound	matched_control	ZNF417_MA1727.2	ZNF417	MA1727.2	0.273039931379619	0.20376592591963016	0.34231393683960787	2.3793399272377433e-05	0.00032242848136092517	True	tested	paired empirical-Bayes moderated t	2	1000	1000	140	111	123	106	0.14	0.111	161	131
CTCF_bound_vs_matched_control	CTCF_bound	matched_control	ZNF449_MA1656.2	ZNF449	MA1656.2	0.02135648693903254	-0.024994440490238183	0.06770741436830327	0.3158532055093865	0.39240024919464783	False	tested	paired empirical-Bayes moderated t	2	1000	1000	204	198	203	198	0.204	0.198	242	234
CTCF_bound_vs_matched_control	CTCF_bound	matched_control	ZNF454_MA1712.2	ZNF454	MA1712.2	0.12307836741865993	0.07954716663101588	0.166609568206304	0.00022489149069590902	0.0013918589210752906	True	tested	paired empirical-Bayes moderated t	2	1000	1000	262	263	260	263	0.262	0.263	411	408
CTCF_bound_vs_matched_control	CTCF_bound	matched_control	ZNF530_MA1981.2	ZNF530	MA1981.2	0.03448686206777069	-0.008349043979704027	0.07732276811524541	0.09964048903402833	0.15231189212279933	False	tested	paired empirical-Bayes moderated t	2	1000	1000	352	358	352	358	0.352	0.358	538	521
CTCF_bound_vs_matched_control	CTCF_bound	matched_control	ZNF549_MA1728.2	ZNF549	MA1728.2	0.052499569362818646	0.009667789368250912	0.09533134935738638	0.022620840702123897	0.04398496803190758	True	tested	paired empirical-Bayes moderated t	2	1000	1000	231	211	230	205	0.231	0.211	273	255
CTCF_bound_vs_matched_control	CTCF_bound	matched_control	ZNF574_MA1982.2	ZNF574	MA1982.2	0.09253116776531564	0.048634302060052544	0.13642803347057875	0.0014029660612103357	0.004535065452638505	True	tested	paired empirical-Bayes moderated t	2	1000	1000	190	174	188	171	0.19	0.174	217	204
CTCF_bound_vs_matched_control	CTCF_bound	matched_control	ZNF582_MA1983.2	ZNF582	MA1983.2	0.012529220230018732	-0.03758992824159763	0.0626483687016351	0.5769490488309832	0.6521194705606325	False	tested	paired empirical-Bayes moderated t	2	1000	1000	190	236	190	230	0.19	0.236	219	275
CTCF_bound_vs_matched_control	CTCF_bound	matched_control	ZNF610_MA1713.2	ZNF610	MA1713.2	0.10341265653504975	0.059727044936546285	0.1470982681335532	0.0006955731890121779	0.0029120323305951057	True	tested	paired empirical-Bayes moderated t	2	1000	1000	193	194	184	176	0.193	0.194	313	293
CTCF_bound_vs_matched_control	CTCF_bound	matched_control	ZNF652_MA1657.2	ZNF652	MA1657.2	0.0021622049187388064	-0.04074478894041694	0.04506919877789456	0.9095232123509199	0.939131292508834	False	tested	paired empirical-Bayes moderated t	2	1000	1000	144	213	138	201	0.144	0.213	171	252
CTCF_bound_vs_matched_control	CTCF_bound	matched_control	ZNF667_MA1984.2	ZNF667	MA1984.2	0.040287483084421524	-0.002990452015259444	0.08356541818410249	0.06388270155250894	0.10526126960356587	False	tested	paired empirical-Bayes moderated t	2	1000	1000	144	178	143	166	0.144	0.178	160	196
CTCF_bound_vs_matched_control	CTCF_bound	matched_control	ZNF675_MA1714.2	ZNF675	MA1714.2	-0.05943575170023399	-0.10490306473065458	-0.013968438669813392	0.017082339457666653	0.034677149099063304	True	tested	paired empirical-Bayes moderated t	2	1000	1000	225	266	225	266	0.225	0.266	275	326
CTCF_bound_vs_matched_control	CTCF_bound	matched_control	ZNF680_MA1729.2	ZNF680	MA1729.2	-0.04354352601676736	-0.08705079013766512	-3.6261895869596494e-05	0.04985251968416352	0.0846158987950267	False	tested	paired empirical-Bayes moderated t	2	1000	1000	243	319	243	319	0.243	0.319	299	417
CTCF_bound_vs_matched_control	CTCF_bound	matched_control	ZNF682_MA1599.2	ZNF682	MA1599.2	0.13950749488737502	0.09495486992138259	0.18406011985336745	0.00011459498216895934	0.0008651707510430139	True	tested	paired empirical-Bayes moderated t	2	1000	1000	199	227	199	224	0.199	0.227	266	299
CTCF_bound_vs_matched_control	CTCF_bound	matched_control	ZNF684_MA1600.2	ZNF684	MA1600.2	-0.09125153603476893	-0.15409828537778653	-0.028404786691751338	0.010481977968269336	0.02273334965340465	True	tested	paired empirical-Bayes moderated t	2	1000	1000	215	242	215	238	0.215	0.242	248	296
CTCF_bound_vs_matched_control	CTCF_bound	matched_control	ZNF692_MA1986.2	ZNF692	MA1986.2	-0.018750943555495555	-0.06185866594527764	0.024356778834286535	0.3419093596225878	0.4211626213797653	False	tested	paired empirical-Bayes moderated t	2	1000	1000	165	147	154	141	0.165	0.147	198	181
CTCF_bound_vs_matched_control	CTCF_bound	matched_control	ZNF701_MA1987.2	ZNF701	MA1987.2	0.012404265628926978	-0.03031590814810179	0.055124439405955745	0.5185902824728652	0.5947673861129471	False	tested	paired empirical-Bayes moderated t	2	1000	1000	340	338	340	338	0.34	0.338	487	514
CTCF_bound_vs_matched_control	CTCF_bound	matched_control	ZNF708_MA1730.2	ZNF708	MA1730.2	-0.15865014252340523	-0.20674148350831273	-0.11055880153849772	8.072053119487579e-05	0.0006898265724874858	True	tested	paired empirical-Bayes moderated t	2	1000	1000	190	217	190	210	0.19	0.217	229	260
CTCF_bound_vs_matched_control	CTCF_bound	matched_control	ZNF740_MA0753.3	ZNF740	MA0753.3	-0.07051885703746637	-0.11574350435185438	-0.025294209723078366	0.007368483613123955	0.016844619070542372	True	tested	paired empirical-Bayes moderated t	2	1000	1000	190	209	187	197	0.19	0.209	245	305
CTCF_bound_vs_matched_control	CTCF_bound	matched_control	ZNF76_MA1716.2	ZNF76	MA1716.2	-0.15399148602014995	-0.20025969378215422	-0.10772327825814568	7.603579551378574e-05	0.0006653132107456253	True	tested	paired empirical-Bayes moderated t	2	1000	1000	167	170	163	168	0.167	0.17	191	212
CTCF_bound_vs_matched_control	CTCF_bound	matched_control	ZNF768_MA1731.2	ZNF768	MA1731.2	-0.001784997477773082	-0.04449047031035374	0.04092047535480758	0.9248939354802989	0.9520966982885429	False	tested	paired empirical-Bayes moderated t	2	1000	1000	298	344	298	344	0.298	0.344	373	453
CTCF_bound_vs_matched_control	CTCF_bound	matched_control	ZNF784_MA1717.2	ZNF784	MA1717.2	0.16997847199606714	0.12148831020172729	0.21846863379040699	5.3434753990127654e-05	0.0005478411646462583	True	tested	paired empirical-Bayes moderated t	2	1000	1000	67	88	56	74	0.067	0.088	70	95
CTCF_bound_vs_matched_control	CTCF_bound	matched_control	ZNF816_MA1719.2	ZNF816	MA1719.2	0.039943182850790154	-0.004831670946324654	0.08471803664790496	0.07330158207681711	0.11790983487792293	False	tested	paired empirical-Bayes moderated t	2	1000	1000	209	230	209	230	0.209	0.23	259	278
CTCF_bound_vs_matched_control	CTCF_bound	matched_control	ZNF85_MA1720.2	ZNF85	MA1720.2	0.08561276524101148	0.04002682053633411	0.13119870994568886	0.0027293703421001924	0.007387495725951188	True	tested	paired empirical-Bayes moderated t	2	1000	1000	143	216	143	208	0.143	0.216	165	243
CTCF_bound_vs_matched_control	CTCF_bound	matched_control	ZNF93_MA1721.2	ZNF93	MA1721.2	0.046449395047219524	0.0016711544873905318	0.09122763560704852	0.043809323206135425	0.07585607241041241	False	tested	paired empirical-Bayes moderated t	2	1000	1000	269	260	265	256	0.269	0.26	487	448
CTCF_bound_vs_matched_control	CTCF_bound	matched_control	ZSCAN29_MA1602.2	ZSCAN29	MA1602.2	0.0994287589788256	0.05547440545324745	0.14338311250440375	0.0009188389737103648	0.0033913511211491644	True	tested	paired empirical-Bayes moderated t	2	1000	1000	66	68	56	48	0.066	0.068	67	76
CTCF_bound_vs_matched_control	CTCF_bound	matched_control	ZSCAN31_MA1722.2	ZSCAN31	MA1722.2	0.11445292625460132	0.06443383129655259	0.16447202121265006	0.0008568382607888774	0.003209191271958342	True	tested	paired empirical-Bayes moderated t	2	1000	1000	112	119	112	103	0.112	0.119	120	132
CTCF_bound_vs_matched_control	CTCF_bound	matched_control	PAX8_MA2094.1	PAX8	MA2094.1	-0.0014821175788284763	-0.07630893800082494	0.07334470284316799	0.9643590044526194	0.974386231596567	False	tested	paired empirical-Bayes moderated t	2	1000	1000	41	52	28	27	0.041	0.052	42	55
CTCF_bound_vs_matched_control	CTCF_bound	matched_control	ZNF260_MA2457.1	ZNF260	MA2457.1	0.04690596808243691	0.004074231690653414	0.08973770447422041	0.03572006888761959	0.06428345730662036	False	tested	paired empirical-Bayes moderated t	2	1000	1000	124	176	118	156	0.124	0.176	139	206
CTCF_bound_vs_matched_control	CTCF_bound	matched_control	ZNF146_MA2458.1	ZNF146	MA2458.1	-0.04334581861220424	-0.08610814691434249	-0.0005834903100659927	0.047640026889944946	0.08140509645335711	False	tested	paired empirical-Bayes moderated t	2	1000	1000	113	162	109	153	0.113	0.162	133	186
CTCF_bound_vs_matched_control	CTCF_bound	matched_control	ZNF250_MA2462.1	ZNF250	MA2462.1	0.03792633358999006	-0.005315966202026949	0.08116863338200708	0.07730481963792257	0.12337168542844561	False	tested	paired empirical-Bayes moderated t	2	1000	1000	353	402	353	402	0.353	0.402	488	605
CTCF_bound_vs_matched_control	CTCF_bound	matched_control	FOXM1_MA2469.1	FOXM1	MA2469.1	0.026752033094867917	-0.016083143842290423	0.06958721003202625	0.18572079195513339	0.2513694442960855	False	tested	paired empirical-Bayes moderated t	2	1000	1000	162	209	162	203	0.162	0.209	186	257
CTCF_bound_vs_matched_control	CTCF_bound	matched_control	ZBTB48_MA2470.1	ZBTB48	MA2470.1	0.19466971659283444	0.14814792996618822	0.24119150321948066	1.5657382575826995e-05	0.0002534812850093834	True	tested	paired empirical-Bayes moderated t	2	1000	1000	131	159	123	149	0.131	0.159	153	175
CTCF_bound_vs_matched_control	CTCF_bound	matched_control	MAFGNRF1_MA0089.3	MAFG::NRF1	MA0089.3	-0.020647084803786617	-0.06825609049092515	0.026961920883351927	0.34326487648763016	0.4223198177393268	False	tested	paired empirical-Bayes moderated t	2	1000	1000	175	292	175	285	0.175	0.292	206	365
CTCF_bound_vs_matched_control	CTCF_bound	matched_control	ZBTB21_MA2487.1	ZBTB21	MA2487.1	-0.11482076575751103	-0.1704160526099668	-0.05922547890505526	0.001582222384932745	0.004926244542045204	True	tested	paired empirical-Bayes moderated t	2	1000	1000	331	391	331	391	0.331	0.391	429	516
CTCF_bound_vs_matched_control	CTCF_bound	matched_control	ZBTB40_MA2488.1	ZBTB40	MA2488.1	-0.005125185254408212	-0.04773298669239567	0.03748261618357924	0.7866348821691089	0.8351824324284995	False	tested	paired empirical-Bayes moderated t	2	1000	1000	224	286	224	286	0.224	0.286	285	404
CTCF_bound_vs_matched_control	CTCF_bound	matched_control	ZFP28_MA2489.1	ZFP28	MA2489.1	-0.05122817287579162	-0.09821831312234514	-0.004238032629238102	0.03634639844271038	0.06506486791807592	False	tested	paired empirical-Bayes moderated t	2	1000	1000	490	581	490	581	0.49	0.581	790	1159
CTCF_bound_vs_matched_control	CTCF_bound	matched_control	ZFP3_MA2490.1	ZFP3	MA2490.1	-0.03149694838995021	-0.07453785859318945	0.011543961813289032	0.12870398378272688	0.18662077648495398	False	tested	paired empirical-Bayes moderated t	2	1000	1000	141	171	131	162	0.141	0.171	158	190
CTCF_bound_vs_matched_control	CTCF_bound	matched_control	ZNF134_MA2491.1	ZNF134	MA2491.1	-0.039757218430734896	-0.08979211219786194	0.01027767533639215	0.10338201032409308	0.15685013524507394	False	tested	paired empirical-Bayes moderated t	2	1000	1000	134	184	128	175	0.134	0.184	149	215
CTCF_bound_vs_matched_control	CTCF_bound	matched_control	ZNF18_MA2492.1	ZNF18	MA2492.1	0.06225021750220291	0.019674654829538167	0.10482578017486766	0.010134898273938483	0.02206805667939005	True	tested	paired empirical-Bayes moderated t	2	1000	1000	192	200	185	198	0.192	0.2	217	226
CTCF_bound_vs_matched_control	CTCF_bound	matched_control	ZNF322_MA2493.1	ZNF322	MA2493.1	-0.004823628098254644	-0.047406990092467814	0.037759733895958526	0.798741085290839	0.8471496359145262	False	tested	paired empirical-Bayes moderated t	2	1000	1000	153	167	145	165	0.153	0.167	167	185
CTCF_bound_vs_matched_control	CTCF_bound	matched_control	ZNF436_MA2494.1	ZNF436	MA2494.1	0.046787675704994446	0.0016801617677608613	0.09189518964222804	0.04382060185890155	0.07585607241041241	False	tested	paired empirical-Bayes moderated t	2	1000	1000	318	316	318	316	0.318	0.316	417	411
CTCF_bound_vs_matched_control	CTCF_bound	matched_control	ZNF490_MA2495.1	ZNF490	MA2495.1	0.009322696828028807	-0.03632052617515673	0.054965919831214335	0.6473621525457819	0.7118879575665965	False	tested	paired empirical-Bayes moderated t	2	1000	1000	153	165	147	161	0.153	0.165	165	187
CTCF_bound_vs_matched_control	CTCF_bound	matched_control	ZNF596_MA2496.1	ZNF596	MA2496.1	0.08331434384326272	0.03874838903309593	0.1278802986534295	0.0028003923516253413	0.0075595697789886205	True	tested	paired empirical-Bayes moderated t	2	1000	1000	169	178	164	172	0.169	0.178	204	212
CTCF_bound_vs_matched_control	CTCF_bound	matched_control	ZNF623_MA2497.1	ZNF623	MA2497.1	-0.038248680476442386	-0.08467813953647738	0.008180778583592604	0.09329566837334534	0.14391353100143697	False	tested	paired empirical-Bayes moderated t	2	1000	1000	208	210	205	210	0.208	0.21	242	253
CTCF_bound_vs_matched_control	CTCF_bound	matched_control	BCL11A_MA2504.1	BCL11A	MA2504.1	-0.01099836798512211	-0.058750586821851185	0.03675385085160696	0.606692978070394	0.6737345434807986	False	tested	paired empirical-Bayes moderated t	2	1000	1000	91	115	82	102	0.091	0.115	95	137
CTCF_bound_vs_matched_control	CTCF_bound	matched_control	MYT1_MA2506.1	MYT1	MA2506.1	0.11815550976673048	0.07446638404228807	0.1618446354911729	0.0002999697150674661	0.0017201653152173902	True	tested	paired empirical-Bayes moderated t	2	1000	1000	165	231	157	222	0.165	0.231	197	281
CTCF_bound_vs_matched_control	CTCF_bound	matched_control	NACC2_MA2507.1	NACC2	MA2507.1	-0.006307840092021834	-0.04891073278691975	0.03629505260287608	0.7393279709820844	0.7915800533194258	False	tested	paired empirical-Bayes moderated t	2	1000	1000	141	217	139	203	0.141	0.217	163	279
CTCF_bound_vs_matched_control	CTCF_bound	matched_control	CASZ1_MA2508.1	CASZ1	MA2508.1	0.03361840160143971	-0.00922233876389194	0.07645914196677137	0.10701694333388292	0.16170472968197697	False	tested	paired empirical-Bayes moderated t	2	1000	1000	256	335	256	335	0.256	0.335	310	482
CTCF_bound_vs_matched_control	CTCF_bound	matched_control	ZBTB5_MA2509.1	ZBTB5	MA2509.1	-0.12102658523169399	-0.1636084497498774	-0.07844472071351058	0.0002173344370914261	0.0013787153352987345	True	tested	paired empirical-Bayes moderated t	2	1000	1000	116	113	99	109	0.116	0.113	123	119
CTCF_bound_vs_matched_control	CTCF_bound	matched_control	ZBTB41_MA2510.1	ZBTB41	MA2510.1	0.011077789070350022	-0.035075863410893846	0.05723144155159389	0.5919219094445352	0.6653385803833922	False	tested	paired empirical-Bayes moderated t	2	1000	1000	265	285	251	278	0.265	0.285	386	416
CTCF_bound_vs_matched_control	CTCF_bound	matched_control	ZNF335_MA2511.1	ZNF335	MA2511.1	0.010449085188635514	-0.041466462862175736	0.062364633239446764	0.6520979910091872	0.7155453631073784	False	tested	paired empirical-Bayes moderated t	2	1000	1000	164	162	154	158	0.164	0.162	197	203
CTCF_bound_vs_matched_control	CTCF_bound	matched_control	ZNF648_MA2512.1	ZNF648	MA2512.1	-0.036836591831902216	-0.08116886455313761	0.007495680889333181	0.09098564994388682	0.14142486170451013	False	tested	paired empirical-Bayes moderated t	2	1000	1000	309	345	309	345	0.309	0.345	455	486
CTCF_bound_vs_matched_control	CTCF_bound	matched_control	FLYWCH1_MA2513.1	FLYWCH1	MA2513.1	-0.053999558627207206	-0.09804622401399152	-0.009952893240422887	0.02260146053881492	0.04398496803190758	True	tested	paired empirical-Bayes moderated t	2	1000	1000	246	291	241	291	0.246	0.291	303	398
CTCF_bound_vs_matched_control	CTCF_bound	matched_control	ZNF853_MA2514.1	ZNF853	MA2514.1	0.2590933457478325	0.18817463506593773	0.33001205642972725	4.024236405112974e-05	0.0004538444390210743	True	tested	paired empirical-Bayes moderated t	2	1000	1000	58	63	40	46	0.058	0.063	62	69
CTCF_bound_vs_matched_control	CTCF_bound	matched_control	ZNF865_MA2515.1	ZNF865	MA2515.1	0.11254114020325293	0.06954039845041143	0.15554188195609442	0.0003701893627280858	0.0019880539850212014	True	tested	paired empirical-Bayes moderated t	2	1000	1000	112	154	104	125	0.112	0.154	143	182
CTCF_bound_vs_matched_control	CTCF_bound	matched_control	ZSCAN2_MA2516.1	ZSCAN2	MA2516.1	0.0005193138904801594	-0.04221090822952274	0.043249536010483064	0.9781259934694327	0.9829682013578952	False	tested	paired empirical-Bayes moderated t	2	1000	1000	268	340	268	340	0.268	0.34	314	422
CTCF_bound_vs_matched_control	CTCF_bound	matched_control	ZSCAN25_MA2517.1	ZSCAN25	MA2517.1	-0.017259026478142047	-0.06069476692696768	0.02617671397068359	0.3828850777332453	0.46155386448841335	False	tested	paired empirical-Bayes moderated t	2	1000	1000	337	361	337	361	0.337	0.361	484	508
CTCF_bound_vs_matched_control	CTCF_bound	matched_control	ZNF551_MA2518.1	ZNF551	MA2518.1	-0.0864700848389191	-0.13068969497729716	-0.042250474700541045	0.0021711153173519667	0.006214123763362296	True	tested	paired empirical-Bayes moderated t	2	1000	1000	213	272	213	272	0.213	0.272	257	337
CTCF_bound_vs_matched_control	CTCF_bound	matched_control	ZNF606_MA2519.1	ZNF606	MA2519.1	-0.014093929044212743	-0.061930676186896405	0.03374281809847092	0.5126459561520778	0.5912905062435897	False	tested	paired empirical-Bayes moderated t	2	1000	1000	231	274	231	268	0.231	0.274	304	350
CTCF_bound_vs_matched_control	CTCF_bound	matched_control	ZNF678_MA2520.1	ZNF678	MA2520.1	0.00984567556092223	-0.03272270811857407	0.05241405924041853	0.6052078763840023	0.6728214616974396	False	tested	paired empirical-Bayes moderated t	2	1000	1000	97	142	88	121	0.097	0.142	105	156
CTCF_bound_vs_matched_control	CTCF_bound	matched_control	FIZ1_MA2521.1	FIZ1	MA2521.1	-0.03618541992087469	-0.09058273118250632	0.018211891340756924	0.16182734675863522	0.22781519689322435	False	tested	paired empirical-Bayes moderated t	2	1000	1000	182	224	182	211	0.182	0.224	212	254
CTCF_bound_vs_matched_control	CTCF_bound	matched_control	ZNF683_MA2522.1	ZNF683	MA2522.1	-0.06553231827509236	-0.10979027623361315	-0.021274360316571574	0.009530525069791275	0.02102931075182205	True	tested	paired empirical-Bayes moderated t	2	1000	1000	412	497	412	497	0.412	0.497	557	752
CTCF_bound_vs_matched_control	CTCF_bound	matched_control	ZNF689_MA2523.1	ZNF689	MA2523.1	0.06085383191004946	0.017104706762042073	0.10460295705805686	0.012854853198126386	0.02720345764585659	True	tested	paired empirical-Bayes moderated t	2	1000	1000	120	167	116	161	0.12	0.167	129	193
CTCF_bound_vs_matched_control	CTCF_bound	matched_control	ZNF696_MA2524.1	ZNF696	MA2524.1	-0.038519455273894235	-0.08816088243115355	0.01112197188336509	0.11035458256811609	0.16536050759795018	False	tested	paired empirical-Bayes moderated t	2	1000	1000	217	246	217	246	0.217	0.246	249	299
CTCF_bound_vs_matched_control	CTCF_bound	matched_control	ZNF699_MA2525.1	ZNF699	MA2525.1	0.016208228747583868	-0.027125948812722442	0.05954240630789018	0.4100439330309528	0.48849130519532524	False	tested	paired empirical-Bayes moderated t	2	1000	1000	167	184	162	178	0.167	0.184	190	205
CTCF_bound_vs_matched_control	CTCF_bound	matched_control	ZNF721_MA2526.1	ZNF721	MA2526.1	0.09425492290449783	0.05164100092219616	0.1368688448867995	0.001052683844020698	0.003748409318395883	True	tested	paired empirical-Bayes moderated t	2	1000	1000	278	359	278	359	0.278	0.359	346	475
CTCF_bound_vs_matched_control	CTCF_bound	matched_control	ZNF726_MA2527.1	ZNF726	MA2527.1	0.0038060749488132237	-0.04523418323357555	0.052846333131201996	0.8611496108609779	0.8983215365096532	False	tested	paired empirical-Bayes moderated t	2	1000	1000	172	240	172	228	0.172	0.24	195	293
CTCF_bound_vs_matched_control	CTCF_bound	matched_control	ZNF732_MA2528.1	ZNF732	MA2528.1	-0.15051276257052904	-0.19360352435229314	-0.10742200078876493	5.475451529419323e-05	0.0005557583302360613	True	tested	paired empirical-Bayes moderated t	2	1000	1000	242	285	242	285	0.242	0.285	299	336
CTCF_bound_vs_matched_control	CTCF_bound	matched_control	ZNF772_MA2529.1	ZNF772	MA2529.1	-0.014879489306574747	-0.058123651188589406	0.02836467257543991	0.44691676724193785	0.5262419011027458	False	tested	paired empirical-Bayes moderated t	2	1000	1000	124	183	113	166	0.124	0.183	139	216
CTCF_bound_vs_matched_control	CTCF_bound	matched_control	ZNF773_MA2530.1	ZNF773	MA2530.1	0.10707731172777685	0.058420018759278755	0.15573460469627493	0.0010853294781174713	0.003811797302038869	True	tested	paired empirical-Bayes moderated t	2	1000	1000	180	225	180	212	0.18	0.225	209	256
CTCF_bound_vs_matched_control	CTCF_bound	matched_control	ZNF775_MA2531.1	ZNF775	MA2531.1	-0.06694746132518872	-0.11005486039885629	-0.02384006225152116	0.007519771961093714	0.017036983349352944	True	tested	paired empirical-Bayes moderated t	2	1000	1000	434	518	434	518	0.434	0.518	664	841
CTCF_bound_vs_matched_control	CTCF_bound	matched_control	ZNF780B_MA2532.1	ZNF780B	MA2532.1	0.13661971022078168	0.09394047768465133	0.17929894275691202	9.886684322684692e-05	0.0007964273482162669	True	tested	paired empirical-Bayes moderated t	2	1000	1000	175	220	175	216	0.175	0.22	198	249
CTCF_bound_vs_matched_control	CTCF_bound	matched_control	ZNF814_MA2533.1	ZNF814	MA2533.1	0.018483600069968468	-0.024244721114589213	0.06121192125452615	0.3444121620457494	0.42321833471723447	False	tested	paired empirical-Bayes moderated t	2	1000	1000	239	277	236	274	0.239	0.277	298	346
CTCF_bound_vs_matched_control	CTCF_bound	matched_control	ZNF831_MA2534.1	ZNF831	MA2534.1	0.08951252228964542	0.04618789429380782	0.132837150285483	0.0015786714239725001	0.004926244542045204	True	tested	paired empirical-Bayes moderated t	2	1000	1000	116	139	115	125	0.116	0.139	129	156
CTCF_bound_vs_matched_control	CTCF_bound	matched_control	MYPOP_MA2535.1	MYPOP	MA2535.1	0.13549505666020278	0.08335624499878981	0.18763386832161577	0.0003872709678948767	0.002068842275859473	True	tested	paired empirical-Bayes moderated t	2	1000	1000	60	102	51	74	0.06	0.102	71	119
CTCF_bound_vs_matched_control	CTCF_bound	matched_control	PRDM13_MA2536.1	PRDM13	MA2536.1	0.27720817991048674	0.23247989145583664	0.32193646836513684	9.381149164150332e-07	4.5342220960059935e-05	True	tested	paired empirical-Bayes moderated t	2	1000	1000	326	229	326	229	0.326	0.229	399	293
CTCF_bound_vs_matched_control	CTCF_bound	matched_control	SALL3_MA2537.1	SALL3	MA2537.1	0.04461486921286642	0.001625925849207878	0.08760381257652497	0.04373168616989554	0.07585607241041241	False	tested	paired empirical-Bayes moderated t	2	1000	1000	104	133	100	124	0.104	0.133	120	151
CTCF_bound_vs_matched_control	CTCF_bound	matched_control	CGGBP1_MA2538.1	CGGBP1	MA2538.1	0.21105918270941715	0.1484026421317326	0.2737157232871017	7.008524781869057e-05	0.000647687866491156	True	tested	paired empirical-Bayes moderated t	2	1000	1000	197	214	194	197	0.197	0.214	470	462
CTCF_bound_vs_matched_control	CTCF_bound	matched_control	SLC2A4RG_MA2539.1	SLC2A4RG	MA2539.1	0.05642256219405774	0.01302800016764677	0.0998171242204687	0.01749653426474348	0.03527633788121917	True	tested	paired empirical-Bayes moderated t	2	1000	1000	128	134	124	114	0.128	0.134	219	204
CTCF_bound_vs_matched_control	CTCF_bound	matched_control	SP140L_MA2540.1	SP140L	MA2540.1	0.061768292555397925	0.018546066279660905	0.10499051883113494	0.011312427786313587	0.02427508288183571	True	tested	paired empirical-Bayes moderated t	2	1000	1000	130	136	116	128	0.13	0.136	145	162
CTCF_bound_vs_matched_control	CTCF_bound	matched_control	CREB3L3_MA2541.1	CREB3L3	MA2541.1	-0.02432492048586943	-0.07068563466014907	0.022035793688410205	0.25805347366204767	0.3319699312635974	False	tested	paired empirical-Bayes moderated t	2	1000	1000	79	71	57	59	0.079	0.071	87	76
CTCF_bound_vs_matched_control	CTCF_bound	matched_control	SCAND3_MA2542.1	SCAND3	MA2542.1	0.037350381727558765	-0.005291351703959557	0.07999211515907709	0.07762109159176173	0.12368195912973023	False	tested	paired empirical-Bayes moderated t	2	1000	1000	216	264	216	264	0.216	0.264	256	312
CTCF_bound_vs_matched_control	CTCF_bound	matched_control	ZBTB47_MA2543.1	ZBTB47	MA2543.1	-0.013619288730090804	-0.056909041386919185	0.02967046392673758	0.4853726066513853	0.5623894928666165	False	tested	paired empirical-Bayes moderated t	2	1000	1000	139	181	139	176	0.139	0.181	161	212
CTCF_bound_vs_matched_control	CTCF_bound	matched_control	ZKSCAN4_MA2544.1	ZKSCAN4	MA2544.1	0.05813699660824362	0.015486190044041795	0.10078780317244544	0.014123716323967408	0.02961895055542752	True	tested	paired empirical-Bayes moderated t	2	1000	1000	143	202	139	184	0.143	0.202	162	246
CTCF_bound_vs_matched_control	CTCF_bound	matched_control	ZNF57_MA2545.1	ZNF57	MA2545.1	0.07629373673401499	0.03371896622141104	0.11886850724661893	0.0035399920907486235	0.009096435372430007	True	tested	paired empirical-Bayes moderated t	2	1000	1000	167	188	164	180	0.167	0.188	181	211
CTCF_bound_vs_matched_control	CTCF_bound	matched_control	ZNF131_MA2546.1	ZNF131	MA2546.1	0.11477892961153077	0.05855511996221834	0.1710027392608432	0.0016932984979775429	0.005130441717752854	True	tested	paired empirical-Bayes moderated t	2	1000	1000	191	218	186	201	0.191	0.218	446	485
CTCF_bound_vs_matched_control	CTCF_bound	matched_control	ZNF215_MA2547.1	ZNF215	MA2547.1	0.06354652114966651	0.020180188174666047	0.10691285412466697	0.010026927290895469	0.021968211085049368	True	tested	paired empirical-Bayes moderated t	2	1000	1000	234	210	234	210	0.234	0.21	291	252
CTCF_bound_vs_matched_control	CTCF_bound	matched_control	ZNF226_MA2548.1	ZNF226	MA2548.1	-0.01501999873543252	-0.05863544964113422	0.02859545217026918	0.4465458885477181	0.5262419011027458	False	tested	paired empirical-Bayes moderated t	2	1000	1000	243	365	243	365	0.243	0.365	314	542
CTCF_bound_vs_matched_control	CTCF_bound	matched_control	ZNF234_MA2549.1	ZNF234	MA2549.1	-0.06542987883641829	-0.10898583405994088	-0.02187392361289571	0.008878431926139062	0.019827894294511376	True	tested	paired empirical-Bayes moderated t	2	1000	1000	283	375	283	375	0.283	0.375	365	537
CTCF_bound_vs_matched_control	CTCF_bound	matched_control	ZNF275_MA2550.1	ZNF275	MA2550.1	0.06028581630729192	0.01726266936005992	0.10330896325452392	0.01241845156947179	0.026462808776368325	True	tested	paired empirical-Bayes moderated t	2	1000	1000	212	215	205	215	0.212	0.215	251	253
CTCF_bound_vs_matched_control	CTCF_bound	matched_control	ZNF286B_MA2551.1	ZNF286B	MA2551.1	0.051186487138823705	0.007585226998013166	0.09478774727963424	0.027085780814553973	0.051219420052977395	False	tested	paired empirical-Bayes moderated t	2	1000	1000	140	167	140	158	0.14	0.167	156	186
CTCF_bound_vs_matched_control	CTCF_bound	matched_control	ZNF367_MA2552.1	ZNF367	MA2552.1	0.03448974688850299	-0.009444682135152128	0.07842417591215811	0.10690529257333324	0.16170472968197697	False	tested	paired empirical-Bayes moderated t	2	1000	1000	209	243	209	243	0.209	0.243	248	302
CTCF_bound_vs_matched_control	CTCF_bound	matched_control	ZNF407_MA2553.1	ZNF407	MA2553.1	-0.05796206405113112	-0.10263357001678924	-0.01329055808547299	0.017659432496039247	0.03542356518474276	True	tested	paired empirical-Bayes moderated t	2	1000	1000	129	133	120	112	0.129	0.133	148	162
CTCF_bound_vs_matched_control	CTCF_bound	matched_control	ZNF471_MA2554.1	ZNF471	MA2554.1	-0.0023920008481389376	-0.04729817160834772	0.04251416991206984	0.9043926516661827	0.9347846654187122	False	tested	paired empirical-Bayes moderated t	2	1000	1000	428	530	428	530	0.428	0.53	642	895
CTCF_bound_vs_matched_control	CTCF_bound	matched_control	ZNF493_MA2555.1	ZNF493	MA2555.1	0.06917095645425544	0.016088852451542658	0.12225306045696824	0.01732528249036096	0.03503020264485334	True	tested	paired empirical-Bayes moderated t	2	1000	1000	162	200	158	196	0.162	0.2	187	232
CTCF_bound_vs_matched_control	CTCF_bound	matched_control	ZNF510_MA2556.1	ZNF510	MA2556.1	0.011182671009682909	-0.03176529480512358	0.05413063682448939	0.5615784229348106	0.6382920367158713	False	tested	paired empirical-Bayes moderated t	2	1000	1000	225	240	225	240	0.225	0.24	258	300
CTCF_bound_vs_matched_control	CTCF_bound	matched_control	ZGLP1_MA2557.1	ZGLP1	MA2557.1	0.009268481307775283	-0.034475076475087796	0.053012039090638355	0.6353170032519965	0.7001593466892252	False	tested	paired empirical-Bayes moderated t	2	1000	1000	688	745	688	745	0.688	0.745	1474	1702
CTCF_bound_vs_matched_control	CTCF_bound	matched_control	MSANTD4_MA2558.1	MSANTD4	MA2558.1	0.030254617624235883	-0.01769358051019327	0.07820281575866503	0.181730825998402	0.24994144768072907	False	tested	paired empirical-Bayes moderated t	2	1000	1000	89	104	76	86	0.089	0.104	93	120
CTCF_bound_vs_matched_control	CTCF_bound	matched_control	NACC2_MA2559.1	NACC2	MA2559.1	0.027196729290516204	-0.01796938912677419	0.0723628477078066	0.20017727088074017	0.2659423166805645	False	tested	paired empirical-Bayes moderated t	2	1000	1000	489	606	489	606	0.489	0.606	812	1101
CTCF_bound_vs_matched_control	CTCF_bound	matched_control	POGK_MA2560.1	POGK	MA2560.1	0.013989799751006834	-0.03502726997122545	0.06300686947323911	0.5255494014712013	0.602068445251997	False	tested	paired empirical-Bayes moderated t	2	1000	1000	23	37	13	14	0.023	0.037	23	37
CTCF_bound_vs_matched_control	CTCF_bound	matched_control	TIGD4_MA2561.1	TIGD4	MA2561.1	-0.18757379662044033	-0.24711114232405532	-0.12803645091682533	0.0001099993905181808	0.0008458286467875266	True	tested	paired empirical-Bayes moderated t	2	1000	1000	52	59	30	34	0.052	0.059	52	61
CTCF_bound_vs_matched_control	CTCF_bound	matched_control	TIGD5_MA2562.1	TIGD5	MA2562.1	-0.1634930058620697	-0.21306649435934644	-0.11391951736479296	8.08762188433604e-05	0.0006898265724874858	True	tested	paired empirical-Bayes moderated t	2	1000	1000	29	34	15	17	0.029	0.034	29	36
CTCF_bound_vs_matched_control	CTCF_bound	matched_control	TIGD7_MA2563.1	TIGD7	MA2563.1	-0.19964176793284136	-0.2607711175623794	-0.1385124183033033	8.639479563402603e-05	0.0007247166741201356	True	tested	paired empirical-Bayes moderated t	2	1000	1000	54	62	46	48	0.054	0.062	55	64
CTCF_bound_vs_matched_control	CTCF_bound	matched_control	ZNF43_MA2564.1	ZNF43	MA2564.1	-0.06194999454808733	-0.10779436237352817	-0.016105626722646482	0.014699177409529682	0.0305730841612144	True	tested	paired empirical-Bayes moderated t	2	1000	1000	114	113	100	102	0.114	0.113	124	121
CTCF_bound_vs_matched_control	CTCF_bound	matched_control	ZNF70_MA2565.1	ZNF70	MA2565.1	-0.00268666703573637	-0.045745117004177424	0.040371782932704686	0.888127749248906	0.9236164605406144	False	tested	paired empirical-Bayes moderated t	2	1000	1000	629	683	629	683	0.629	0.683	1289	1409
CTCF_bound_vs_matched_control	CTCF_bound	matched_control	ZNF395_MA2566.1	ZNF395	MA2566.1	0.06202885259635907	0.013842258079010378	0.11021544711370776	0.01829170594910738	0.0364756022364322	True	tested	paired empirical-Bayes moderated t	2	1000	1000	268	248	266	245	0.268	0.248	488	433
CTCF_bound_vs_matched_control	CTCF_bound	matched_control	ZNF497_MA2567.1	ZNF497	MA2567.1	-0.06251088516436662	-0.12215152236590054	-0.002870247962832702	0.04216645001242267	0.07388902078928067	False	tested	paired empirical-Bayes moderated t	2	1000	1000	162	217	158	200	0.162	0.217	184	259
CTCF_bound_vs_matched_control	CTCF_bound	matched_control	ZNF568_MA2568.1	ZNF568	MA2568.1	-0.046220543495326005	-0.0911723309446337	-0.001268756046018317	0.04524265141688743	0.0779648407268943	False	tested	paired empirical-Bayes moderated t	2	1000	1000	187	205	187	205	0.187	0.205	217	246
CTCF_bound_vs_matched_control	CTCF_bound	matched_control	ZNF676_MA2569.1	ZNF676	MA2569.1	-0.1155069844944314	-0.160157120675706	-0.0708568483131568	0.0003986536592496799	0.0020965464463130836	True	tested	paired empirical-Bayes moderated t	2	1000	1000	73	83	62	66	0.073	0.083	81	89
CTCF_bound_vs_matched_control	CTCF_bound	matched_control	ZNF746_MA2570.1	ZNF746	MA2570.1	-0.02742461205564227	-0.06999427468767894	0.01514505057639439	0.1737799913032353	0.24162560434627922	False	tested	paired empirical-Bayes moderated t	2	1000	1000	323	355	322	355	0.323	0.355	484	526
CTCF_bound_vs_matched_control	CTCF_bound	matched_control	ZNF800_MA2571.1	ZNF800	MA2571.1	-0.31417850068518716	-0.3975446222318084	-0.23081237913856587	3.247823794300112e-05	0.000387828370731131	True	tested	paired empirical-Bayes moderated t	2	1000	1000	48	77	39	41	0.048	0.077	48	82
CTCF_bound_vs_matched_control	CTCF_bound	matched_control	ZNF827_MA2572.1	ZNF827	MA2572.1	0.008315247009508581	-0.03431766616512337	0.05094816018414053	0.6620480051226358	0.7225863979324534	False	tested	paired empirical-Bayes moderated t	2	1000	1000	542	600	542	600	0.542	0.6	884	1040
CTCF_bound_vs_matched_control	CTCF_bound	matched_control	ZNF836_MA2573.1	ZNF836	MA2573.1	0.030811005133580153	-0.03771967745167436	0.09934168771883466	0.32693729021101137	0.4046845726392397	False	tested	paired empirical-Bayes moderated t	2	1000	1000	118	143	112	138	0.118	0.143	127	168
CTCF_bound_vs_matched_control	CTCF_bound	matched_control	ZNF878_MA2574.1	ZNF878	MA2574.1	0.011410933824859052	-0.0320496452293669	0.05487151287908501	0.5583819868390465	0.6353786061004846	False	tested	paired empirical-Bayes moderated t	2	1000	1000	226	288	226	288	0.226	0.288	256	353
CTCF_bound_vs_matched_control	CTCF_bound	matched_control	ZNF536_MA2575.1	ZNF536	MA2575.1	0.019696051926539747	-0.02593336451022809	0.06532546836330758	0.34538990260026364	0.4239065914622341	False	tested	paired empirical-Bayes moderated t	2	1000	1000	428	495	428	495	0.428	0.495	655	871
CTCF_bound_vs_matched_control	CTCF_bound	matched_control	ZXDB_MA2576.1	ZXDB	MA2576.1	-0.09411758312986193	-0.13676431224380006	-0.05147085401592381	0.001066905988427232	0.003760102702269585	True	tested	paired empirical-Bayes moderated t	2	1000	1000	268	262	268	256	0.268	0.262	363	343
CTCF_bound_vs_matched_control	CTCF_bound	matched_control	ZXDC_MA2577.1	ZXDC	MA2577.1	-0.09106537966859472	-0.13399978730839146	-0.04813097202879799	0.0013524023568907426	0.0044712976946062015	True	tested	paired empirical-Bayes moderated t	2	1000	1000	213	188	207	188	0.213	0.188	265	232
CTCF_bound_vs_matched_control	CTCF_bound	matched_control	ZBTB8A_MA2578.1	ZBTB8A	MA2578.1	-0.0905501433617569	-0.13318591977681854	-0.04791436694669525	0.0013419733437926315	0.004465911291637773	True	tested	paired empirical-Bayes moderated t	2	1000	1000	321	367	318	367	0.321	0.367	537	624
CTCF_bound_vs_matched_control	CTCF_bound	matched_control	ZBTB8B_MA2579.1	ZBTB8B	MA2579.1	0.12076821778962879	0.0639629381242815	0.17757349745497608	0.0013337701003463902	0.004465911291637773	True	tested	paired empirical-Bayes moderated t	2	1000	1000	73	101	66	84	0.073	0.101	81	113
CTCF_bound_vs_matched_control	CTCF_bound	matched_control	ZNF20_MA2580.1	ZNF20	MA2580.1	-0.07465704836858608	-0.13090213586143992	-0.01841196087573225	0.015947200303398794	0.03276600872054611	True	tested	paired empirical-Bayes moderated t	2	1000	1000	116	178	116	170	0.116	0.178	121	202
CTCF_bound_vs_matched_control	CTCF_bound	matched_control	ZNF66_MA2581.1	ZNF66	MA2581.1	0.05450998468375781	0.010722208145520384	0.09829776122199524	0.021169155008578282	0.04171279295483953	True	tested	paired empirical-Bayes moderated t	2	1000	1000	267	296	267	296	0.267	0.296	378	399
CTCF_bound_vs_matched_control	CTCF_bound	matched_control	ZNF121_MA2582.1	ZNF121	MA2582.1	0.06996456214044801	0.026935970820777776	0.11299315346011823	0.005945623436186107	0.014034436715648602	True	tested	paired empirical-Bayes moderated t	2	1000	1000	156	200	156	196	0.156	0.2	178	227
CTCF_bound_vs_matched_control	CTCF_bound	matched_control	ZNF142_MA2583.1	ZNF142	MA2583.1	0.06283729731004756	0.011472723097868488	0.11420187152222663	0.022806519154861326	0.044261217862684984	True	tested	paired empirical-Bayes moderated t	2	1000	1000	167	178	164	163	0.167	0.178	292	327
CTCF_bound_vs_matched_control	CTCF_bound	matched_control	DNTTIP1_MA2584.1	DNTTIP1	MA2584.1	0.000844436484440921	-0.04216505657963407	0.04385392954851591	0.9646710949586536	0.974386231596567	False	tested	paired empirical-Bayes moderated t	2	1000	1000	136	175	136	165	0.136	0.175	175	223
CTCF_bound_vs_matched_control	CTCF_bound	matched_control	ZNF500_MA2585.1	ZNF500	MA2585.1	0.02274364448000869	-0.02356998801321032	0.0690572769732277	0.28724993483124317	0.36173533976887323	False	tested	paired empirical-Bayes moderated t	2	1000	1000	125	154	121	151	0.125	0.154	146	172
CTCF_bound_vs_matched_control	CTCF_bound	matched_control	ZNF518B_MA2586.1	ZNF518B	MA2586.1	-0.014947249244797463	-0.07000582462476013	0.0401113261351652	0.5454203115468601	0.6220242878877112	False	tested	paired empirical-Bayes moderated t	2	1000	1000	75	90	59	74	0.075	0.09	76	99
CTCF_bound_vs_matched_control	CTCF_bound	matched_control	ZNF672_MA2587.1	ZNF672	MA2587.1	0.05754994906985965	0.01491669927655654	0.10018319886316276	0.014770529777282724	0.030639080950723204	True	tested	paired empirical-Bayes moderated t	2	1000	1000	322	325	322	325	0.322	0.325	418	416
CTCF_bound_vs_matched_control	CTCF_bound	matched_control	FAM200B_MA2588.1	FAM200B	MA2588.1	0.2233363785513666	0.17536999714731533	0.27130275995541786	7.360499566185428e-06	0.00014941814119356418	True	tested	paired empirical-Bayes moderated t	2	1000	1000	114	102	101	89	0.114	0.102	153	123
CTCF_bound_vs_matched_control	CTCF_bound	matched_control	ZNF728_MA2589.1	ZNF728	MA2589.1	-0.062312349106842906	-0.11746033230003358	-0.007164365913652236	0.03160539698269886	0.057593317661470994	False	tested	paired empirical-Bayes moderated t	2	1000	1000	244	211	244	211	0.244	0.211	295	257
CTCF_bound_vs_matched_control	CTCF_bound	matched_control	ZNF841_MA2590.1	ZNF841	MA2590.1	0.08380930573126252	0.03934472044226273	0.12827389102026232	0.0026745142733375893	0.0072583742979616395	True	tested	paired empirical-Bayes moderated t	2	1000	1000	193	215	193	211	0.193	0.215	213	252
CTCF_bound_vs_matched_control	CTCF_bound	matched_control	ZNF850_MA2591.1	ZNF850	MA2591.1	-0.06255994729566623	-0.1052863217430088	-0.01983357284832367	0.010064968055667993	0.02196976898172691	True	tested	paired empirical-Bayes moderated t	2	1000	1000	226	273	226	273	0.226	0.273	292	345
CTCF_bound_vs_matched_control	CTCF_bound	matched_control	MKX_MA2592.1	MKX	MA2592.1	-0.038978581142982284	-0.0892289734991972	0.01127181121323264	0.11045756074030563	0.16536050759795018	False	tested	paired empirical-Bayes moderated t	2	1000	1000	193	252	193	252	0.193	0.252	221	327
CTCF_bound_vs_matched_control	CTCF_bound	matched_control	ZNF362_MA2593.1	ZNF362	MA2593.1	0.009215885677510175	-0.03364205964199357	0.05207383099701392	0.630376537136707	0.6957579327536269	False	tested	paired empirical-Bayes moderated t	2	1000	1000	335	407	335	407	0.335	0.407	523	700
CTCF_bound_vs_matched_control	CTCF_bound	matched_control	DMTF1_MA2594.1	DMTF1	MA2594.1	0.1237545481379507	0.08002735208416903	0.16748174419173237	0.0002234492408674092	0.0013914170520271188	True	tested	paired empirical-Bayes moderated t	2	1000	1000	130	128	125	117	0.13	0.128	144	138
CTCF_bound_vs_matched_control	CTCF_bound	matched_control	ZNF700_MA2595.1	ZNF700	MA2595.1	0.0867105042440802	0.044043356584123235	0.12937765190403716	0.0017384942221429392	0.005236117612685707	True	tested	paired empirical-Bayes moderated t	2	1000	1000	136	216	134	208	0.136	0.216	156	267
CTCF_bound_vs_matched_control	CTCF_bound	matched_control	ZXDA_MA2596.1	ZXDA	MA2596.1	-0.08951508238319764	-0.13208831563771348	-0.04694184912868179	0.0014240206373031129	0.0045452231033416965	True	tested	paired empirical-Bayes moderated t	2	1000	1000	238	229	238	224	0.238	0.229	314	290
CTCF_bound_vs_matched_control	CTCF_bound	matched_control	LEUTX_MA2597.1	LEUTX	MA2597.1	0.00254202368564556	-0.04047168420968767	0.04555573158097879	0.8939971504284467	0.9259256200866056	False	tested	paired empirical-Bayes moderated t	2	1000	1000	136	194	131	189	0.136	0.194	162	246
CTCF_bound_vs_matched_control	CTCF_bound	matched_control	MSANTD1_MA2598.1	MSANTD1	MA2598.1	-0.011368665349171223	-0.06769952953901755	0.04496219884067511	0.6512249877431477	0.715360781990579	False	tested	paired empirical-Bayes moderated t	2	1000	1000	81	103	73	83	0.081	0.103	83	111
CTCF_bound_vs_matched_control	CTCF_bound	matched_control	TIGD3_MA2599.1	TIGD3	MA2599.1	-0.11833739659917869	-0.1832408070002921	-0.05343398619806529	0.0032183676860405284	0.008419183508585403	True	tested	paired empirical-Bayes moderated t	2	1000	1000	114	145	110	129	0.114	0.145	124	164
CTCF_bound_vs_matched_control	CTCF_bound	matched_control	TPRX1_MA2600.1	TPRX1	MA2600.1	0.024090074605306565	-0.018497507306307483	0.06667765651692062	0.225868656063962	0.2954338735888163	False	tested	paired empirical-Bayes moderated t	2	1000	1000	217	311	217	311	0.217	0.311	283	440
CTCF_bound_vs_matched_control	CTCF_bound	matched_control	USF3_MA2601.1	USF3	MA2601.1	-0.02554854128799463	-0.09652368644594869	0.04542660386995943	0.42708186765396383	0.507597301719875	False	tested	paired empirical-Bayes moderated t	2	1000	1000	73	73	57	58	0.073	0.073	82	80
CTCF_bound_vs_matched_control	CTCF_bound	matched_control	ZBED5_MA2602.1	ZBED5	MA2602.1	0.030872589493563057	-0.013840202744449921	0.07558538173157603	0.1484319227774624	0.2115988786785454	False	tested	paired empirical-Bayes moderated t	2	1000	1000	99	76	77	68	0.099	0.076	116	88
CTCF_bound_vs_matched_control	CTCF_bound	matched_control	ZFTA_MA2603.1	ZFTA	MA2603.1	0.06256145759242542	0.019301723374990427	0.10582119180986041	0.010685667321677483	0.023125697934973655	True	tested	paired empirical-Bayes moderated t	2	1000	1000	201	194	200	194	0.201	0.194	240	232
CTCF_bound_vs_matched_control	CTCF_bound	matched_control	HELT_MA2628.1	HELT	MA2628.1	-0.007312105378372879	-0.05322714959067171	0.038602938833925945	0.7205844731419547	0.7770594772228681	False	tested	paired empirical-Bayes moderated t	2	1000	1000	64	76	57	59	0.064	0.076	73	89
CTCF_bound_vs_matched_control	CTCF_bound	matched_control	GSCTBX21_MA2629.1	GSC::TBX21	MA2629.1	-0.07407129039698838	-0.11801842447026017	-0.030124156323716594	0.004925159065859112	0.011959417348916264	True	tested	paired empirical-Bayes moderated t	2	1000	1000	151	180	149	172	0.151	0.18	164	212
CTCF_bound_vs_matched_control	CTCF_bound	matched_control	HIF3A_MA2674.1	HIF3A	MA2674.1	-0.16074023245060803	-0.20330513515700144	-0.11817532974421463	3.202301650809642e-05	0.000387828370731131	True	tested	paired empirical-Bayes moderated t	2	1000	1000	134	141	123	117	0.134	0.141	160	165
CTCF_bound_vs_matched_control	CTCF_bound	matched_control	HOMEZ_MA2675.1	HOMEZ	MA2675.1	0.33710712226753936	0.24920323004553996	0.42501101448953876	2.878307610607147e-05	0.0003844055558902966	True	tested	paired empirical-Bayes moderated t	2	1000	1000	40	35	24	21	0.04	0.035	40	38
CTCF_bound_vs_matched_control	CTCF_bound	matched_control	HSF5_MA2676.1	HSF5	MA2676.1	0.17711322476743632	0.13409731318075366	0.220129136354119	1.7537263470603256e-05	0.0002542903203237472	True	tested	paired empirical-Bayes moderated t	2	1000	1000	51	69	40	51	0.051	0.069	54	72
CTCF_bound_vs_matched_control	CTCF_bound	matched_control	HOXD1_MA2677.1	HOXD1	MA2677.1	-0.08174045325357163	-0.12712923418824543	-0.03635167231889782	0.003445080221086498	0.00892029700102754	True	tested	paired empirical-Bayes moderated t	2	1000	1000	75	88	66	72	0.075	0.088	84	98
CTCF_bound_vs_matched_control	CTCF_bound	matched_control	IRX1_MA2678.1	IRX1	MA2678.1	0.14906128444212702	0.09672551088083077	0.20139705800342328	0.00021438011298134167	0.0013685271363274327	True	tested	paired empirical-Bayes moderated t	2	1000	1000	118	165	118	153	0.118	0.165	138	195
CTCF_bound_vs_matched_control	CTCF_bound	matched_control	IRX2_MA2679.1	IRX2	MA2679.1	-0.038978581142982284	-0.0892289734991972	0.01127181121323264	0.11045756074030563	0.16536050759795018	False	tested	paired empirical-Bayes moderated t	2	1000	1000	193	252	193	252	0.193	0.252	221	327
CTCF_bound_vs_matched_control	CTCF_bound	matched_control	IRX5_MA2680.1	IRX5	MA2680.1	-0.038978581142982284	-0.0892289734991972	0.01127181121323264	0.11045756074030563	0.16536050759795018	False	tested	paired empirical-Bayes moderated t	2	1000	1000	193	252	193	252	0.193	0.252	221	327
CTCF_bound_vs_matched_control	CTCF_bound	matched_control	KLF8_MA2681.1	KLF8	MA2681.1	0.021488519845904355	-0.021409230290086446	0.06438626998189516	0.27842854244032605	0.3554779504112339	False	tested	paired empirical-Bayes moderated t	2	1000	1000	372	471	372	471	0.372	0.471	865	1141
CTCF_bound_vs_matched_control	CTCF_bound	matched_control	MYT1L_MA2682.1	MYT1L	MA2682.1	0.0820046947805659	0.039430981338396676	0.12457840822273514	0.0023660987303912267	0.006689666326872131	True	tested	paired empirical-Bayes moderated t	2	1000	1000	219	278	213	273	0.219	0.278	272	357
CTCF_bound_vs_matched_control	CTCF_bound	matched_control	NPAS3_MA2683.1	NPAS3	MA2683.1	-0.16074023245060803	-0.20330513515700144	-0.11817532974421463	3.202301650809642e-05	0.000387828370731131	True	tested	paired empirical-Bayes moderated t	2	1000	1000	134	141	123	117	0.134	0.141	160	165
CTCF_bound_vs_matched_control	CTCF_bound	matched_control	SOX30_MA2684.1	SOX30	MA2684.1	-0.0678922808396993	-0.11046744904125692	-0.025317112638141667	0.006573759064691008	0.015268570825312067	True	tested	paired empirical-Bayes moderated t	2	1000	1000	112	143	111	140	0.112	0.143	118	155
CTCF_bound_vs_matched_control	CTCF_bound	matched_control	TLX3_MA2685.1	TLX3	MA2685.1	-0.2160922288217347	-0.26075298279497006	-0.17143147484849933	5.597334380798508e-06	0.00013352784169687882	True	tested	paired empirical-Bayes moderated t	2	1000	1000	86	118	83	94	0.086	0.118	91	132
CTCF_bound_vs_matched_control	CTCF_bound	matched_control	ZEB2_MA2686.1	ZEB2	MA2686.1	0.14332921092092055	0.10065688647900066	0.18600153536284042	7.146593452803263e-05	0.000647687866491156	True	tested	paired empirical-Bayes moderated t	2	1000	1000	516	457	516	457	0.516	0.457	818	710
CTCF_bound_vs_matched_control	CTCF_bound	matched_control	ZNF251_MA2687.1	ZNF251	MA2687.1	0.006186063876261434	-0.03986831506009707	0.05224044281261994	0.7625978870717334	0.8139188805234588	False	tested	paired empirical-Bayes moderated t	2	1000	1000	226	293	226	293	0.226	0.293	277	399
CTCF_bound_vs_matched_control	CTCF_bound	matched_control	ZNF347_MA2688.1	ZNF347	MA2688.1	-0.0016250703320441276	-0.04537223581324107	0.04212209514915281	0.933226114496068	0.9560703148390803	False	tested	paired empirical-Bayes moderated t	2	1000	1000	409	474	409	474	0.409	0.474	600	719
CTCF_bound_vs_matched_control	CTCF_bound	matched_control	ZNF470_MA2689.1	ZNF470	MA2689.1	0.016828431850192883	-0.027165846435684194	0.06082271013606996	0.40000340976686544	0.4792258686740677	False	tested	paired empirical-Bayes moderated t	2	1000	1000	384	472	384	472	0.384	0.472	520	742
CTCF_bound_vs_matched_control	CTCF_bound	matched_control	ZNF724_MA2690.1	ZNF724	MA2690.1	-0.024239666653455626	-0.06763497181625855	0.0191556385093473	0.2311728361792796	0.3019825337477076	False	tested	paired empirical-Bayes moderated t	2	1000	1000	204	277	204	277	0.204	0.277	248	361
CTCF_bound_vs_matched_control	CTCF_bound	matched_control	ZNF841_MA2691.1	ZNF841	MA2691.1	-0.10656036440399612	-0.1625267973719491	-0.05059393143604313	0.0025264644078875553	0.007009016525905438	True	tested	paired empirical-Bayes moderated t	2	1000	1000	261	282	261	276	0.261	0.282	309	357
CTCF_bound_vs_matched_control	CTCF_bound	matched_control	ZNF43_MA2692.1	ZNF43	MA2692.1	0.05700428761598954	0.009537937297623658	0.10447063793435542	0.024654280483561677	0.04739411873260436	True	tested	paired empirical-Bayes moderated t	2	1000	1000	100	148	93	137	0.1	0.148	113	172
CTCF_bound_vs_matched_control	CTCF_bound	matched_control	ZBTB7A_MA0750.4	ZBTB7A	MA0750.4	0.09134721257742695	0.04852523356820913	0.13416919158664478	0.0013073342740043202	0.0043938552586569035	True	tested	paired empirical-Bayes moderated t	2	1000	1000	225	202	214	202	0.225	0.202	290	259
CTCF_bound_vs_matched_control	CTCF_bound	matched_control	ZBTB7C_MA0695.3	ZBTB7C	MA0695.3	0.08848797281516252	0.04551070309417949	0.13146524253614555	0.0016110090009616902	0.004985286999927182	True	tested	paired empirical-Bayes moderated t	2	1000	1000	78	96	70	79	0.078	0.096	86	104
CTCF_bound_vs_matched_control	CTCF_bound	matched_control	ZBTB24_MA2330.2	ZBTB24	MA2330.2	-0.033624487858885034	-0.09605292045357605	0.028803944735805977	0.24670827124149006	0.31899222332498395	False	tested	paired empirical-Bayes moderated t	2	1000	1000	195	233	194	230	0.195	0.233	226	282
CTCF_bound_vs_matched_control	CTCF_bound	matched_control	ZNF140_MA1589.3	ZNF140	MA1589.3	0.19307282325964084	0.14702287621141463	0.23912277030786705	1.544364319867082e-05	0.0002534812850093834	True	tested	paired empirical-Bayes moderated t	2	1000	1000	114	133	111	124	0.114	0.133	118	150
CTCF_bound_vs_matched_control	CTCF_bound	matched_control	ZNF143_MA0088.3	ZNF143	MA0088.3	0.07738381322715869	0.032769810838175865	0.12199781561614151	0.00422555850594301	0.010722354708830387	True	tested	paired empirical-Bayes moderated t	2	1000	1000	211	220	211	206	0.211	0.22	240	279
CTCF_bound_vs_matched_control	CTCF_bound	matched_control	ZNF320_MA1976.3	ZNF320	MA1976.3	-0.041832467499871545	-0.08440434541474473	0.000739410415001647	0.05317537883787126	0.08950747847502376	False	tested	paired empirical-Bayes moderated t	2	1000	1000	172	161	170	155	0.172	0.161	205	185
CTCF_bound_vs_matched_control	CTCF_bound	matched_control	ZNF423_MA0116.2	ZNF423	MA0116.2	0.0019130714521509752	-0.04485659908821785	0.048682741992519804	0.9264943509331042	0.9521629375495412	False	tested	paired empirical-Bayes moderated t	2	1000	1000	290	279	290	276	0.29	0.279	382	357
CTCF_bound_vs_matched_control	CTCF_bound	matched_control	Dmrtb1_MA2484.1	Dmrtb1	MA2484.1	0.04414148996893891	-0.004637260260367072	0.09292024019824488	0.07004187343042023	0.1133851699072991	False	tested	paired empirical-Bayes moderated t	2	1000	1000	133	169	133	161	0.133	0.169	151	200
CTCF_bound_vs_matched_control	CTCF_bound	matched_control	Duxbl1_MA2485.1	Duxbl1	MA2485.1	0.08063604973083927	0.03798853820769196	0.12328356125398657	0.0026279073470222773	0.007189557836193023	True	tested	paired empirical-Bayes moderated t	2	1000	1000	111	186	107	180	0.111	0.186	125	220
CTCF_bound_vs_matched_control	CTCF_bound	matched_control	Fosb_MA2486.1	Fosb	MA2486.1	-0.09445337445253857	-0.150244614089306	-0.03866213481577112	0.004810303134733075	0.011813171061639682	True	tested	paired empirical-Bayes moderated t	2	1000	1000	154	279	154	269	0.154	0.279	180	344
CTCF_bound_vs_matched_control	CTCF_bound	matched_control	Nr5a1_MA1540.3	Nr5a1	MA1540.3	0.04358858465305744	0.0008439546548484125	0.08633321465126648	0.04662186890854159	0.08006970717795214	False	tested	paired empirical-Bayes moderated t	2	1000	1000	207	259	207	256	0.207	0.259	237	307
CTCF_bound_vs_matched_control	CTCF_bound	matched_control	Nr5a2_MA0505.3	Nr5a2	MA0505.3	0.032016855323990706	-0.010785188026164634	0.07481889867414604	0.12164870498589644	0.17842982017440012	False	tested	paired empirical-Bayes moderated t	2	1000	1000	183	234	183	230	0.183	0.234	213	272
CTCF_bound_vs_matched_control	CTCF_bound	matched_control	Nrf1_MA0506.3	Nrf1	MA0506.3	0.035590382291041035	-0.023966582924404158	0.09514734750648624	0.20324351807681063	0.26931092799995143	False	tested	paired empirical-Bayes moderated t	2	1000	1000	137	141	133	122	0.137	0.141	195	193
CTCF_bound_vs_matched_control	CTCF_bound	matched_control	Ptf1A_MA1618.2	Ptf1A	MA1618.2	0.054309880148164555	0.010665352668440056	0.09795440762788905	0.02120571543319921	0.04171279295483953	True	tested	paired empirical-Bayes moderated t	2	1000	1000	165	218	162	218	0.165	0.218	183	266
CTCF_bound_vs_matched_control	CTCF_bound	matched_control	Runx1_MA0002.3	Runx1	MA0002.3	0.02711449066594856	-0.021709736819836126	0.07593871815173325	0.2336266978805684	0.30479575623236105	False	tested	paired empirical-Bayes moderated t	2	1000	1000	217	246	217	246	0.217	0.246	260	306
CTCF_bound_vs_matched_control	CTCF_bound	matched_control	Banp_MA2503.1	Banp	MA2503.1	1.1649284356792502	0.9238104891175947	1.4060463822409057	5.656844525089448e-06	0.00013352784169687882	True	tested	paired empirical-Bayes moderated t	2	1000	1000	18	27	11	12	0.018	0.027	22	28
