>AHR.H14INVITRO.0.P.D
176	188	102	118	8	3	9	2	1	148
307	363	133	59	67	986	2	0	0	750
392	152	377	91	844	1	986	0	1002	8
128	300	391	735	84	13	6	1001	0	97
>AHRR.H14INVITRO.0.P.D
73	117	30	15	88	4	0	245	166	648	292
142	132	97	950	13	1	0	622	425	36	159
271	71	748	5	896	0	963	5	323	122	388
516	682	127	32	5	997	39	130	88	196	163
>ALX1.H14INVITRO.0.SM.B
1630	1513	495	152	6951	7125	2	0	4453	3215	5587	58	288	6316	2596	1045	1174	1574	1535	1451
2253	1763	3206	237	2	0	80	1149	407	431	338	188	506	136	1338	2110	1708	2058	2062	2047
2148	2837	1623	23	162	0	3	90	1192	3468	857	152	125	351	2485	1453	1879	2096	2118	2090
1094	1012	1801	6713	10	0	7040	5886	1073	11	343	6727	6206	322	706	2517	2364	1397	1410	1537
>ALX3.H14INVITRO.0.SM.B
2344	1976	1816	196	0	8444	8444	0	3	5128	1254	1657
1988	3549	2557	3934	0	0	0	0	142	233	2729	2329
2192	1746	3788	1038	0	0	0	0	109	2954	3453	2619
1920	1173	283	3276	8444	0	0	8444	8190	129	1008	1839
>ALX3.H14INVITRO.1.S.B
352	380	313	133	18	1502	1508	0	0	1286	710	883	60	157	1116	467	270	280	287	277
444	505	417	624	43	0	0	0	9	25	90	220	107	178	131	316	437	416	469	470
434	391	561	240	11	6	0	0	0	168	703	229	129	91	152	430	375	465	478	448
278	232	217	511	1436	0	0	1508	1499	29	5	176	1212	1082	109	295	426	347	274	313
>ALX4.H14INVITRO.0.S.B
1397	1260	380	100	6191	6332	0	0	3814	2823	5551	4	215	5980	2252	949	964	1514	1351	1311
1257	1055	2454	176	2	0	6	951	418	230	96	104	314	44	1155	1646	1471	2254	2362	2205
2688	3184	1817	16	137	0	0	42	1116	3279	426	55	40	177	2410	1270	1608	1409	1411	1401
990	833	1681	6040	2	0	6326	5339	984	0	259	6169	5763	131	515	2467	2289	1155	1208	1415
>ALX4.H14INVITRO.1.SM.B
784	756	537	11	0	2350	2350	0	6	1519	453	385	531
392	884	682	1113	2	0	0	5	219	71	772	611	463
552	471	994	165	0	0	0	0	131	731	825	701	423
622	239	137	1061	2348	0	0	2345	1994	29	300	653	933
>ANDR.H14INVITRO.0.P.B
459	40	444	973	1	903	209	658	378	72	8	8	134	18	75
7	5	137	10	982	5	286	0	231	78	8	14	242	954	448
473	917	272	7	10	41	354	338	314	17	979	3	153	1	12
57	34	143	6	3	47	147	0	73	829	1	971	467	23	461
>ANDR.H14INVITRO.1.S.C
2162	106	240	0	2083	0	844	1195
1007	788	12	0	0	6603	3187	2049
2329	94	6320	0	0	0	1049	1043
1105	5615	31	6603	4520	0	1523	2316
>ANDR.H14INVITRO.2.P.B
126	164	70	176	139	54	315	104	162	126	64	236	19	17	11	331	139	200	76
87	38	22	111	579	442	97	140	126	250	37	22	19	18	187	138	412	137	169
139	542	92	106	15	8	81	190	187	149	69	535	7	82	51	235	47	46	129
449	57	617	408	68	297	308	367	326	276	631	8	756	684	552	97	203	418	427
>AP2A.H14INVITRO.0.PSM.A
1610	49	2	0	0	45	6608	8	0	12	1436	5975	1460	2530	1642	1911
2770	2255	8182	8161	1498	3775	96	0	0	5223	2601	318	1068	918	1772	1876
1868	5835	0	1	152	4280	1479	8176	8184	2943	2850	650	446	2122	1497	2331
1936	45	0	22	6534	84	1	0	0	6	1297	1241	5210	2614	3273	2066
>AP2B.H14INVITRO.0.SM.B
5421	3467	2868	355	156	145	163	1049	5720	629	79	253	2008	5554	2556	2846	2173	2534
1171	1289	2462	2566	9301	8812	2473	3719	767	19	49	4592	3206	901	1464	1085	1761	1996
1550	1557	1759	6589	196	193	1099	4133	3308	9175	9661	4627	2688	1693	1065	1774	1449	2143
1704	3533	2757	336	193	696	6111	945	51	23	57	374	1944	1698	4761	4141	4463	3173
>AP2C.H14INVITRO.0.PSM.A
2931	2699	4772	1705	1463	39	1	0	2	404	5281	320	9	225	1627
1137	1309	308	514	2315	2274	7721	7724	1219	3280	422	4	8	4057	2266
1783	1154	1100	367	1726	5374	1	0	37	3655	2006	7399	7700	3095	1958
1873	2562	1544	5138	2220	37	1	0	6466	385	15	1	7	347	1873
>AP2E.H14INVITRO.0.SM.B
3023	2755	1501	188	3	1	9	536	8526	663	6	170	1205	5722	2505	3133
2072	1056	1915	1598	9957	9867	985	4414	35	3	3	3261	5866	589	2092	1521
2289	1896	1517	8035	4	9	6	4320	1401	9296	9951	6467	1292	2797	735	3007
2581	4258	5032	144	1	88	8965	695	3	3	5	67	1602	857	4633	2304
>ARGFX.H14INVITRO.0.SM.B
193	300	72	2	848	849	0	0	782	365	480	43	85	572	329
281	195	408	1	1	0	1	0	6	88	203	212	107	114	146
175	261	67	0	0	0	0	0	58	387	99	68	77	53	204
200	93	302	846	0	0	848	849	3	9	67	526	580	110	170
>ARI1A.H14INVITRO.0.P.D
79	2	6	45	965	18	171	252	25	266	205
39	8	23	69	17	14	1	20	339	331	182
77	4	6	18	14	6	286	666	493	109	123
806	987	966	869	5	963	543	63	144	295	491
>ARNT.H14INVITRO.0.P.D
201	129	824	3	11	1	0	322	167
263	67	14	973	4	0	0	538	430
481	271	159	2	985	1	999	55	202
55	533	3	22	0	998	1	85	201
>ARNT.H14INVITRO.1.P.D
190	128	786	10	40	2	0	338	143	218	213	217	192	218	112	102	498	130	310
247	67	28	940	2	0	0	476	450	220	209	273	294	172	251	641	177	485	141
507	285	182	6	959	1	1000	61	235	222	415	283	345	392	428	149	215	201	457
57	521	5	45	0	998	1	126	173	341	164	228	170	219	210	109	111	185	93
>ARNT2.H14INVITRO.0.P.B
439	14	33	1	1	426	94	129	200	59	329	461	142
93	738	46	4	3	451	518	272	101	212	378	219	124
217	19	898	7	979	43	117	98	348	606	219	160	243
240	218	12	977	6	69	260	490	340	112	63	149	480
>ARNT2.H14INVITRO.1.P.B
207	176	132	602	16	9	0	2	268	58	91
278	150	209	18	977	4	0	1	597	471	385
333	638	397	253	1	977	2	998	54	227	217
184	38	264	129	8	12	1000	1	83	246	309
>ARNT2.H14INVITRO.2.S.C
2241	1099	0	8586	0	0	0	0	8586	221	2081	2164
2468	868	8586	0	8586	0	0	0	0	5244	2693	2363
2077	3837	0	0	0	8586	0	8586	0	1141	1358	1870
1800	2782	0	0	0	0	8586	0	0	1980	2454	2189
>ARX.H14INVITRO.0.S.B
2974	1016	274	6435	6484	232	5	1133	5788	6914	0	0	6805	2507	624	1252	2573	2242
1128	1834	92	61	111	422	3481	1033	5	0	0	19	2	607	2340	1587	1521	1483
1373	987	61	338	300	255	188	377	1126	5	0	0	105	3733	1165	1702	1319	1444
1444	3082	6492	85	24	6010	3245	4376	0	0	6919	6900	7	72	2790	2378	1506	1750
>ARX.H14INVITRO.1.SM.B
2122	1024	410	6430	8668	0	0	8668	2234	628	988	2013
2363	2697	3008	480	0	0	0	0	681	3266	1884	2132
2172	2570	548	1727	0	0	0	0	5725	2602	3357	1939
2011	2377	4702	31	0	8668	8668	0	28	2172	2439	2584
>ASCL1.H14INVITRO.0.PSM.A
2643	3092	272	9141	2	5	0	14	176	1043	2158
1963	2558	8700	81	1226	9502	1	56	7083	2858	2794
2974	2994	209	40	6187	0	0	9346	298	965	2138
1927	863	326	245	2092	0	9506	91	1950	4641	2417
>ASCL2.H14INVITRO.0.PSM.A
303	2	970	8	3	4	4	5	127
320	978	7	293	964	4	12	856	320
316	0	1	621	12	0	961	27	10
43	2	4	60	3	974	5	94	525
>ATF1.H14INVITRO.0.P.D
309	373	49	18	909	17	33	62	318	516
151	88	112	17	16	895	14	359	413	152
369	506	25	916	42	19	892	51	170	194
152	14	795	30	14	50	42	509	80	119
>ATF1.H14INVITRO.1.P.D
2	3	3	15	19	12	30	15	22	22	70	3	5	102	2	4	5	38	73
16	92	17	83	29	48	29	46	30	17	9	8	0	2	107	3	28	65	15
82	10	84	7	45	30	27	38	5	48	25	5	93	7	1	105	0	7	15
13	8	9	8	20	23	27	14	56	26	9	97	15	2	3	1	80	3	10
>ATF2.H14INVITRO.0.PSM.A
1897	6685	1	0	9736	0	1277	363	3595	6214	1504
2670	461	10	0	0	8857	656	918	4421	766	3199
3651	2374	8	7180	2	128	7775	96	1101	1915	2381
1520	218	9719	2558	0	753	30	8361	621	843	2654
>ATF2.H14INVITRO.1.P.B
348	788	8	9	975	6	8	14	160	967	13
101	6	7	2	3	253	1	8	813	3	121
386	184	2	955	6	49	969	1	10	10	60
151	8	969	20	2	678	8	963	3	6	792
>ATF3.H14INVITRO.0.P.B
166	150	403	2	1	890	0	11	61	870
198	156	163	2	7	1	757	1	806	23
296	488	325	1	883	3	5	152	3	5
241	107	10	896	10	7	139	737	31	3
>ATF3.H14INVITRO.1.P.B
235	299	12	4	890	13	36	44	453	510
100	49	14	283	10	826	9	405	196	115
509	647	13	706	86	9	732	8	321	249
159	8	964	10	17	155	226	546	33	129
>ATF3.H14INVITRO.2.P.B
137	535	0	0	778	1	1	46	502	698	8	198
52	37	0	1	0	398	2	390	275	28	325	320
562	205	0	777	0	10	669	0	0	8	90	119
27	1	778	0	0	369	106	342	1	44	355	141
>ATF3.H14INVITRO.3.SM.B
670	798	192	211	1923	0	0	2272	0	376	3	250	2217	32	419
551	475	566	73	28	6	0	0	1999	15	5	1998	11	770	807
674	777	291	1725	321	2	2247	0	2	1879	1	13	34	205	420
377	222	1223	263	0	2264	25	0	271	2	2263	11	10	1265	626
>ATF4.H14INVITRO.0.P.B
392	309	698	0	0	995	0	2	62	997	998	3	408
98	136	201	3	0	0	42	2	899	3	1	229	391
400	456	101	1	997	3	4	996	0	0	1	60	96
110	99	0	996	3	2	954	0	39	0	0	708	105
>ATF4.H14INVITRO.1.S.B
396	1018	82	88	1839	4	4	73	1785	1754	75	691
516	592	76	64	39	1052	2	1458	63	41	567	571
667	259	57	1685	25	1	1936	18	52	81	273	357
366	76	1730	108	42	888	3	396	45	69	1030	326
>ATF4.H14INVITRO.2.SM.B
1720	1855	1249	938	4634	17	23	6130	12	19	17	171	5918	58	816	1245
1083	924	181	501	773	15	1	3	6075	0	73	5818	44	398	4023	2158
1774	1058	4228	3300	719	67	6116	24	23	6140	73	102	130	2477	685	980
1586	2326	505	1424	37	6064	23	6	53	4	6000	72	71	3230	639	1780
>ATF6A.H14INVITRO.0.SM.B
706	247	181	1884	0	0	2449	0	0	0	21	2411	29	498	515
524	448	83	154	1	0	0	2449	0	0	2404	3	1111	856	694
654	260	2098	405	2	2449	0	0	2449	0	21	22	127	576	524
565	1494	87	6	2446	0	0	0	0	2449	3	13	1182	519	716
>ATF6B.H14INVITRO.0.SM.B
1504	610	336	5028	0	0	6800	0	0	0	4	2953	128	3592
1376	807	123	260	0	0	0	6800	0	0	2953	1	5046	1364
2066	831	6042	1504	0	6800	0	0	6800	0	3842	3773	222	1068
1854	4552	299	8	6800	0	0	0	0	6800	1	73	1404	776
>ATF7.H14INVITRO.0.PSM.A
473	623	2014	0	0	2423	0	5	0	670	2255	193	497
565	420	5	3	0	0	2423	1	8	1708	26	961	687
607	932	399	1	2353	0	0	2417	0	27	90	501	715
778	448	5	2419	70	0	0	0	2415	18	52	768	524
>ATMIN.H14INVITRO.0.P.D
181	184	308	248	276	826	286	402	419	235	38	113	233	127	299	220	128	306	749	359	362
173	260	194	32	93	82	35	82	150	138	294	760	53	74	238	210	53	189	26	74	114
580	503	443	710	585	48	664	496	332	472	656	84	595	783	440	484	793	500	199	557	476
66	53	55	10	46	44	15	20	99	155	12	43	119	16	23	86	26	5	26	10	48
>ATOH1.H14INVITRO.0.P.B
627	358	0	1000	1	414	10	0	2	92
13	115	1001	0	2	451	0	0	108	376
341	524	0	0	950	135	0	998	595	255
20	4	0	1	48	1	991	3	296	278
>ATOH1.H14INVITRO.1.SM.B
1416	1953	326	2238	3282	0	5925	0	5802	0	0	2	199	1418
1784	884	3034	10	2614	5925	0	0	123	0	0	1679	1424	1731
1604	2298	981	3676	18	0	0	109	0	0	5925	1582	373	1379
1121	790	1584	1	11	0	0	5816	0	5925	0	2662	3929	1397
>ATOH8.H14INVITRO.0.P.D
242	425	529	547	10	982	19	196	110	6	77
152	152	168	117	982	2	23	727	6	27	342
407	401	286	328	8	9	927	78	5	937	479
204	27	22	13	5	12	36	4	884	35	107
>BACH1.H14INVITRO.0.P.D
96	9	40	36	22	922	21	3	24	993	22	171
55	44	940	28	18	7	162	1	972	3	278	217
46	936	0	0	899	5	792	0	2	4	90	362
803	11	20	936	61	66	25	996	2	0	610	250
>BACH2.H14INVITRO.0.P.B
84	153	54	16	894	57	8	67	983	44	166
139	750	18	17	12	2	15	908	6	253	379
685	66	4	891	14	913	22	22	8	317	230
92	31	924	76	80	28	955	3	3	386	225
>BACH2.H14INVITRO.1.SM.B
1250	1028	8963	4	1	9985	0	0	3	9991	7	390	2501	779	2710	2441	1979
2735	5294	131	6	0	12	4399	2	9991	0	597	1705	2979	755	708	1913	2640
3196	2860	862	3	9989	0	5598	1	1	5	53	7490	3100	451	827	1557	3048
2816	815	41	9984	7	0	0	9994	2	1	9340	412	1417	8012	5752	4086	2330
>BARH1.H14INVITRO.0.SM.B
2059	1761	2216	1015	3	9920	9929	3514	171	1645	1729	1681
2680	3423	2619	4814	68	1	0	21	3923	305	3084	2874
2924	2806	3914	881	5	3	0	789	1307	7609	3330	2119
2266	1939	1180	3219	9853	5	0	5605	4528	370	1786	3255
>BARH1.H14INVITRO.1.S.B
1240	1759	636	5	7208	7323	3132	43	837	1466	762	1317	2255	2007	3667	4539	3320	1960
2952	2051	4317	17	0	0	7	3604	32	2231	2754	2862	2475	1008	430	313	628	1891
1856	2833	511	1	1	0	440	457	6388	2502	928	1773	674	378	158	163	735	1441
1275	680	1859	7300	114	0	3744	3219	66	1124	2879	1371	1919	3930	3068	2308	2640	2031
>BARH2.H14INVITRO.0.SM.B
2239	3701	1735	138	4558	5182	0	0	8890	2609	1281	2323
2029	1446	2970	7994	660	121	0	0	0	506	3009	1885
2617	2269	2216	63	3639	3	0	0	21	5048	2433	2936
2027	1496	1991	717	55	3606	8912	8912	1	749	2189	1768
>BARH2.H14INVITRO.1.S.B
1981	1470	1363	2536	3303	4391	4347	3926	1282	621	3742	787	16	4878	4777	1	80	7985	1947	1442
2305	3312	3989	1579	471	20	100	429	1025	1733	619	3337	7642	254	387	0	8	0	410	2384
1851	1618	1195	1258	92	38	186	1022	3126	4656	3117	1704	5	2896	2	0	1	34	5159	2121
1912	1649	1502	2676	4183	3600	3416	2672	2616	1039	571	2221	386	21	2883	8048	7960	30	533	2102
>BARH2.H14INVITRO.2.S.C
1807	3067	6415	1613	13	2248	2234	0	0	8430	1256	269	1490	1982
1785	1862	429	4009	8335	16	12	0	0	0	138	4563	1552	2233
2008	2367	1194	1397	2	6164	0	0	0	0	6405	1394	4294	2121
2830	1134	392	1411	80	2	6184	8430	8430	0	631	2204	1094	2094
>BARX1.H14INVITRO.0.P.C
32	24	27	129	130	9	7	8	11	9	15
28	50	4	0	0	2	1	9	16	3	6
39	26	5	2	2	29	55	113	0	4	9
33	32	96	1	0	92	69	2	105	116	102
>BARX1.H14INVITRO.1.S.B
1540	1521	1435	858	0	7740	7740	0	1	2534	938	1021	1538	3669	3641	1994
1567	2402	980	2801	3	0	0	29	1575	120	2906	1941	1489	1750	1520	1083
2715	2397	5018	655	0	0	0	43	2445	4942	2291	616	876	570	552	643
1918	1420	307	3426	7737	0	0	7668	3719	144	1605	4162	3837	1751	2027	4020
>BARX2.H14INVITRO.0.SM.B
3322	4795	5152	9044	9427	27	403	8935	0	6	9620	3155	1620
1613	501	95	86	138	2041	9149	0	5	41	12	1553	3704
2540	550	57	92	101	12	174	792	2	0	28	3001	1980
2252	3881	4423	505	61	7647	1	0	9720	9680	67	2018	2423
>BATF.H14INVITRO.0.P.D
477	122	43	137	114	183	298	408	335	625	1	4	974	60	33	176	710	138	227
97	348	23	366	306	452	113	107	14	114	0	27	2	553	16	616	34	211	379
251	360	104	76	55	112	477	183	85	31	1	877	5	354	8	163	99	352	154
175	170	830	421	525	253	112	302	566	230	998	92	19	33	943	45	157	299	240
>BATF.H14INVITRO.1.P.D
273	435	10	1	980	47	42	80	914	198	418
95	242	8	11	9	953	6	827	11	140	201
224	191	7	894	4	0	4	85	12	304	93
408	132	975	94	7	0	948	8	63	358	288
>BATF2.H14INVITRO.0.PSG.A
5394	64	21	7897	0	4	0	10	7902	7	789	2473	1123
413	137	219	2	7905	1	1	7894	3	714	6185	1995	2666
1920	6	7028	6	0	7900	0	0	0	39	204	2615	1232
178	7698	637	0	0	0	7904	1	0	7145	727	822	2884
>BATF3.H14INVITRO.1.P.B
539	12	7	946	0	61	108	915	221
210	5	46	12	910	5	855	52	118
152	7	865	24	0	31	40	7	242
109	986	92	28	100	913	7	36	429
>BATF3.H14INVITRO.2.SM.B
2896	1062	994	6529	0	7	9852	0	386	54	1596	8534	1100	2516
1687	2281	1011	924	3	2	0	9140	12	297	7134	152	3470	2756
3474	2153	6891	2299	61	9737	4	36	9460	113	928	738	2037	2717
1801	4362	962	106	9794	112	2	682	0	9394	200	434	3251	1869
>BCL6.H14INVITRO.0.PSM.A
2233	913	850	116	383	269	4	0	18	7168	54	9	6900	6920	1359	1516
1537	2029	142	6848	103	376	2	7189	381	7	1	11	30	24	1552	1348
1740	791	5814	82	37	277	1	0	4399	7	7137	7149	173	40	182	1694
1688	3465	392	152	6675	6276	7191	9	2400	16	6	29	95	214	4105	2640
>BCL6B.H14INVITRO.0.PSM.A
1477	1342	27	345	27	0	0	0	8790	2	0	8778	8782	1426	1809
2051	154	8691	7	40	0	8791	58	0	0	0	0	0	1308	1543
1822	6924	10	1	19	0	0	5543	1	8790	8792	11	2	106	2653
3442	372	64	8439	8706	8792	1	3191	1	0	0	3	8	5952	2787
>BHA09.H14INVITRO.0.P.D
487	213	5	983	1	218	12	2	7	17
53	467	990	6	4	466	8	4	61	332
181	320	4	8	995	315	7	991	323	301
279	0	1	3	0	1	973	3	609	350
>BHA15.H14INVITRO.0.P.B
263	271	598	498	2	994	0	118	2	0	7	306
226	327	222	161	997	0	1	874	1	0	144	372
401	309	159	339	0	1	829	3	0	991	695	173
109	92	20	1	0	4	169	4	996	8	153	148
>BHA15.H14INVITRO.1.SM.B
349	1459	750	0	2029	0	2022	0	0	29	607
574	21	1154	2030	0	0	8	3	0	328	559
635	422	126	0	1	12	0	0	2029	1377	437
472	128	0	0	0	2018	0	2027	1	296	427
>BHE22.H14INVITRO.0.SM.B
2854	1774	464	8884	0	9811	112	0	16	620	2125
1618	4749	9062	20	48	17	11	0	1322	1258	2159
3557	2500	248	500	73	21	11	9847	4743	730	2665
1820	826	75	445	9728	0	9715	2	3768	7241	2900
>BHE23.H14INVITRO.0.SM.B
522	528	130	1614	0	1752	1	0	42	67	286
211	407	1555	0	0	0	152	0	269	257	415
766	710	40	136	0	0	0	1752	957	212	570
253	107	27	2	1752	0	1599	0	484	1216	481
>BHE40.H14INVITRO.0.PSM.A
146	7	5	921	7	48	71	3	242
160	12	910	6	855	28	95	11	394
512	423	15	2	52	846	78	830	112
113	489	1	2	17	9	687	87	183
>BHE40.H14INVITRO.1.S.C
388	385	176	1196	294	141	147	136	543	456	479	524	25	0	1866	0	0	0	0	1051	296	430
491	271	1276	298	1281	295	210	117	469	471	349	351	13	1865	0	1866	0	0	0	706	572	518
554	645	230	256	139	1326	305	1274	495	500	659	726	916	1	0	0	1866	0	1866	42	429	454
433	565	184	116	152	104	1204	339	359	439	379	265	912	0	0	0	0	1866	0	67	569	464
>BHE41.H14INVITRO.0.PSM.A
1645	1653	854	0	0	5764	0	0	0	0	1510	960
1221	822	128	0	5764	0	5764	0	0	0	3539	1546
1542	2301	4745	1346	0	0	0	5764	0	5764	163	1686
1356	988	37	4418	0	0	0	0	5764	0	552	1572
>BMAL1.H14INVITRO.0.PSM.A
40	477	0	0	0	0	248	64
459	3	444	1	1	0	191	205
1	16	1	497	1	501	10	130
1	5	56	3	499	0	52	102
>BSH.H14INVITRO.0.SM.B
2866	1608	238	4133	8748	0	0	8878	4012	430	1231	2164
2132	3281	4625	2678	0	0	0	0	1751	4911	2042	2369
2465	2847	123	2063	130	0	0	0	2396	1969	3433	2173
1415	1142	3892	4	0	8878	8878	0	719	1568	2172	2172
>CASZ1.H14INVITRO.0.SGI.A
1368	1729	1258	536	172	23	384	768	125	436	1291	3112	4336	4502	3946	2558	1884	1127	1020	1142	1780	2210	2260	1588	1121	927
1669	662	164	5	46	111	254	1071	667	1297	2240	775	253	107	142	791	1843	1817	1707	1932	1336	560	225	263	514	1419
2777	3508	563	19	10	0	4165	4922	5767	3794	2124	2327	1163	258	160	469	1815	2454	3277	2636	2474	1799	509	297	338	1317
1537	1452	5366	6791	7123	7217	2548	590	792	1824	1696	1137	1599	2484	3103	3533	1809	1953	1347	1641	1761	2782	4357	5203	5378	3688
>CDX1.H14INVITRO.0.M.B
2652	2081	903	51	355	9738	0	126	7504	236	2161
2281	1866	144	54	23	3	5588	12	120	6218	2673
2788	2696	276	31	90	11	1	8272	1929	1103	2998
2031	3109	8429	9616	9284	0	4163	1342	199	2195	1920
>CDX1.H14INVITRO.1.S.B
1994	2028	1408	211	4	660	7909	0	29	3219	252	1402	1141	1420
1909	1843	1547	100	8	0	0	125	9	6	5241	2572	2631	2094
1901	2831	2558	247	0	25	0	0	3981	4684	1291	2392	2384	1990
2105	1207	2396	7351	7897	7224	0	7784	3890	0	1125	1543	1753	2405
>CDX2.H14INVITRO.0.PS.A
1273	485	0	663	6250	0	323	3005	557	1272
1769	167	0	0	0	1155	180	310	3175	1775
1816	889	0	53	0	34	3493	2818	1081	1802
1392	4709	6250	5534	0	5061	2254	117	1437	1401
>CDX2.H14INVITRO.1.M.C
654	540	72	382	2354	0	19	1586	179	595
651	140	28	2	0	1855	27	254	766	640
659	374	55	0	4	10	2180	340	417	678
394	1304	2203	1974	0	493	132	178	996	445
>CDX4.H14INVITRO.0.S.C
492	184	28	0	0	0	1601	0	0	893	0	299	154	205
435	362	19	0	0	0	0	0	0	0	1533	840	826	535
384	933	261	0	0	0	0	0	1204	708	8	213	328	315
290	122	1293	1601	1601	1601	0	1601	397	0	60	249	293	546
>CDX4.H14INVITRO.1.M.C
1400	1339	33	0	0	6856	0	9	6543	26	1081	599	901
2078	584	11	0	0	0	5427	4	15	5332	3074	3202	2267
2401	1359	14	0	0	0	2	6511	291	322	2199	1335	1989
977	3574	6798	6856	6856	0	1427	332	7	1176	502	1720	1699
>CEBPA.H14INVITRO.0.P.D
285	426	2	13	337	65	4	60	996	1001	16	402
77	105	3	0	5	477	4	912	7	0	258	316
353	443	15	264	498	53	979	11	0	2	111	156
289	30	984	727	164	409	17	21	1	1	619	130
>CEBPB.H14INVITRO.0.P.B
232	403	4	3	319	54	5	61	952	951	19
65	106	5	5	1	485	8	870	7	4	236
352	446	4	267	478	30	943	2	1	4	128
314	8	950	688	165	394	7	30	3	4	580
>CEBPB.H14INVITRO.1.SM.B
2173	4249	59	31	4310	6	4	16	9723	9723	3	3291	2201
3464	2284	51	31	4	9451	7	9236	1	0	4728	3555	3148
2026	2701	30	526	4970	2	9712	0	0	0	475	1843	2228
2061	490	9584	9136	440	265	1	472	0	1	4518	1035	2147
>CEBPD.H14INVITRO.0.P.B
164	561	0	0	21	0	516	165	766	1000	5	369
158	126	0	0	0	1000	73	561	233	0	346	299
324	277	0	1	964	0	288	1	0	0	81	98
354	36	1000	999	15	0	123	273	1	0	568	234
>CEBPD.H14INVITRO.1.SM.B
926	3377	0	0	28	0	17	588	5054	5816	286	1179
1350	300	0	0	0	5817	0	2339	763	0	2308	1473
1837	2140	0	0	5789	0	5800	0	0	1	1375	1872
1704	0	5817	5817	0	0	0	2890	0	0	1848	1293
>CEBPE.H14INVITRO.0.P.B
225	313	5	2	265	186	0	162	974	994	29
126	230	10	1	23	105	3	792	26	1	354
335	427	2	478	453	273	994	3	0	5	240
314	30	983	519	259	436	3	43	0	0	377
>CEBPE.H14INVITRO.1.SM.B
3325	257	201	4379	11	6	4	9949	9929	11	3204
2833	347	287	58	9396	1	9217	0	4	3187	2955
3053	197	1709	3425	5	9946	2	3	21	1184	2313
744	9154	7758	2093	543	2	732	3	1	5573	1483
>CEBPG.H14INVITRO.0.P.B
136	656	2	3	22	3	376	90	765	955	19	352
142	62	3	1	0	961	41	513	196	1	369	284
322	236	1	1	915	3	466	3	2	6	75	71
367	13	961	962	30	0	84	361	4	5	504	260
>CEBPG.H14INVITRO.1.SM.B
1523	6667	7	0	591	1	275	621	8626	9344	749	2687
1872	482	0	2	1	9919	47	4034	977	130	3623	2291
2525	2728	0	0	9328	0	9563	15	105	217	1827	2373
4001	44	9914	9919	1	1	36	5251	213	230	3722	2570
>CEBPG.H14INVITRO.2.P.B
84	535	0	0	24	0	672	13	66	736	3	146
87	39	0	0	0	739	4	47	672	0	158	321
280	163	0	1	636	0	56	2	1	2	74	71
288	2	739	738	79	0	7	677	0	1	504	201
>CENPB.H14INVITRO.0.S.B
2337	2835	3325	207	68	3	9	5	3594	149	2353	1682	3154	5069	260	501	5283	6391
1593	976	750	7415	7743	7942	99	6549	361	228	2731	2723	831	366	7600	62	680	548
1461	1029	360	1	3	2	7815	637	1419	4	1499	2197	699	2100	23	7378	493	450
2564	3115	3520	332	141	8	32	764	2581	7574	1372	1353	3271	420	72	14	1499	566
>CGBP1.H14INVITRO.0.PSGIB.A
65	106	71	99	47	5	60	0	0	0	0	20	0	290	201	120	30	21	40	2	14	8	98	91	61	102
139	85	71	54	212	104	0	350	350	0	350	330	0	52	116	3	170	165	114	250	198	106	168	116	77	86
114	80	136	98	42	0	290	0	0	350	0	0	350	3	16	131	4	25	175	67	124	219	75	136	136	49
32	79	72	99	49	241	0	0	0	0	0	0	0	5	17	96	146	139	21	31	14	17	9	7	76	113
>CLOCK.H14INVITRO.0.M.C
3004	6352	239	5794	1	8836	0	1	53	1262	2353
1857	1128	9236	4	9518	0	40	1	1464	2094	2377
2536	1884	29	3716	0	695	0	9525	431	1654	1637
2134	167	27	17	12	0	9491	4	7583	4521	3164
>CLOCK.H14INVITRO.1.PS.A
2826	2859	2295	4143	24	9992	1	24	1	5	229	2342
2536	1798	910	5312	9975	0	9995	0	19	0	4583	2966
2410	2256	5349	537	1	4	2	9976	1	9879	686	2161
2228	3087	1446	8	0	4	2	0	9979	116	4502	2531
>CMTA1.H14INVITRO.0.PSGI.A
2226	305	618	2247	2	1	0	8113	1757	521	693	1445	1889	697
1075	592	89	3705	8015	7	8131	9	88	339	865	4754	1668	1217
1784	182	6194	902	44	8117	1	8	1975	186	6232	879	3920	2363
3047	7053	1231	1278	71	7	0	2	4312	7086	342	1054	655	3855
>CMTA2.H14INVITRO.0.PSGI.A
38	6	22	0	1	0	177	57	1	6	13	17	20
11	3	51	128	0	178	0	28	3	1	125	42	32
18	130	81	0	177	0	1	57	2	167	29	105	65
111	39	24	50	0	0	0	36	172	4	11	14	61
>COE1.H14INVITRO.0.P.D
351	118	14	4	1	8	47	452	3	151	5	726	177	160
84	212	113	967	885	961	675	24	3	1	3	11	451	339
290	430	31	8	1	2	19	8	976	821	972	216	261	105
260	225	827	6	98	14	244	501	3	12	5	32	96	381
>COE2.H14INVITRO.0.P.D
421	400	139	9	3	0	2	280	436	102	375	0	492	233
151	81	171	36	994	989	998	366	54	4	1	6	59	402
208	285	338	12	1	0	0	16	306	870	600	989	363	282
220	234	352	943	2	11	0	338	204	24	24	5	86	83
>COE3.H14INVITRO.0.P.D
401	132	40	2	15	28	242	661	29	230	2	712	248
119	243	197	995	800	932	675	15	8	1	10	52	386
234	296	46	3	1	0	25	13	956	737	987	205	246
246	329	717	0	184	40	58	311	7	32	1	31	120
>COT1.H14INVITRO.0.PSM.A
3254	3663	5771	5	0	17	158	8306	3365	2976
1974	1028	316	89	14	10	8995	324	2387	1777
2113	3731	3264	9618	9776	87	371	956	1829	3351
2481	1400	471	110	32	9708	298	236	2241	1718
>COT1.H14INVITRO.1.PSM.A
532	612	45	44	49	310	1450	1318	1477	0	0	0	0	1437	571	388
190	64	59	73	343	1175	35	12	0	0	0	1	1501	7	370	311
614	812	1359	1109	50	25	18	144	73	1549	1551	4	17	100	213	578
215	63	88	325	1109	41	48	77	1	2	0	1546	33	7	397	274
>COT2.H14INVITRO.0.P.D
337	371	159	167	107	162	694	459	720	23	13	7	10	953
126	64	99	156	280	562	98	38	4	3	4	56	879	10
403	467	619	571	219	114	89	465	269	958	959	120	50	17
134	98	123	106	394	162	119	38	7	16	24	817	61	20
>COT2.H14INVITRO.1.P.D
74	290	244	369	10	8	5	5	550	204	210	97
246	99	54	4	2	2	18	521	2	113	82	83
132	123	272	208	563	551	32	23	30	219	236	313
130	70	12	1	7	21	527	33	0	46	54	89
>CPEB1.H14INVITRO.0.S.B
1171	42	122	0	0	8085	718	1846
2007	313	125	1	3	0	1277	1907
1973	245	0	0	0	0	835	1749
2934	7485	7838	8084	8082	0	5255	2583
>CPEB1.H14INVITRO.1.S.B
380	271	154	1	17	7	1	2171	8	349	635	206	377	285	295	455	512	514
425	457	597	9	6	2	1	0	87	719	416	403	369	294	272	264	330	356
827	826	594	5	4	1	0	0	21	143	221	184	180	118	123	185	212	329
555	633	842	2172	2160	2177	2185	16	2071	976	915	1394	1261	1490	1497	1283	1133	988
>CR3L1.H14INVITRO.0.PSM.A
2279	1697	2190	2941	981	8989	2	0	2	5	14	429	5390	1829
1834	1244	1660	3133	4000	13	9262	0	0	1	77	8529	965	2436
2208	4376	3264	825	1904	161	6	9281	0	9277	8817	116	1680	1829
2962	1966	2169	2384	2398	120	13	2	9281	0	375	209	1248	3189
>CR3L2.H14INVITRO.0.PS.A
560	521	163	1871	1	0	0	28	97	380	937
695	544	831	110	2238	0	4	4	115	986	456
577	394	654	112	107	2350	10	2315	1752	487	538
518	891	702	257	4	0	2336	3	386	497	419
>CR3L3.H14INVITRO.0.PSGIB.A
68	17	98	47	8	424	0	3	0	0	10	81	316	54
54	13	51	132	168	0	424	0	0	8	0	339	33	130
86	277	241	5	246	2	0	423	0	418	392	2	55	182
218	119	36	242	4	0	2	0	426	0	24	4	22	60
>CR3L4.H14INVITRO.0.M.C
265	876	67	28	2462	0	5	0	5	201	493	1059	554
376	251	291	342	0	2395	0	10	161	14	1826	324	577
1518	1245	71	2073	38	24	2494	0	2323	2127	35	888	807
341	128	2071	57	0	81	1	2490	11	158	146	229	562
>CR3L4.H14INVITRO.1.S.C
2488	2141	817	9385	1	0	1	13	196	1919	3802
2009	2782	4273	8	9702	0	0	5	99	6643	1808
3578	1110	3345	298	4	9711	0	9681	8539	413	2590
1636	3678	1276	20	4	0	9710	12	877	736	1511
>CREB1.H14INVITRO.0.PSM.A
1241	3964	0	0	6654	0	20	51	1830	4597	748
1530	85	0	0	0	6197	0	735	3463	444	2754
2571	2542	106	6654	0	49	6633	123	1029	1024	1609
1312	63	6548	0	0	408	1	5745	332	589	1543
>CREB3.H14INVITRO.0.SM.B
1100	3072	13	5	6991	0	0	0	159	1809	1577	2511
1148	364	89	71	0	6991	0	2	1688	84	4062	1520
3708	3400	52	6877	0	0	6991	0	5094	4038	486	1830
1035	155	6837	38	0	0	0	6989	50	1060	866	1130
>CREB5.H14INVITRO.0.P.B
346	662	39	3	914	76	14	21	297	970	30
159	115	6	11	29	38	117	104	667	13	117
319	181	11	806	26	263	824	27	11	2	119
176	42	944	180	31	623	45	848	25	15	734
>CREB5.H14INVITRO.1.SM.B
2804	1050	2332	9171	0	0	9890	0	636	1	2895	9566	161	1836
1797	2772	804	30	0	0	0	8985	11	6	6981	26	3100	2682
3577	2402	5336	696	2	9505	0	0	9256	0	19	271	506	3084
1725	3679	1431	6	9901	398	13	918	0	9896	8	40	6136	2301
>CREM.H14INVITRO.0.PSM.A
1600	4113	3	0	9543	1	367	373	2600	4628	1392
2632	373	24	0	0	7585	57	2635	3427	1095	2340
3566	4858	72	9485	1	288	9115	174	2723	1953	2539
1746	200	9445	59	0	1670	5	6362	794	1868	3273
>CREM.H14INVITRO.1.P.C
44	95	98	117	132	133	123	554	417	371	39	30	550	443	61	57	133	460
389	171	576	241	179	113	151	185	93	107	27	12	48	395	76	121	539	229
127	400	184	172	531	613	663	118	282	265	43	911	79	41	790	14	48	33
442	336	144	472	160	143	65	145	210	259	893	49	325	123	75	810	282	280
>CRX.H14INVITRO.0.PSM.A
1573	1837	1390	174	0	6702	0	0	6715	1934	527	1135
1144	793	1395	0	0	13	0	0	0	810	1657	1346
2258	2783	2719	6461	6715	0	0	0	0	3030	3110	2598
1740	1302	1211	80	0	0	6715	6715	0	941	1421	1636
>CTCF.H14INVITRO.0.P.B
87	132	228	66	12	581	34	100	697	25	327	37	14	84	115	330	70	79	289
246	135	70	665	789	28	534	289	27	12	24	31	14	50	594	19	450	299	213
116	339	394	44	1	120	228	49	56	770	424	458	786	614	16	440	252	67	270
370	213	127	44	17	90	23	381	39	12	44	293	5	71	94	30	47	374	47
>CTCFL.H14INVITRO.0.P.D
148	36	20	285	70	93	732	12	158	40	18	18	61	136	53	92
184	687	797	104	449	483	30	9	15	48	20	30	765	50	589	425
373	95	20	315	314	78	53	826	667	652	793	765	20	627	150	117
142	29	10	143	14	193	32	0	7	107	16	34	1	34	55	213
>CUX1.H14INVITRO.0.PM.A
178	89	986	8	43	1	968	36	176	494
176	201	3	34	144	2	10	49	356	167
178	163	6	5	18	995	19	22	61	116
470	549	7	955	797	4	5	895	409	225
>CUX1.H14INVITRO.1.S.B
2196	1023	784	8022	0	0	0	8038	0	605	6094	1798	1106	2004
1759	1810	616	0	0	6744	0	0	0	3179	649	2296	2638	1790
2157	2396	1512	0	0	0	8038	0	1	2	861	2672	1983	1890
1926	2809	5126	16	8038	1294	0	0	8037	4252	434	1272	2311	2354
>CUX1.H14INVITRO.2.P.C
716	169	864	49	56	49	784	31	108	144	446	35	198	153	289	85	73	196	61
17	116	58	11	25	80	78	37	81	278	75	562	51	413	58	30	55	182	213
45	575	47	96	653	837	44	573	125	232	374	120	34	254	67	464	762	72	102
222	140	31	844	266	34	94	359	686	346	105	283	717	180	586	421	110	550	624
>CUX2.H14INVITRO.0.P.C
124	69	927	14	12	4	934	26	21	201
177	205	13	6	62	1	9	45	237	92
142	209	10	50	20	948	8	8	17	251
519	479	12	892	868	9	11	883	687	418
>CUX2.H14INVITRO.1.SM.B
2265	1038	7316	82	1	0	9609	16	1439	5633	2091
1982	1691	476	96	7644	5	95	140	3435	1749	2540
2238	1630	476	174	26	9759	45	153	304	1159	2385
3279	5405	1496	9412	2093	0	15	9455	4586	1223	2748
>CUX2.H14INVITRO.2.S.C
1527	3581	6128	2	2	0	8253	0	10	6324	591	1194	2301
2428	595	334	1197	3686	0	0	1	7004	1	1102	2277	1273
1206	2251	1443	1277	2	8253	0	0	0	1925	6257	1755	1876
3092	1826	348	5777	4563	0	0	8252	1239	3	303	3027	2803
>CXXC4.H14INVITRO.0.PSGIB.A
129	34	309	0	0	0	67	285	148
86	110	0	588	0	0	182	103	163
187	0	279	0	588	0	181	145	117
186	444	0	0	0	588	158	55	160
>DACH1.H14INVITRO.0.S.B
4674	518	9375	5234	1609	1349	156	66	604	8650	102	5605	8700	963	860	4354	1952
1270	7767	10	189	181	4630	22	15	8835	597	157	549	186	982	637	2641	4130
1969	854	52	1874	8	448	9278	703	5	121	46	777	333	648	3129	1543	1544
1545	319	21	2161	7660	3031	2	8674	14	90	9153	2527	239	6865	4832	920	1832
>DACH2.H14INVITRO.0.S.B
289	453	23	20	509	0	210	785	272	1	33	141
227	95	68	19	231	743	129	0	22	3	82	260
130	143	222	465	46	62	394	1	0	10	677	168
162	117	495	304	22	3	75	22	514	794	16	239
>DBP.H14INVITRO.0.SM.B
2026	804	4292	0	0	9853	0	679	1	9163	8124	1031
3100	3696	1262	0	0	0	9845	5	1499	651	594	3804
2444	3255	4378	0	11	99	0	9270	8	97	615	2737
2384	2199	22	9954	9943	2	109	0	8446	43	621	2382
>DDIT3.H14INVITRO.0.P.D
307	158	165	441	69	0	145	902	924	23	290
285	116	138	187	44	1	735	26	2	189	348
219	107	442	174	39	930	0	2	5	94	150
121	551	187	130	780	1	52	2	1	626	144
>DLX1.H14INVITRO.0.S.B
1493	846	0	6970	6970	0	0	5875	401	927	834	2074	2957	3355	3044	2765	2610
1323	1626	527	0	0	0	0	0	3572	2417	2456	1899	1339	800	494	359	737
2528	3414	0	0	0	0	0	1095	2646	1648	1967	1217	709	436	217	355	657
1626	1084	6443	0	0	6970	6970	0	351	1978	1713	1780	1965	2379	3215	3491	2966
>DLX1.H14INVITRO.1.PSM.A
2474	1334	2566	16	8963	8988	0	1	5254	730	2019
2567	3334	3067	23	30	5	5	10	50	5578	2477
2124	3570	1077	0	0	0	0	9	3689	2298	2012
1828	755	2283	8954	0	0	8988	8973	0	387	2485
>DLX2.H14INVITRO.0.PSM.A
1618	1545	847	2481	0	6055	6055	0	0	5479	12	903	614	1314
1374	2863	1156	2016	0	0	0	0	0	0	4712	2132	2821	1816
1868	963	3990	747	0	0	0	0	0	576	1233	1980	1667	1278
1195	684	62	811	6055	0	0	6055	6055	0	98	1040	953	1647
>DLX2.H14INVITRO.1.S.B
1027	1254	1311	836	589	646	677	697	163	0	2249	2249	0	0	1855	260	267	370
238	68	12	32	130	237	631	580	885	191	0	0	0	0	0	1021	908	757
141	16	24	134	261	634	790	744	1040	0	0	0	0	0	394	881	352	445
843	911	902	1247	1269	732	151	228	161	2058	0	0	2249	2249	0	87	722	677
>DLX3.H14INVITRO.0.SM.B
1497	804	1750	0	5872	5872	0	0	5078	0	1023	428	1207
2184	1732	2316	0	0	0	0	0	0	5309	1917	2586	1749
1106	3208	978	0	0	0	0	0	794	563	2066	1505	1128
1085	128	828	5872	0	0	5872	5872	0	0	866	1353	1788
>DLX3.H14INVITRO.1.S.B
326	325	387	326	188	183	279	254	35	0	736	737	0	0	636	78	120	177
109	94	22	35	104	148	220	252	367	188	1	0	0	0	0	449	360	284
70	28	21	47	73	125	170	145	241	0	0	0	0	1	101	182	112	137
232	290	307	329	372	281	68	86	94	549	0	0	737	736	0	28	145	139
>DLX4.H14INVITRO.0.SM.B
2694	2054	1648	0	9778	9779	0	0	5174	885	1976	1520	2425
2713	2646	3671	55	0	0	0	24	1	5515	2714	3436	2415
2168	4276	1677	1	1	0	1	26	4596	3011	2588	2632	2183
2204	803	2783	9723	0	0	9778	9729	8	368	2501	2191	2756
>DLX4.H14INVITRO.1.S.C
256	349	398	273	140	152	193	191	9	0	648	648	0	0	496	104	173	190
97	38	10	17	31	62	155	135	226	87	0	0	0	0	0	286	157	140
60	5	11	25	80	162	235	242	364	0	0	0	0	0	152	245	209	189
235	256	229	333	397	272	65	80	49	561	0	0	648	648	0	13	109	129
>DLX5.H14INVITRO.0.PSM.A
2417	1842	2447	7	9840	9840	0	1	5044	1017	1832	1357	1963
3194	3131	3147	99	0	0	0	7	8	5795	2703	3322	2703
2349	4087	2186	0	0	0	0	15	4761	2580	3006	3072	2370
1880	780	2060	9734	0	0	9840	9817	27	448	2299	2089	2804
>DLX6.H14INVITRO.0.SM.B
2326	2214	1791	1345	2	9618	9618	0	0	4946	861	1730	1879
2500	3600	3067	3551	44	0	0	0	21	4	4962	2461	2904
2773	2290	4113	2367	0	0	0	0	45	4590	2641	3239	2652
2019	1514	647	2355	9572	0	0	9618	9552	78	1154	2188	2183
>DMBX1.H14INVITRO.0.SM.B
1943	1217	328	6721	0	10	7633	3187	1342
2495	1971	1461	1428	1	463	511	1678	2872
2418	3784	6474	268	0	0	60	2504	2407
1562	1446	155	1	8417	7945	214	1049	1797
>DMRT1.H14INVITRO.0.PS.A
3695	4476	4611	1446	764	69	4500	2263	9967	2	9661	2401	710	1176	1513	2826
2241	1758	1133	1080	3124	45	3141	15	3	9966	30	280	1375	1604	2166	2124
2387	1671	1895	839	1319	9835	14	7	5	4	37	254	736	5152	1850	2011
1653	2071	2337	6611	4769	27	2321	7691	1	4	248	7041	7155	2044	4447	3015
>DMRT1.H14INVITRO.1.M.C
548	490	69	4	364	591	1700	0	1319	532	138	413
471	213	1109	165	958	5	3	1703	117	132	372	418
265	176	118	1533	0	0	0	0	251	18	182	535
419	824	407	1	381	1107	0	0	16	1021	1011	337
>DMRT3.H14INVITRO.0.S.C
3206	4660	7955	8009	293	4	4	9875	2395	11	8221	8336	2043	1281	860	1873
2346	2280	416	134	11	2	1	1	3	9936	470	196	337	787	1553	2306
2449	1701	918	195	15	9958	2	4	378	11	962	237	233	542	1169	2618
1963	1323	675	1626	9645	0	9957	84	7188	6	311	1195	7351	7354	6382	3167
>DMRTA.H14INVITRO.0.SM.B
3595	3429	7994	5807	611	1	1	7920	5899	10	7697	6751	2028	1822	1174	1920
2252	3230	522	1769	39	0	0	1	3	9615	408	533	1233	1181	1946	2447
1638	1191	600	209	2	9635	0	9	1382	8	1119	951	656	1248	1788	2708
2152	1787	521	1852	8985	1	9636	1707	2353	4	413	1402	5720	5386	4729	2562
>DMRTD.H14INVITRO.0.SM.B
2123	3711	4098	4542	1336	120	0	4883	117	7328	1	7002	1199	1155
1990	1349	939	602	398	1215	7	1740	94	1	7328	46	954	1608
1608	1270	978	701	356	369	7318	1	30	0	0	95	688	1247
1608	999	1314	1484	5239	5625	4	705	7088	0	0	186	4488	3319
>DMTA2.H14INVITRO.0.SM.B
2509	4257	2488	7384	4708	594	0	0	7349	4293	18	5065	4718	1852	2016	1617
1658	1831	4129	653	1822	8	0	0	20	8	9131	972	978	1762	1623	2204
2870	1436	1036	677	300	9	9246	0	18	1786	56	2163	1291	1108	1423	2042
2209	1722	1593	532	2416	8635	0	9246	1859	3159	41	1046	2259	4524	4184	3383
>DMTF1.H14INVITRO.0.PSGIB.A
671	1132	1287	522	187	1784	10	14	2	0	0	2275	0	3	137	999
488	323	184	84	66	149	2236	2254	2271	0	0	0	1	6	176	168
576	395	609	1293	405	248	13	7	2	2275	2266	0	0	2264	112	341
540	425	195	376	1617	94	16	0	0	0	9	0	2274	2	1850	767
>DPF1.H14INVITRO.0.SM.B
2076	2327	1117	1415	4952	11	195	0	9921	7	9185	30	4917	2897
2698	1276	1137	7305	2751	9917	9421	0	31	34	33	863	2562	2050
2476	3899	3967	301	2182	9	304	0	2	0	734	7103	2076	2193
2704	2452	3733	933	69	17	34	9954	0	9913	2	1958	399	2814
>DPRX.H14INVITRO.0.SM.B
2564	1639	2	0	8868	0	0	8868	2879	559	1706	1917
2097	3421	0	0	0	0	0	0	464	4939	3329	2458
2602	2458	8866	8868	0	0	0	0	2761	1729	2081	2433
1605	1350	0	0	0	8868	8868	0	2764	1641	1752	2060
>DRGX.H14INVITRO.0.S.B
1624	1476	1189	603	8453	9206	109	1	2859	6162	8782	1	27	8742	2652	1533	1369	1453	1697	1885
2817	2654	2941	451	22	4	506	3048	1316	256	24	8	268	15	1607	2829	2105	2793	2584	2458
3027	3639	2808	96	632	13	105	434	1229	2806	389	2	7	246	4495	2045	2968	3275	3094	2900
1759	1458	2289	8077	120	4	8507	5744	3823	3	32	9216	8925	224	473	2820	2785	1706	1852	1984
>DRGX.H14INVITRO.1.SM.B
1925	949	2940	4945	1423	220	301	5857	7101	0	0	7079	2177	392	1516
1475	1052	940	877	2072	2651	2252	231	0	0	1	0	1230	3522	2036
1657	828	1757	927	1200	1736	219	1011	0	0	0	22	3310	1539	2068
2044	4272	1464	352	2406	2494	4329	2	0	7101	7100	0	384	1648	1481
>DUX4.H14INVITRO.0.P.D
291	14	0	723	1	0	588	104	267	0	0	644
61	1	0	0	0	0	3	81	5	0	1	9
160	0	723	0	0	1	132	538	430	0	0	6
211	708	0	0	722	722	0	0	21	723	722	64
>DUXA.H14INVITRO.0.SM.B
1430	340	276	9524	0	2	8592	5759	4399	6	19	6938	3550	1796
2958	407	1	0	1	36	53	522	869	11	3046	423	1977	2691
2344	69	9247	0	1	23	868	3230	3808	20	13	1335	2833	2830
2792	8708	0	0	9522	9463	11	13	448	9487	6446	828	1164	2207
>E2F1.H14INVITRO.0.P.B
288	192	87	17	24	10	14	41	902	722	489	360	224
204	96	193	8	949	9	129	73	19	40	175	209	224
241	442	693	950	1	931	832	855	45	201	206	214	312
245	248	5	3	4	28	3	9	12	15	108	195	218
>E2F1.H14INVITRO.1.S.B
2896	3021	2615	2938	1472	659	6	0	9	136	321	4329	5287	3560
1730	1117	661	336	265	760	66	9614	0	8470	5736	2236	1206	1950
2392	1549	1040	848	2059	8155	9556	25	9628	903	2062	693	1299	1862
2621	3952	5323	5517	5843	65	11	0	2	130	1520	2381	1847	2267
>E2F2.H14INVITRO.0.S.B
1910	2494	3171	3109	2816	138	0	0	1	0	0	54	2762	2315	2020	1506
2357	1375	746	760	180	6	7	0	8169	0	8168	3538	3891	877	3457	1508
2325	3091	1274	1210	1043	189	8163	8170	0	8170	2	4468	43	2765	915	3404
1578	1210	2979	3091	4131	7837	0	0	0	0	0	110	1474	2213	1778	1752
>E2F3.H14INVITRO.0.P.B
297	187	64	7	54	48	45	70	882	654	428
215	97	223	13	909	11	103	52	49	20	180
263	421	696	961	8	896	833	856	42	287	290
212	282	4	6	16	32	6	9	14	26	89
>E2F3.H14INVITRO.1.SM.B
413	584	808	768	776	748	306	45	0	0	0	0	4	1178	1042	977
283	207	91	33	28	22	19	256	0	1421	0	1421	1263	107	80	98
275	268	242	50	37	64	312	1032	1421	0	1421	0	145	18	95	115
450	362	280	570	580	587	784	88	0	0	0	0	9	118	204	231
>E2F4.H14INVITRO.0.P.B
69	18	29	27	6	39	308	291	205	87	93	55	176	288	302
163	87	507	12	224	136	98	77	93	65	77	156	89	77	49
308	437	3	455	309	328	113	111	145	117	83	112	190	146	154
10	8	11	56	11	47	31	71	107	281	297	227	95	39	45
>E2F4.H14INVITRO.1.P.B
203	320	208	88	9	50	12	5	19	860	716	455	304
244	152	78	205	35	920	10	230	108	88	48	157	169
372	269	373	700	952	3	953	760	855	37	209	238	254
182	260	342	8	5	28	26	6	19	16	28	151	274
>E2F4.H14INVITRO.2.S.B
2689	2857	3036	3844	3111	45	6	1	2	1	3	5	4226	1688	2324	2158
2271	1736	1088	548	222	0	1	0	9626	0	9566	5320	3345	2092	1747	2120
2524	2898	1788	818	2225	44	9621	9627	0	9627	56	3831	507	1269	1422	2378
2144	2137	3716	4418	4070	9539	0	0	0	0	3	472	1550	4579	4135	2972
>E2F6.H14INVITRO.0.P.D
311	279	159	2	95	21	1	8	961	719	395
180	65	174	6	852	6	9	34	18	45	200
295	388	661	989	22	964	984	943	9	222	296
212	266	4	1	29	7	4	13	10	12	107
>E2F7.H14INVITRO.0.S.C
802	810	841	176	34	18	1	7	2	1	1	3	2457	2367	1903	732	526
379	224	27	19	13	4	44	17	2460	2	22	23	4	7	146	331	435
696	783	81	48	21	10	2417	2439	2	2460	2443	2436	3	85	76	422	534
590	650	1518	2224	2399	2435	5	4	3	4	1	5	3	8	342	982	972
>E2F7.H14INVITRO.1.P.B
112	71	19	9	51	44	8	9	613	526	399	255
140	51	137	24	591	8	64	31	6	12	95	124
198	166	493	625	15	577	581	624	31	114	134	165
217	379	18	9	10	38	14	3	17	15	39	123
>E2F8.H14INVITRO.0.P.C
46	13	3	16	4	2	12	277	221	189	103
26	66	9	251	3	17	15	1	7	30	58
56	197	264	3	252	260	252	2	48	33	54
153	5	5	11	22	2	2	1	5	29	66
>E2F8.H14INVITRO.1.SM.B
609	831	629	522	49	82	81	0	0	0	0	1714	1610	1160	479	435	441
338	128	113	104	27	17	0	1714	0	1	0	0	5	123	263	279	299
460	252	173	150	49	1478	1633	0	1714	1713	1714	0	79	104	310	388	386
307	503	799	938	1589	137	0	0	0	0	0	0	20	327	662	612	588
>E4F1.H14INVITRO.0.P.D
367	461	172	90	177	20	11	975	981	502	151	156	365
271	91	190	655	759	5	43	5	3	4	107	339	136
261	200	600	154	12	953	644	20	8	486	372	413	417
101	248	38	101	52	22	302	0	8	8	370	92	82
>EGR1.H14INVITRO.0.PS.A
624	213	98	11	0	0	2	0	0	84	58	189	748
396	356	34	2226	0	0	0	0	0	1946	11	95	239
646	197	2109	5	2258	42	2256	2258	2257	21	2158	846	780
592	1492	17	16	0	2216	0	0	1	207	31	1128	491
>EGR2.H14INVITRO.0.PSM.A
1564	994	516	283	15	3	279	71	175	940	488	690	1541
1128	1163	211	5459	1	0	2	45	49	4254	111	421	826
2317	841	5603	541	6600	74	6339	6395	6212	448	5727	3022	2678
1613	3624	292	339	6	6545	2	111	186	980	296	2489	1577
>EGR3.H14INVITRO.0.PSM.A
441	431	187	147	42	6	21	20	19	47	228	134	129	354
265	172	259	14	1152	0	0	0	6	7	900	30	59	156
353	463	182	1190	151	1387	112	1375	1337	1293	120	1130	471	471
337	330	768	45	51	3	1263	1	34	49	148	102	737	415
>EGR4.H14INVITRO.0.S.B
560	413	617	294	4	34	154	206	1369	1056
306	128	0	389	0	3727	0	11	203	545
2679	815	3338	3304	3983	0	3833	959	1294	1090
442	2631	32	0	0	226	0	2811	1121	1296
>EHF.H14INVITRO.0.P.D
237	457	845	123	197	790	0	0	1005	1000	227	28	302	236	158
222	161	7	488	519	204	1	0	1	0	12	166	106	225	359
405	171	11	190	290	13	1006	1007	1	0	768	42	394	439	384
143	218	144	206	1	0	0	0	0	7	0	771	205	107	106
>ELF1.H14INVITRO.0.PSM.A
4864	5466	3070	131	684	10	6	9981	9978	143	74	4434	2747
1383	933	4309	8632	9236	7	4	3	1	30	179	599	2921
1755	950	711	1189	55	9965	9982	4	6	9813	73	4274	2753
1993	2646	1905	43	20	13	3	7	10	9	9669	688	1574
>ELF2.H14INVITRO.0.PS.A
727	1354	1883	331	16	3	0	0	2496	2497	7	4	1205	752
791	388	77	1822	2382	2492	0	0	0	0	0	27	91	776
600	213	49	20	98	2	2497	2497	0	0	2490	1	1089	579
379	542	488	324	1	0	0	0	1	0	0	2465	112	390
>ELF2.H14INVITRO.1.M.B
839	1720	1961	540	39	1299	2	1	2497	2495	27	13	1326	1007	763
493	164	46	1556	2363	1188	7	0	0	2	5	56	80	537	522
774	257	71	118	68	7	2490	2498	1	0	2461	15	971	535	473
393	358	421	285	29	5	0	0	1	2	6	2415	122	420	741
>ELF3.H14INVITRO.0.S.B
2933	6645	1307	1302	1095	1	1	9923	9883	1244	159	5023	3452
2164	451	5215	6079	8742	2	0	0	0	34	1038	650	2675
1820	564	1439	2503	72	9916	9923	0	1	8640	260	3092	2178
3007	2264	1963	40	15	5	0	1	40	6	8467	1159	1619
>ELF3.H14INVITRO.1.PM.A
3481	7591	1504	1823	8809	0	0	9786	9782	1058	82	5776	4271
1532	263	5237	5986	928	1	0	0	3	14	456	364	2017
1494	376	1514	1917	38	9785	9786	0	0	8711	187	2839	1965
3279	1556	1531	60	11	0	0	0	1	3	9061	807	1533
>ELF4.H14INVITRO.0.PS.A
3245	4659	2690	606	408	0	0	9672	9672	18	69	3194	2303
1587	813	2147	5793	9225	0	0	0	0	0	605	908	2739
2752	1558	1414	3228	29	9671	9672	0	0	9654	136	4452	2732
2088	2642	3421	45	10	1	0	0	0	0	8862	1118	1898
>ELF4.H14INVITRO.1.M.B
2545	1958	4634	6566	3746	482	8014	0	0	9772	9760	478	110	4417	2838
2242	1802	987	409	2758	7860	1716	1	0	0	1	37	667	594	2758
3218	4460	2504	805	1797	975	34	9769	9772	0	0	9255	255	4063	2526
1767	1552	1647	1992	1471	455	8	2	0	0	11	2	8740	698	1650
>ELF5.H14INVITRO.0.PSM.A
3304	5343	1785	2801	4516	4	4	9973	9740	1193	884	3388
1748	903	2959	2888	4382	14	8	2	16	358	1572	1458
2726	1558	2640	3816	926	9957	9956	2	6	8318	1590	3110
2203	2177	2597	476	157	6	13	4	219	112	5935	2025
>ELF5.H14INVITRO.1.S.B
239	49	30	29	0	0	487	487	0	0	206	97
39	133	269	458	0	0	0	0	0	8	26	139
53	65	188	0	487	487	0	0	487	0	154	119
156	240	0	0	0	0	0	0	0	479	101	132
>ELK1.H14INVITRO.0.PSM.A
3205	5951	143	56	0	0	9705	9492	640	360	2747
2144	496	9026	9630	0	0	1	4	468	1427	1697
2188	2066	446	13	9706	9668	0	3	8542	267	3200
2169	1193	91	7	0	38	0	207	56	7652	2062
>ELK3.H14INVITRO.0.PSM.A
3091	5667	650	298	1	0	8263	7374	1230	565	2588
1652	406	6722	7705	0	0	2	110	560	1156	1326
1974	1370	638	140	8298	8300	0	79	6251	360	2269
1589	863	296	163	7	6	41	743	265	6225	2123
>ELK4.H14INVITRO.0.PSM.A
4805	846	188	0	0	9438	7806	2606	784	2561
1045	7348	9193	0	0	0	56	535	2759	1800
1681	842	30	9438	9438	0	12	6091	947	3143
1907	402	27	0	0	0	1564	206	4948	1934
>ELYS.H14INVITRO.0.B.B
250	332	681	681	681	0	281
118	76	0	0	0	0	91
145	67	0	0	0	0	113
168	206	0	0	0	681	196
>EMX1.H14INVITRO.0.SM.B
2385	1588	1196	165	5493	9080	0	0	9080	2706	417	1517	2681
1907	2914	2972	1352	3478	0	0	0	0	549	3558	1805	2215
2632	2864	3625	33	96	0	0	0	0	5741	1921	3523	1779
2156	1714	1287	7530	13	0	9080	9080	0	84	3184	2235	2405
>EMX2.H14INVITRO.0.S.B
2275	1340	618	17	7273	8867	0	0	8867	1291	252	997	2733
1956	2855	2801	782	1586	0	0	0	0	366	3584	1668	2073
2858	3533	4144	1	8	0	0	0	0	7210	2051	3687	1886
1778	1139	1304	8067	0	0	8867	8867	0	0	2980	2515	2175
>EOMES.H14INVITRO.0.PSM.A
3044	6591	616	4	2	0	344	217	7104	3872	2891
933	130	304	7	207	0	798	447	154	1005	1304
2005	841	6613	7850	7	7865	48	5853	315	1068	1428
1883	303	332	4	7649	0	6675	1348	292	1920	2242
>EPAS1.H14INVITRO.0.P.D
160	207	230	164	798	7	47	1	0	357	171
130	195	233	117	30	966	4	2	0	511	490
446	433	470	263	171	6	959	1	1013	50	161
277	178	80	469	14	34	3	1009	0	95	191
>ERF.H14INVITRO.0.PS.A
372	588	331	177	0	0	1638	1449	469	30	434
269	93	505	941	0	0	0	0	17	470	263
662	496	486	504	1638	1638	0	2	1151	434	623
335	461	316	16	0	0	0	187	1	704	318
>ERG.H14INVITRO.0.P.B
297	565	67	243	4	0	999	980	226	18	171	307
271	62	850	746	0	0	0	0	6	254	139	250
323	291	80	3	995	1000	1	0	765	49	609	356
109	82	3	8	1	0	0	20	3	679	81	87
>ERG.H14INVITRO.1.SM.B
2799	6972	137	432	0	0	9619	8895	3113	24	2759	2297
2631	79	8956	9187	0	0	0	0	1	2152	1708	3394
1922	1285	522	0	9619	9619	0	0	6503	293	4297	2594
2267	1283	4	0	0	0	0	724	2	7150	855	1334
>ERR1.H14INVITRO.0.PSM.A
1867	1182	1019	9008	9881	0	1	203	78	8050	2470
2355	2271	6049	20	5	0	0	10	8685	143	2763
3094	1702	2265	711	26	9909	9915	480	531	1609	1304
2600	4761	583	177	4	7	0	9223	622	114	3379
>ERR2.H14INVITRO.0.PSM.A
1964	1082	567	9629	9976	0	0	141	15	7637	2432	2446
2186	1924	6968	5	3	0	0	4	9492	21	2445	2053
2879	1249	2163	311	6	9980	9986	229	99	2318	738	2843
2957	5731	288	41	1	6	0	9612	380	10	4371	2644
>ERR3.H14INVITRO.0.PSM.A
1903	1438	8220	9421	19	23	685	649	6570	2756
2140	5112	223	99	32	21	224	6892	543	1990
1780	2359	997	187	9590	9744	750	1121	1917	1608
4001	915	384	117	183	36	8165	1162	794	3470
>ESR1.H14INVITRO.0.P.B
621	61	27	42	1	904	133	353	192	29	46	806	19	106	37
34	2	4	27	919	7	423	647	329	87	4	124	943	839	351
302	828	960	111	24	72	313	0	278	3	948	25	3	0	39
43	109	9	820	56	17	131	0	201	881	2	45	35	55	573
>ESR1.H14INVITRO.1.P.B
117	142	12	6	466	14	122	41	150
139	142	3	2	45	486	381	141	59
142	162	3	498	2	7	1	9	174
118	70	498	10	3	9	12	325	133
>ESR2.H14INVITRO.0.P.D
520	101	65	83	7	720	109	319	149	94	82	527	26	70	54
85	5	32	105	823	22	522	685	384	198	40	266	874	844	360
364	823	868	228	66	208	287	0	307	47	880	97	29	7	69
35	75	39	588	108	54	86	0	164	665	2	114	75	83	521
>ESR2.H14INVITRO.1.P.D
676	25	7	17	3	967	89
53	1	10	8	1005	1	465
288	972	1002	73	2	51	361
4	23	2	923	11	2	106
>ESX1.H14INVITRO.0.SM.B
2691	1631	419	5605	9306	0	0	9599	2451	431	1964
2620	2869	3734	1465	219	0	49	0	2339	4275	2250
2466	3198	384	2405	83	0	0	9	4097	2806	3067
1831	1910	5071	133	0	9608	9559	0	721	2096	2327
>ESX1.H14INVITRO.1.S.B
280	336	392	314	133	97	250	6	0	693	721	0	0	678	47	18	67	147
127	8	14	20	40	183	73	504	112	1	0	0	5	0	68	266	225	249
66	19	37	56	156	248	381	136	0	27	0	0	0	43	599	151	360	209
248	358	278	331	392	193	17	75	609	0	0	721	716	0	7	286	69	116
>ETS1.H14INVITRO.0.S.B
3075	1038	943	0	0	6094	5258	1961	365	1943
829	3634	4700	0	0	0	7	75	1409	891
1276	1055	382	6091	6094	0	3	3982	550	2146
914	367	69	3	0	0	826	76	3770	1114
>ETS1.H14INVITRO.1.P.B
257	446	88	514	2	4	989	928	214	107	117	242
261	136	684	452	0	1	6	0	17	209	86	175
368	369	214	28	995	995	4	4	766	53	686	494
114	49	14	6	3	0	1	68	3	631	111	89
>ETS2.H14INVITRO.0.S.C
2478	5568	420	653	1	4	9860	7674	2736	252	3145	1293	3140	1607	1459	1311	1413	1779	2271
2522	672	8257	9200	1	0	18	65	139	3117	1459	4706	1283	1324	5501	5660	1598	2495	2556
2703	2178	1209	70	9931	9934	5	19	6999	503	4335	2177	2098	1602	1606	1454	4647	3806	2423
2239	1524	56	19	9	4	59	2184	68	6070	1003	1766	3421	5409	1376	1517	2284	1862	2692
>ETS2.H14INVITRO.1.P.B
357	450	99	422	3	5	974	973	172	113	166	298
153	111	588	520	2	2	9	3	36	226	121	229
377	370	307	47	986	991	15	12	775	73	607	361
112	68	5	10	8	1	1	11	16	587	105	111
>ETV1.H14INVITRO.0.PSM.A
2765	5960	386	654	0	0	9848	7980	1706	489	3244
2290	308	8923	9188	0	0	1	47	441	2299	1817
2903	2361	509	4	9849	9829	0	14	7635	855	2741
1892	1221	32	4	1	21	1	1809	68	6207	2048
>ETV1.H14INVITRO.1.PM.A
2836	1957	3550	1862	6288	0	0	8683	7756	120	48	3517	2242
1908	1111	127	5607	2353	0	0	0	0	6	1361	483	1923
2443	4165	4296	1120	41	8683	8683	0	0	8557	1204	3802	2847
1496	1450	710	94	1	0	0	0	927	0	6070	881	1671
>ETV2.H14INVITRO.0.S.B
1932	4641	48	40	0	0	6855	6578	2139	121	2128	1472
1602	224	6544	6815	0	0	0	0	8	1722	778	2045
1569	834	263	0	6855	6855	0	0	4708	170	2913	2019
1752	1156	0	0	0	0	0	277	0	4842	1036	1319
>ETV2.H14INVITRO.1.PM.A
2929	3468	5938	132	8666	0	0	9239	8068	3517	179	2829	1727
1685	1324	206	8700	571	0	0	0	47	45	1983	916	2418
2943	2881	2815	333	1	9239	9239	0	1	5670	302	4422	3471
1682	1566	280	74	1	0	0	0	1123	7	6775	1072	1623
>ETV3.H14INVITRO.0.SM.B
3536	6709	1057	3416	0	0	9492	8506	3305	85	3121	2622
1534	305	6125	5998	0	0	0	0	25	1819	1640	2986
2310	1404	1444	64	9493	9493	0	0	6160	255	3578	2196
2113	1075	867	15	0	0	1	987	3	7334	1154	1689
>ETV4.H14INVITRO.0.P.B
473	51	513	1	3	989	877	186	58	262
118	808	479	1	5	9	1	36	234	137
285	131	5	992	992	2	9	774	178	434
124	10	3	6	0	0	113	4	530	167
>ETV4.H14INVITRO.1.SM.B
2950	2350	7884	88	333	0	0	9786	9417	394	113	4397	3368
1984	1956	70	9453	9453	0	0	0	1	53	1263	839	2607
2599	3816	890	235	0	9786	9786	0	0	9338	253	3361	2361
2253	1664	942	10	0	0	0	0	368	1	8157	1189	1450
>ETV5.H14INVITRO.0.PS.A
2168	4474	546	395	1	0	9930	6476	1232	647	2952
2390	567	7365	9512	0	0	10	98	536	3041	1537
2787	2371	1796	23	9944	9936	0	25	8090	712	3164
2604	2537	242	19	4	13	9	3350	91	5549	2296
>ETV5.H14INVITRO.1.PM.A
304	232	408	45	304	32	24	971	907	205	65	200	251
221	207	120	790	652	1	3	3	3	25	268	144	212
330	404	333	133	10	895	952	2	17	740	99	521	412
127	139	121	14	16	54	3	6	55	12	550	117	107
>ETV6.H14INVITRO.0.PS.A
443	87	122	11	11	987	974	109	48	165
207	730	847	2	13	2	2	27	230	96
280	163	10	964	964	0	6	853	30	610
60	10	11	13	2	1	8	1	682	119
>ETV6.H14INVITRO.1.P.B
541	455	137	678	2	1	991	988	133	101	269	346
54	150	387	227	2	1	4	1	5	129	53	138
258	337	454	86	993	996	4	6	859	144	599	430
147	58	22	9	3	2	1	5	3	626	79	86
>ETV7.H14INVITRO.0.SM.B
2005	2561	1626	706	865	6	0	9951	9836	2028	350	5596	1741	1657	1451	1311	1133	1609	2564
1433	905	6347	7762	6765	0	1	0	26	116	1929	457	4742	1441	1450	6051	5657	1796	2623
1567	1161	878	1307	2160	9968	9973	0	2	7809	146	3161	1357	1420	1552	1353	1977	4146	2767
4969	5347	1123	199	184	0	0	23	110	21	7549	760	2134	5456	5521	1259	1207	2423	2020
>ETV7.H14INVITRO.1.P.C
237	740	5	10	1060	1028	470
472	92	1	16	6	2	23
304	171	1070	1050	11	46	550
69	79	6	6	5	6	39
>EVX1.H14INVITRO.0.SM.B
1526	1051	2258	1737	0	6355	6355	0	7	5380	959	1508
1781	2531	1470	3364	0	0	0	0	2296	55	2635	1785
1578	788	2385	468	0	0	0	0	1284	808	1380	1402
1470	1985	242	786	6355	0	0	6355	2768	112	1381	1660
>EVX2.H14INVITRO.0.SM.B
1727	1367	3487	327	0	8756	8756	0	4	7977	260	1076	2334
2215	3586	1923	5888	0	0	0	2	1869	30	3960	3341	2259
2676	1995	3015	504	0	0	0	0	1711	695	2920	2106	2137
2138	1808	331	2037	8756	0	0	8754	5172	54	1616	2233	2026
>EVX2.H14INVITRO.1.S.B
111	72	227	5	0	643	661	0	0	661	57	13	148	282	164	240	434	270	157
221	315	173	493	1	13	0	0	27	0	150	211	150	203	102	77	11	40	108
210	194	240	102	0	5	0	0	9	0	451	96	249	68	37	29	10	56	104
119	80	21	61	660	0	0	661	625	0	3	341	114	108	358	315	206	295	292
>F200B.H14INVITRO.0.PSGIB.A
1293	935	103	9	2	0	3	91	142	282	2420	861	449	451
871	632	21	9	1	11	5262	110	4116	213	583	3324	3706	3355
2042	418	5083	5236	5259	0	0	5051	402	4543	1889	573	679	863
1059	3280	58	11	3	5254	0	13	605	227	373	507	431	596
>FER3L.H14INVITRO.0.SM.B
2486	451	13	15	8240	9404	0	9519	0	1372	4	0	212	106	3674	493
1831	3470	1	1145	330	97	9519	0	12	8108	1	0	428	3134	609	7793
2714	3551	9498	10	945	17	0	0	8280	39	0	9515	2369	1708	4752	391
2488	2047	7	8349	4	1	0	0	1227	0	9514	4	6510	4571	484	842
>FEV.H14INVITRO.0.S.B
2518	5333	323	96	0	0	9061	8496	1605	148	2491
1955	235	8273	8965	0	0	0	0	101	1949	1549
2213	1563	438	0	9061	9061	0	0	7343	379	3487
2375	1930	27	0	0	0	0	565	12	6585	1534
>FEZF1.H14INVITRO.0.P.D
257	149	57	10	26	13	44	253	12	28	22	141
162	504	16	20	637	343	782	82	151	18	145	340
433	60	31	964	106	49	29	12	25	9	37	202
148	287	896	6	231	595	145	653	812	945	796	317
>FIGLA.H14INVITRO.0.SM.B
2176	4551	3337	3	9802	0	0	0	0	500	2698
2677	1521	4128	9797	0	9802	9802	0	0	613	1521
1694	877	1195	0	0	0	0	0	9801	4185	1704
3255	2853	1142	2	0	0	0	9802	1	4504	3879
>FIZ1.H14INVITRO.0.PSGI.A
1279	1194	3634	2738	155	323	169	1173	7214	6505	786	317	1507	1357	1224	1010	1191
2115	1666	888	138	153	71	7235	70	158	37	430	3447	3866	1073	768	4551	2296
1013	3482	2401	4539	163	2624	34	6092	244	1014	345	627	1014	1030	4907	1226	2707
3272	1337	756	264	7208	4661	241	344	63	123	6118	3288	1292	4219	780	892	1485
>FLI1.H14INVITRO.0.PSM.A
2547	6622	309	276	0	0	9963	8405	4472	184	2048	2182
2288	286	9078	9684	0	0	0	7	105	2378	2854	3822
3163	1797	533	2	9965	9965	0	3	5312	325	3795	2583
1967	1260	45	3	0	0	2	1550	76	7078	1268	1378
>FLI1.H14INVITRO.1.P.B
312	264	427	295	751	1	4	984	979	289	138	290	377	379	221	246	219	282
202	65	44	463	190	1	2	3	3	6	229	80	109	166	134	156	197	166
382	615	507	236	7	989	993	11	4	648	311	559	468	400	391	521	450	417
104	56	22	6	52	9	1	2	14	57	322	71	46	55	254	77	134	135
>FOG1.H14INVITRO.0.I.C
149	78	0	0	858	0	0	234	222
246	344	1	0	0	0	858	5	189
207	270	0	0	0	0	0	165	246
256	166	857	858	0	858	0	454	201
>FOS.H14INVITRO.0.P.B
271	25	9	767	164	43	71	993	64	246	281
242	7	35	121	0	62	892	6	359	387	242
280	20	858	12	843	31	33	2	259	159	253
216	957	107	109	2	873	13	8	327	217	233
>FOS.H14INVITRO.1.S.C
1685	2895	371	568	0	18	8417	54	1176	2801
2497	1470	5350	252	1	8555	155	1490	4253	2503
2307	3002	611	7719	0	0	1	57	1451	2123
2084	1206	2241	34	8572	0	0	6972	1693	1146
>FOS.H14INVITRO.2.S.C
101	295	10	14	480	0	0	0	0	507	0	45	287	98
116	18	4	25	1	500	0	0	507	0	2	420	53	174
179	177	17	422	25	0	507	0	0	0	0	14	130	105
111	17	476	46	1	7	0	507	0	0	505	28	37	130
>FOSB.H14INVITRO.0.P.B
416	9	7	910	166	14	42	972	49
233	5	30	10	0	19	947	5	380
280	14	860	3	834	20	11	5	176
71	972	103	77	0	947	0	18	395
>FOSB.H14INVITRO.1.M.C
1581	3077	1656	521	0	10	8242	0	1546	3402	1638
1889	1426	4440	284	0	8349	117	502	5068	1730	2900
2542	2717	473	7552	0	0	0	8	668	2575	1491
2347	1139	1790	2	8359	0	0	7849	1077	652	2330
>FOSB.H14INVITRO.2.M.C
110	110	385	37	21	476	4	11	0	0	548	0	60	302	80	114
141	89	26	11	46	14	489	0	0	548	0	0	445	47	202	162
147	224	111	24	409	57	2	537	0	0	0	0	20	191	81	120
150	125	26	476	72	1	53	0	548	0	0	548	23	8	185	152
>FOSL1.H14INVITRO.0.P.D
467	1	0	990	0	0	12	995	24	248	231
225	0	0	3	0	0	987	3	336	329	331
276	3	948	1	945	0	1	1	166	180	281
32	996	52	6	55	1000	0	1	474	243	157
>FOSL2.H14INVITRO.0.P.D
190	232	488	0	2	986	48	0	5	998	10	164
211	176	152	3	1	6	0	1	995	1	372	451
419	433	346	2	982	0	953	0	1	0	131	145
181	160	15	996	16	9	0	1000	0	2	488	241
>FOXA1.H14INVITRO.0.P.B
32	272	9	11	6	773	30	414	108	477	250
17	10	20	4	3	10	805	150	273	65	180
23	716	25	99	178	193	13	23	166	81	400
932	6	950	890	817	28	156	417	457	381	174
>FOXA1.H14INVITRO.1.S.C
1238	1942	1235	6	1219	0	2	3	6144	2	2470	76	5217	3205	526	1459
1856	564	366	25	3	3	0	2	10	6213	233	1183	61	231	1846	1336
1913	697	413	11	5328	1	10	26	396	11	74	107	134	2684	2542	2822
1543	3347	4536	6508	0	6546	6538	6519	0	324	3773	5184	1138	430	1636	933
>FOXA2.H14INVITRO.0.PSM.A
1767	2566	4002	4682	21	5166	0	0	10	6324	514	3152	1224	3582
2702	3189	1916	1376	172	29	4	0	5	21	7719	2190	3653	1327
1961	2316	1434	1510	62	4722	0	132	1574	3562	226	1285	1167	1747
3489	1848	2567	2351	9664	2	9915	9787	8330	12	1460	3292	3875	3263
>FOXA2.H14INVITRO.1.SM.B
230	202	41	371	805	869	0	779	0	0	0	656	6	286	93	312
214	118	307	479	54	13	0	0	0	0	0	0	911	231	441	149
225	529	60	65	25	9	0	188	0	0	127	311	2	120	78	183
298	118	559	52	83	76	967	0	967	967	840	0	48	330	355	323
>FOXA3.H14INVITRO.0.PS.A
2	273	4	5	1	849	6	437	102	487	247	148
2	0	3	2	1	0	925	160	301	31	140	324
2	727	2	47	198	142	6	4	118	62	404	299
994	0	991	946	800	9	63	399	479	420	209	229
>FOXA3.H14INVITRO.1.M.C
1154	658	263	2310	3045	3134	15	3200	1	1	32	3118	44	1690	220	2667	1692	526	966
1023	698	1994	1357	576	422	559	416	337	24	464	456	4088	627	1853	535	903	1938	1328
890	2540	367	330	150	111	6	722	1	8	709	760	22	282	97	136	1164	998	1359
1271	442	1714	341	567	671	3758	0	3999	4305	3133	4	184	1739	2168	1000	579	876	685
>FOXB1.H14INVITRO.0.SM.B
1570	1409	348	4131	6078	6494	0	6664	0	1	26	5069	234	3376	302	4692	2860	1075	1593
1518	1067	3046	2268	447	237	93	0	0	1	2	3	5843	590	2324	73	739	2369	1980
1281	3771	385	424	275	144	1	590	0	12	1415	2175	164	968	331	329	2539	2393	2388
2885	1007	3475	431	454	379	7160	0	7254	7240	5811	7	1013	2320	4297	2160	1116	1417	1293
>FOXC1.H14INVITRO.0.S.B
2217	2639	1429	2968	5979	5841	7	5972	1	2	19	8288	11	4084	264	5300	4092	1195	1937
1975	1094	1106	2975	251	180	18	8	9	4	1	29	7013	749	1443	137	640	2191	2060
1319	3371	484	1421	372	172	11	2619	0	3	1873	172	66	552	168	295	2790	3523	2652
3089	1496	5581	1236	1998	2407	8564	1	8590	8591	6707	111	1510	3215	6725	2868	1078	1691	1951
>FOXC1.H14INVITRO.1.S.C
215	174	385	344	1	340	0	0	0	896	4	175	62	385
262	437	280	65	119	92	30	0	99	70	700	198	276	149
118	170	66	68	0	629	0	0	0	43	9	163	88	144
466	280	330	584	941	0	1031	1061	962	52	348	525	635	383
>FOXC2.H14INVITRO.0.SM.B
3009	1984	31	186	6	0	5	8323	59	1833	779	4432
1074	619	16	0	1	0	1	17	3952	1108	1287	538
1378	821	9	8884	0	0	433	650	123	1036	790	854
3609	5646	9014	0	9063	9070	8631	80	4936	5093	6214	3246
>FOXD2.H14INVITRO.0.S.B
3152	2386	2346	2092	5622	8942	8887	1	5515	0	1	1320	6582	1	1976	81	5427	3718	833	1791
969	1631	355	563	1457	34	24	1796	0	0	0	0	18	5396	1005	932	26	1258	4513	3328
3731	2717	6250	144	35	9	1	0	3555	0	0	803	1030	391	1146	51	119	2598	2211	2004
1218	2336	119	6271	1956	85	158	7273	0	9070	9069	6947	1440	3282	4943	8006	3498	1496	1513	1947
>FOXD2.H14INVITRO.1.SM.B
2627	99	3788	3	3	6382	1504	6	1170	316	4873	4161	1136	1712	2237
1724	795	21	27	7	1	11	2553	1173	1098	135	557	2119	2086	1890
2098	49	5869	23	77	881	2047	1111	4485	407	580	3930	4399	4064	3150
3230	8736	1	9626	9592	2415	6117	6009	2851	7858	4091	1031	2025	1817	2402
>FOXD3.H14INVITRO.0.P.C
196	152	177	36	61	43	50	324	16	274	93	438	233	135
196	269	10	75	72	89	7	167	600	196	234	29	165	308
303	242	44	880	29	63	180	253	53	40	80	115	436	326
302	334	766	6	835	802	760	253	328	487	590	415	163	228
>FOXD3.H14INVITRO.1.S.B
1373	846	957	840	1095	2167	2180	0	1620	0	1	173	1951	0	879	56	1466	1211	476	562
162	444	253	185	293	6	1	248	0	0	0	0	3	1830	215	460	7	122	490	434
460	324	968	10	4	2	2	0	585	0	0	287	82	73	218	23	44	724	846	803
210	591	27	1170	813	30	22	1957	0	2205	2204	1745	169	302	893	1666	688	148	393	406
>FOXE1.H14INVITRO.0.SM.B
2415	1158	21	70	2	13	2027	1578	30	2337	67	6077	3616	328	1105	1534
1063	433	101	3	138	9	2	13	1170	232	439	16	54	1729	1252	2050
2225	959	22	7676	16	205	2165	1777	1165	999	151	123	3833	3983	4530	2197
2047	5200	7606	1	7594	7523	3556	4382	5385	4182	7093	1534	247	1710	863	1969
>FOXE1.H14INVITRO.1.S.C
1933	883	2304	1289	10	54	5	65	2408	2946	1807
1895	2499	1447	420	39	5	83	58	80	875	2069
2724	2954	3450	1117	18	9835	9	75	1148	1626	2259
3342	3558	2693	7068	9827	0	9797	9696	6258	4447	3759
>FOXF1.H14INVITRO.0.P.D
123	143	139	5	28	2	10	4	966	14	470	196
330	355	384	3	2	3	5	0	16	382	138	165
216	182	218	4	980	0	31	10	26	38	134	131
341	330	269	998	0	1005	964	996	2	576	268	518
>FOXG1.H14INVITRO.0.PSM.A
3639	37	419	2	3	103	7494	50	1270	1024	2428
958	1399	57	167	10	23	116	6143	1408	2006	1356
1972	20	9368	5	131	2321	1454	626	6038	1355	2075
3275	8388	0	9670	9700	7397	780	3025	1128	5459	3985
>FOXH1.H14INVITRO.0.P.D
113	1	5	7	1	973	42	5	96
31	0	18	1	2	8	18	65	393
47	1003	6	872	773	1	31	2	412
813	0	975	124	228	22	913	932	103
>FOXI1.H14INVITRO.0.SM.B
2268	2542	7	160	1	1	1	9501	3	3911	1062	2479	3579
2200	1356	11	0	0	0	0	11	8176	1196	2330	1324	1701
2516	1441	4	9489	0	3	385	121	107	3156	2458	986	1253
2665	4310	9627	0	9648	9645	9263	16	1363	1386	3799	4860	3116
>FOXJ2.H14INVITRO.0.PSM.A
2461	2400	9	854	0	1	0	8856	0	3695	2980
1429	1524	857	4	2	0	0	3	7342	1227	1815
2313	851	13	8095	0	3	865	92	59	2576	1562
2750	4178	8074	0	8951	8949	8088	2	1552	1455	2596
>FOXJ2.H14INVITRO.1.SM.B
432	778	536	26	842	15	34	38	2482	0	2474	2458	41	2299	1601	899	784
700	277	500	155	28	14	8	1	0	2482	2	3	1953	35	191	526	661
642	581	251	14	1608	8	7	44	0	0	1	7	5	126	309	225	639
709	847	1196	2288	5	2446	2434	2400	1	1	6	15	484	23	382	833	399
>FOXJ2.H14INVITRO.2.S.B
1503	1555	1628	1105	611	654	118	1741	2956	3446	5	1628	0	143	162	7705	7	1538	992	1493
2446	2446	1627	597	253	135	260	236	358	658	55	2	3	11	0	22	4793	940	1170	1233
2003	2110	1543	1935	2565	4237	227	1264	1539	198	4	6582	0	0	530	199	132	2356	1880	1705
2260	2101	3414	4575	4783	3186	7607	4971	3359	3910	8148	0	8209	8058	7520	286	3280	3378	4170	3781
>FOXJ3.H14INVITRO.0.SM.B
1770	1673	0	36	0	0	0	7053	0	949	655	1880
1250	852	305	0	0	0	0	1	5726	859	1564	1410
1629	872	0	7269	0	0	1004	251	13	4802	818	1393
2656	3908	7000	0	7305	7305	6301	0	1566	695	4268	2622
>FOXK1.H14INVITRO.0.PS.A
36	70	23	5	7	569	15	305	145
12	21	13	3	6	229	660	217	275
8	907	20	52	309	31	62	275	173
952	10	952	948	686	179	271	211	415
>FOXK2.H14INVITRO.0.P.D
57	132	10	50	4	8	4	711	4	396	148
476	251	3	11	7	8	3	143	743	242	187
254	162	8	935	2	46	206	11	19	147	156
213	455	979	4	987	938	787	135	234	215	509
>FOXL1.H14INVITRO.0.S.B
1225	1487	1182	278	1359	641	308	0	2961	0	9	11	6521	279	2406	1377	2538	1211	1543	1377
1327	1068	788	370	422	103	25	1	1	19	3	2	30	2599	496	555	522	2296	2435	2704
2811	2359	2048	482	4915	183	39	1	4175	0	3	171	449	88	572	500	547	760	1205	1284
1774	2223	3119	6007	441	6210	6765	7135	0	7118	7122	6953	137	4171	3663	4705	3530	2870	1954	1772
>FOXL2.H14INVITRO.0.PSM.A
2162	1937	3	0	0	0	1410	3430	418	1538
2390	572	929	72	299	0	512	1513	3621	2484
2814	3193	103	9169	0	928	1904	2238	2795	2997
1875	3539	8206	0	8942	8313	5415	2060	2407	2222
>FOXM1.H14INVITRO.0.P.D
31	328	33	8	6	483	42	272	48	439	225	201
13	17	28	25	7	41	754	132	316	24	138	261
15	663	30	54	106	434	12	9	130	16	377	281
951	2	919	923	891	52	202	597	516	531	270	267
>FOXO1.H14INVITRO.0.PS.A
61	12	44	3	2	3	597	10	302
354	2	14	7	4	9	166	754	292
232	3	919	9	73	219	35	25	168
352	982	22	980	920	768	201	210	237
>FOXO3.H14INVITRO.0.PS.A
93	56	7	29	0	0	2	719	3
408	383	0	0	6	2	3	99	787
286	152	3	963	5	15	142	40	17
208	404	985	3	984	978	848	137	188
>FOXO4.H14INVITRO.0.SM.B
1768	1468	94	418	0	1	18	5674	273	1773	1759
2061	998	176	1	0	0	146	422	4045	1342	1536
2586	1488	99	7989	0	134	2124	643	1215	3314	2467
1993	4454	8039	0	8408	8273	6120	1669	2875	1979	2646
>FOXO6.H14INVITRO.0.S.B
2740	1301	3046	60	138	6	0	6	8604	74	2336	2306
2108	4001	758	144	66	30	3	77	179	7195	1645	2054
1834	2882	1430	47	9494	1	6	1427	112	287	3850	1603
3019	1517	4467	9450	3	9664	9692	8191	806	2145	1870	3738
>FOXP1.H14INVITRO.0.PS.A
1865	1479	31	483	0	0	103	4406	59	775	3545	1071	1737
2207	1267	214	68	98	18	56	375	4156	3083	836	1318	2406
3081	1586	41	8709	2	3	4046	1319	1510	2390	3071	918	2610
2107	4928	8974	0	9160	9239	5055	3160	3535	3012	1808	5953	2507
>FOXP2.H14INVITRO.0.P.D
67	17	22	9	6	4	713	7
389	4	7	41	14	9	93	783
237	7	966	33	108	210	79	13
308	973	6	918	873	778	116	198
>FOXP3.H14INVITRO.0.P.D
110	50	49	5	37	9	8	19	352	14
190	296	319	10	48	33	13	11	124	497
273	223	123	22	888	19	86	118	248	80
424	428	506	960	24	936	890	849	273	406
>FOXR2.H14INVITRO.0.M.C
4285	271	1957	138	7558	25	3059	3	3782	18	7109	70	3580	595	2405
947	455	393	71	6	1574	24	461	560	21	25	1990	441	1687	1495
1439	410	607	28	185	873	4700	0	57	15	607	613	3451	556	1632
1125	6660	4839	7559	47	5324	13	7332	3397	7742	55	5123	324	4958	2264
>FWCH1.H14INVITRO.0.PSGB.A
316	381	500	854	121	0	0	0	1088	449	77	72	147	1200	522	31	16	76	925	312	211	155	351	572	362	239
558	624	356	56	2	0	1517	0	29	573	697	1186	48	7	4	100	1290	101	96	647	654	676	169	167	286	571
311	379	455	135	141	1	0	1516	398	108	82	73	1080	36	15	11	121	1310	458	147	271	399	614	250	200	325
332	133	206	472	1253	1516	0	1	2	387	661	186	242	274	976	1375	90	30	38	411	381	287	383	528	669	382
>FXL19.H14INVITRO.0.PSGIB.A
134	95	0	635	0	0	152
168	148	0	0	635	0	174
222	126	0	0	0	635	134
111	266	635	0	0	0	175
>GABPA.H14INVITRO.0.PSM.A
3552	7539	273	878	0	0	9955	9721	1185	171	3285	2788
2049	194	9033	9069	1	0	0	0	89	1681	1277	2621
2305	1274	622	3	9954	9955	0	0	8680	580	3774	3077
2049	948	27	5	0	0	0	234	1	7523	1619	1469
>GATA1.H14INVITRO.0.P.B
150	111	147	251	268	246	250	217	312	204	711	0	1000	0	964	962	139	394
184	130	223	184	203	184	198	236	161	404	17	0	0	0	2	3	139	188
221	486	385	307	297	348	322	255	303	300	5	1000	0	1	1	16	694	358
445	273	245	258	232	222	230	292	224	92	267	0	0	999	33	19	28	60
>GATA1.H14INVITRO.1.PSM.A
2624	926	7186	0	7172	6982	229	2996	1812
2269	3	0	0	0	45	3503	1026	1473
518	6256	0	0	0	96	3114	2639	1566
1775	1	0	7186	14	63	340	525	2335
>GATA2.H14INVITRO.0.PSM.A
2371	4471	0	8388	0	8023	7705	617	2409	2057
2286	890	0	0	0	268	150	3683	1725	1910
2123	117	8388	0	0	0	295	3376	3509	1647
1608	2910	0	0	8388	97	238	712	745	2774
>GATA2.H14INVITRO.1.P.B
187	119	158	238	232	243	207	242	274	153	683	5	990	23	868	801	143	331
238	141	249	202	237	236	246	256	158	380	40	2	2	21	18	20	177	190
214	444	433	331	346	332	370	305	390	399	18	992	5	10	27	129	615	434
360	295	159	228	184	188	176	196	177	67	258	0	2	945	86	49	64	44
>GATA3.H14INVITRO.0.PS.A
2459	4801	1	9192	0	8920	7473	1353	2955
2788	1410	24	0	0	159	1002	2674	2133
2197	551	9159	1	0	2	399	4112	2832
1749	2431	9	0	9193	112	319	1054	1273
>GATA3.H14INVITRO.1.SM.B
262	266	724	0	1060	0	1060	1060	0	782	61	136	289
233	275	195	0	0	0	0	0	68	1	74	701	115
224	429	0	1060	0	0	0	0	992	277	93	124	195
341	90	141	0	0	1060	0	0	0	0	832	99	461
>GATA4.H14INVITRO.0.PSM.A
152	638	4	992	10	909	797	111	349
433	39	3	3	4	3	14	265	250
313	16	993	2	12	9	171	587	343
102	307	0	3	974	79	18	37	58
>GATA5.H14INVITRO.0.SM.B
2342	3755	0	8780	0	8780	8780	1423	3013	2853
2071	1531	0	0	0	0	0	2383	2167	1896
2817	773	8780	0	0	0	0	4006	2476	1818
1550	2721	0	0	8780	0	0	968	1124	2213
>GATA6.H14INVITRO.0.PSM.A
2550	5666	0	9693	0	9551	9584	338	4070	2530	1819	2729
2957	702	6	1	1	95	24	4194	1329	1855	3330	2499
2595	104	9690	2	0	0	25	4906	3947	1268	1736	1885
1595	3225	1	1	9696	51	64	259	351	4044	2812	2584
>GBX1.H14INVITRO.0.S.B
2043	1611	2081	813	16	9505	9537	0	6	3899	1098	1664
2304	3401	2247	4429	119	0	0	1	339	67	3308	2538
2835	2626	4417	1522	0	32	0	7	252	5486	4069	2410
2355	1899	792	2773	9402	0	0	9529	8940	85	1062	2925
>GBX1.H14INVITRO.1.S.B
84	130	11	0	618	618	0	0	476	55	24	70	226	245	216	329	377	195	68	165
305	165	490	56	0	0	0	2	0	183	289	216	196	137	62	13	14	55	106	146
138	260	89	0	0	0	0	0	142	367	116	256	86	48	18	10	14	38	145	176
91	63	28	562	0	0	618	616	0	13	189	76	110	188	322	266	213	330	299	131
>GBX2.H14INVITRO.0.SM.B
2236	1620	1985	341	0	8831	8831	0	1	3908	1070	1389
2059	3692	2376	4695	0	0	0	0	56	0	3470	2504
2433	2149	4120	1397	0	0	0	0	89	4864	3308	2475
2103	1370	350	2398	8831	0	0	8831	8685	59	983	2463
>GBX2.H14INVITRO.1.S.B
2394	3243	314	0	9258	9258	0	0	6530	892	776	1643	3033	3483	4291	4997	4444	3154	2712	2302
3474	2807	6459	1299	0	0	0	0	0	2297	3191	3582	2789	1677	952	378	122	306	611	1352
1819	2375	1580	0	0	0	0	0	2728	5873	1580	2508	1241	833	321	92	182	666	1993	2733
1571	833	905	7959	0	0	9258	9258	0	196	3711	1525	2195	3265	3694	3791	4510	5132	3942	2871
>GCM1.H14INVITRO.0.S.B
1611	1233	5057	0	0	219	6	2	7604	218	1989
2051	1740	269	7684	7686	7456	0	7014	11	1190	1847
2495	979	1928	0	0	0	7559	5	32	592	2523
1529	3734	432	2	0	11	121	665	39	5686	1327
>GCM2.H14INVITRO.0.SM.B
1660	4300	0	0	0	0	0	6405	187	1781
1850	368	6405	6405	6405	0	5662	0	795	1691
949	1226	0	0	0	6405	0	0	300	1605
1946	511	0	0	0	0	743	0	5123	1328
>GCR.H14INVITRO.0.PS.A
330	27	265	547	9	505	83	201	386	12	0	1	289	0	45	75	106	134
57	21	47	7	552	18	172	113	20	11	0	0	10	591	319	213	76	121
169	526	103	16	17	47	64	96	180	0	591	0	4	0	17	121	167	141
35	17	176	21	13	21	272	181	5	568	0	590	288	0	210	182	242	195
>GCR.H14INVITRO.1.S.B
2799	4215	830	1	104	3245	252	955	1905
2609	1514	1453	78	137	865	8423	3698	2692
1793	2844	247	9441	0	547	57	1550	2115
2417	1045	7088	98	9377	4961	886	3415	2906
>GFI1.H14INVITRO.0.PSM.A
1463	1689	3205	2700	1658	1666	1254	283	5971	5	178	21	9899	34	32	231	3911	2557
1024	1629	2746	1831	2042	1401	214	8963	2450	1415	8	8	65	26	27	219	2127	2096
2349	5367	2860	3667	3913	2318	8121	271	62	8471	28	9960	15	56	45	2116	2760	2540
5155	1306	1180	1793	2378	4606	402	474	1508	100	9777	2	12	9875	9887	7425	1193	2798
>GFI1B.H14INVITRO.0.PSM.A
2608	1507	747	106	8226	4	108	0	9938	0	2	258	4414
1719	2107	51	9638	99	3242	0	1	1	0	3	247	2320
3007	775	9022	30	332	6597	3	9938	0	5	5	2165	2066
2605	5550	119	165	1282	96	9828	0	0	9934	9929	7269	1139
>GFI1B.H14INVITRO.1.S.C
1843	6401	1556	980	1170	3563	3124	2095	1535	889	158	6487	13	101	0	9020	7	12	115	4416	1925
1740	486	840	651	1108	2678	1567	1830	1068	114	8506	1379	2283	6	1	16	9	8	115	1575	1762
3706	1067	5100	1305	5946	2020	2939	3021	1168	7824	100	43	6660	9	9037	5	11	13	1110	1737	1413
1752	1087	1545	6105	817	780	1411	2095	5270	214	277	1132	85	8925	3	0	9014	9008	7701	1313	3941
>GLI1.H14INVITRO.0.P.D
100	37	65	32	4	0	58	4	4	1	45	90
429	438	53	10	0	3	6	1	2	243	923	411
145	416	8	929	798	999	8	997	982	104	14	58
328	111	876	31	200	0	930	0	14	654	20	443
>GLI2.H14INVITRO.0.PSM.A
1024	2670	4432	419	240	51	86	0	0	15	1	2	0	291	816	2592
6827	1083	1017	6381	208	141	9	1	0	7	1	1	345	9489	2770	2174
1352	3988	1053	2018	9061	37	9876	9763	9991	6	9992	9990	718	153	2448	2073
793	2255	3494	1178	487	9767	25	232	5	9968	2	3	8933	63	3962	3157
>GLI3.H14INVITRO.0.PS.A
893	1966	3355	387	188	6	18	0	0	5	0	2	3	95	358	2385
6907	1107	1333	6050	220	85	3	2	0	0	0	3	137	9566	2979	1841
1291	4050	1161	2020	8805	11	9677	9554	9710	2	9711	9706	396	33	1853	2251
620	2588	3862	1254	498	9609	13	155	1	9704	0	0	9175	17	4521	3234
>GLI3.H14INVITRO.1.M.C
439	420	0	0	0	0	0	0	0	619	656	523
433	432	0	0	0	0	0	2036	1219	201	291	411
731	741	2036	0	2036	2036	0	0	0	326	377	531
433	443	0	2036	0	0	2036	0	817	890	712	571
>GLI4.H14INVITRO.0.P.D
58	85	313	128	34	240	42	103	60	30	525	26	19	18	474	577	74	25	56	84	176	164	100
208	154	178	216	445	329	239	72	305	834	225	190	154	895	253	132	103	47	818	688	459	304	251
117	439	257	309	334	129	114	464	505	54	104	62	17	50	188	227	632	614	36	39	100	116	295
615	320	250	345	185	300	603	359	128	80	144	720	808	35	83	62	189	312	88	187	263	414	352
>GLIS1.H14INVITRO.0.P.B
97	213	40	175	8	15	329	8	1	475	9	114	14	205
693	143	729	335	414	593	4	2	1	4	2	14	479	483
196	217	111	59	558	16	493	925	992	457	987	825	162	182
14	427	120	431	20	376	174	65	6	64	2	47	345	130
>GLIS1.H14INVITRO.1.P.B
68	43	16	64	11	6	18	421	119	148	51
579	679	803	50	5	5	11	3	8	62	380
109	141	136	7	965	907	960	494	854	671	302
245	138	46	880	20	83	12	83	20	120	268
>GLIS1.H14INVITRO.2.SM.B
2099	2601	1562	296	2686	2130	1655	38	36	252	0	1	156	2	38	15	3928	2498	1752
1582	1616	625	7363	339	2639	4292	92	572	0	1	0	0	0	5	414	2927	979	1496
2589	1959	4302	789	643	289	660	8406	35	8298	8493	8564	8395	8562	8496	561	1577	3387	3139
2297	2391	2078	119	4899	3509	1960	31	7924	17	73	2	16	3	28	7577	135	1703	2180
>GLIS2.H14INVITRO.0.SM.B
2303	881	2826	2059	358	1857	316	1950	7	1	9	1	4	2	3144	2429
1239	6476	982	2502	5932	224	4131	14	1	0	1	0	4	566	4490	1673
3471	1587	832	553	535	7180	288	6325	9180	9329	9322	9327	9268	773	1383	2778
2320	389	4693	4219	2508	72	4598	1044	145	3	1	5	57	7992	316	2453
>GLIS3.H14INVITRO.0.P.C
107	47	20	36	2	10	22	397	65	131	61	203	212
489	778	891	19	4	8	1	2	2	102	460	447	218
154	104	49	9	983	890	971	541	891	643	252	213	300
250	71	40	936	11	92	6	60	42	124	227	137	270
>GLIS3.H14INVITRO.1.S.C
205	150	136	81	34	1	19	15	51	114	558	471
680	232	672	0	58	0	2	0	0	140	576	267
215	1080	0	1519	1420	1606	1576	1603	1439	344	283	451
518	156	810	18	106	11	21	0	128	1020	201	429
>GLYR1.H14INVITRO.0.B.B
203	562	562	562	0	187	176
83	0	0	0	0	93	108
133	0	0	0	0	70	136
143	0	0	0	562	212	142
>GMEB1.H14INVITRO.0.P.C
151	18	58	290	24	8	3	60	517	40
478	361	7	4	962	6	3	484	346	367
207	294	233	701	10	951	5	440	64	429
164	327	702	5	4	35	989	16	73	164
>GMEB1.H14INVITRO.1.P.C
68	121	393	28	9	10	78	507	31	92	213	55	36	36
327	80	38	933	18	10	509	311	351	424	62	810	151	458
247	339	540	6	944	27	382	60	451	181	645	42	720	147
357	459	28	32	28	952	30	121	166	302	79	92	92	358
>GMEB1.H14INVITRO.2.SM.B
1644	801	397	6340	0	0	0	6074	7909	1016	868	2674	1948	1342	1289
2652	1290	535	0	8164	0	1	1844	128	2599	2481	1950	3237	2339	2371
1731	2173	802	1824	0	8164	0	246	127	2475	3104	1429	1453	3284	2246
2137	3900	6430	0	0	0	8163	0	0	2074	1711	2111	1526	1199	2258
>GMEB2.H14INVITRO.0.P.C
69	123	369	14	9	28	64	504	38	70	204	45	51	54
363	73	15	960	20	5	503	320	351	466	61	784	191	494
225	360	606	9	962	56	423	72	465	166	631	50	661	168
344	445	11	18	10	912	11	105	147	299	105	122	98	285
>GMEB2.H14INVITRO.1.P.C
37	103	315	9	7	2	50	493	33
411	12	6	987	3	1	466	393	317
244	315	674	4	978	3	480	77	518
309	571	6	1	13	995	5	38	133
>GMEB2.H14INVITRO.2.SM.B
871	1252	5822	0	0	0	5126	6294	70	257	912	2290
1188	646	0	6354	0	133	194	0	3677	656	1687	1406
1827	1373	565	33	6387	0	1067	93	2031	5313	577	1333
2501	3116	0	0	0	6254	0	0	609	161	3211	1358
>GRHL1.H14INVITRO.0.PSM.A
3233	4978	8161	8767	0	1130	951	6	1293	1774	3288	4356	5428	120	2041	3097	141	2129	2097
2220	760	47	10	9100	7320	76	3	274	999	1028	565	310	8600	4185	677	718	1516	1926
1808	1915	494	37	4	33	6992	9096	38	118	750	1596	1329	137	1229	3977	8134	1039	1293
1844	1452	403	291	1	622	1086	0	7500	6214	4039	2588	2038	248	1650	1354	112	4421	3789
>GRHL1.H14INVITRO.1.PS.A
3519	7389	8794	9693	0	0	1907	5	1362	1645	2023	2926
2018	441	165	1	9744	9722	3	61	432	1451	1714	1847
1931	907	431	2	0	8	6059	9677	188	290	1023	2228
2276	1007	354	48	0	14	1775	1	7762	6358	4984	2743
>GRHL2.H14INVITRO.0.P.D
1	187	189	1	8	7	83	105	248	4	307	419	6
944	503	12	2	57	226	205	59	62	896	408	5	144
3	14	497	916	1	5	111	458	398	26	49	371	793
2	246	252	31	884	712	551	328	242	24	186	155	7
>GRHL2.H14INVITRO.1.P.D
657	644	3	267	126	1	6	8	46	28	205
18	8	990	432	4	1	34	151	296	128	158
221	225	4	24	716	995	0	10	28	425	370
103	122	2	276	153	2	959	830	629	418	266
>GRHL3.H14INVITRO.0.SB.A
185	28	110	70	19	96	112	167	335	435	0	50	6	0	28	35	100	107
69	338	206	46	32	116	110	84	11	0	453	397	0	0	18	76	116	121
102	43	36	195	382	43	58	83	76	8	0	0	417	452	6	18	64	109
97	44	101	142	20	198	173	119	31	10	0	6	30	1	401	324	173	116
>GSC.H14INVITRO.0.SM.B
1939	1219	300	8276	0	38	8620	2387	1007	1655
2602	1434	237	424	0	640	2	1518	3484	2397
2682	4586	8149	0	0	1	17	3204	2545	2581
1477	1461	14	0	8700	8021	61	1591	1664	2067
>GSC2.H14INVITRO.0.SM.B
2462	1781	1414	8392	0	0	8286	2927	1574
2473	1802	764	529	0	95	106	1100	2281
2640	4151	6553	43	51	149	234	3331	2635
1389	1230	233	0	8913	8720	338	1606	2474
>GSX1.H14INVITRO.0.SM.B
1419	1731	302	0	5710	5710	0	0	5608	291	1297
1864	1148	1701	0	0	0	2419	0	0	1482	1630
1187	2152	429	0	0	0	0	4672	102	2905	1475
1240	679	3278	5710	0	0	3291	1038	0	1032	1308
>GSX2.H14INVITRO.0.SM.B
2123	1652	2633	47	0	8821	8821	0	77	4885	1566	1758
2196	3803	2204	5137	0	0	0	0	92	55	3136	2507
2375	1795	3463	429	0	0	0	0	1956	3711	2805	2501
2127	1571	521	3208	8821	0	0	8821	6696	170	1314	2055
>GTD2A.H14INVITRO.0.PS.A
360	648	9	0	7	377	239	3510	1040	2702
59	5112	0	0	0	5946	5544	149	2009	493
5797	475	6453	6469	6483	0	642	2674	1621	2788
274	255	28	21	0	167	65	157	1820	507
>HAND1.H14INVITRO.0.P.D
241	113	141	42	10	8	5	9	255	194	237	201	55	202	15	36	588
123	205	198	406	975	17	10	221	225	232	185	264	379	274	50	862	159
453	513	536	78	10	3	979	625	173	121	143	237	99	396	84	40	25
188	174	130	479	10	977	11	150	352	458	440	303	472	133	856	67	233
>HAND1.H14INVITRO.1.P.D
324	115	40	21	8	1	0	1	213	176	162
40	72	171	506	985	2	0	117	347	216	128
482	689	730	27	2	4	999	760	81	101	205
155	125	60	447	6	994	2	123	360	508	506
>HAND2.H14INVITRO.2.S.C
89	149	172	0	428	0	0	0	1	4	182	91
93	114	51	428	0	428	428	0	0	284	63	175
149	19	202	0	0	0	0	0	427	54	92	62
97	146	3	0	0	0	0	428	0	86	91	100
>HEN1.H14INVITRO.0.S.B
1760	996	162	6304	14	96	1	31	880	255	1287	1041	1264	1506
2765	1239	6004	54	589	6209	0	24	4667	359	2122	4101	3328	2365
1187	3337	104	32	5379	184	0	6335	325	3437	961	319	631	1164
778	918	220	100	508	1	6489	100	618	2439	2120	1029	1267	1455
>HEN2.H14INVITRO.0.SM.B
2549	2070	1026	622	5135	1327	182	0	9991	0	142	0	1	1067	185	1631
1762	703	342	157	916	8517	137	9988	0	43	9653	1	0	6893	402	2681
3411	5671	6858	8214	2626	91	9372	1	0	9912	197	0	9987	1297	6864	2844
2270	1548	1766	999	1315	57	301	3	1	37	0	9991	4	735	2541	2836
>HES1.H14INVITRO.0.S.C
319	455	406	61	168	0	1221	0	0	0	0	48	130	561	150	219	73	782	126	68	60	40	184
345	182	73	33	254	1296	0	1295	0	263	0	592	796	128	257	232	1076	115	1052	116	496	94	350
318	347	226	1148	846	0	74	1	1296	0	1287	311	228	161	708	738	113	358	64	1087	139	1047	357
314	312	591	54	28	0	1	0	0	1033	9	345	142	446	181	107	34	41	54	25	601	115	405
>HES1.H14INVITRO.1.S.C
2089	2082	20	172	0	7858	0	0	1	0	786	1106	2113
1667	953	34	2383	7858	0	7858	0	3415	2	2802	3721	1968
2308	906	7788	5303	0	0	0	7858	0	7830	807	1902	1625
1794	3917	16	0	0	0	0	0	4442	26	3463	1129	2152
>HES2.H14INVITRO.0.S.C
2223	2753	1987	352	709	9	9706	0	9	38	44	704	1218	2253
2651	1444	1756	193	307	9723	0	9732	0	901	17	4650	4659	2478
2459	3245	1217	9048	8566	0	23	0	9722	13	9596	1210	2071	2796
2399	2290	4772	139	150	0	3	0	1	8780	75	3168	1784	2205
>HES5.H14INVITRO.0.SM.B
1049	2379	1372	362	488	3	6631	1	122	7	27	66	362	1717
1946	919	2187	40	129	6627	0	6617	4	327	18	2354	4465	1547
1538	1394	847	6182	6010	1	0	2	6502	4	6459	809	865	2167
2098	1939	2225	47	4	0	0	11	3	6293	127	3402	939	1200
>HES7.H14INVITRO.0.S.B
530	350	655	101	2156	0	29	124	325	337
601	279	116	2043	0	2155	2	134	159	574
404	1275	1355	12	0	0	2113	86	1434	538
621	252	30	0	0	1	12	1812	238	707
>HESX1.H14INVITRO.0.SM.B
2057	1312	339	5566	5995	0	0	6268	2680	444	1505
2036	2948	3089	1100	773	270	0	499	1871	3362	1562
1268	963	90	125	28	0	0	29	1469	999	1894
1435	1573	3278	5	0	6526	6796	0	776	1991	1835
>HESX1.H14INVITRO.1.S.B
669	933	1297	765	479	1010	974	85	0	1997	1997	0	0	1989	934	314	566
233	78	89	32	92	82	93	776	597	0	0	0	0	0	201	869	502
222	162	48	53	163	290	537	159	0	0	0	0	0	8	709	353	454
873	824	563	1147	1263	615	393	977	1400	0	0	1997	1997	0	153	461	475
>HEY1.H14INVITRO.0.S.B
1495	727	366	70	6127	0	0	0	86	744	1011
1187	726	441	6049	0	6126	0	642	7	1244	2418
1846	3484	4872	8	0	1	6127	0	6006	1105	1512
1599	1190	448	0	0	0	0	5485	28	3034	1186
>HEY2.H14INVITRO.0.S.B
2000	1320	237	9390	0	0	0	619	1782	1855
2523	2710	8733	0	9436	476	3901	727	3271	3440
2991	4442	0	0	0	8980	5	6845	482	2223
1959	1001	503	83	37	17	5567	1282	3938	1955
>HIC1.H14INVITRO.0.PSM.A
1932	3131	5	155	0	0	3655	2572	1035	1340
1603	503	23	0	6768	6768	2896	1641	3285	2347
1650	2479	0	6613	0	0	60	871	857	1316
1583	655	6740	0	0	0	157	1684	1591	1765
>HIC2.H14INVITRO.0.P.D
96	228	29	9	7	3	216	85
212	182	15	12	459	462	60	78
130	33	23	274	0	0	1	268
33	28	404	176	5	6	194	40
>HIF1A.H14INVITRO.0.P.D
24	40	54	35	189	0	3	0	0	82	43
30	45	51	9	5	212	0	0	0	103	112
107	89	102	55	19	1	214	0	218	10	29
57	44	11	119	5	5	1	218	0	23	34
>HIF1A.H14INVITRO.1.P.D
158	144	856	4	32	2	0	272	178	175	248	228	218	240	177	103	539	136	244
278	104	13	939	30	1	0	589	404	243	185	257	287	223	194	638	162	384	156
490	237	129	21	934	2	998	43	203	228	374	255	280	320	369	182	190	253	488
74	515	2	36	4	995	2	96	215	354	193	260	215	217	260	77	109	227	112
>HIF3A.H14INVITRO.0.P.D
154	729	1	22	7	1	245	166	153	212	189	162	200	157	82	595	90	205
123	39	949	13	2	2	545	383	244	188	264	299	264	166	717	133	465	125
296	217	1	961	3	996	74	272	265	431	286	339	301	468	154	209	242	580
427	15	49	4	988	1	136	179	338	169	261	200	235	209	47	63	203	90
>HIF3A.H14INVITRO.1.P.D
194	170	761	1	16	0	2	272
228	133	26	964	15	1	0	566
528	285	199	2	966	1	997	52
50	412	14	33	3	998	1	110
>HINFP.H14INVITRO.1.P.B
42	18	28	9	1	113	24	7
21	49	85	0	0	10	70	75
51	54	0	112	122	0	12	17
9	2	10	2	0	0	17	24
>HINFP.H14INVITRO.2.S.B
211	175	53	0	0	0	767	4	42	87	173	176
225	362	2	765	0	0	0	755	205	248	127	196
172	96	707	0	767	767	0	4	459	109	217	269
159	134	5	2	0	0	0	4	61	323	250	126
>HLF.H14INVITRO.0.P.B
255	3	0	707	7	97	4	956	974	40
155	5	3	14	88	4	583	15	0	487
549	1	107	256	20	873	3	5	2	185
19	969	868	1	863	4	388	2	2	266
>HLF.H14INVITRO.1.SM.B
1216	1573	0	14	9932	2	702	367	5953	6916	1176
3617	1352	6	1	6	7138	112	2690	1816	796	3330
2568	7042	0	18	37	9	9162	167	1710	1112	2854
2577	11	9972	9945	3	2829	2	6754	499	1154	2618
>HM20A.H14INVITRO.0.SB.A
162	147	62	2	0	0	0	714	3	34	61	224
179	120	100	419	714	699	0	0	3	115	418	183
136	114	138	186	0	0	0	0	427	562	74	133
237	333	414	107	0	15	714	0	281	3	161	174
>HMBX1.H14INVITRO.0.PSM.A
652	1372	1008	45	103	1988	0	1	603	2425	322	114	972
583	359	990	2203	0	50	5	3	120	24	1722	1327	377
411	378	385	26	32	432	2465	1	69	15	232	300	426
824	361	87	196	2335	0	0	2465	1678	6	194	729	695
>HME1.H14INVITRO.0.PSM.A
634	232	10	2055	2174	0	0	2153	710	77	475
727	1093	1000	127	0	0	145	0	585	1112	576
454	604	0	0	11	0	0	32	794	444	687
370	256	1175	3	0	2185	2040	0	96	552	447
>HME2.H14INVITRO.0.SM.B
2190	628	6380	8931	0	0	8162	1658	997	2155
2668	4276	1258	142	9	689	364	2550	3019	2242
2119	791	1287	80	1	0	578	4305	3140	2938
2176	3458	228	0	9143	8464	49	640	1997	1818
>HMGA1.H14INVITRO.0.P.D
180	610	525	976	966	2	724	320	981	441	613
14	118	10	12	3	1	8	89	3	16	14
16	86	165	1	23	9	240	149	3	34	7
782	178	292	3	0	980	20	434	5	501	358
>HMX1.H14INVITRO.0.SM.B
2249	995	282	8725	8729	1	0	313	1927	1592
2290	1108	1569	0	0	7	1080	6	2968	2230
2655	1083	11	4	0	3951	1	8380	2429	1739
1535	5543	6867	0	0	4770	7648	30	1405	3168
>HMX2.H14INVITRO.0.SM.B
2413	951	432	8820	9309	383	0	315	1677	1195	1769
1655	565	800	0	0	51	1447	20	2610	2680	2699
2905	579	102	487	0	4707	2	8919	3551	1563	1871
2336	7214	7975	2	0	4168	7860	55	1471	3871	2970
>HMX3.H14INVITRO.0.S.B
2352	1009	172	9391	9585	3	6	571	2042	1485	2300
2356	1426	1047	2	0	0	1166	34	3650	2647	2643
2865	1055	118	192	0	2602	14	8970	2108	1557	1841
2012	6095	8248	0	0	6980	8399	10	1785	3896	2801
>HNF1A.H14INVITRO.0.PS.A
293	151	29	102	787	765	57	266	632	40	22	601	642	83
60	51	100	84	29	61	10	3	29	22	39	44	78	558
321	604	61	63	29	21	18	588	58	121	9	104	95	51
189	57	673	614	18	16	778	6	144	680	793	114	48	171
>HNF1B.H14INVITRO.0.PS.A
287	198	35	127	936	913	61	273	827	40	6	720	773	76	239
67	52	120	82	1	63	15	0	6	10	28	55	77	661	374
416	684	88	57	51	4	1	718	35	114	2	111	112	53	73
221	57	748	725	3	11	914	0	123	827	955	105	29	201	305
>HNF1B.H14INVITRO.1.P.D
195	26	0	36	493	467	40	128	407	19	8
6	2	21	15	0	23	15	129	1	12	24
187	465	4	6	6	2	4	174	17	57	2
112	7	475	443	1	8	441	69	75	412	466
>HNF4A.H14INVITRO.0.PSM.A
246	357	85	137	88	18	915	881	886	7	19	29	19	696
211	63	29	58	351	904	10	13	2	4	8	575	885	60
441	488	844	483	311	24	72	97	104	967	324	102	17	150
104	94	44	324	252	56	5	11	10	24	651	296	81	96
>HNF4G.H14INVITRO.0.P.D
380	334	490	55	111	95	1	885	842	883	1	3	27	1	726
186	133	22	15	36	363	857	0	3	0	1	0	703	863	32
158	366	337	796	352	171	7	19	56	21	901	111	34	1	73
181	72	56	39	406	276	40	1	4	1	2	791	141	40	74
>HNF6.H14INVITRO.0.PM.A
124	47	847	10	9	3	868	13	12	150
170	185	20	10	258	6	9	45	306	136
212	113	11	26	10	872	9	9	6	214
389	550	17	849	618	14	9	828	571	395
>HNF6.H14INVITRO.1.S.B
1075	74	4547	0	0	0	4547	0	0	967	1156
862	36	0	0	4431	0	0	0	2023	714	939
1114	0	0	0	0	4547	0	0	0	1684	1474
1496	4437	0	4547	116	0	0	4547	2524	1182	978
>HNF6.H14INVITRO.2.S.B
436	384	177	359	2080	0	0	0	2081	0	0	42	1424	185	362
591	557	648	42	1	0	2081	0	0	0	1967	53	240	280	601
646	777	652	409	0	0	0	2081	0	0	0	1959	284	261	648
408	363	604	1271	0	2081	0	0	0	2081	114	27	133	1355	470
>HNF6.H14INVITRO.3.M.B
301	342	58	0	1173	0	0	0	1173	0	0	189	824	27	161
313	236	39	0	0	0	0	0	0	0	82	3	25	165	279
330	444	518	0	0	0	0	1173	0	0	0	888	206	51	233
229	151	558	1173	0	1173	1173	0	0	1173	1091	93	118	930	500
>HOMEZ.H14INVITRO.0.S.B
3213	3287	3474	5664	0	0	0	31	570	998	1146	1210
655	605	1382	396	0	6103	0	0	5	126	894	1344
783	498	642	0	0	0	6103	152	8	172	911	1243
1452	1713	605	43	6103	0	0	5920	5520	4807	3152	2306
>HSF1.H14INVITRO.0.PSM.A
1369	3671	55	9372	9400	433	3274	132	83	2	10	6901	1	8708	7051	1845
1992	2207	80	137	42	4230	592	32	4	9746	1326	1128	33	442	777	3215
2033	3570	9575	51	69	743	5648	32	157	4	1232	1707	9700	185	770	2394
4358	304	42	192	241	4346	238	9556	9508	0	7184	16	18	417	1154	2298
>HSF1.H14INVITRO.1.P.B
36	16	5	1	5	124	2	331	301
118	18	2	387	4	20	1	25	25
141	8	14	0	3	242	385	16	29
93	346	367	0	376	2	0	16	33
>HSF1.H14INVITRO.2.P.B
9	5	10	15	10	2	6	3	2	9	74	25	9	12	3	17
58	31	40	4	1	3	4	1	75	5	3	5	17	65	68	47
1	40	11	51	68	74	0	0	2	60	1	27	13	2	6	9
12	4	19	10	1	1	70	76	1	6	2	23	41	1	3	7
>HSF2.H14INVITRO.0.PSM.A
2840	1298	3988	89	9160	8975	617	3030	349	189	2	6	7466	12	8269	7019	1821
2148	1969	2381	94	113	100	3955	1168	122	11	9554	1245	665	25	494	703	2933
2681	1492	2975	9321	80	129	1440	4804	84	278	7	666	1423	9487	210	754	2550
1894	4804	219	59	210	359	3551	561	9008	9085	0	7646	9	39	590	1087	2259
>HSF4.H14INVITRO.0.SM.B
4118	320	9014	8913	814	3381	579	469	3	7	7418	13	7695	7001	1758
2438	391	370	233	4448	1655	297	118	9966	1644	992	73	952	832	3206
2944	8974	163	304	1874	4231	130	574	19	972	1571	9889	501	846	2544
489	304	442	539	2853	722	8983	8828	1	7366	8	14	841	1310	2481
>HSF5.H14INVITRO.0.M.C
1566	806	5746	6872	47	6997	0	0	0	0	5078	2149
2426	3260	700	112	7981	0	0	0	8117	4651	43	1686
1985	2218	679	1112	65	1120	0	0	0	2	2939	1460
2140	1833	992	21	24	0	8117	8117	0	3464	57	2822
>HSF5.H14INVITRO.1.S.C
1690	1012	4629	6658	54	1759	0	0	5	17	7035	3140
2725	3495	1789	269	8657	9	1	0	8962	3220	446	1757
2197	2115	835	1810	69	7200	0	0	1	2590	1098	1272
2356	2346	1715	231	188	0	8967	8968	0	3141	389	2799
>HSFY1.H14INVITRO.0.S.B
2821	3559	383	3264	0	0	0	0	8448	7393	3334	2318
1755	1023	7081	11	0	0	8508	87	1	135	1332	2452
1457	2557	577	5233	1	0	0	8090	15	73	905	1694
2475	1369	467	0	8507	8508	0	331	44	907	2937	2044
>HSFY1.H14INVITRO.1.S.B
2962	1007	3584	154	68	11	12	9477	7962	4819	940	2996	325	309	161	442	7393	4141
2005	6818	457	225	15	9950	520	54	198	1353	6435	349	583	418	9148	1413	673	1913
3481	1451	5857	51	17	18	8827	113	62	1010	1830	6245	310	306	482	6269	668	797
1536	708	86	9554	9884	5	625	340	1762	2802	779	394	8766	8951	193	1860	1250	3133
>HSFY1.H14INVITRO.2.M.B
732	235	1210	45	46	29	14	1936	1403	952	265	1042	159	171	144	185	1483	790	611
448	1610	105	130	51	2373	826	151	237	414	1567	204	211	199	1984	814	281	590	611
876	344	1118	10	66	44	802	84	78	372	396	1052	100	171	202	575	241	173	518
411	278	34	2282	2304	21	825	296	749	729	239	169	1997	1926	137	893	462	914	727
>HTF4.H14INVITRO.0.PSM.A
1482	0	6817	0	0	0	0	1101
1387	6817	0	0	0	0	0	2239
2818	0	0	6817	6817	0	6817	1607
1130	0	0	0	0	6817	0	1870
>HXA1.H14INVITRO.0.SM.B
2020	2001	1520	183	0	9142	9142	0	1	7605	1043	1832
1819	3429	2760	3680	0	0	0	220	1017	5	3315	2742
2455	2353	4655	1954	0	0	0	0	2606	1522	2707	2392
2848	1359	207	3325	9142	0	0	8922	5518	10	2077	2176
>HXA1.H14INVITRO.1.S.B
664	436	795	1064	487	331	793	363	42	0	1693	1696	0	0	1608	433	396
230	120	68	82	135	358	334	598	728	2	0	0	0	29	0	639	530
188	77	144	158	172	313	329	652	408	0	3	0	0	6	88	557	307
614	1063	689	392	902	694	240	83	518	1694	0	0	1696	1661	0	67	463
>HXA10.H14INVITRO.0.S.B
1876	463	4	3938	8626	0	0	5948	354	1891
1344	145	2	2	0	2246	44	59	4581	2656
1505	521	44	35	31	1	6418	2350	2068	2156
3932	7528	8607	4682	0	6410	2195	300	1654	1954
>HXA10.H14INVITRO.1.M.B
465	235	24	842	2176	1	0	2140	5	305	488
382	29	8	6	0	1793	4	5	1335	960	534
397	124	5	0	0	0	2148	28	217	543	333
932	1788	2139	1328	0	382	24	3	619	368	821
>HXA11.H14INVITRO.0.PS.A
1519	607	196	3276	8448	29	0	6106	372	1543
1300	197	23	22	1	3681	22	227	3497	2960
1704	621	36	47	3	0	8422	1562	2673	2189
3929	7027	8197	5107	0	4742	8	557	1910	1760
>HXA11.H14INVITRO.1.SM.B
3014	1694	405	104	1811	9343	3	32	8772	141	1386	2173
1780	1161	236	108	37	3	8489	32	194	5717	4385	1763
2278	1268	474	66	6	3	3	9199	233	1179	1755	1571
2278	5227	8235	9072	7496	1	855	87	151	2313	1824	3843
>HXA13.H14INVITRO.0.P.B
348	32	0	1	39	1018	3	33	594	3
63	16	3	1	7	1	285	3	1	76
222	33	2	2	1	4	1	517	426	943
394	946	1022	1023	980	4	738	474	6	5
>HXA13.H14INVITRO.1.SM.B
2210	1634	277	113	864	8689	0	84	8495	52	1582	1773
1675	862	46	11	21	0	7522	2	36	695	3233	1896
2790	1873	280	15	8	0	0	8559	118	7338	2662	2155
2018	4324	8090	8554	7800	4	1171	48	44	608	1216	2869
>HXA2.H14INVITRO.0.SM.B
1862	1341	2175	205	0	8198	8198	0	0	7558	420	1310	1792
2556	4106	2721	5450	0	0	0	0	92	8	5246	3297	2736
1905	1458	2996	600	0	0	0	0	1784	612	1775	2470	1753
1875	1293	306	1943	8198	0	0	8198	6322	20	757	1121	1917
>HXA4.H14INVITRO.0.SM.B
2585	1992	2371	439	10	9562	9562	0	10	7011	1103	1606
2337	3814	2436	3497	13	0	0	926	106	163	3193	2922
2497	1989	4179	951	0	0	0	1	6180	2130	2075	2799
2143	1767	576	4675	9539	0	0	8635	3266	258	3191	2235
>HXA5.H14INVITRO.0.SM.B
3005	1916	2103	426	0	9703	9703	0	23	6016	973	2114
1931	3817	3117	3891	1	0	0	42	303	242	4578	2818
2337	1950	4118	1852	2	0	0	0	4778	3072	2229	2513
2430	2020	365	3534	9700	0	0	9661	4599	373	1923	2258
>HXA6.H14INVITRO.0.SM.B
2282	3165	1029	6	9530	9530	0	75	4910	696	1528	2404
3019	2268	1817	8	0	0	166	152	81	5144	3637	2678
2098	2975	1506	0	0	0	0	4758	4249	2293	2083	2011
2131	1122	5178	9516	0	0	9364	4545	290	1397	2282	2437
>HXA7.H14INVITRO.0.SM.B
2472	1858	2275	930	10	9116	9116	0	82	4103	771	1535	2290
2051	3539	2792	2426	17	0	0	179	174	171	4587	3398	2439
2546	1938	3315	1961	0	0	0	0	5135	4454	2147	2234	1933
2047	1781	734	3799	9089	0	0	8937	3725	388	1611	1949	2454
>HXA9.H14INVITRO.0.P.B
404	221	150	827	28	26	79	973	10	145	296	76
132	18	17	25	15	10	80	14	112	8	49	522
273	79	771	18	49	48	169	13	21	572	512	209
191	682	62	130	908	916	672	0	857	275	143	193
>HXA9.H14INVITRO.1.SM.B
1907	753	24	6467	8730	0	7	5218	202	1448	2181
2450	244	1	0	0	3681	12	42	4633	3324	2371
2865	1763	0	4	0	0	8306	3028	2035	2610	2073
1508	5970	8705	2259	0	5049	405	442	1860	1348	2105
>HXA9.H14INVITRO.2.P.B
75	6	8	72	982	12	92	167	30	209
115	7	15	25	7	51	5	16	724	383
71	22	4	28	7	31	466	736	182	23
737	963	971	873	2	904	435	79	62	383
>HXB1.H14INVITRO.0.SM.B
1683	1517	1559	8	0	7459	7459	0	0	5798	1161	1696
1716	2515	2270	3155	0	0	0	0	1020	24	3130	1915
1757	2169	3416	1536	0	0	0	0	841	1609	2182	1801
2303	1258	214	2760	7459	0	0	7459	5598	28	986	2047
>HXB13.H14INVITRO.0.PS.A
2122	948	159	164	864	9962	30	413	6285	263	1380	1599
1720	857	92	33	43	3	4886	22	75	1037	3285	2819
3481	1983	189	34	21	4	1	7173	3505	8147	3559	2423
2658	6193	9541	9750	9053	12	5064	2373	116	534	1757	3140
>HXB13.H14INVITRO.1.SM.B
2070	1417	85	29	447	7712	0	53	7496	32	1146	1574
1289	608	24	7	3	0	7027	2	35	459	2585	1701
2795	2032	132	9	1	0	0	7603	148	6859	3021	2108
1558	3655	7471	7667	7261	0	685	54	33	362	960	2329
>HXB2.H14INVITRO.0.SM.B
2192	1478	2175	92	0	8768	8768	0	3	6547	739	1621
2212	3845	2301	5010	0	0	0	1	181	140	4186	2570
2387	1973	3923	810	0	0	0	1	4089	1893	2455	2657
1977	1472	369	2856	8768	0	0	8766	4495	188	1388	1920
>HXB3.H14INVITRO.0.S.B
2919	960	58	9605	9604	0	274	4176	2168
2232	3855	82	0	0	52	504	1334	2541
2694	1540	107	0	1	10	4501	2458	2185
1760	3250	9358	0	0	9543	4326	1637	2711
>HXB4.H14INVITRO.0.P.B
147	233	933	14	86	327	695	66	95
16	29	25	80	12	24	264	73	94
36	749	40	58	328	623	61	47	557
828	16	29	875	601	53	7	841	281
>HXB4.H14INVITRO.1.PSM.A
3369	1790	2278	413	0	9821	9825	1	8	7929	947	1486	2313
1950	3793	2399	3865	3	0	0	523	52	39	3555	3397	2683
2413	2229	4796	662	13	5	1	12	5565	1791	1774	2668	2240
2094	2014	353	4886	9810	0	0	9290	4201	67	3550	2275	2590
>HXB5.H14INVITRO.0.SM.B
1908	2427	316	0	9369	9369	0	17	5756	931	1851
3457	2313	3598	0	0	0	69	123	141	4018	2658
1945	4050	1269	0	0	0	0	4609	3185	2766	2643
2059	579	4186	9369	0	0	9300	4620	287	1654	2217
>HXB6.H14INVITRO.0.SM.B
1754	1151	2026	619	0	6765	6765	0	2	4460	90	838	1817
1643	3047	1483	1148	1	0	0	1741	0	3	4255	2813	1650
1541	1036	2681	224	0	0	0	0	4161	2283	1351	1466	1266
1827	1531	575	4774	6764	0	0	5024	2602	19	1069	1648	2032
>HXB7.H14INVITRO.0.P.C
8	0	2	28	0	0	13	27	0	3
1	0	0	0	0	0	0	1	2	2
1	0	26	0	0	0	9	0	0	14
18	28	0	0	28	28	6	0	26	9
>HXB7.H14INVITRO.1.SM.B
2167	1825	821	29	9349	9377	0	29	3528	1218	2261
2533	2803	1563	137	0	0	1026	240	1060	3687	2574
2502	3776	2629	254	28	0	533	5544	3749	2647	2260
2175	973	4364	8957	0	0	7818	3564	1040	1825	2282
>HXB8.H14INVITRO.0.PSM.A
2481	1874	2781	1080	0	9673	9673	0	24	4144	862	2133
2357	4139	2582	1454	5	0	0	102	70	119	5643	3146
2424	1653	3678	1651	1	0	0	1	4949	4925	1832	2159
2411	2007	632	5488	9667	0	0	9570	4630	485	1336	2235
>HXB9.H14INVITRO.0.S.C
1518	186	0	3395	8055	0	2	4419	419	1555
1516	169	5	0	0	2472	29	260	4404	2761
1678	860	15	28	0	23	6619	3012	1789	2143
3343	6840	8035	4632	0	5560	1405	364	1443	1596
>HXB9.H14INVITRO.1.M.C
1612	736	16	3090	6950	0	0	5953	73	1206	1698
1550	268	58	21	0	5340	2	123	3941	2422	1485
1443	699	55	26	1	11	6944	614	807	2237	1281
2346	5248	6822	3814	0	1600	5	261	2130	1086	2487
>HXC10.H14INVITRO.0.P.B
191	51	799	29	14	18	851	17	156	314	155	243
5	11	19	19	9	30	71	83	17	39	369	354
80	847	43	21	7	39	56	29	566	503	298	184
713	80	128	920	959	902	11	860	250	133	167	208
>HXC10.H14INVITRO.1.S.B
1277	869	25	1	2810	6288	0	0	3764	123	748	1066
1490	847	17	0	0	0	1295	0	0	2753	2099	1324
1528	811	117	0	0	0	0	6243	2464	2387	1784	1502
1993	3761	6129	6287	3478	0	4993	45	60	1025	1657	2396
>HXC10.H14INVITRO.2.SM.B
484	420	128	0	383	1962	0	0	1906	3	269	467
515	255	4	0	0	0	1557	2	12	1122	906	469
557	366	33	1	0	0	0	1937	32	287	509	400
406	921	1797	1961	1579	0	405	23	12	550	278	626
>HXC11.H14INVITRO.0.SM.B
2033	723	104	2910	9376	0	10	8889	53	1521	1953
1812	258	58	15	0	8496	12	105	5637	3784	2500
1884	731	29	1	1	0	9287	204	981	2494	1653
3648	7665	9186	6451	0	881	68	179	2706	1578	3271
>HXC11.H14INVITRO.1.S.B
1894	873	194	4513	8778	325	96	5090	649	1587
1684	405	32	0	0	3278	441	555	2755	2348
1671	714	180	29	31	0	7161	2014	2908	2359
3560	6817	8403	4267	0	5206	1111	1150	2497	2515
>HXC12.H14INVITRO.0.SM.B
376	178	67	4	103	1598	0	2	1502	16	207
355	149	4	0	0	0	1321	34	7	803	566
403	271	11	0	0	0	0	1487	86	410	411
464	1000	1516	1594	1495	0	277	75	3	369	414
>HXC13.H14INVITRO.0.SM.B
2156	1568	180	93	650	9143	0	69	8966	37	1570	1840
1842	875	39	4	5	1	8035	1	27	678	3507	2177
3223	2059	187	2	2	0	1	9027	120	7905	2949	2391
1924	4643	8739	9046	8488	1	1109	48	32	525	1119	2737
>HXC4.H14INVITRO.0.SM.B
3225	1718	2434	401	0	9636	9636	0	3	8584	597	1490	2272
2077	4318	2516	3988	0	0	0	220	6	10	4375	3734	2741
2113	1786	4328	276	0	0	0	0	5098	1039	1748	2569	2199
2221	1814	358	4971	9636	0	0	9416	4529	3	2916	1843	2424
>HXC8.H14INVITRO.0.SM.B
2063	1828	2818	1070	10	9037	9037	1	33	5991	289	1424	2417
2473	4214	2667	1267	2	0	0	2266	8	24	5826	3712	2349
2268	1329	2739	879	0	0	0	0	5743	2903	1751	2323	1758
2233	1666	813	5821	9025	0	0	6770	3253	119	1171	1578	2513
>HXC9.H14INVITRO.0.P.B
156	408	13	5	98	993	11	106	150	42	79	199	172
187	110	8	10	41	2	42	3	17	601	517	336	303
425	53	30	1	46	4	27	489	713	173	74	104	161
232	429	949	984	815	1	920	402	120	184	330	361	364
>HXC9.H14INVITRO.1.S.C
2768	1892	399	20	3171	9246	3	19	6064	175	1296	1991
2052	1150	31	3	0	0	3420	36	43	5577	3786	2207
2391	1419	224	2	2	0	3	7910	2858	1713	1871	2093
2035	4785	8592	9221	6073	0	5820	1281	281	1781	2293	2955
>HXC9.H14INVITRO.2.M.C
2103	1407	325	12	1885	7484	0	0	7120	8	996	1443	1762
1970	1225	21	4	0	0	5864	0	2	5397	3423	1914	2208
1811	1155	135	2	1	0	0	7428	330	687	1865	1392	1562
1600	3697	7003	7466	5598	0	1620	56	32	1392	1200	2735	1952
>HXD1.H14INVITRO.0.SM.B
639	653	931	3	1	2442	2447	0	0	2232	92	460	567
519	902	614	1080	45	0	0	0	16	0	1408	976	607
549	650	892	385	0	5	0	0	25	213	815	661	431
740	242	10	979	2401	0	0	2447	2406	2	132	350	842
>HXD10.H14INVITRO.0.SM.B
1848	1911	322	19	2599	8067	1	1	7064	81	1146	1726
2434	1079	82	5	3	0	5247	15	70	4571	3795	2050
2294	1771	326	4	2	0	2	7437	831	1167	1954	1773
1491	3306	7337	8039	5463	0	2817	614	102	2248	1172	2518
>HXD11.H14INVITRO.0.PS.A
455	212	25	0	495	1923	4	21	1074	197
471	188	3	0	0	0	632	81	146	553
389	195	1	0	0	0	0	1640	515	622
608	1328	1894	1923	1428	0	1287	181	188	551
>HXD11.H14INVITRO.1.SM.B
2201	2206	2881	3251	2560	5322	6294	5117	3556	1853	494	121	2400	9787	18	65	8678	92	1578	2119
2887	3591	3337	1057	765	1001	1321	1800	1831	1301	110	29	13	8	7419	41	120	5388	4278	2270
2433	1470	1645	2166	713	792	799	1184	1998	1414	359	11	33	2	13	9407	780	1921	2185	2154
2287	2541	1945	3334	5770	2693	1394	1707	2423	5240	8845	9647	7362	11	2358	295	230	2407	1767	3265
>HXD12.H14INVITRO.0.SM.B
2018	968	218	2513	7191	0	7	6665	75	880	1762
1438	258	110	6	0	5613	103	103	3505	2850	1691
1781	630	51	28	0	0	6387	359	1654	2222	1765
1954	5335	6812	4644	0	1578	694	64	1957	1239	1973
>HXD13.H14INVITRO.0.PS.A
2195	1264	315	159	1488	8462	11	449	5401	737	2009
1619	823	94	29	59	0	2509	109	271	1610	2145
2231	1957	291	99	15	4	1	5036	2404	4823	2017
2421	4422	7766	8179	6904	0	5945	2872	390	1296	2295
>HXD13.H14INVITRO.1.SM.B
2049	1433	248	92	906	8318	0	249	7523	224	1602
1589	875	47	24	48	0	6632	10	77	993	2692
2738	1923	298	22	6	0	1	7841	658	6407	2757
1942	4087	7725	8180	7358	0	1685	218	60	694	1267
>HXD3.H14INVITRO.0.SM.B
2135	966	2241	43	0	8662	8662	0	0	7937	317	1223	1540
2016	4865	1943	6967	0	0	0	18	6	4	5432	4175	3257
2481	1323	4313	147	0	0	0	0	1951	709	2369	2107	1605
2030	1508	165	1505	8662	0	0	8644	6705	12	544	1157	2260
>HXD4.H14INVITRO.0.SM.B
2389	1930	2177	371	2	9383	9383	0	3	6632	1086	1774
2152	3726	2471	3692	4	0	0	870	136	171	3433	2748
2473	2014	4298	1061	1	0	0	0	6304	2353	1997	2853
2369	1713	437	4259	9376	0	0	8513	2940	227	2867	2008
>HXD8.H14INVITRO.0.SM.B
1934	2443	1221	1	9480	9480	0	16	3286	1071	2102
3250	2699	1319	12	0	0	68	79	333	4684	2850
2021	3337	1838	5	0	0	0	5843	5027	2218	2188
2275	1001	5102	9462	0	0	9412	3542	834	1507	2340
>HXD9.H14INVITRO.0.SM.B
615	513	278	19	0	272	2002	0	0	1903	0	230	491
602	457	163	1	0	0	0	1504	0	0	1507	1140	450
404	663	218	3	0	0	0	0	1981	98	216	295	395
381	369	1343	1979	2002	1730	0	498	21	1	279	337	666
>IRF1.H14INVITRO.0.P.D
395	439	166	171	77	655	665	659	27	95	16	648	647	658	14	88	276	307	242
107	64	180	130	11	5	4	6	267	120	5	3	8	5	259	251	107	105	139
88	75	217	121	589	19	9	6	379	15	657	27	11	17	402	39	231	204	174
91	103	118	259	4	2	3	10	8	451	3	3	15	1	6	303	67	65	126
>IRF2.H14INVITRO.0.PSM.A
355	755	855	1339	350	21	11	1860	1805	1874	12	15	47	1664	1547	1630	135	200	578
508	378	229	124	410	1387	7	5	1	0	562	1034	5	66	50	55	782	633	276
693	551	223	129	715	73	1857	10	2	0	1293	43	1820	96	39	98	857	382	718
320	192	569	284	401	395	1	1	68	2	9	784	4	50	240	93	102	661	304
>IRF3.H14INVITRO.0.PS.A
1570	648	1217	4231	4770	4933	1383	266	7	5603	5551	5491	370	765	957	3914	3627	3763	1264
1473	1301	375	241	180	274	2306	1977	2	25	0	64	3582	2129	268	665	469	780	2259
1530	3161	3881	928	391	145	1440	3016	5817	122	24	44	1574	1471	4223	749	706	590	1338
1253	716	353	426	485	474	697	567	0	76	251	227	300	1461	378	498	1024	693	965
>IRF3.H14INVITRO.1.SM.B
260	1037	159	49	57	252	208	320	713	18	6	2008	2021	2023	50	132	277	1105	999	1108	420	405	791
1323	257	254	30	12	21	1731	1559	342	159	1	1	0	3	1837	798	4	829	177	684	927	596	333
93	355	1527	171	216	26	20	111	287	1787	2027	26	3	5	137	184	1740	63	618	72	534	342	451
360	387	96	1786	1751	1737	77	46	694	72	2	1	12	5	12	922	15	39	242	172	155	693	461
>IRF4.H14INVITRO.0.P.B
238	391	149	409	835	864	82	100	21	911	712	932	120	159	303	263	307
197	147	71	57	51	25	496	77	8	21	48	12	446	277	195	195	235
430	228	747	522	89	83	398	38	980	66	237	25	421	136	317	379	288
151	250	49	28	41	44	40	801	7	18	19	47	29	444	201	179	186
>IRF4.H14INVITRO.1.S.B
1536	1510	3431	4264	5365	1109	288	55	7824	7485	7357	429	913	2633
3070	1798	1712	1362	970	4906	6107	120	129	56	335	6491	3434	2146
1913	3791	1980	924	532	988	295	7820	57	108	160	786	588	1762
1528	948	924	1497	1180	1044	1357	52	37	398	195	341	3112	1506
>IRF4.H14INVITRO.2.SM.B
2185	2688	4562	796	14	1	6335	6197	6345	8	36	1565	3762	3396	4325	966	1220
1612	1126	654	3700	5543	0	10	0	0	6017	3815	264	1177	843	934	3452	2228
1639	647	246	749	15	6344	0	1	0	310	25	4341	830	810	406	946	816
909	1884	883	1100	773	0	0	147	0	10	2469	175	576	1296	680	981	2081
>IRF5.H14INVITRO.0.SM.B
4010	1895	1055	1062	6720	6141	8541	481	149	105	9812	8526	9826	58	538	3883	3885
2360	3105	4739	1036	1086	1194	407	7367	7981	3	12	2	6	9153	3987	1297	2097
2323	3017	874	6294	792	919	654	1654	6	9728	15	166	2	590	264	3557	2157
1148	1824	3173	1449	1243	1587	239	339	1705	5	2	1147	7	40	5052	1104	1702
>IRF5.H14INVITRO.1.S.B
393	619	284	1	0	1160	1151	1159	16	147	363
303	254	540	998	0	0	0	0	1016	380	310
253	108	246	156	1160	0	1	0	120	110	252
211	179	90	5	0	0	8	1	8	523	235
>IRF6.H14INVITRO.0.SM.B
2674	4600	738	17	0	8044	5572	8044	0	146	2234
2213	1488	5091	7973	0	0	0	0	8044	3112	1894
1208	1130	875	0	8044	0	0	0	0	197	2621
1949	826	1340	54	0	0	2472	0	0	4589	1295
>IRF6.H14INVITRO.1.S.C
300	492	202	80	99	928	656	1126	1	3	1	1142	827	1142	0	36	359
341	361	480	831	121	84	101	12	1090	1116	0	0	0	0	1135	442	300
190	186	291	63	868	82	20	3	14	1	1141	0	0	0	7	41	306
311	103	169	168	54	48	365	1	37	22	0	0	315	0	0	623	177
>IRF7.H14INVITRO.0.S.B
576	336	1008	1558	1534	672	4	0	2244	2193	2058	848	218	517
779	939	393	198	469	630	2173	2	8	0	35	521	594	740
552	530	628	266	68	656	37	2252	0	56	48	450	322	584
351	453	229	236	187	300	44	4	6	9	117	439	1124	417
>IRF7.H14INVITRO.1.SM.B
1531	4172	6237	6351	2554	139	26	8887	8910	8754	2659	222	598	5809	6805	6411	2499	1280	2305
3358	1425	506	969	2783	8148	31	52	24	27	2366	5187	1807	477	643	792	2237	2750	1914
2200	2575	735	296	1446	161	8849	3	6	0	3238	222	5881	1966	511	401	2325	1063	2326
1861	778	1472	1334	2167	502	44	8	10	169	687	3319	664	698	991	1346	1889	3857	2405
>IRF8.H14INVITRO.0.P.B
406	554	217	311	207	364	742	804	125	92	13	787	790	827	74	120	344	345	322
84	43	134	97	105	4	9	6	290	58	0	8	4	2	354	204	108	117	152
180	79	417	222	517	467	21	3	386	22	820	37	36	4	402	23	277	266	211
166	160	68	206	7	1	64	23	35	664	3	4	6	3	6	489	107	108	151
>IRF8.H14INVITRO.1.SM.B
139	132	1055	1001	1322	32	1	2	1345	1303	1345	8	83	475	409
789	98	93	47	5	963	1177	0	0	0	1	1135	520	182	358
148	1066	144	42	3	207	1	1344	0	0	0	200	62	475	274
270	50	54	256	16	144	167	0	1	43	0	3	681	214	305
>IRF8.H14INVITRO.2.SM.B
3355	5872	1998	125	15	9931	9601	9957	44	312	2701	5118	4519	5204	1751	2041
1904	1222	2942	8404	9	27	0	9	7801	4771	613	1994	1859	1753	4402	2814
1924	973	2060	218	9950	6	1	5	2060	226	5862	1435	1632	1407	2167	1782
2793	1909	2976	1229	2	12	374	5	71	4667	800	1429	1966	1612	1656	3339
>IRF9.H14INVITRO.0.PSM.A
2286	817	428	9265	9338	9729	148	56	82	9774	9269	9709	122	633	2610	4303
2615	4422	204	246	70	84	6205	3237	3	136	30	130	7210	3399	1578	1906
3133	1526	9174	288	177	49	3581	38	9881	38	123	45	2553	408	3473	1809
1958	3227	186	193	407	130	58	6661	26	44	570	108	107	5552	2331	1974
>IRX1.H14INVITRO.0.S.C
2298	116	5725	0	0	0	4319	2843	1931
1611	6169	0	0	0	0	494	2751	1920
2060	1104	81	0	7594	0	1	1363	1633
1625	205	1788	7594	0	7594	2780	637	2110
>IRX2.H14INVITRO.0.S.B
2206	511	3737	6682	0	6682	63	0	1901	1619
1393	1161	0	0	6682	0	0	0	1262	1901
1422	2086	108	0	0	0	0	6682	835	1054
1661	2924	2837	0	0	0	6619	0	2684	2108
>IRX3.H14INVITRO.0.M.C
509	784	1	580	0	0	0	905	1321	341	346
387	52	1034	0	1362	0	0	0	145	701	405
253	286	51	843	0	1473	0	0	7	229	493
324	351	387	50	111	0	1473	568	0	202	229
>IRX3.H14INVITRO.1.S.B
2426	1000	6038	22	3	9	3917	3057
1619	6141	113	5	4	33	756	2939
3150	1535	1849	63	9757	52	161	2205
2581	1100	1776	9686	12	9682	4942	1575
>IRX3.H14INVITRO.2.S.C
495	884	2027	195	2028	714	318	897	1038	1269	1143	1168	1434	20	2095	1	1	15	1427	1173	740
419	129	167	2029	143	410	354	483	371	238	255	289	153	2164	0	2	0	12	308	677	549
665	412	103	98	96	161	1571	584	445	372	331	323	339	113	207	3	2421	7	6	354	363
843	997	125	100	155	1137	179	458	568	543	693	642	496	125	120	2416	0	2388	681	218	770
>IRX5.H14INVITRO.0.M.C
392	844	0	433	0	0	0	725	999	328	360
360	67	1332	0	1107	0	0	40	363	691	340
255	250	0	942	0	1393	0	0	31	266	450
386	232	61	18	286	0	1393	628	0	108	243
>IRX5.H14INVITRO.1.SM.B
2297	421	5295	1	0	1	3613	3188
1682	7196	20	6	0	59	1272	2733
2703	1279	1004	0	9539	0	130	1951
2857	643	3220	9532	0	9479	4524	1667
>ISL1.H14INVITRO.0.PSM.A
2348	1640	2776	472	25	9875	9875	0	14	1662	3269	2578
1955	4209	2331	4132	4	0	0	0	41	966	3427	2423
2926	1977	4136	1256	1	0	0	2968	4674	7039	2356	2092
2646	2049	632	4015	9845	0	0	6907	5146	208	823	2782
>ISL2.H14INVITRO.0.SM.B
1955	2863	556	109	9713	9712	0	17	1600	2394	2440
3607	2299	3429	4	0	1	0	3	669	4243	2521
2311	3617	1468	35	0	0	4277	3270	7333	2210	2079
1840	934	4260	9565	0	0	5436	6423	111	866	2673
>ISX.H14INVITRO.0.SM.B
1944	1707	245	0	7723	7723	0	0	2816	1403	1498	1411
1799	1316	2801	2	0	0	0	0	0	861	1643	1616
2353	3623	1979	0	0	0	0	0	4907	5030	1939	1637
1627	1077	2698	7721	0	0	7723	7723	0	429	2643	3059
>ISX.H14INVITRO.1.S.B
1575	1546	198	0	5166	5166	0	0	3913	593	2526	519	1594	4194	2199	1077	1569
1267	657	2794	229	0	0	0	0	0	114	1298	866	506	226	450	976	547
1308	2701	695	0	0	0	0	0	1253	4459	435	456	166	74	670	354	832
1016	262	1479	4937	0	0	5166	5166	0	0	907	3325	2900	672	1847	2759	2218
>ISX.H14INVITRO.2.SM.B
174	325	279	62	84	467	408	0	0	662	662	0	0	566	68	56	143	163	112
138	81	81	117	153	50	49	212	50	0	0	0	0	0	74	270	204	235	150
99	141	176	125	73	140	169	43	0	0	0	0	0	96	509	143	266	166	178
251	115	126	358	352	5	36	407	612	0	0	662	662	0	11	193	49	98	222
>ITF2.H14INVITRO.0.S.B
80	24	146	23	18	18	17	0	270	0	0	0	0	0	37	60
61	143	15	19	10	88	2	270	0	114	114	0	0	86	32	62
80	58	66	142	177	1	251	0	0	156	156	0	270	11	72	60
49	45	43	86	65	163	0	0	0	0	0	270	0	173	129	88
>ITF2.H14INVITRO.1.PSM.A
361	349	0	1424	0	0	0	0	80	435
264	197	1424	0	0	0	0	0	660	205
326	845	0	0	1424	1424	0	1424	212	440
473	33	0	0	0	0	1424	0	472	344
>JDP2.H14INVITRO.0.SM.B
1914	1880	6368	0	0	9537	1	399	913	4045	4015
1975	2474	504	0	0	0	9128	206	3043	2324	1532
2590	3953	2564	2	8919	0	128	7319	364	1859	1676
3058	1230	101	9535	618	0	280	1613	5217	1309	2314
>JERKY.H14INVITRO.0.PSGB.A
4510	371	40	12	14	4620	3533	517	22	9964	6084	9	0	61	112	9465	8977
2441	9281	9140	1853	9946	113	1743	63	45	0	0	9956	9965	3	20	247	352
2639	136	11	10	5	5171	3608	34	0	1	2	1	0	9903	9565	75	258
384	186	783	8099	9	70	1090	9360	9907	9	3888	8	9	7	277	187	387
>JUN.H14INVITRO.0.P.B
102	159	243	0	12	559	13	0	2	593	4	60
123	101	102	0	0	25	0	0	591	0	236	319
258	252	207	8	580	0	580	0	0	0	51	110
110	81	41	585	1	9	0	593	0	0	302	104
>JUN.H14INVITRO.1.S.C
389	110	62	610	0	0	0	2	698	21	8	169	169
188	56	74	53	817	206	0	535	108	361	585	310	265
147	48	360	151	0	611	0	0	9	17	139	121	114
93	603	321	3	0	0	817	280	2	418	85	217	269
>JUNB.H14INVITRO.0.PM.A
929	3932	5	15	6005	4	0	78	5775	93	1423
1384	130	507	3	139	0	0	6030	0	1107	1900
2446	1948	38	6029	1	6152	65	40	381	250	1982
1397	146	5606	109	11	0	6091	8	0	4706	851
>JUNB.H14INVITRO.1.S.C
120	399	14	3	534	0	1	0	8	548	2	26	138	88	75
134	44	15	16	7	555	3	1	545	7	151	411	176	210	176
152	101	7	479	15	0	552	0	0	1	2	71	177	74	143
150	12	520	58	0	1	0	555	3	0	401	48	65	184	162
>JUND.H14INVITRO.0.PM.A
653	181	311	774	41	0	24	1552	12	83	364	251	336
221	253	105	750	550	0	1445	38	432	898	593	511	416
376	145	1010	53	1005	0	0	3	36	434	367	172	320
346	1017	170	19	0	1596	127	3	1116	181	272	662	524
>JUND.H14INVITRO.1.SM.B
627	689	213	1181	152	18	0	120	2247	41	221	540
592	191	346	46	2208	84	0	2152	127	682	1043	778
827	341	679	1052	21	2281	1	4	12	117	651	585
341	1166	1149	108	6	4	2386	111	1	1547	472	484
>KAISO.H14INVITRO.0.P.D
106	297	102	19	98	14	21	905	6	803	293
265	540	222	961	7	955	3	6	15	55	176
116	113	131	7	886	10	971	82	964	116	306
512	49	544	12	8	20	4	6	14	25	224
>KAISO.H14INVITRO.1.P.D
272	244	226	51	147	42	16	26	10	10	450	14	448	185
63	40	110	103	328	125	527	6	520	7	16	10	12	106
144	262	178	103	68	78	15	514	10	540	86	510	90	210
82	15	47	304	18	316	3	15	21	4	9	27	11	60
>KDM2A.H14INVITRO.0.PSGB.A
253	199	170	336	0	2	4	168	186
125	127	0	139	797	0	415	75	252
196	76	19	166	0	795	1	424	144
223	395	608	156	0	0	377	130	215
>KLF1.H14INVITRO.0.P.D
321	436	14	21	5	76	10	22	115	71	70	104	134
309	41	2	7	7	591	9	35	12	24	659	500	326
232	274	972	965	980	0	945	554	765	814	90	183	374
134	245	8	3	4	329	32	385	104	87	177	209	162
>KLF10.H14INVITRO.0.P.C
14	19	56	22	28	12	0	0	18	3	2	5	9	16
11	43	34	0	1	1	0	0	95	2	19	2	1	111
103	72	23	115	91	126	140	140	0	123	70	125	114	2
12	6	27	3	20	1	0	0	27	12	49	8	16	11
>KLF10.H14INVITRO.1.PSM.A
2263	2448	1913	1120	708	2	0	92	47	13	391	1715	1447	2467	1067	695	2	5	104	74	27	463	801	827
1005	1063	188	49	4	3	0	5227	1	202	220	355	3209	317	73	4	1	7	4405	60	260	154	539	3071
2979	2706	5364	4687	7095	7795	7816	16	7699	449	6547	3247	2295	4557	4388	7111	7809	7801	233	7494	847	6425	3110	2028
1570	1600	352	1961	10	17	1	2482	70	7153	659	2500	866	476	2289	7	5	4	3075	189	6683	775	3367	1891
>KLF11.H14INVITRO.0.P.B
159	404	291	91	183	6	3	10	13	5	59	136	104	68	167
221	201	39	8	4	1	8	947	8	9	3	68	825	499	154
542	290	628	843	804	988	986	1	969	956	931	776	22	142	360
78	105	42	58	9	5	3	42	10	30	7	20	49	291	319
>KLF11.H14INVITRO.1.SM.B
58	74	55	40	0	0	1	0	0	5	36	43	81	42	40	0	0	7	5	2	9	29	39
45	14	1	0	0	0	263	0	0	0	3	136	12	0	0	1	0	228	24	3	7	20	99
88	150	101	224	264	264	0	264	1	257	143	59	153	100	218	263	264	27	233	46	214	145	84
73	26	107	0	0	0	0	0	263	2	82	26	18	122	6	0	0	2	2	213	34	70	42
>KLF12.H14INVITRO.0.P.C
209	95	4	4	133	19	15	117	26	82	143	167	123	118	174	123	97	121
42	2	2	2	745	2	25	6	26	760	443	94	68	105	223	223	216	140
491	829	927	926	1	900	723	782	867	26	199	443	687	684	462	509	490	559
192	8	1	2	55	13	171	29	15	66	149	230	56	27	75	79	131	114
>KLF12.H14INVITRO.1.PSM.A
431	158	126	7	62	5	3	49	93	123	286
150	78	30	0	977	0	1	27	61	673	647
380	1191	1262	1464	0	1515	52	1366	1178	211	288
559	93	102	49	481	0	1464	78	188	513	299
>KLF13.H14INVITRO.0.PSM.A
2200	2716	3129	2081	815	373	5	5	14	7	11	97	384	381	1891
2135	1365	1518	195	20	4	11	2	9923	1	3	15	223	5274	2568
3500	3954	3728	7139	5434	9584	9973	9977	5	9984	83	9798	8102	809	2810
2158	1958	1618	578	3724	32	4	9	51	1	9896	83	1284	3529	2724
>KLF13.H14INVITRO.1.P.C
447	216	110	154	41	26	186	34	11	146	149	135	190	223	174	159	201	186	185	150
91	14	14	26	12	13	642	10	10	31	34	506	305	150	173	133	128	162	114	125
267	739	588	780	858	933	2	899	653	748	622	281	182	473	469	587	469	524	443	587
179	15	272	24	73	12	154	41	310	59	179	62	307	138	168	105	186	112	242	122
>KLF14.H14INVITRO.0.PSM.A
2470	2836	2246	1124	1332	0	0	100	0	31	784	1584	1128	2045
1320	1117	210	27	1	0	0	9654	0	39	18	232	5021	2247
4168	4047	6801	4772	8596	9938	9938	0	9936	191	8929	5498	1552	3625
1980	1938	681	4015	9	0	0	184	2	9677	207	2624	2237	2021
>KLF14.H14INVITRO.1.P.C
312	373	153	166	206	83	64	211	24	41	185	239	154	173	219	133	209	280	172	264	162	232	168
200	106	12	45	41	11	43	551	23	33	40	44	528	365	159	149	140	99	142	100	94	83	185
398	251	791	480	706	825	878	5	937	614	704	584	249	170	494	519	590	418	589	389	659	503	573
88	268	42	307	45	79	13	231	14	310	69	131	67	290	126	197	59	201	95	245	83	180	72
>KLF15.H14INVITRO.0.S.B
336	455	464	313	114	36	0	0	41	0	0	68	179	187
217	170	83	17	4	0	0	0	1596	0	0	2	68	641
761	725	845	1209	912	1617	1653	1652	0	1653	121	1486	1069	425
339	303	261	114	623	0	0	1	16	0	1532	97	337	400
>KLF15.H14INVITRO.1.P.C
223	249	298	16	11	394	54	23	407	122	264	317	157	145	186	213	116	251	100	124
78	23	10	3	4	464	5	8	16	27	362	212	50	24	72	122	129	120	86	72
620	612	653	947	951	0	905	853	493	791	274	254	627	739	691	586	674	450	696	668
50	87	10	5	5	113	7	87	55	31	71	188	137	63	22	50	52	150	89	107
>KLF16.H14INVITRO.0.SM.B
1613	1610	1280	1154	0	0	0	0	0	1272	1459
942	317	113	0	0	0	6703	0	0	85	818
2670	3799	3133	5568	6722	6722	0	6722	10	4469	2748
1497	996	2196	0	0	0	19	0	6712	896	1697
>KLF16.H14INVITRO.1.P.B
137	179	198	113	163	389	208	129	313	43	20	265	140	39	227	86	249	219	122	192	245	262	114
247	263	183	90	244	183	79	73	42	9	52	646	25	10	33	32	573	288	153	118	224	90	159
566	515	503	718	540	294	658	773	598	929	916	11	782	917	702	850	148	306	606	654	459	603	670
49	42	115	78	52	133	54	24	46	18	11	77	52	33	37	31	29	186	118	35	71	44	56
>KLF17.H14INVITRO.0.M.C
2229	1685	3127	6648	613	0	0	543	6	7	144	784	729	2721
1209	1305	484	381	0	1	0	6410	0	18	7	225	5060	1400
2350	1769	1556	279	7666	8287	8288	1	8282	545	8097	3952	751	1921
2500	3529	3121	980	9	0	0	1334	0	7718	40	3327	1748	2246
>KLF17.H14INVITRO.1.P.C
244	187	667	67	21	34	745	60	121	258	201
45	184	49	4	11	25	63	6	15	41	38
431	563	181	910	934	930	5	911	759	658	658
280	66	103	19	34	11	187	23	105	43	103
>KLF2.H14INVITRO.0.S.C
2357	3106	534	0	0	25	0	228	996	1173	1220
1235	463	0	75	0	8172	0	283	367	1143	3065
3776	2157	8942	9423	9499	0	9500	701	6757	5460	2657
2132	3774	24	2	1	1303	0	8288	1380	1724	2558
>KLF3.H14INVITRO.0.PS.A
2665	3551	351	7	9	107	256	225	469	765	502	1319
935	161	16	64	0	7089	2	1768	280	781	3009	2676
1864	1140	6824	7207	7293	1	6879	97	6125	4971	782	1503
1839	2451	112	25	1	106	166	5213	429	786	3010	1805
>KLF3.H14INVITRO.1.M.C
2054	2415	22	0	0	56	32	112	198	177	140	572	1134
620	507	0	1	2	5328	0	725	2474	156	2396	3235	2277
1662	870	6179	6204	6203	0	2781	2776	3279	5635	2044	641	1306
1869	2413	4	0	0	821	3392	2592	254	237	1625	1757	1488
>KLF4.H14INVITRO.0.PSM.A
380	12	5	8	41	12	9	82	43	52	136
27	2	3	5	384	10	30	16	81	582	429
107	983	990	983	4	966	405	791	752	104	175
486	3	2	4	571	12	556	111	124	262	260
>KLF5.H14INVITRO.0.PM.A
2182	3549	2565	0	0	293	198	465	808	1474	1479
1578	981	9	965	0	7025	1	637	124	876	2629
2569	1713	5471	7409	8383	0	8173	657	6765	3871	2342
2054	2140	338	9	0	1065	11	6624	686	2162	1933
>KLF6.H14INVITRO.0.P.B
209	237	365	453	27	4	10	242	90	13	104	69	227	222	98	120	149	300
244	127	251	29	4	2	4	532	21	41	68	41	493	432	215	188	255	190
368	533	300	276	860	975	970	3	869	628	690	831	166	171	428	554	501	382
170	94	75	233	100	10	7	214	11	309	129	50	105	166	250	129	86	119
>KLF6.H14INVITRO.1.SM.B
1136	1112	1137	2154	2510	102	0	0	11	0	52	953	786	741
1166	874	792	423	54	1	1	0	6102	0	8	180	526	1895
2856	3175	3078	2248	1191	6644	6747	6748	0	6748	284	4485	4143	2069
1590	1587	1741	1923	2993	1	0	0	635	0	6404	1130	1293	2043
>KLF7.H14INVITRO.0.P.D
22	18	1	0	2	6	2	2	14	14
18	4	0	0	1	61	0	5	3	4
29	31	72	71	71	0	71	53	53	45
5	21	1	3	0	7	1	14	4	11
>KLF8.H14INVITRO.0.P.D
334	409	190	79	10	16	197	24	12	186	24	179	56
98	70	9	5	5	5	695	2	1	4	1	636	409
454	470	663	911	958	975	2	959	825	785	954	57	335
111	48	135	2	24	1	103	12	159	22	18	125	197
>KLF8.H14INVITRO.1.P.D
257	237	188	30	24	284	30	40	209	138	202	254	174	217	273	321	134	264	177	177	259	253	154
114	24	9	4	12	553	11	7	11	9	546	267	117	48	47	92	125	112	78	66	126	125	102
535	546	787	939	958	2	932	786	750	802	205	273	578	651	633	503	688	436	652	663	553	496	670
92	191	14	25	4	159	25	165	28	49	45	204	129	82	45	82	51	186	91	92	60	124	72
>KLF9.H14INVITRO.0.P.D
287	481	169	48	23	6	10	34	15	7	18	63	42	154
163	65	24	1	0	1	10	647	4	9	3	70	785	467
419	318	777	586	966	978	972	3	964	344	957	685	73	151
125	130	24	359	5	9	2	310	11	634	16	176	94	222
>KLF9.H14INVITRO.1.P.D
96	175	377	119	61	77	5	7	60	9	1	21	22	92	90	121	116	95	174	125	104	102	134
169	225	163	63	9	8	9	7	862	3	20	11	22	804	468	143	144	191	199	236	168	189	153
643	491	328	792	763	909	978	984	2	976	754	959	927	62	300	527	641	675	584	567	639	609	677
92	109	132	26	167	6	8	2	76	12	225	9	29	42	142	209	99	39	43	72	89	100	36
>KMT2A.H14INVITRO.0.P.D
24	56	40	112	33	17	29	27	23	56	35	6	35	45	27	97	18	10	41	35	17	27	87
796	501	621	534	32	827	656	358	786	598	189	813	781	161	886	700	95	892	752	167	850	722	434
112	342	300	257	831	79	94	535	113	270	723	109	85	692	52	101	795	49	49	533	101	164	355
63	96	34	92	99	72	216	75	73	71	48	67	94	97	30	97	87	44	153	260	27	82	119
>KMT2B.H14INVITRO.0.P.D
2	43	7	4	29	17	4	14
0	950	1	3	957	4	4	976
984	0	938	987	1	897	987	4
12	5	52	4	11	80	3	4
>LBX2.H14INVITRO.0.S.B
2577	2875	2664	73	2	8825	8874	0	0	8872	4391	295	1686	3398
1674	1748	2564	8003	3532	45	0	0	0	0	193	3594	1050	2004
2451	3181	2327	317	0	4	0	0	0	2	3987	1067	3290	1723
2172	1070	1319	481	5340	0	0	8874	8874	0	303	3918	2848	1749
>LBX2.H14INVITRO.1.S.B
651	617	560	64	3	2455	2477	0	0	2474	1807	26	315	1494	680	435	668
662	793	991	1878	819	27	0	0	0	0	80	1009	280	408	680	977	606
668	734	733	128	1	1	7	0	0	10	562	191	659	345	699	426	570
503	340	200	414	1661	1	0	2484	2484	0	35	1258	1230	237	425	646	640
>LBX2.H14INVITRO.2.M.C
525	264	278	27	1029	1203	1	0	1823	1464	31	231	950	566
329	803	1278	185	804	9	1	3	3	92	535	292	297	371
547	498	128	28	1	630	0	0	16	234	247	467	297	340
441	277	158	1602	8	0	1840	1839	0	52	1029	852	298	565
>LEF1.H14INVITRO.0.PSM.A
999	765	135	174	15	29	2	5644	633	238	729	1142
2032	2715	4555	306	48	99	365	129	130	3044	1037	1405
1181	1287	766	112	9	0	5495	22	128	2462	681	1156
1665	1110	421	5285	5805	5749	15	82	4986	133	3430	2174
>LEF1.H14INVITRO.1.P.B
96	38	39	20	35	3	7	21	737	519	385	46	44	68	435
197	258	625	764	27	38	5	213	35	35	191	107	272	360	165
86	195	102	10	1	8	6	749	22	127	320	33	443	64	67
621	509	234	206	937	951	982	17	206	319	104	814	241	508	333
>LEUTX.H14INVITRO.0.PSGB.A
110	90	0	505	4	21	443	151
145	65	0	15	11	59	2	87
146	339	520	0	9	0	17	135
119	26	0	0	496	440	58	147
>LHX1.H14INVITRO.0.S.C
2424	2089	793	0	9612	9612	3	155	4936	1730	2314
2872	2881	2508	96	0	0	42	1498	606	3384	2230
2300	3886	2957	0	0	0	0	1561	3538	2732	2687
2016	756	3354	9516	0	0	9567	6398	532	1766	2381
>LHX1.H14INVITRO.1.M.C
1516	624	398	0	4814	4814	0	0	3428	1049
1229	2308	1209	0	0	0	3322	13	718	936
1076	1725	1917	0	0	0	0	4494	472	1619
993	157	1290	4814	0	0	1492	307	196	1210
>LHX2.H14INVITRO.0.PS.A
155	64	806	897	11	20	574	115	181
355	11	50	39	23	0	8	176	363
108	15	96	20	17	437	365	622	201
358	886	24	20	925	519	29	63	231
>LHX2.H14INVITRO.1.S.C
570	517	1097	1351	553	391	1051	711	577	87	0	2010	2014	0	1	1697	607	305	553
462	492	314	81	59	110	161	439	387	1193	2	4	0	0	1	1	282	566	388
292	121	104	121	103	167	285	502	873	200	0	0	0	0	20	315	1031	484	489
690	884	499	461	1299	1346	517	362	177	534	2012	0	0	2014	1992	1	94	659	584
>LHX3.H14INVITRO.0.P.D
702	339	18	24	773	938	2	4	960	300
132	19	176	355	199	52	3	94	1	141
37	155	262	6	23	4	2	2	6	526
130	488	545	616	6	7	994	901	34	34
>LHX4.H14INVITRO.0.SM.B
1976	942	119	7957	8585	0	0	8585	4426	313	1394	2693
2420	2775	2267	42	0	0	0	0	954	3407	1948	2023
2138	3435	68	583	0	0	0	0	3186	1653	3239	1901
2051	1433	6131	3	0	8585	8585	0	19	3212	2004	1968
>LHX5.H14INVITRO.0.PSM.A
1959	1879	2355	479	0	8209	8209	0	3	5575	1267	1897
2016	3618	1513	1930	1	0	0	154	87	17	2694	1670
1932	1398	4042	1031	0	0	0	0	489	2570	3271	2590
2302	1314	299	4769	8208	0	0	8055	7630	47	977	2052
>LHX6.H14INVITRO.0.P.B
76	43	931	988	1	2	1008	263	323	260
307	464	77	4	0	870	0	112	269	251
478	6	1	7	1	36	0	595	270	329
153	501	5	15	1012	106	6	44	152	174
>LHX6.H14INVITRO.1.S.B
1708	903	6171	7724	0	0	7557	2247	825	1685
2073	2034	1392	150	0	2636	318	1662	2810	2035
1960	921	274	14	0	0	3	3015	2136	2210
2147	4030	51	0	7888	5252	10	964	2117	1958
>LHX6.H14INVITRO.2.M.C
1550	1160	1904	76	0	6241	6243	0	0	6222	32	504	1432
1493	2954	1337	3505	0	0	0	3910	202	0	999	2765	1607
1527	1440	2904	199	0	2	0	0	4089	21	4955	2154	1335
1673	689	98	2463	6243	0	0	2333	1952	0	257	820	1869
>LHX8.H14INVITRO.0.S.B
1689	1711	2612	0	0	5085	7448	0	0	5609	437	1953
1494	2578	1268	4208	0	0	0	0	0	0	3726	2022
1827	1835	3390	23	0	2363	0	0	0	1839	3087	1576
2438	1324	178	3217	7448	0	0	7448	7448	0	198	1897
>LHX8.H14INVITRO.1.M.C
1829	988	468	0	1917	2286	0	0	6215	2796	140	809	1860
1499	2165	4790	40	4114	0	0	2	0	359	2933	1293	1484
1442	2446	907	0	184	3929	0	0	0	2889	1002	2672	1503
1445	616	50	6175	0	0	6215	6213	0	171	2140	1441	1368
>LHX9.H14INVITRO.0.PS.A
2757	780	0	9478	9478	0	31	4471	1652	2474
2290	3611	125	0	0	3	376	813	2218	2243
2540	1022	23	0	0	0	1960	3335	3534	2444
1891	4065	9330	0	0	9475	7111	859	2074	2317
>LHX9.H14INVITRO.1.M.B
316	358	42	0	909	904	0	0	887	63	106	220
247	94	251	1	0	1	497	0	3	78	371	172
166	400	56	5	2	6	6	542	21	621	260	224
182	59	562	905	0	0	408	369	0	149	174	295
>LMX1A.H14INVITRO.0.SM.B
2293	2952	215	0	8999	8999	0	342	5806	1425
2918	1983	2180	0	0	0	0	321	133	3117
2154	3004	1143	0	0	0	0	430	2703	2862
1634	1060	5461	8999	0	0	8999	7906	357	1595
>LMX1B.H14INVITRO.0.P.C
141	943	985	9	199	955	875	745
176	11	9	6	40	6	19	56
19	38	6	27	483	40	107	174
671	15	7	965	285	6	6	32
>LMX1B.H14INVITRO.1.SM.B
2637	470	17	9412	9414	0	0	9414	9153	990	854	2244
1952	2895	245	1	0	0	0	0	2	1500	1260	2312
2466	1215	2	1	0	0	0	0	259	643	1390	2244
2359	4834	9150	0	0	9414	9414	0	0	6281	5910	2614
>LMX1B.H14INVITRO.2.S.B
167	197	12	0	635	635	0	0	635	517	2	77	485	331	79	233	377	251
254	268	295	10	0	0	0	0	0	19	49	81	40	79	51	35	46	93
111	99	93	2	0	0	0	0	0	99	56	35	70	70	22	32	68	90
103	71	235	623	0	0	635	635	0	0	528	442	40	155	483	335	144	201
>LRRF1.H14INVITRO.0.P.D
118	139	9	4	0	4	4	7	34	58
45	7	2	245	19	272	3	204	152	63
116	136	263	5	9	5	243	67	63	87
6	3	11	31	257	4	35	7	36	77
>LYL1.H14INVITRO.0.P.D
271	284	157	476	54	1	3	2	22	149	151	144	96
245	369	533	101	165	859	4	26	350	193	157	323	403
264	132	45	98	256	29	0	860	209	185	200	191	175
136	131	181	241	441	27	909	28	335	389	408	258	242
>LYL1.H14INVITRO.1.P.D
282	183	655	88	201	110	61	22	65	11	9	11	60	43	176
366	650	106	177	566	86	119	496	31	35	925	995	94	277	339
255	95	93	450	149	69	795	58	21	72	21	8	52	547	93
129	104	178	317	116	767	57	456	915	914	77	18	826	165	424
>MAD4.H14INVITRO.0.P.D
145	524	67	124	7	4	42	193
697	74	842	158	2	6	256	307
119	309	59	688	13	952	559	160
33	87	26	24	972	32	137	334
>MAF.H14INVITRO.0.PM.A
669	821	837	783	594	48	1	9	0	0	1937	33	223	268	1058	193	98	656
357	181	116	193	204	403	5	1932	4	0	1	1363	69	1246	142	123	1457	408
574	452	238	218	484	17	1937	0	2	1936	3	476	378	132	489	1379	268	522
343	489	752	749	661	1475	0	2	1937	7	2	71	1273	297	254	248	120	357
>MAF.H14INVITRO.1.PSM.A
2641	674	72	224	13	63	9491	410	1941
1986	1840	356	9370	28	1	71	6636	1601
1992	266	9164	21	34	8987	24	1151	3964
3012	6851	39	16	9556	580	45	1434	2125
>MAFA.H14INVITRO.0.PSM.A
3255	4243	4394	3927	2609	357	78	126	60	96	9648	145	1979	1611	3842	2231	1519	3701
2115	1099	738	1197	1825	2287	132	9671	200	31	107	7810	1137	4736	1867	1342	4834	2231
2384	2004	882	831	2237	123	9648	56	73	9529	38	1173	2838	1311	2494	4599	2155	2426
2146	2554	3886	3945	3229	7133	42	47	9567	244	107	772	3946	2242	1697	1728	1392	1542
>MAFA.H14INVITRO.1.M.C
347	487	514	482	288	19	1	0	0	0	1055	1	58	60	847	86	18	569	326
218	116	66	116	186	227	0	1055	0	0	0	852	18	882	72	34	896	105	242
266	210	75	55	214	4	1054	0	0	1055	0	188	133	18	102	874	107	263	240
224	242	400	402	367	805	0	0	1055	0	0	14	846	95	34	61	34	118	247
>MAFB.H14INVITRO.0.PS.A
5374	4089	518	28	411	71	100	9158	141	438	902	6749	1727	282	4745	3655	3319	2506	1931	1665
963	1055	1296	60	8955	142	6	238	6444	43	5565	1341	170	6645	2177	1543	1030	507	1296	1756
1012	2223	70	9423	32	47	8997	5	2653	3226	76	703	6666	1901	1741	1737	1047	483	895	1711
2176	2158	7641	14	127	9265	422	124	287	5818	2982	732	962	697	862	2590	4129	6029	5403	4393
>MAFB.H14INVITRO.1.P.B
439	182	76	2	5	29	4	919	40	231
129	317	33	7	987	1	7	7	557	162
102	227	8	990	3	0	959	21	311	117
330	274	883	1	5	970	30	53	92	490
>MAFF.H14INVITRO.0.PSM.A
111	32	160	115	139	678	67	1	19	848	0	0	792	329	382	306	251	149
68	87	611	107	37	29	330	0	830	0	0	847	2	110	28	34	133	193
74	719	8	5	570	48	428	2	0	1	770	3	25	168	23	14	35	114
597	12	71	623	104	95	25	847	1	1	80	0	31	243	417	496	431	394
>MAFF.H14INVITRO.1.PSM.A
533	1336	208	1	4	2486	0	0	1850	848	1053	854	547	442
293	583	1063	3	2489	0	1	2491	1	443	206	258	498	605
1268	235	1177	2	0	7	2491	2	601	363	217	245	358	618
399	339	45	2487	0	0	1	0	41	839	1017	1136	1090	828
>MAFG.H14INVITRO.0.PSM.A
462	509	608	468	257	39	7	58	12	1	966	76	87	111	732	65	33	678
134	66	46	43	200	69	21	923	8	5	20	428	88	694	18	22	834	113
275	209	67	102	221	14	972	6	6	979	4	417	48	65	117	802	105	93
132	219	282	390	325	881	3	16	977	18	13	82	780	133	136	114	31	119
>MAFG.H14INVITRO.1.PSM.A
731	943	117	11	33	3	13	2411	51	283	522	968	643	347	712
532	270	288	42	2388	5	0	14	1825	213	583	375	337	1020	591
395	501	20	2379	7	7	2292	0	259	1089	261	562	994	606	642
775	719	2008	1	5	2418	128	8	298	848	1067	528	459	460	488
>MAFK.H14INVITRO.0.PS.A
419	525	609	496	242	31	3	22	15	7	952	41	55	100	748	64	27	642
140	72	23	70	292	49	3	972	17	3	9	372	92	732	19	32	830	98
267	184	66	93	199	2	993	0	1	958	12	520	49	71	136	732	99	94
174	219	302	341	267	918	1	6	967	32	27	67	804	97	97	172	44	166
>MAFK.H14INVITRO.1.P.B
342	203	10	0	22	0	0	727	24	54	72	623
24	141	15	0	709	3	0	0	399	26	553	10
34	88	0	731	0	0	718	1	262	12	21	51
331	299	706	0	0	728	13	3	46	639	85	47
>MAFK.H14INVITRO.2.S.B
816	863	787	108	2	0	0	1	2263	153	421	533
348	324	381	405	15	2278	0	0	6	1191	304	733
455	399	531	106	2261	1	0	2267	7	520	488	410
661	694	581	1661	2	1	2280	12	4	416	1067	604
>MAX.H14INVITRO.0.PS.A
2500	3489	5654	1001	0	9764	0	6	94	87	2313
1936	975	279	3327	9764	0	9502	0	675	98	2245
2509	2488	2809	3347	0	0	0	9758	0	8813	2761
2819	2812	1022	2089	0	0	262	0	8995	766	2445
>MAX.H14INVITRO.1.M.C
2100	2931	4586	2552	8	9420	0	0	83	9	1932	1276	2464	2729
2170	1476	1627	3591	9421	0	1515	5	1602	44	3632	2070	2514	2277
2295	2047	1735	2970	2	11	0	9427	14	8436	1843	1813	1389	2221
2867	2978	1484	319	1	1	7917	0	7733	943	2025	4273	3065	2205
>MAX.H14INVITRO.2.S.C
1255	1536	2193	577	0	4813	0	3	0	0	863	784	1458	1800	1003	433	3967	138	297	78	77	811
1051	727	643	2190	4815	0	4813	0	0	0	1444	1205	1007	1040	1786	4270	149	4437	164	1132	157	1384
1354	1389	1280	1325	0	0	0	4812	0	4813	1927	793	810	962	1146	76	628	29	4351	145	3858	1516
1155	1163	699	723	0	2	2	0	4815	2	581	2033	1540	1013	880	36	71	211	3	3460	723	1104
>MAZ.H14INVITRO.0.P.D
271	232	320	171	32	12	564	107	49	225	250	129	267
176	200	198	64	31	109	285	7	55	64	19	253	417
484	480	395	686	885	848	1	851	846	622	688	540	162
45	64	63	55	28	7	126	11	26	65	19	54	130
>MAZ.H14INVITRO.1.P.D
356	189	344	279	46	16	509	36	18	284	108	190	264	302	196	313	294	254	270	241	199
102	77	73	22	18	24	391	3	16	33	49	395	319	75	102	108	121	144	154	126	207
405	646	516	682	904	951	6	938	951	654	825	356	306	533	654	533	533	556	474	553	534
137	88	67	17	32	9	94	23	15	29	18	59	111	90	48	46	52	46	102	80	60
>MBD1.H14INVITRO.0.PSIB.A
110	195	3	0	0	275	212	300	340	303	147
136	305	64	694	0	309	232	56	112	167	220
264	15	499	0	694	0	0	132	68	134	162
184	179	128	0	0	110	250	206	174	90	165
>MBD3.H14INVITRO.0.P.D
40	40	182	29	42	65	31	139	22	63	61	88	34	65	99	68	81	101	103	85	88
5	29	55	9	177	19	116	14	13	86	56	18	29	85	25	54	33	65	17	81	14
204	185	8	198	18	151	100	96	203	99	84	111	184	95	109	130	134	77	123	85	121
5	0	9	18	17	19	7	5	16	6	53	37	7	9	21	2	6	11	11	3	31
>MBNL2.H14INVITRO.0.B.B
146	0	0	0	0	0	166	154
193	297	0	581	204	0	212	200
80	0	581	0	0	0	51	93
162	284	0	0	377	581	152	134
>MCR.H14INVITRO.0.S.B
2172	3651	82	4812	9426	20	8682	2119	6788	6517	233	26	16	2887	34	849	2799
1678	488	20	553	21	9425	22	3450	0	526	325	7	8	1630	9370	4548	3050
3405	4604	9345	1522	16	17	594	954	2696	1415	29	9444	6	345	14	447	1734
2229	741	37	2597	21	22	186	2961	0	1026	8897	7	9454	4622	66	3640	1901
>MCR.H14INVITRO.1.SM.B
2401	3674	749	654	0	2822	30	923	1608
2271	1180	2292	56	1	700	9110	4108	3456
1729	2697	343	8465	3	514	47	1711	1623
3003	1853	6020	229	9400	5368	217	2662	2717
>MEF2A.H14INVITRO.0.P.D
272	93	29	2	947	76	80	37	202	91	617	102	359
83	81	790	40	11	13	15	49	109	28	3	32	437
279	438	36	0	14	4	11	5	7	75	380	773	100
367	389	146	959	29	908	895	910	683	807	1	94	105
>MEF2B.H14INVITRO.0.PS.A
237	157	176	156	21	8	532	90	133	19	116	153	291	111
125	139	57	104	755	313	134	130	79	92	182	79	12	101
344	198	216	279	45	3	109	31	15	31	102	153	561	544
224	436	481	391	109	606	155	679	703	788	530	545	66	174
>MEF2B.H14INVITRO.1.SM.B
2504	1678	916	1587	1085	5104	25	1	6068	5070	8746	2187	2902	1157	925	1354
2869	2810	1639	1077	552	996	9947	9688	1541	297	39	240	2228	2330	296	1376
2690	1198	6624	1856	658	1907	6	27	736	772	44	63	1478	3245	8471	5125
1915	4292	799	5458	7683	1971	0	262	1633	3839	1149	7488	3370	3246	286	2123
>MEF2C.H14INVITRO.0.P.B
233	236	88	33	6	704	128	133	38	119	224	117	64	396
123	61	95	632	148	48	47	13	79	216	43	6	50	259
205	190	292	58	8	37	14	27	15	33	84	710	630	105
287	361	373	125	686	59	659	675	716	480	497	15	104	88
>MEF2C.H14INVITRO.1.SM.B
1986	1083	2307	95	3209	3248	6662	509	1967	2725	1624	5	4125	5413	3400	1630	2543
1631	833	5712	6638	2672	1367	33	3	15	37	1	13	1652	859	2828	3745	1803
2286	3174	250	74	1608	2180	161	21	37	86	7107	8648	975	796	1133	1959	2548
2830	3643	464	1926	1244	1938	1877	8200	6714	5885	1	67	1981	1665	1372	1399	1839
>MEF2D.H14INVITRO.0.PS.A
2263	2212	2156	2391	2561	2867	2871	873	52	12	9929	1982	4172	4925	7277	41	9756	274	4045
2840	2932	3037	2579	2212	1436	911	311	9797	43	30	6	0	3	27	37	13	112	2558
2419	2398	2555	2655	2967	3718	2566	4471	25	11	8	5	1	6	19	42	191	9465	1278
2458	2438	2232	2355	2240	1959	3632	4325	106	9914	13	7987	5807	5046	2657	9860	20	129	2099
>MEF2D.H14INVITRO.1.M.C
1190	1328	223	2562	2787	4540	709	1989	3122	354	1	3446	4295	2508	1218	1747
1215	4112	4344	1758	1109	94	28	5	20	5	1	894	435	2028	2368	1221
1935	511	269	1150	1262	386	67	73	0	6111	6468	623	640	1000	1899	1939
2130	519	1634	1000	1312	1450	5666	4403	3328	0	0	1507	1100	934	985	1563
>MEIS1.H14INVITRO.0.P.B
346	264	167	27	905	37	376	230	745	80	93	275
181	225	4	22	27	372	5	16	143	55	61	114
312	350	67	923	30	66	229	678	65	62	581	459
142	142	743	9	19	506	371	57	28	784	246	133
>MEIS1.H14INVITRO.1.PS.A
544	598	67	0	2378	0	2371	405	337	420
761	722	5	0	0	2378	0	164	778	715
501	207	8	2378	0	0	7	1414	990	499
572	851	2298	0	0	0	0	395	273	744
>MEIS2.H14INVITRO.0.P.C
75	18	805	38	298	156	691	79	187	255
1	2	28	257	16	72	69	152	37	77
15	844	26	118	80	354	85	51	425	375
782	9	14	460	479	291	28	591	224	166
>MEIS2.H14INVITRO.1.PSM.A
3737	4002	1442	1	9866	0	9277	1825	1553	2008	2391
2170	1848	290	0	0	9885	0	1274	3517	2559	2331
2009	1631	405	9888	0	0	612	4992	2999	1663	2349
1973	2408	7752	0	23	4	0	1798	1820	3659	2818
>MEIS2.H14INVITRO.2.SM.B
148	113	0	0	616	0	616	0	7	6	45	132	79	295
148	53	0	0	0	616	0	0	395	73	32	45	352	167
133	51	0	616	0	0	0	613	212	14	372	152	52	77
187	399	616	0	0	0	0	3	2	523	167	287	133	77
>MEIS3.H14INVITRO.0.SM.B
2096	0	0	8090	0	8090	1449	1619
1979	0	0	0	8090	0	1540	2294
1648	0	8090	0	0	0	3428	2682
2367	8090	0	0	0	0	1673	1495
>MEIS3.H14INVITRO.1.S.B
707	720	76	2	2092	0	2233	50	36	32	103	129	262	1380	1125	875	527	449	417	423
604	671	130	0	1	2234	0	167	1603	230	91	116	1327	478	436	469	693	489	513	536
496	235	27	2234	10	0	3	1992	552	41	1421	516	242	157	368	555	597	540	620	662
429	610	2003	0	133	2	0	27	45	1933	621	1475	405	221	307	337	419	758	686	615
>MEOX1.H14INVITRO.0.SM.B
2632	2015	2256	447	0	9686	9750	0	0	8184	791	1225	2249
2390	4404	2667	4327	3	0	0	179	361	55	4675	3336	2734
2595	1893	4422	1680	0	64	0	0	2905	1430	2516	3321	2305
2133	1438	405	3296	9747	0	0	9571	6484	81	1768	1868	2462
>MEOX2.H14INVITRO.0.SM.B
2218	1885	456	0	9051	9087	0	6	6737	963	1666
2990	2555	2613	2	0	0	177	1267	152	4075	2700
2235	4177	2505	0	36	0	1	3219	2043	1884	2509
1644	470	3513	9085	0	0	8909	4595	155	2165	2212
>MESP1.H14INVITRO.0.S.C
459	460	317	1360	158	34	87	88	76	420	469
345	308	986	49	17	92	0	25	469	238	613
707	947	461	535	1823	1879	0	1845	708	673	475
494	290	241	61	7	0	1918	47	752	674	448
>MESP2.H14INVITRO.0.S.C
438	399	156	1233	1202	2	1751	84	1738	2	3	13	64	404
277	242	946	11	444	1742	0	1	0	0	1	9	782	183
552	842	336	496	105	7	3	5	11	1	1750	1315	69	911
487	271	316	14	3	3	0	1664	5	1751	0	417	839	256
>MGAP.H14INVITRO.0.PSG.A
3903	7858	332	0	2	0	97	19	8856	7244	6276	2938	1600	222	1295	6633	29	6872	212
705	87	318	11	461	0	610	69	3	272	231	306	755	544	6510	168	8805	109	8056
2337	735	8205	8905	2	8919	3	8504	47	409	326	361	702	151	859	1443	23	1830	480
1974	239	64	3	8454	0	8209	327	13	994	2086	5314	5862	8002	255	675	62	108	171
>MITF.H14INVITRO.0.P.D
334	78	9	563	4	161	8	0	956	3	158
192	284	987	102	674	64	1	4	16	849	397
367	251	2	90	81	774	31	995	17	30	96
107	387	2	245	241	1	960	1	11	118	349
>MIXL1.H14INVITRO.0.SM.B
1420	1354	532	38	5772	5847	0	0	4941	1542	4197	52	99	5076	2002	775	1196
1836	1269	2144	51	1	0	0	131	314	611	519	149	814	211	1466	2281	1446
1457	2707	1235	12	72	0	0	14	592	3678	844	364	187	319	1687	1425	1576
1134	517	1936	5746	2	0	5847	5702	0	16	287	5282	4747	241	692	1366	1629
>MIXL1.H14INVITRO.1.S.B
2208	1488	179	8266	8791	0	0	8791	3300	1443	1077	2298
1870	1878	1426	51	0	0	0	0	455	2908	1745	1887
1956	2268	149	473	0	0	0	0	5022	1521	2322	1625
2757	3157	7037	1	0	8791	8791	0	14	2919	3647	2981
>MKX.H14INVITRO.0.PSGIB.A
166	53	297	0	0	0	310	140
113	277	34	0	0	0	16	137
111	59	99	0	503	24	0	120
113	114	73	503	0	479	177	106
>MLX.H14INVITRO.0.PM.A
84	558	11	16	5	8	383	179	170
725	197	484	102	1	4	145	340	454
18	71	24	656	2	854	249	72	84
49	50	357	102	868	10	99	285	168
>MLX.H14INVITRO.1.SM.B
1619	48	9374	0	120	0	6	6020	1221	2068	2907
3106	9339	4	8730	9	0	9	2877	2741	4747	2474
2350	14	23	6	9288	0	9357	303	432	997	2246
2342	16	16	681	0	9417	45	217	5023	1605	1790
>MLXPL.H14INVITRO.0.S.B
644	429	354	1339	147	3	2494	1	1	7	75	656	762	819
535	427	185	140	103	2489	1	2491	0	11	14	679	518	747
581	400	1332	626	332	1	1	1	2491	8	2369	344	292	338
736	1240	625	391	1914	3	0	3	4	2470	38	817	924	592
>MNT.H14INVITRO.0.PS.A
219	13	923	4	7	42	2	29	126
211	976	4	792	10	14	3	107	249
408	10	70	17	980	5	972	632	425
162	1	3	187	3	939	23	232	200
>MNX1.H14INVITRO.0.SM.B
2499	1834	2711	521	0	9170	9170	0	1	6694	802	1722
2254	3984	2188	5113	0	0	0	0	179	21	4822	2769
2350	1837	3885	969	0	0	0	0	327	2397	2337	2405
2067	1515	386	2567	9170	0	0	9170	8663	58	1209	2274
>MRFL.H14INVITRO.0.PSG.A
20	22	152	53	28	420	29	13	51	178	13	86	66	254	14	270	16	16	96	136	37
6	25	11	353	425	10	122	185	326	42	59	75	27	208	345	18	15	281	219	296	305
469	35	327	43	14	26	289	232	51	120	422	84	392	22	27	156	224	165	50	30	67
2	415	7	48	30	41	57	67	69	157	3	252	12	13	111	53	242	35	132	35	88
>MSD1.H14INVITRO.0.PSGIB.A
702	567	2989	0	114	0	3750	3546	384	771
1239	2509	190	3936	94	0	108	221	533	1354
1397	547	276	0	87	0	77	167	2747	539
598	313	481	0	3641	3936	1	2	272	1272
>MSD4.H14INVITRO.0.SGIB.A
586	878	163	1	0	1545	0	0	1126	221	388	530	256	204	590
328	378	629	305	0	0	1545	0	419	1320	56	710	620	421	369
277	159	543	2	0	0	0	0	0	1	224	114	636	384	159
354	130	210	1237	1545	0	0	1545	0	3	877	191	33	536	427
>MSGN1.H14INVITRO.0.PSM.A
2274	3464	3113	8	9942	5555	9811	1	0	269	332	1926
2270	1320	4614	9926	2	6	0	11	2	419	4211	3260
3420	4510	1644	12	8	4	2	1	9934	7912	550	2848
1991	661	584	9	3	4390	142	9942	19	1355	4862	1921
>MSX1.H14INVITRO.0.SM.B
2585	1479	263	9098	9565	0	0	9220	2983	918	2198
2696	3364	5485	268	9	0	22	3	2483	4283	2470
2167	3372	121	199	0	0	0	351	3117	2227	2846
2126	1359	3705	9	0	9574	9552	0	991	2146	2060
>MSX1.H14INVITRO.1.S.C
2926	2675	3533	841	14	8699	8742	0	0	8411	3310	1973	2556	3125	2026	2075	5329	5401	2045	2412	4850	2890
1428	1912	1613	3733	5179	17	0	0	22	2	1628	2887	1716	2124	2903	3169	976	625	508	552	709	1589
1899	2711	2349	3138	19	26	1	0	1	325	3004	1856	2188	1693	1805	742	705	482	471	580	1013	1950
2490	1445	1248	1031	3531	1	0	8743	8720	5	801	2027	2283	1801	2009	2757	1733	2235	5719	5199	2171	2314
>MSX2.H14INVITRO.0.SM.B
2393	934	0	8184	7983	0	6	5584	2197
2356	4056	4887	0	230	156	481	1053	2117
2134	2280	682	0	0	1	791	682	2079
1330	943	2644	29	0	8056	6935	894	1820
>MSX2.H14INVITRO.1.SM.B
90	303	355	148	118	301	213	156	187	162	39	0	556	556	0	0	491	63	52	95
241	118	73	46	40	47	86	112	133	128	328	208	0	0	0	0	0	167	226	143
106	53	55	32	37	70	109	115	110	189	108	0	0	0	0	0	65	303	169	232
119	82	73	330	361	138	148	173	126	77	81	348	0	0	556	556	0	23	109	86
>MTF1.H14INVITRO.0.SM.B
1947	2096	932	1582	654	14	5	5	0	0	0	5	6506	6411	6431	4279	1387
1695	778	1609	206	4958	5863	9	4	0	2	0	6508	1	43	52	312	1645
1626	2884	2936	4229	184	636	6492	17	6490	17	6517	4	10	33	19	1647	2684
1250	760	1041	501	722	5	12	6492	28	6499	1	1	1	31	16	280	802
>MUSC.H14INVITRO.0.SM.B
2359	2116	189	6652	0	5166	40	0	143	118	1801	1624
871	2978	6449	2	2	1476	0	1	104	1206	887	1655
2567	1298	80	60	1632	87	0	6727	4229	106	3503	1908
932	337	11	15	5095	0	6689	1	2253	5299	538	1542
>MXI1.H14INVITRO.0.P.D
395	202	15	932	9	98	21	14	96	98	179
256	291	967	12	944	17	53	9	66	463	286
81	478	16	45	8	879	8	917	625	276	164
268	29	2	11	39	6	918	60	213	163	371
>MYB.H14INVITRO.0.P.D
246	267	16	504	1	7	2	352	270	321	274
7	17	973	310	5	16	1	5	208	265	209
613	544	10	116	992	46	8	521	391	223	354
134	172	1	70	2	931	989	122	131	191	163
>MYBA.H14INVITRO.0.P.B
396	130	138	132	234	10	471	2	3	3	349	182	352	192	343	127
166	163	242	16	16	947	254	2	8	4	13	285	230	222	209	253
290	550	124	756	641	10	237	975	9	4	523	458	234	463	301	437
130	139	478	78	91	15	20	3	962	971	97	57	166	105	129	165
>MYBA.H14INVITRO.1.PS.A
2546	3364	4546	185	2765	0	0	0	5642	4580	3060
1955	978	386	8880	4751	0	0	0	421	1245	2422
1925	3055	2514	113	1815	9356	0	0	2569	2164	1735
2930	1959	1910	178	25	0	9356	9356	724	1367	2139
>MYBA.H14INVITRO.2.S.B
161	285	410	0	87	0	0	0	586	568	89	68	90	148
138	51	2	588	430	0	0	0	0	1	479	154	92	162
121	149	103	0	71	588	0	0	2	7	4	266	322	123
168	103	73	0	0	0	588	588	0	12	16	100	84	155
>MYBB.H14INVITRO.0.S.B
192	103	502	586	0	0	0	0	0	654	492	154	91	83	131
173	203	6	0	662	559	0	0	0	0	41	440	190	132	200
147	120	151	48	0	103	662	0	0	8	35	14	270	396	147
150	236	3	28	0	0	0	662	662	0	94	54	111	51	184
>MYBB.H14INVITRO.1.S.B
3208	3761	402	785	0	0	0	5853	2756
1138	943	7453	6927	0	0	0	459	2045
3053	2131	438	845	8567	0	0	1498	1937
1168	1732	274	10	0	8567	8567	757	1829
>MYC.H14INVITRO.0.P.D
294	268	24	989	4	14	68	2	27	174
340	375	974	1	780	10	245	17	238	380
242	291	2	4	9	974	2	930	708	167
124	66	0	6	207	2	685	51	27	279
>MYCN.H14INVITRO.0.PS.A
416	392	391	347	357	468	406	505	9	1176	0	115	1	568	734	630	661
746	760	560	749	980	481	739	739	1756	39	2100	16	200	100	674	707	567
411	296	524	232	196	182	117	432	1	841	0	1742	0	1308	312	186	368
528	653	626	773	568	970	839	425	335	45	1	228	1900	125	381	578	505
>MYCN.H14INVITRO.1.M.C
338	290	339	797	3	12	0	0	3	486	309	403
492	516	519	204	1461	107	1579	0	831	180	600	396
326	218	36	1	0	1460	0	1523	0	633	74	380
423	555	685	577	115	0	0	56	745	280	596	400
>MYF5.H14INVITRO.0.P.D
292	105	0	1003	2	0	1	1	0	2	133	118
135	258	1007	0	53	1005	0	0	331	347	347	452
186	587	0	1	944	0	1	1006	3	68	296	163
394	57	0	3	8	2	1005	0	673	590	231	274
>MYF6.H14INVITRO.0.SM.B
1635	5381	5982	26	9787	2209	130	1	3	3167	20	3576	1482	2113
3250	788	1390	9778	16	3095	9723	0	0	289	5240	2444	4464	3315
2456	3354	1238	25	29	4514	6	0	9862	27	44	2964	1482	2412
2525	343	1256	37	34	48	7	9865	1	6383	4562	882	2438	2026
>MYNN.H14INVITRO.0.P.D
226	250	129	451	10	4	32	18	6	682	198	46	100	73	84	402	462	440
152	65	33	39	776	32	219	56	8	49	121	108	129	83	65	88	143	57
315	360	560	274	11	13	67	22	7	57	24	91	78	56	554	211	55	204
108	126	79	37	4	752	483	705	780	13	458	556	494	589	98	100	141	100
>MYOD1.H14INVITRO.0.P.B
1	999	5	14	2	0	1	8	147	110	161	127	104	123
997	0	216	971	1	2	360	318	342	516	223	210	289	477
1	0	755	6	1	994	37	83	320	111	180	449	243	196
0	0	23	8	995	3	601	590	190	262	435	213	363	203
>MYOD1.H14INVITRO.1.PSM.A
2881	3299	105	7090	1017	931	0	0	151	11	2132
1414	1435	7267	109	2618	6677	0	0	215	2008	2408
2883	2086	111	373	3159	113	0	7719	11	44	2240
543	901	238	149	927	0	7721	2	7344	5658	941
>MYOG.H14INVITRO.0.PSM.A
2193	2878	1276	6175	9402	0	9967	209	1	0	0	3	50	1799	2154
2899	1182	4393	179	66	9967	0	3	9775	0	0	80	516	5194	2782
2918	4675	1090	3588	284	0	0	9755	1	0	9968	22	122	2012	2670
1958	1233	3209	26	216	1	1	1	191	9968	0	9863	9280	963	2362
>MYPOP.H14INVITRO.0.PSGB.A
227	151	0	0	0	485	724	363	212
139	5	807	0	810	0	7	126	202
320	618	0	810	0	0	72	91	178
124	36	3	0	0	325	7	230	218
>MYSM1.H14INVITRO.0.P.D
31	59	1	0	4	17	8	5	4	3	6	61	0	0	0	9	6
21	4	1	62	47	6	30	31	15	46	58	0	0	64	48	12	31
4	0	2	0	8	31	14	11	33	10	1	0	0	0	9	25	18
9	2	61	3	6	11	13	18	13	6	0	4	65	1	8	19	10
>MYT1.H14INVITRO.0.SG.A
4534	3310	722	1618	4576	8587	8735	0	0	1	249	1166	1102	1912	3520	5008	5493	4487
756	916	1206	1364	515	26	0	8549	0	0	395	1732	2710	2459	2110	1627	1685	1914
1270	2933	4208	1393	638	0	0	187	0	0	7	1974	2071	2609	1789	1074	832	1040
2176	1577	2600	4361	3007	123	1	0	8736	8735	8085	3864	2853	1756	1317	1027	726	1295
>MYT1L.H14INVITRO.0.P.D
352	560	965	973	4	6	39	138
149	119	7	1	0	7	21	231
382	274	21	7	989	2	110	215
111	41	1	13	1	979	824	410
>MZF1.H14INVITRO.0.P.D
407	327	325	90	7	6	1	988	121	14	222	231
129	152	21	0	1	1	2	5	69	234	158	166
292	281	157	903	988	992	996	4	155	182	270	373
172	240	497	7	4	1	1	3	655	570	350	230
>NACC2.H14INVITRO.0.PSGIB.A
179	390	4	616	17	287	0	184	280	183
121	53	606	0	108	0	277	69	62	169
161	8	6	0	0	329	86	212	87	125
155	165	0	0	491	0	253	151	187	139
>NANOG.H14INVITRO.1.P.B
71	42	67	182	481	12	6	48	27	22	43
164	145	9	5	8	3	3	7	287	157	166
163	86	22	313	2	7	370	432	113	19	128
102	227	402	0	9	478	121	13	73	302	163
>NANOG.H14INVITRO.2.M.C
1717	1644	370	0	6331	6688	1	2	3070	790	1140	1764
1020	302	102	2	0	0	862	8	194	451	419	522
1490	4053	644	0	358	1	1037	5600	2254	1716	2160	2015
2462	690	5573	6687	0	0	4789	1079	1171	3732	2970	2388
>NDF1.H14INVITRO.0.P.B
189	421	474	1	1001	0	725	4	0	2	72
153	58	212	1000	0	1	228	2	0	24	408
382	482	315	0	0	965	46	0	994	815	133
277	40	0	0	0	35	2	995	7	160	388
>NDF1.H14INVITRO.1.S.C
253	555	609	12	1494	0	1485	11	0	0	139	326
355	176	241	1454	1	0	0	0	0	100	397	335
464	656	587	40	13	24	24	0	1509	1005	273	586
437	122	72	3	1	1485	0	1498	0	404	700	262
>NDF2.H14INVITRO.0.P.B
456	321	1	999	0	752	73	0	2
79	173	998	0	9	193	5	0	15
405	502	0	0	928	45	0	979	941
60	4	1	1	63	10	922	21	42
>NDF2.H14INVITRO.1.S.B
308	294	31	958	2	949	6	0	0	112	270
168	197	941	0	0	0	0	0	65	129	243
367	437	9	27	34	36	0	985	605	144	326
142	57	4	0	949	0	979	0	315	600	146
>NF2L1.H14INVITRO.0.P.D
421	458	589	499	195	53	0	37	28	23	862	9	2	0	924	1
95	47	33	95	204	41	4	880	21	16	8	90	0	926	2	219
269	245	59	41	138	11	918	1	1	844	0	827	2	3	1	1
144	179	248	294	392	824	7	11	879	46	59	3	925	0	2	708
>NF2L2.H14INVITRO.0.P.D
20	4	49	73	360	23	0	13	463	6	79	80	46	53	242
24	432	100	48	17	75	3	458	2	180	89	165	84	85	73
396	28	5	292	21	361	4	0	1	33	158	163	45	263	86
32	8	318	59	74	13	465	1	6	253	146	64	297	71	71
>NF2L2.H14INVITRO.1.P.D
470	582	504	200	48	7	28	41	29	945	18	1	6	1000	4
73	57	94	249	55	19	963	43	22	15	87	1	988	0	248
251	83	57	155	15	971	3	6	906	2	883	0	6	0	18
206	278	345	396	882	3	6	910	43	38	12	998	0	0	730
>NFAC1.H14INVITRO.0.P.B
190	12	6	941	944	791	531	411	345	78	67	732	147	127	174	672
48	1	2	18	3	62	173	68	227	52	74	56	319	112	618	94
69	980	988	35	35	81	204	111	255	56	670	92	443	77	111	107
689	3	0	2	14	62	88	406	169	810	185	116	87	680	93	123
>NFAC1.H14INVITRO.1.PS.A
3171	4423	67	0	0	6892	6892	6553	3604	2183	1751
1218	383	1906	0	0	0	0	176	1038	582	1168
1145	1463	0	6892	6892	0	0	44	1130	526	1151
1358	623	4919	0	0	0	0	119	1120	3601	2822
>NFAC1.H14INVITRO.2.SM.B
1680	1350	1178	889	648	1514	1545	1335	3464	6424	2	0	0	8933	8933	8801	5587	3033	2663
1296	969	749	3237	5252	3022	1989	3321	2274	25	6516	0	0	0	0	109	1738	481	1467
1609	978	718	719	530	2233	2050	1379	879	2250	0	8933	8933	0	0	1	940	328	1797
4348	5636	6288	4088	2503	2164	3349	2898	2316	234	2415	0	0	0	0	22	668	5091	3006
>NFAC1.H14INVITRO.3.SM.B
2503	4835	3	0	0	8589	8589	5785	2393	915	789	784	1455	2488
2477	179	6101	0	0	0	0	1787	1021	400	2641	6243	4230	1570
1644	3341	0	8589	8589	0	0	140	1765	311	675	640	1991	2653
1965	234	2485	0	0	0	0	877	3410	6963	4484	922	913	1878
>NFAC2.H14INVITRO.0.P.B
180	174	525	483	240	8	2	949	927	797	499	478	379	166	149	648	201	165	226	589
268	266	137	135	53	0	4	20	7	45	157	46	187	119	83	77	300	98	488	106
416	424	251	283	71	992	994	26	58	96	198	115	218	61	567	110	411	112	150	155
136	136	87	99	636	0	0	5	8	62	146	361	216	654	201	165	88	625	136	150
>NFAC2.H14INVITRO.1.PS.A
2183	4184	3	0	0	8563	8563	6183	2179	1917	1682
2425	456	2132	0	0	0	0	1331	1749	1374	2121
2121	3511	6	8563	8563	0	0	247	3027	1941	2413
1834	412	6422	0	0	0	0	802	1608	3331	2347
>NFAC2.H14INVITRO.2.S.C
2334	1559	1434	1301	945	831	2653	3000	978	4206	6752	1	0	0	9609	9608	8847	3862	2588	2106
1743	1656	1180	843	3325	6303	4026	1999	3359	1638	46	558	0	0	0	1	283	2433	554	2429
2130	2079	1427	845	921	841	1405	2026	1461	924	2771	0	9609	9609	0	0	14	981	394	1360
3402	4315	5568	6620	4418	1634	1525	2584	3811	2841	40	9050	0	0	0	0	465	2333	6073	3714
>NFAC2.H14INVITRO.3.M.C
1688	3085	5379	0	0	0	7846	7846	5391	2393
2223	1857	206	5016	0	0	0	0	1544	1857
1909	957	2071	0	7846	7846	0	0	168	2120
2026	1947	190	2830	0	0	0	0	743	1476
>NFAC2.H14INVITRO.4.M.B
1483	985	709	591	502	1535	2007	1202	4179	6775	0	0	0	8781	8781	8224	4457	3250	2529
1384	751	418	3317	6699	3961	1647	2442	1359	17	6606	0	0	0	0	444	2020	433	1594
1624	941	511	419	360	2198	2584	1087	595	1858	0	8781	8781	0	0	9	1132	381	1423
4290	6104	7143	4454	1220	1087	2543	4050	2648	131	2175	0	0	0	0	104	1172	4717	3235
>NFAC3.H14INVITRO.0.SM.B
1813	1247	3523	6593	0	0	0	9710	9710	9689	4058	3587	3026	2230
2333	3078	2006	30	5723	0	0	0	0	18	3238	524	1278	2416
3084	3302	1625	2919	0	9710	9710	0	0	0	1583	442	2254	2195
2480	2083	2556	168	3987	0	0	0	0	3	831	5157	3152	2869
>NFAC3.H14INVITRO.1.P.C
313	392	423	447	37	11	987	684	833	519
151	100	309	11	3	11	9	14	28	65
403	429	245	128	951	968	2	293	111	347
133	79	23	414	9	10	2	9	28	69
>NFAC4.H14INVITRO.0.P.C
8	0	0	19	19	19	12	4	3	6
3	0	0	0	0	0	3	5	3	0
4	18	19	0	0	0	3	2	4	4
4	1	0	0	0	0	1	8	9	9
>NFAC4.H14INVITRO.1.SM.B
1967	3973	7206	1	0	0	9555	9555	9253	3565	3505	2416
2533	2208	99	5993	0	0	0	0	218	3194	852	1614
2582	1212	1997	0	9555	9555	0	0	2	1579	952	2249
2473	2162	253	3561	0	0	0	0	82	1217	4246	3276
>NFAT5.H14INVITRO.0.SM.B
3396	5768	477	0	1	9895	9729	7184	3933	2074	1764	4130	1424
2397	528	5248	3	6	5	9	304	1197	1530	1976	2380	5321
1867	2907	300	9925	9916	11	148	1277	2825	2316	1206	1363	1514
2269	726	3904	1	6	18	43	1164	1974	4009	4983	2056	1670
>NFAT5.H14INVITRO.1.PS.A
3708	4097	20	0	0	9833	9843	9519	6306	795	130	4541	299	3483
2254	509	572	2	1	1	2	5	76	224	117	2903	8000	1783
1774	5200	2	9851	9850	17	6	11	960	989	17	19	269	1836
2118	48	9260	1	3	3	3	319	2512	7846	9590	2391	1286	2752
>NFE2.H14INVITRO.0.P.B
206	238	655	0	0	867	7	47	39	846	7	0
239	254	5	1	0	0	732	2	819	0	0	861
328	221	206	0	866	0	110	0	1	4	828	4
94	154	1	866	1	0	18	818	8	17	32	2
>NFE2.H14INVITRO.1.SM.B
2138	1241	2362	7005	57	38	9857	13	3	82	9955	15	401	2763	318	1602	4680	1893
1903	2168	4053	116	95	47	111	4687	2	9893	9	2147	3970	2727	2115	1590	2021	3294
3162	4725	2776	2789	47	9808	14	5270	12	10	18	126	4241	4198	755	4168	2099	2796
2785	1854	797	78	9789	95	6	18	9971	3	6	7700	1376	300	6800	2628	1188	2005
>NFIA.H14INVITRO.0.P.B
86	47	6	2	6	85	571
451	521	3	3	5	892	116
268	32	45	1012	1005	34	31
222	427	973	10	11	16	309
>NFIA.H14INVITRO.1.PS.A
123	56	0	0	0	0	0	361	5	0	134	11	0	0	0	361	350	78	95	71
88	133	30	0	0	0	361	0	342	0	32	9	0	361	361	0	0	79	39	83
53	100	0	0	361	361	0	0	11	229	146	0	361	0	0	0	11	153	76	85
97	72	331	361	0	0	0	0	3	132	49	341	0	0	0	0	0	51	151	122
>NFIB.H14INVITRO.0.PSM.A
1013	529	60	1	0	0	65	1872	621	1121	437	338	1	0	0	2442	1813	658	644	524
395	708	588	0	1	9	2376	99	916	1313	403	300	1	2444	2452	10	31	764	564	821
485	674	36	8	2451	2442	8	205	367	10	1111	27	2428	8	0	0	585	581	393	408
559	541	1768	2443	0	1	3	276	548	8	501	1787	22	0	0	0	23	449	851	699
>NFIB.H14INVITRO.1.PS.A
2229	1441	9	0	0	9280	6306	2293
2005	1340	126	9371	9369	65	557	3015
3125	265	9174	0	2	7	2142	2271
2012	6325	62	0	0	19	366	1792
>NFIC.H14INVITRO.0.PSM.A
485	104	20	16	20	191	1315	737	0	629	347	12	8	11	2330	1790	584
762	481	13	18	20	2156	138	584	1322	281	547	12	2346	2343	30	55	592
632	42	17	2343	2333	13	565	324	0	882	230	2175	18	12	10	465	727
507	1759	2336	9	13	26	368	741	1064	594	1262	187	14	20	16	76	483
>NFIC.H14INVITRO.1.PSM.A
2201	2671	643	0	0	0	8763	8722	1759	2682
2475	756	2124	0	8763	8763	0	0	2543	1324
2253	3243	42	8763	0	0	0	41	2971	1550
1834	2093	5954	0	0	0	0	0	1490	3207
>NFIL3.H14INVITRO.0.P.B
358	0	1	903	24	41	12	919	990	11
139	1	1	5	89	6	332	72	1	424
459	5	203	72	36	943	2	0	1	145
37	987	788	13	844	3	647	2	1	413
>NFIL3.H14INVITRO.1.S.B
1893	1568	4217	5	0	9288	0	755	0	8544	9645	35	3048	2683	1748	1724	1721	1957
1752	1374	743	2	0	0	8640	0	221	1101	1	2805	2950	2064	2950	3346	3424	3178
4062	4469	4627	1	1570	358	0	8891	0	1	0	1657	1907	2989	2718	2507	2500	2390
1939	2235	59	9638	8076	0	1006	0	9425	0	0	5149	1741	1910	2230	2069	2001	2121
>NFIX.H14INVITRO.0.SM.B
2184	857	53	38	85	1485	5181	2701	2720	2426	1134	3	4	2	9854	7925	2799	4131	3331
1961	1535	35	22	34	8269	647	2987	1982	1125	1054	0	9840	9856	6	21	2445	941	1992
2308	586	176	9786	9710	58	1815	1308	2075	3400	135	9523	20	5	0	1863	2405	1316	1729
3419	6894	9608	26	43	60	2229	2876	3095	2921	7549	346	8	9	12	63	2223	3484	2820
>NFIX.H14INVITRO.1.S.B
1548	1044	0	0	0	7712	7489	1795
1465	1095	0	7712	7712	0	0	2223
3171	84	7712	0	0	0	223	2522
1528	5489	0	0	0	0	0	1172
>NFKB1.H14INVITRO.0.PS.A
751	880	1076	64	26	10	14	2416	2393	59	107	468	131	123	354	560
539	496	576	31	18	31	0	0	0	567	2044	1697	1996	2001	476	500
610	599	508	2310	2399	2399	2441	40	55	198	256	193	232	193	712	639
557	482	297	52	14	17	2	1	9	1633	50	99	98	140	915	758
>NFKB2.H14INVITRO.0.PSM.A
2248	3644	4697	11	1	0	2593	7920	6302	1334	871	2768	145	345	1424	1931
1642	914	585	6	1	0	0	18	120	493	3314	4937	7528	6357	1375	1731
2310	1724	1952	8004	8025	8002	5410	75	92	1987	215	110	221	767	1664	1444
1827	1745	793	6	0	25	24	14	1513	4213	3627	212	133	558	3564	2921
>NFYA.H14INVITRO.0.P.D
333	150	108	519	353	3	8	984	976	2	155	657	256	621	478
186	316	359	96	41	979	981	1	6	9	546	43	173	178	33
240	173	163	334	481	2	2	1	10	0	253	288	509	128	387
237	357	366	47	121	12	5	10	4	985	42	8	58	69	98
>NFYB.H14INVITRO.0.P.D
141	87	563	355	1	1	992	984	1	139	685	189	571	418
310	376	66	24	995	994	0	8	5	579	29	181	227	33
181	161	352	522	2	2	0	6	0	241	278	563	129	424
369	377	20	100	3	4	9	3	995	42	9	68	74	126
>NFYC.H14INVITRO.0.P.D
368	125	83	572	336	0	2	988	984	0	116	708	181	596	452
194	335	402	84	32	989	991	0	1	6	614	40	154	191	32
236	187	140	289	526	1	3	0	10	0	235	245	604	133	412
200	351	373	53	104	8	2	10	3	992	33	5	59	78	102
>NGN1.H14INVITRO.0.SM.B
2379	2553	141	3393	7968	8	9909	2	9918	8	14	35	220	2831
2876	826	3969	103	980	9898	4	6	4	13	17	2399	3745	2548
2666	5495	683	6392	944	33	23	15	9	10	9899	2161	398	2896
2018	1065	5146	51	47	0	3	9916	8	9908	9	5344	5576	1664
>NGN2.H14INVITRO.0.P.B
205	525	407	0	999	1	711	48	1	16	92
219	63	136	999	0	3	264	2	1	71	432
310	388	457	0	0	913	20	0	975	793	233
266	24	0	1	1	83	5	950	23	120	243
>NGN2.H14INVITRO.1.SM.B
512	1499	1641	0	2081	0	2080	0	0	34	57	1067	486	487
453	206	149	2081	0	0	1	0	0	350	1271	407	707	527
589	290	290	0	0	0	0	0	2081	236	54	416	213	458
527	86	1	0	0	2081	0	2081	0	1461	699	191	675	609
>NKX21.H14INVITRO.0.P.D
132	221	111	174	949	25	325	108	54	167	169
407	117	86	65	1	11	3	15	326	325	283
234	42	290	757	13	963	94	842	411	148	134
227	620	513	4	37	1	578	35	209	360	414
>NKX22.H14INVITRO.0.P.D
139	100	132	385	963	15	317	64	29	169
335	206	211	97	1	20	8	12	390	295
256	80	253	509	6	934	92	913	383	184
269	613	403	8	29	30	582	10	197	351
>NKX23.H14INVITRO.0.SM.B
1706	1741	185	9626	9973	0	49	1116	615	2162
3023	1160	2708	0	0	0	1	3	3885	2787
3129	1156	720	347	0	9971	44	8847	3967	2140
2115	5916	6360	0	0	2	9879	7	1506	2884
>NKX25.H14INVITRO.0.PSM.A
1332	1576	280	9673	9953	0	81	595	302	1933
3350	1040	3296	0	0	0	1	4	3009	2669
3287	1160	859	278	0	9953	17	9351	5521	2478
1984	6177	5518	2	0	0	9854	3	1121	2873
>NKX28.H14INVITRO.0.SM.B
1512	1788	407	7265	9479	0	0	1321	363	1863
3380	912	3552	0	0	0	0	0	3862	2103
2172	957	1486	2214	0	9479	0	8155	3445	2742
2415	5822	4034	0	0	0	9479	3	1809	2771
>NKX31.H14INVITRO.0.PSM.A
1944	1310	161	9769	9933	8	21	899	173	1094	3554	2511	1623	1894
3192	1373	139	0	3	0	18	6	2681	3655	2453	5075	3082	1821
2469	950	266	159	0	9912	15	9017	6556	1472	896	872	979	1191
2332	6304	9371	9	1	17	9883	15	527	3716	3034	1479	4253	5031
>NKX32.H14INVITRO.0.PSM.A
2317	1649	407	9783	9976	4	195	1906	933	1809
2586	1915	407	0	0	8	56	89	3273	2526
3320	1446	643	181	0	9918	276	7873	3964	2425
1753	4966	8519	12	0	46	9449	108	1806	3216
>NKX32.H14INVITRO.1.S.B
281	186	24	1553	1559	0	3	57	13	174	651	555	273	226	929	955	314	249	323	388
605	249	44	0	0	0	0	0	456	876	502	695	385	32	39	56	201	176	248	352
339	101	31	7	0	1559	3	1503	1034	156	73	76	23	108	81	319	681	561	697	531
335	1024	1461	0	1	1	1554	0	57	354	334	234	879	1194	511	230	364	574	292	289
>NKX61.H14INVITRO.0.PS.A
192	106	0	724	740	0	10	620	50	80	114	219	268	340	440	372	267	325	224	167
164	112	6	6	0	0	0	2	401	278	147	120	31	14	8	4	7	34	153	197
151	99	0	4	0	0	214	118	244	159	71	24	22	6	6	2	62	125	186	182
233	423	734	6	0	740	516	0	45	223	408	377	419	380	286	362	404	256	177	194
>NKX61.H14INVITRO.1.P.B
131	80	843	989	4	1	623	124
224	17	15	1	3	9	16	300
68	11	126	3	3	899	298	418
574	889	13	4	987	88	60	155
>NKX61.H14INVITRO.2.S.B
2223	2616	4792	1032	0	9521	9523	0	105	7563	877	1319	2383
2666	2746	1326	112	32	0	0	0	86	10	4189	3345	2456
2095	1994	1764	504	0	2	0	2	3692	1940	3056	2733	1823
2539	2167	1641	7875	9491	0	0	9521	5640	10	1401	2126	2861
>NKX62.H14INVITRO.0.SM.B
2478	4145	1301	3	9722	9850	0	316	7180	947	1278	2189
2673	1796	434	383	0	0	5	726	20	4210	3322	2806
2323	2623	1189	0	127	0	1	3804	2632	3268	3295	2313
2376	1286	6926	9464	1	0	9844	5004	18	1425	1955	2542
>NKX63.H14INVITRO.0.SM.B
1670	2986	4849	149	0	7231	7231	0	0	6845	48	673	919	1894
2106	1979	585	13	2	0	0	1	26	0	4366	3173	2545	1802
1170	1142	716	37	0	0	0	0	3882	386	2624	2152	1080	1077
2285	1124	1081	7032	7229	0	0	7230	3323	0	193	1233	2687	2458
>NOTO.H14INVITRO.0.SM.B
2871	1869	1039	1169	4133	9583	0	1	9533	3402	662	1510	2208
2686	3969	5719	2117	5357	0	5	206	22	1984	4511	2934	3234
2281	2340	1374	528	0	251	0	34	105	4030	2519	3283	1951
1996	1656	1702	6020	344	0	9829	9593	174	418	2142	2107	2441
>NPAS2.H14INVITRO.0.M.B
1853	3267	226	4315	320	1805	146	194	526	3480	4285	4013	4586	39	5506	2	2849	41	102	474	1616
1293	1371	5798	191	2205	533	1567	224	1617	1156	652	968	621	5924	13	3363	330	1845	53	1539	1761
1747	1075	86	1491	220	3433	940	5394	1569	670	435	790	912	14	435	6	3059	10	6011	867	990
1355	535	138	251	3503	477	3595	436	2536	942	876	477	129	271	294	2877	10	4352	82	3368	1881
>NPAS2.H14INVITRO.1.M.C
2984	3915	5830	26	9258	1	72	44	33	193	2300
1565	1668	746	9464	3	997	0	3967	90	1979	2752
2911	2595	3047	122	369	29	9560	66	9151	2284	1960
2175	1457	12	23	5	8608	3	5558	361	5179	2623
>NPAS2.H14INVITRO.2.S.B
2698	732	7191	151	615	153	148	625	2728	2827	2639	4685	0	8714	0	0	0	0	84	2535	2489
2051	7639	244	7589	216	826	171	2950	2051	1457	1230	2052	8715	0	8712	0	5	1	2091	3480	2339
3062	146	1040	268	7657	357	7818	2075	1475	1802	2760	1859	0	1	0	8712	2	8700	1858	822	1701
904	198	240	707	227	7379	578	3065	2461	2629	2086	119	0	0	3	3	8708	14	4682	1878	2186
>NPAS3.H14INVITRO.0.P.D
162	168	755	46	37	3	1	339	98	99	198
188	75	39	843	6	2	0	533	444	327	148
579	396	182	12	941	0	994	55	189	220	401
67	357	20	95	12	991	1	69	265	350	249
>NPAS4.H14INVITRO.0.P.D
258	374	301	58	1	14	2	0	576	88	186
148	250	130	61	987	4	1	3	251	472	208
435	256	331	199	6	979	1	992	15	197	191
157	118	236	680	4	1	994	3	156	241	413
>NR1D1.H14INVITRO.0.P.B
611	681	82	56	512	35	22	25	26	971	170	195	284	198	169
250	20	363	79	2	0	10	178	892	11	289	193	121	101	152
49	31	439	79	463	874	952	142	20	4	433	190	458	501	548
90	268	116	786	23	91	16	655	62	14	108	422	137	200	131
>NR1D1.H14INVITRO.1.SM.B
1083	400	96	1335	1	1	63	4	2153	137	65	1385	2	12	69	58	2024	648
136	471	368	34	2	0	7	1606	3	294	51	9	7	5	79	2046	45	546
324	1219	401	1255	2596	2646	66	480	492	2135	162	1238	2541	2608	402	279	471	783
1106	559	1784	25	50	2	2513	559	1	83	2371	17	99	24	2099	266	109	672
>NR1D2.H14INVITRO.0.P.B
384	164	158	214	394	683	85	85	458	19	26	95	29	956	225	259	246	194
123	93	151	164	403	15	418	120	16	3	13	121	897	7	207	133	106	155
288	554	562	253	60	39	380	88	496	900	940	171	27	16	439	252	503	426
198	182	122	362	136	256	110	700	23	71	14	606	40	14	122	349	138	218
>NR1D2.H14INVITRO.1.SM.B
1902	1235	7054	41	35	42	93	9852	315	32	5372	40	87	239	59	6370	2270
2019	1504	69	41	21	69	7157	6	767	170	21	14	45	341	9245	377	2547
3842	1922	2801	9682	9882	536	50	93	8676	189	4559	9556	9794	980	179	2821	3156
2211	5313	50	210	36	9327	2674	23	216	9583	22	364	48	8414	491	406	2001
>NR1H2.H14INVITRO.0.P.D
252	315	202	177	436	317	683	14	3	6	23	986	177	196	236	291	390	126
225	207	332	364	197	68	2	1	3	13	782	1	476	194	177	259	256	239
243	291	205	186	113	560	304	973	958	41	10	1	91	140	401	250	231	529
272	179	253	265	246	47	3	4	28	932	177	4	248	462	178	192	115	98
>NR1H2.H14INVITRO.1.P.D
178	395	286	547	43	14	24	72	920	111	135	255	285	553	75	45	110	75	730
396	226	97	7	2	10	63	574	9	568	221	216	222	166	126	76	155	739	84
228	139	529	429	907	870	70	34	25	52	91	293	316	221	745	648	173	66	96
190	232	80	9	40	98	835	312	38	261	545	228	169	52	46	223	554	112	82
>NR1H3.H14INVITRO.0.P.D
299	505	88	13	28	136	862	81	107	302	223	650	59	24	117	17	882
141	29	5	13	118	392	23	656	262	261	219	85	7	13	110	867	20
464	444	836	820	135	53	45	39	96	184	334	215	901	768	168	21	73
95	21	70	153	718	418	69	223	534	252	223	49	32	194	604	94	24
>NR1H3.H14INVITRO.1.P.D
164	126	462	323	695	8	4	26	20	974	140	261	222
411	413	200	73	10	3	5	50	771	11	498	161	195
166	161	67	549	286	979	844	72	11	2	153	147	411
259	300	271	55	9	10	147	852	198	13	209	431	172
>NR1H4.H14INVITRO.0.P.D
478	78	77	30	16	735	357	38	65	497	70	84	49	171	179	298	92	73	135	47
19	12	19	72	674	54	224	128	34	105	790	758	347	372	208	227	30	70	209	613
394	788	690	262	136	102	211	60	816	222	29	4	224	185	368	315	676	649	258	92
27	40	132	554	92	27	126	692	3	94	29	72	298	190	163	78	120	126	316	166
>NR1H4.H14INVITRO.1.P.D
606	68	72	90	27	760	366	21	18	830	190	74	35	119	220	285	174	189
64	4	20	173	732	51	229	20	40	70	798	903	382	433	141	159	136	165
274	850	771	257	104	133	169	24	940	79	7	0	55	137	293	397	457	452
58	80	139	482	139	58	238	937	4	23	7	25	530	313	348	161	235	196
>NR1H4.H14INVITRO.2.P.D
583	262	13	13	783	97	73
118	376	17	20	41	864	872
219	224	3	937	124	8	2
51	109	938	1	23	2	24
>NR1I2.H14INVITRO.0.M.C
468	324	595	2149	38	3	32	8	1290	398	291	595	1649	146	180	162	149	1047	493
482	617	231	12	4	41	6	2405	16	474	380	376	126	140	99	145	1858	195	703
891	460	1485	315	2441	246	373	12	1169	203	599	1281	562	2038	495	527	209	1031	397
642	1082	172	7	0	2193	2072	58	8	1408	1213	231	146	159	1709	1649	267	210	890
>NR1I2.H14INVITRO.1.S.C
117	79	202	557	0	0	0	0	407	57	84	109
110	153	26	5	0	0	0	597	0	185	76	169
230	128	359	26	599	70	7	1	192	77	256	178
142	239	12	11	0	529	592	1	0	280	183	143
>NR1I3.H14INVITRO.0.P.B
388	412	155	101	123	137	463	298	120	613	295	792	4	9	92	4	895
165	77	49	91	241	488	100	191	575	76	101	1	2	16	99	885	21
333	349	634	483	204	233	194	284	146	80	572	91	962	375	185	23	22
90	138	138	301	408	118	219	203	135	207	8	92	8	576	600	64	38
>NR1I3.H14INVITRO.1.PSM.A
74	61	264	285	394	0	0	0	0	392	24	58	108	200	159	119	77
116	134	19	6	0	0	0	0	395	0	72	88	118	53	111	81	78
104	126	41	51	1	395	0	0	0	3	14	154	106	92	64	88	75
101	74	71	53	0	0	395	395	0	0	285	95	63	50	61	107	165
>NR1I3.H14INVITRO.2.M.C
340	216	1135	983	1579	0	0	0	0	440	117	261	395	928	1189	532	121	103	246
411	583	96	5	0	0	0	0	1579	2	596	362	351	60	122	437	269	230	538
427	359	148	223	0	1579	0	0	0	1137	81	459	564	390	186	450	304	110	166
401	421	200	368	0	0	1579	1579	0	0	785	497	269	201	82	160	885	1136	629
>NR2C1.H14INVITRO.0.S.C
716	1096	1607	0	0	0	0	2136	749	551	458	412
526	184	9	0	0	0	2296	0	520	345	375	478
449	824	680	2300	2300	0	0	164	254	1048	1136	951
609	196	4	0	0	2300	4	0	777	356	331	459
>NR2C1.H14INVITRO.1.PM.A
685	988	1630	2	0	0	0	2113	1357	1335	359	202	173	153	977	611
451	129	10	3	0	4	2215	0	285	96	137	286	305	1114	309	512
575	1011	750	2371	2367	53	36	280	130	825	1820	1752	667	539	781	609
683	266	4	18	27	2337	143	1	622	138	78	154	1249	588	327	662
>NR2C2.H14INVITRO.0.SM.B
3252	4557	6740	0	0	0	54	7402	2690
1745	801	60	0	0	0	6994	167	2173
1731	2470	2110	8928	8928	0	185	1264	1403
2200	1100	18	0	0	8928	1695	95	2662
>NR2C2.H14INVITRO.1.PS.A
2827	3647	1100	1150	1056	1445	7184	6015	7744	145	194	200	365	6650	3040
1483	976	858	989	1521	5296	743	479	121	105	134	223	7478	858	2322
3642	3998	6474	5304	1228	1217	948	2119	1827	9351	8002	531	639	1485	1615
1887	1218	1407	2396	6034	1881	964	1226	147	238	1509	8885	1357	846	2862
>NR2E1.H14INVITRO.0.SM.B
4148	4597	8305	9168	3	2	4	9158	5191	2826
1657	922	330	216	0	131	9202	110	1460	1975
1830	2165	759	325	9835	53	53	384	997	1792
2203	2154	444	129	0	9652	579	186	2190	3245
>NR2E1.H14INVITRO.1.S.B
120	241	275	3	0	0	303	219	109	303	309	0	0	0	304	160	56
52	41	9	0	0	306	5	28	14	0	1	0	1	308	0	45	68
88	26	19	308	5	0	3	21	50	2	1	311	0	0	7	42	80
51	3	8	0	306	5	0	43	138	6	0	0	310	3	0	64	107
>NR2F6.H14INVITRO.0.P.C
271	430	176	162	139	153	716	472	819	6	17	1	3	947
140	98	131	197	252	573	95	52	1	0	6	34	900	17
424	336	536	492	192	145	83	436	179	988	961	54	30	21
165	136	157	149	417	129	106	40	1	6	16	911	67	15
>NR2F6.H14INVITRO.1.PSM.A
3359	3537	5254	13	99	6	426	5216	2420	2703	1952
1489	696	542	84	82	127	5629	350	1159	971	1236
1788	3021	2004	7963	7735	647	1665	2091	1746	2582	3051
1749	1131	585	325	469	7605	665	728	3060	2129	2146
>NR2F6.H14INVITRO.2.SM.B
946	917	1774	5	5	2	1	2441	1456	1826	517	175	92	203	1100
561	274	52	28	20	3	2383	1	229	56	87	194	208	1105	506
405	1027	620	2398	2439	18	7	32	192	488	1791	2014	628	397	472
563	257	29	44	11	2452	84	1	598	105	80	92	1547	770	397
>NR2F6.H14INVITRO.3.SM.B
1061	1695	2261	0	1	0	0	2050	1121	664	251	1390	141	181	543	559
466	101	1	0	0	0	2405	2	411	527	155	191	1453	1896	485	660
387	460	205	2468	2467	4	9	414	443	281	1985	753	176	156	296	444
554	212	1	0	0	2464	54	2	493	996	77	134	698	235	1144	805
>NR4A1.H14INVITRO.0.PSM.A
904	968	992	2	1	7	1	970
2	1	1	2	1	60	963	18
64	17	4	806	984	72	0	6
28	12	1	188	12	859	34	4
>NR4A2.H14INVITRO.0.SM.B
1848	6208	8764	9614	0	7	21	52	7782	2140
2150	110	10	1	0	0	172	8311	135	3062
2401	1657	113	32	8797	9641	575	309	1526	1636
3250	1674	762	2	852	1	8881	977	206	2811
>NR5A2.H14INVITRO.0.PSM.A
1511	409	50	8692	9037	0	0	243	102	5391	1751
2129	1677	7146	2	0	0	1	931	8241	213	3083
2955	950	1736	335	1	9041	9039	182	424	3246	1456
2446	6005	109	12	3	0	1	7685	274	191	2751
>NR6A1.H14INVITRO.0.P.C
211	594	608	181	57	31	10	965	891	67	31	56	32	773
467	81	99	66	96	343	949	15	18	11	25	245	761	39
191	188	166	591	445	37	21	5	33	879	557	148	33	86
128	134	124	159	399	586	17	12	55	40	384	548	171	99
>NR6A1.H14INVITRO.1.P.C
165	72	48	26	948	908	64	37	53	22	859	330
106	150	306	888	15	16	6	17	229	813	24	166
500	386	50	57	9	23	870	534	123	41	39	257
214	377	581	14	13	38	45	397	580	109	63	232
>NR6A1.H14INVITRO.2.SM.B
2987	1830	1589	1157	1133	7501	7616	228	246	151	272	9066	7939	375	624	886	859	5280	2715
2051	1575	1484	1667	5937	385	811	279	214	255	8639	78	731	383	448	1026	6208	1023	2437
2821	4497	4310	1834	1675	1306	902	8908	5022	643	563	588	431	8420	5147	1900	1171	2485	2225
1940	1897	2416	5141	1054	607	470	384	4317	8750	325	67	698	621	3580	5987	1561	1011	2422
>NRF1.H14INVITRO.0.PS.A
190	159	232	103	54	83	7	7	0	985	78	26	41	30	6	471
311	394	312	495	161	3	987	2	1000	1	133	42	854	64	778	201
279	208	264	238	36	914	6	988	0	13	327	913	9	753	34	210
220	239	192	164	749	0	0	3	0	1	462	19	96	153	182	118
>NRL.H14INVITRO.0.SM.B
3779	4136	3718	2815	488	31	97	15	21	9909	77	1683	1866
1394	1055	1413	1854	1375	104	9868	11	7	29	8445	1440	3100
2438	1339	1085	2323	138	9828	7	18	9606	23	308	5131	1704
2371	3452	3766	2990	7981	19	10	9938	348	21	1152	1728	3312
>NRL.H14INVITRO.1.SM.B
189	307	402	350	276	174	3	0	0	0	0	576	0	9	10	137	411	50	89
128	74	25	12	17	67	19	0	576	0	0	0	574	1	60	335	41	81	333
141	104	42	21	12	107	2	576	0	0	574	0	0	558	14	46	68	356	102
118	91	107	193	271	228	552	0	0	576	2	0	2	8	492	58	56	89	52
>OLIG1.H14INVITRO.0.S.B
707	737	843	817	1132	2086	1258	0	2239	0	2239	0	0	3	88	613
438	421	412	394	341	11	877	2239	0	0	0	0	0	259	590	503
565	656	593	517	508	128	104	0	0	0	0	0	2239	1154	70	476
529	425	391	511	258	14	0	0	0	2239	0	2239	0	823	1491	647
>OLIG2.H14INVITRO.0.P.B
247	120	905	7	182	30	0	8	75	125	186	67	274	439	86	211	186	93	97
555	875	5	15	799	8	2	365	182	234	282	668	473	79	210	494	234	148	277
176	2	18	646	13	5	954	277	101	246	258	148	80	298	497	190	103	513	341
21	2	71	331	5	956	43	349	641	394	273	116	172	183	206	104	476	245	284
>OLIG2.H14INVITRO.1.P.B
203	139	873	12	154	5	3	12	43	100
684	854	22	16	811	2	8	396	209	305
89	2	17	399	22	2	964	189	36	199
24	5	88	573	13	991	25	403	712	396
>OLIG2.H14INVITRO.2.SM.B
3166	2086	2084	8338	2	8827	57	0	34	696	2487
1540	4960	6997	21	170	476	238	1	1259	957	1937
2252	1302	180	517	556	22	2	9314	2801	538	1653
2367	977	64	449	8597	0	9028	10	5231	7134	3248
>OLIG3.H14INVITRO.0.SM.B
975	405	110	2428	0	2494	0	0	0	96	544
430	1480	2385	1	1	4	0	1	137	185	597
618	508	3	66	9	1	0	2498	1269	56	501
476	106	1	4	2489	0	2499	0	1093	2162	857
>ONEC2.H14INVITRO.0.S.B
2952	1917	599	7974	1	0	4	8116	107	55	1429	1765
1094	753	502	48	4	7441	2	10	199	3411	1193	1552
2097	1627	440	26	5	0	8126	5	65	107	2134	1707
1989	3835	6591	84	8122	691	0	1	7761	4559	3376	3108
>ONEC2.H14INVITRO.1.PM.A
693	254	26	2353	0	0	0	2353	0	5	590	1215	312
489	262	47	0	0	31	0	0	8	949	143	257	457
646	867	66	0	0	0	2353	0	1	3	1269	515	397
525	970	2214	0	2353	2322	0	0	2344	1396	351	366	1187
>ONEC2.H14INVITRO.2.S.B
2269	1134	823	9457	0	0	0	9457	0	10	481	4267	1375
2318	1585	191	0	0	9415	0	0	4	8166	612	1083	1827
2855	3033	751	0	0	0	9457	0	0	4	7898	3106	1754
2015	3705	7692	0	9457	42	0	0	9453	1277	466	1001	4501
>ONEC2.H14INVITRO.3.P.B
203	22	19	21	191	13	7	4	257	0	0	0	257	0	0	11	179	6	6	12	176	13
7	11	12	14	24	15	8	10	0	0	1	0	0	0	4	7	13	20	7	16	23	22
7	9	20	191	10	7	13	127	0	0	0	257	0	0	0	154	20	4	13	185	17	15
40	215	206	31	32	222	229	116	0	257	256	0	0	257	253	85	45	227	231	44	41	207
>ONEC3.H14INVITRO.0.S.B
2441	1328	781	8742	6	0	1	8834	1	91	2243	1701	1298	1595
1678	1380	413	35	38	4145	0	0	29	250	190	1018	1850	1852
1795	1606	424	29	5	0	8840	5	19	39	887	1402	1454	2199
2927	4527	7223	35	8792	4696	0	2	8792	8461	5521	4720	4239	3195
>ONEC3.H14INVITRO.1.S.C
1111	750	7023	0	0	0	7023	0	0	1717	2283
1586	766	0	0	6686	0	0	0	2480	605	1731
2553	1960	0	0	0	7023	0	0	0	3817	1934
1773	3547	0	7023	337	0	0	7023	4543	884	1075
>ONEC3.H14INVITRO.2.M.C
241	107	24	782	0	0	0	781	0	0	186	445	97
162	158	19	0	0	0	0	1	1	162	25	95	183
233	270	31	0	0	0	782	0	0	0	468	125	118
146	247	708	0	782	782	0	0	781	620	103	117	384
>OSR1.H14INVITRO.0.SM.B
2411	145	0	1	9785	0	0	99	679	2214	1795
2256	81	9869	6	0	9869	4605	17	724	1117	3170
1398	9639	0	0	0	0	0	9628	803	2416	1684
3804	4	0	9862	84	0	5264	125	7663	4122	3220
>OSR2.H14INVITRO.0.PSM.A
1699	2172	203	13	0	7608	5	50	1046	1297
2355	2086	789	8170	436	133	8180	4721	1009	2261
1834	950	7179	1	0	1	0	120	4911	1482
2297	2977	14	1	7749	443	0	3294	1219	3145
>OSR2.H14INVITRO.1.M.C
334	137	190	0	0	0	1058	0	0	0	525	554	31	102	623	86	99	416
196	147	150	2	1058	0	0	1058	3	0	19	1	126	136	158	167	760	199
287	371	93	1056	0	0	0	0	0	1022	19	219	562	225	191	697	70	184
241	403	625	0	0	1058	0	0	1055	36	495	284	339	595	86	108	129	259
>OTX1.H14INVITRO.0.SM.B
2536	2233	240	6322	0	0	9200	3651	1243	2088
2762	1316	137	3264	0	313	5	1793	3286	2440
2622	4888	9186	0	0	0	71	2520	3097	2523
1668	1151	25	2	9588	9275	312	1624	1962	2537
>OTX1.H14INVITRO.1.S.B
321	1231	1368	68	48	16	0	1607	0	0	1660	920	231	354
159	152	67	176	1548	258	0	54	0	0	0	175	358	457
132	115	93	631	36	1379	1661	0	0	0	0	348	567	441
1049	163	133	786	29	8	0	0	1661	1661	1	218	505	409
>OTX2.H14INVITRO.0.PSM.A
365	325	188	39	872	3	13	943	413	213
78	81	6	17	123	0	6	0	60	355
397	534	795	940	2	0	2	7	411	338
160	60	11	4	3	997	979	50	116	94
>OVOL1.H14INVITRO.0.SM.B
2097	4877	2738	7925	13	9953	9973	7	12	8	826	3313	2287	1935	1676
2746	510	2053	733	17	18	6	9976	11	23	40	1903	2963	2557	2773
3095	3581	3154	1189	14	14	7	4	9964	9942	191	536	480	1741	2724
2053	1023	2046	144	9947	6	5	4	4	18	8934	4239	4261	3758	2818
>OVOL2.H14INVITRO.0.PSM.A
2378	4325	2329	5719	22	9964	9870	1	124	13	1701	3892	2514	2417
2535	1130	2617	1644	62	3	0	9967	12	51	183	2054	3290	2566
2602	2772	2542	1933	58	0	97	0	9695	9837	360	723	772	2297
2453	1741	2480	672	9826	1	1	0	137	67	7724	3299	3392	2688
>OZF.H14INVITRO.0.P.D
126	13	1	1	0	2	20	936	27	12	21	1	6	30	155	850	0	976	149	1	976	0	1	2	2
841	215	0	15	1	1	307	20	41	6	1	945	25	6	730	9	0	1	31	3	0	44	0	974	963
4	2	0	16	1	2	24	16	28	921	958	16	1	942	4	127	2	6	802	0	9	4	2	0	2
15	756	985	954	984	981	635	14	890	47	6	24	954	8	97	0	984	3	4	982	1	938	983	10	19
>P53.H14INVITRO.0.P.B
389	41	545	166	59	73	157	115	369	247	557	11	704	59	22	24	92	96	319	152
75	706	108	50	58	418	499	423	136	65	18	877	41	26	12	413	613	417	96	213
295	58	67	77	748	44	78	101	276	504	277	14	15	28	854	18	12	38	247	392
148	102	187	614	42	372	173	268	126	91	55	5	147	794	19	452	190	356	245	150
>P53.H14INVITRO.1.S.C
528	947	12	2094	29	1	2	211	512	547
522	189	2262	22	52	0	266	1068	1137	591
623	695	27	59	1	2319	0	57	116	555
647	489	19	145	2238	0	2052	984	555	627
>P5F1B.H14INVITRO.0.S.B
1423	1922	4015	5338	17	7470	1	1	0	6024	6847	7332	404	678	3905	1956	1609
866	570	2653	110	53	0	24	3	7348	0	2	3	148	1019	1191	1170	1820
648	4390	286	788	9	0	0	6703	14	6	24	119	177	1247	741	3405	2180
4541	596	524	1242	7399	8	7453	771	116	1448	605	24	6749	4534	1641	947	1869
>P63.H14INVITRO.0.PS.A
730	47	878	324	67	85	155	302	186	705	1199	1	1285	4	4	37	210	439	556	304
98	1144	84	90	56	181	633	494	448	43	8	1306	4	4	2	144	476	238	216	247
303	43	204	60	1129	51	76	288	384	424	87	1	4	1	1298	11	48	304	323	511
180	77	145	837	59	994	447	227	293	139	17	3	18	1302	7	1119	577	330	216	249
>P63.H14INVITRO.1.PS.A
1702	2822	501	7381	1874	0	8	1775	2434
1769	707	5858	0	124	0	244	1657	1990
2286	2292	272	0	0	7381	1999	590	1434
1624	1560	750	0	5383	0	5130	3359	1523
>P66A.H14INVITRO.0.SG.A
7	4	0	0	446	0	0	79	35	83	79	75	96	116	126	83	262	187	14	35	67
188	345	0	5	0	1	448	2	181	70	142	89	102	117	105	102	55	21	232	187	78
42	87	0	3	1	0	0	2	88	80	62	55	37	39	58	168	113	10	6	11	44
212	13	449	441	2	448	1	366	145	216	166	230	214	177	160	96	19	231	197	216	260
>P73.H14INVITRO.0.PS.A
2208	2997	91	5633	1397	132	251	816	1442	2465	1887	6834	11	5292	72	48	33	1086	1591
1395	1303	8990	307	321	107	1925	5612	3024	1742	374	219	9196	310	458	44	2379	4345	3068
2815	3479	66	2760	311	8899	149	250	1592	2658	5608	1865	10	118	27	9067	108	498	2167
2821	1460	92	539	7210	101	6914	2561	3181	2374	1370	321	22	3519	8682	80	6719	3310	2413
>P73.H14INVITRO.1.P.B
150	127	523	63	411	14	637	116	5	48	143
517	453	6	8	7	958	57	14	15	313	349
58	124	327	883	552	9	37	29	958	4	74
259	280	128	30	14	3	253	825	6	619	418
>PATZ1.H14INVITRO.0.P.D
282	74	118	120	155	456	18	19	85	286	190	61	173	55	292	281	175	87	174	306	260	178	64
176	62	211	13	65	396	6	10	23	40	215	422	220	169	149	134	102	60	118	80	185	172	327
377	649	568	807	726	4	717	921	825	613	524	246	400	673	448	506	500	738	606	541	482	431	490
124	174	62	19	13	103	218	9	26	20	30	230	166	62	70	38	182	74	61	32	32	178	78
>PATZ1.H14INVITRO.1.P.D
298	258	163	17	6	581	164	9	48	93
116	46	10	5	1	340	9	8	4	9
462	621	713	926	948	1	757	841	883	831
84	35	74	12	5	38	30	102	25	27
>PAX1.H14INVITRO.0.SM.B
2837	2511	706	1818	4968	2785	299	590	7640	7125	2	7	1527	65	2103	7871	1419	1469
1530	2479	2275	5444	1549	1995	2174	4789	78	271	1830	9825	12	283	132	449	7542	3111
3906	2287	2602	677	2828	3075	648	3435	1662	260	8030	30	8262	328	7081	497	326	3738
1600	2596	4290	1934	528	2018	6752	1059	493	2217	11	11	72	9197	557	1056	586	1555
>PAX2.H14INVITRO.0.SM.B
2965	3569	250	444	5908	2956	50	412	8409	6929	10	11	1352	123	2560	8526	1392	1150	3074
1135	1986	2939	6545	509	2498	2348	5996	9	246	1690	9872	25	379	119	363	8005	3513	1837
5156	2202	2383	224	3396	2909	170	3360	1486	129	8273	69	8470	733	6767	483	223	4113	3191
731	2230	4415	2774	174	1624	7419	219	83	2683	14	35	140	8752	541	615	367	1211	1885
>PAX3.H14INVITRO.0.PS.A
3258	4424	1754	757	2460	131	101	41	9832	39	238	56	928	2474	3648
1835	1798	1584	2939	4930	62	120	9572	33	9609	84	5376	1856	2313	2494
3151	2025	1637	955	2074	9479	51	51	14	29	9540	4391	470	1355	2210
1644	1641	4913	5237	424	216	9616	224	9	211	26	65	6634	3746	1536
>PAX3.H14INVITRO.1.SM.B
302	281	72	40	454	635	1	2	592	1	1	0	658	1	2	6	71	146	207
122	121	185	247	32	10	10	17	14	0	1	662	1	662	1	362	74	153	150
115	147	111	51	178	12	4	2	59	669	0	0	12	1	667	301	24	83	163
132	122	303	333	7	14	656	650	6	1	669	9	0	7	1	2	502	289	151
>PAX3.H14INVITRO.2.P.C
679	654	42	23	703	758	7	6	645	168	269	212
63	97	120	742	133	47	7	37	17	255	342	297
73	50	69	75	45	70	18	142	27	286	103	136
77	91	661	52	11	17	860	707	203	183	178	247
>PAX3.H14INVITRO.3.S.B
646	381	70	2484	2486	0	0	535	2490	1	6	2394	1051	296	565	954	733	666	840	800
377	598	35	3	0	0	1939	0	1	0	6	13	536	768	561	454	532	680	646	692
895	594	15	4	1	1	0	1956	0	1	3	55	713	376	466	532	487	416	399	414
573	918	2371	0	4	2490	552	0	0	2489	2476	29	191	1051	899	551	739	729	606	585
>PAX4.H14INVITRO.0.SM.B
2024	3685	7027	0	25	6219	2533	932	1586
1340	1875	399	6	0	1212	946	2633	1702
1663	1567	2	0	7	0	3406	1842	2017
2404	304	3	7425	7399	0	546	2024	2126
>PAX4.H14INVITRO.1.S.C
197	130	4	2	609	667	0	0	655	268	22	26	514	606	98	133
120	126	500	3	53	0	0	0	12	27	286	38	70	18	79	90
146	246	50	151	0	0	0	0	0	349	47	123	29	22	60	99
204	165	113	511	5	0	667	667	0	23	312	480	54	21	430	345
>PAX5.H14INVITRO.0.PS.A
1940	3188	2784	116	437	6071	2248	13	127	7113	5140	0	1	1058	75	1031	5038	1170
1369	592	1585	2268	4682	228	2027	1697	5275	1	386	1491	7511	5	59	38	682	4958
1906	3391	2040	1991	96	1102	2059	56	2078	412	34	6045	21	6316	232	6365	854	706
2321	365	1127	3161	2321	135	1202	5770	56	10	1976	0	3	157	7170	102	962	702
>PAX6.H14INVITRO.0.PSM.A
1773	833	1338	5924	201	150	121	3232	130	497	5791	1990	141	1858	3477	2509	488	2248
1947	482	2870	482	5996	83	6291	456	928	2341	408	1668	2010	281	2218	1921	3993	1884
1544	1698	190	720	49	7084	919	924	59	3958	1119	1821	392	4308	1474	1412	795	1731
2110	4361	2976	248	1128	57	43	2762	6257	578	56	1895	4831	927	205	1532	2098	1511
>PAX7.H14INVITRO.0.P.B
179	200	206	13	32	21	748	127	202	14	122	118
125	156	82	31	139	796	96	425	23	357	155	247
180	104	266	647	20	3	3	50	605	516	54	306
416	440	346	209	709	80	53	298	70	13	569	229
>PAX7.H14INVITRO.1.S.B
1657	1331	6580	6794	8	1	1537	6968	0	0	6752	2044	445	1440
1416	626	95	37	89	5872	12	0	0	5	102	1321	2881	1806
1835	654	202	37	25	25	5422	3	0	0	59	3004	1782	2085
2063	4360	94	103	6849	1073	0	0	6971	6966	58	602	1863	1640
>PAX7.H14INVITRO.2.PM.A
2299	2308	1388	446	9237	9494	0	0	559	9140	144	163	6822	2753
2825	2146	2848	407	15	0	1	2549	13	108	90	237	490	2102
2216	3821	2395	129	242	0	1	35	8922	220	126	175	702	2487
2154	1219	2863	8512	0	0	9492	6910	0	26	9134	8919	1480	2152
>PAX8.H14INVITRO.0.PSM.A
791	3957	1517	36	249	7700	5589	4	10	682	44	1489	7966	774	1016	2510
5417	787	3994	1199	5813	20	159	1072	8705	8	883	58	129	7718	3396	1600
660	3326	2047	86	2557	974	156	7662	8	8026	435	7029	212	96	3350	2735
1873	671	1183	7420	122	47	2837	3	18	25	7379	165	434	153	979	1896
>PAX9.H14INVITRO.0.SM.B
495	1663	5655	1847	109	355	7224	5956	5	2	686	22	1349	8148	720	506	1736
2527	5532	959	2009	1852	4957	39	345	1432	8832	4	15	57	106	7833	2293	1768
2705	340	1861	3179	376	3217	1386	239	7402	6	8136	260	7333	315	142	5358	4107
3118	1310	370	1810	6508	316	196	2305	6	5	19	8548	106	276	150	688	1234
>PBX1.H14INVITRO.0.P.D
142	18	984	39	69	19	699	4	544	111	127	211
53	20	3	216	21	11	6	745	8	64	384	369
96	956	3	187	128	855	288	3	293	715	350	126
705	2	6	554	778	111	3	244	151	106	135	290
>PBX1.H14INVITRO.1.P.D
115	132	59	12	1020	12	37	23	476	38
231	423	106	147	7	145	10	1	2	694
289	256	39	836	4	128	63	959	554	18
398	222	829	38	2	748	923	50	1	283
>PBX1.H14INVITRO.2.P.D
570	191	45	4	862	15	902	88	226	210
108	314	15	20	15	982	2	57	331	274
216	210	39	984	138	10	38	765	327	130
124	303	919	10	3	11	76	108	134	404
>PBX2.H14INVITRO.0.P.D
118	29	894	33	85	56	720	11	555	108	140
63	48	20	178	44	7	13	747	31	92	368
70	871	31	331	105	834	217	11	267	640	342
706	9	12	415	723	60	7	188	104	117	107
>PBX2.H14INVITRO.1.P.D
114	21	16	988	2	3	7	349	49
459	177	177	1	71	2	0	0	812
216	27	742	8	138	13	991	648	13
211	775	65	3	789	982	2	3	126
>PBX2.H14INVITRO.2.P.D
615	122	164	10	917	6	902	27	247
54	249	27	10	5	949	2	8	291
229	428	60	978	61	32	34	925	401
102	201	749	2	17	13	62	40	61
>PBX3.H14INVITRO.0.P.D
108	114	39	15	988	11	7	3	366	50	367	115
260	455	201	192	2	99	2	0	0	783	152	126
287	226	39	744	6	157	33	992	633	12	166	641
345	205	721	49	4	733	958	5	1	155	315	118
>PBX3.H14INVITRO.1.P.D
130	40	963	41	66	17	599	29	527	68
109	27	9	239	77	1	3	878	59	105
119	908	14	296	154	970	386	16	300	687
633	16	5	415	694	3	3	68	105	131
>PDX1.H14INVITRO.0.P.B
172	39	921	18	183	455	919	35	62	375
2	7	22	96	7	13	14	35	41	38
23	913	8	35	57	487	24	70	596	471
774	12	20	822	724	16	14	831	272	87
>PDX1.H14INVITRO.1.PSM.A
2223	1746	2467	94	0	8990	8990	0	1	6567	632	1556	2355
2189	3677	2402	4747	0	0	0	2	175	92	4211	2896	2424
2419	2126	3661	773	0	0	0	0	4108	2152	2667	2720	1951
2159	1441	460	3376	8990	0	0	8988	4706	179	1480	1818	2260
>PF21A.H14INVITRO.0.B.B
185	210	0	253	318	370	313	416	106	579	145
128	171	284	195	102	1	6	21	253	0	164
127	197	175	131	159	110	69	53	0	0	146
139	1	120	0	0	98	191	89	220	0	124
>PHX2A.H14INVITRO.0.PS.A
1457	1664	1543	1630	1879	2084	886	397	6270	7072	337	10	2159	5216	6705	0	85	5961	1654	1193
3010	2517	2686	2005	2158	1826	2750	474	151	116	926	2794	843	266	62	8	499	117	1512	1757
1477	1684	1619	1951	1862	2202	1810	223	649	111	256	493	605	1846	456	0	46	937	3354	2820
1391	1470	1487	1749	1436	1223	1889	6241	265	36	5816	4038	3728	7	112	7327	6705	320	815	1565
>PHX2A.H14INVITRO.1.SM.B
3028	1588	830	349	6708	7535	0	0	7535	2463	470	1287
1583	2581	2860	2891	61	0	0	0	0	1445	3722	1913
1655	1376	2525	301	764	0	0	0	0	3431	1768	2326
1269	1990	1320	3994	2	0	7535	7535	0	196	1575	2009
>PHX2B.H14INVITRO.0.PSM.A
1819	1684	168	8749	8847	0	2	7372	3590	8394	3	67	8443	2315
2335	3092	81	5	2	3	27	132	234	47	6	185	49	1749
3107	1713	15	86	0	0	14	1181	5020	351	19	43	107	3136
1588	2360	8585	9	0	8846	8806	164	5	57	8821	8554	250	1649
>PHX2B.H14INVITRO.1.SM.B
2387	1795	299	0	8974	8974	0	89	4076	1774	2120
2730	2773	3958	0	0	0	10	2398	1114	3209	2264
2279	3721	2078	0	0	0	0	1475	3140	2791	2598
1578	685	2639	8974	0	0	8964	5012	644	1200	1992
>PIT1.H14INVITRO.0.SM.B
1492	798	75	5026	5039	0	4	5025	59	4809	76	122	131	1461
1101	816	26	7	0	4	3	1	96	51	73	76	4686	353
1749	675	9	5	0	4	4052	4	4300	111	43	4279	107	2855
697	2750	4929	1	0	5031	980	9	584	68	4847	562	115	370
>PIT1.H14INVITRO.1.S.B
1275	991	1839	5862	0	1	5113	6215	0	4369	4328	999	942	3214	2956
2149	614	3020	97	21	0	1104	2	0	16	187	376	1725	1292	885
1036	1211	479	189	3	4210	0	0	0	189	73	1194	984	514	828
1757	3401	879	69	6193	2006	0	0	6217	1643	1629	3648	2566	1197	1548
>PITX1.H14INVITRO.0.PSM.A
2081	756	0	7595	0	0	8274	3976	692	1480
1780	198	0	741	0	0	0	1286	2937	2267
2509	6889	8336	0	0	0	5	2202	3062	2776
1966	493	0	0	8336	8336	57	872	1645	1813
>PITX1.H14INVITRO.1.S.B
741	524	138	74	1773	0	0	1717	1626	324	318	195	836	430	476	1012	893	654	502	360
266	296	6	1	14	0	70	70	30	466	223	195	79	20	16	40	186	444	593	660
534	527	1561	1712	0	0	0	0	109	606	977	1167	609	443	137	16	147	193	262	302
246	440	82	0	0	1787	1717	0	22	391	269	230	263	894	1158	719	561	496	430	465
>PITX2.H14INVITRO.0.SM.B
2004	838	33	7751	0	0	8395	3773	1123	1813
1866	472	178	960	0	312	77	1354	2721	1834
2980	6794	8487	10	0	5	77	2479	3046	2944
1871	617	23	0	8721	8404	172	1115	1831	2130
>PITX3.H14INVITRO.0.SM.B
1472	734	0	7769	0	0	7951	3459	874	1412
1785	330	0	332	0	0	4	1040	2358	1896
3123	6623	8101	0	0	0	22	2599	3261	2858
1721	414	0	0	8101	8101	124	1003	1608	1935
>PITX3.H14INVITRO.1.S.B
82	85	86	142	147	215	162	139	181	149	50	11	1	429	0	0	440	203	43	72
123	101	61	20	15	26	48	81	106	103	105	9	1	17	0	2	2	44	86	91
176	195	218	170	122	23	20	45	92	113	208	419	444	0	0	1	0	166	200	205
65	65	81	114	162	182	216	181	67	81	83	7	0	0	446	443	4	33	117	78
>PKNX1.H14INVITRO.0.P.B
74	83	22	32	982	6	14	5	227	68	293	260
221	457	189	195	4	75	3	1	6	766	198	126
241	210	40	693	7	97	16	989	760	24	92	530
459	245	744	75	2	817	962	0	2	137	412	79
>PKNX1.H14INVITRO.1.P.B
252	141	758	96	145	9	656	91	724	52
44	131	45	201	17	4	11	765	2	158
163	678	107	456	108	967	285	55	124	612
531	40	80	237	720	10	38	79	140	168
>PKNX1.H14INVITRO.2.SM.B
1990	703	231	9519	12	9169	762	1949	1834
2630	790	207	86	9802	28	1531	3461	2045
2304	734	9070	204	5	620	5959	3051	1790
2895	7592	311	10	0	2	1567	1358	4150
>PKNX1.H14INVITRO.3.SM.B
87	92	47	0	0	348	0	348	0	33	15	36	63	30
74	45	54	6	0	0	348	0	21	155	25	15	33	209
113	109	118	0	348	0	0	0	303	152	35	276	62	65
74	102	129	342	0	0	0	0	24	8	273	21	190	44
>PKNX2.H14INVITRO.0.SM.B
425	440	367	1	0	1516	0	1519	0	36	9	124	262	100	703
276	193	106	30	0	0	1519	0	17	826	88	46	129	1050	188
486	457	373	4	1519	2	0	0	1467	625	17	1232	215	166	401
332	429	673	1484	0	1	0	0	35	32	1405	117	913	203	227
>PKNX2.H14INVITRO.1.SM.B
2126	243	0	9598	0	9328	282	1280	461	1578	1854
2412	359	0	0	9614	0	629	3790	2694	1141	1819
2139	43	9614	16	0	286	7848	4013	963	5236	2735
2937	8969	0	0	0	0	855	531	5496	1659	3206
>PO2F1.H14INVITRO.0.PS.A
1670	222	5527	15	4	110	4147	4720	5753	295	459	2051	1843
760	934	119	86	0	5462	0	3	4	104	671	1526	1010
1171	139	44	35	5650	35	3	51	0	127	1463	868	2027
2156	4462	67	5621	103	150	1607	983	0	5231	3164	1312	877
>PO2F2.H14INVITRO.0.PSM.A
2415	718	7486	186	139	235	6667	5776	8803	1242	664	3112	3066
1225	1749	507	290	40	8208	1	17	11	351	1028	2455	1566
2224	627	260	180	8360	91	4	126	17	234	1946	1140	2673
2977	5747	588	8185	302	307	2169	2922	10	7014	5203	2134	1536
>PO2F2.H14INVITRO.1.M.C
475	515	1386	1854	2	2277	1	0	1	394	529	1874	281	1286	705
658	90	615	11	5	0	8	0	2269	0	1372	50	170	199	498
239	1402	87	45	0	0	0	1956	0	1847	50	258	112	352	322
905	270	189	367	2270	0	2268	321	7	36	326	95	1714	440	752
>PO2F2.H14INVITRO.2.S.B
3156	800	2465	285	17	2061	6028	198	6029	901	500	736	2274
714	1005	321	159	0	3968	0	0	0	273	321	2905	1025
819	467	349	62	6012	0	0	0	0	103	1024	482	999
1340	3757	2894	5523	0	0	1	5831	0	4752	4184	1906	1731
>PO2F3.H14INVITRO.0.PS.A
4030	1095	39	21	4542	7330	7441	0	26	5056	1384	872	1318
1095	1154	35	7178	1	2	0	2	336	752	1380	2192	2304
1175	1181	7291	59	1	28	0	6	736	92	3912	2178	1485
1141	4011	76	183	2897	81	0	7433	6343	1541	765	2199	2334
>PO2F3.H14INVITRO.1.S.C
168	256	295	282	20	457	61	26	2	255	565	574	0	4	372	38	46	116	120
103	29	123	12	36	15	27	47	569	0	1	0	0	9	15	31	313	205	200
76	210	77	72	18	41	42	491	2	0	1	0	0	24	0	485	109	104	110
227	79	79	208	500	61	444	10	1	319	7	0	574	537	187	20	106	149	144
>PO3F1.H14INVITRO.0.P.B
237	193	871	19	32	213	730	575	937	113	48	373	519	294	215
100	466	64	2	33	612	20	11	24	16	45	284	157	154	203
230	85	19	25	871	75	5	79	22	52	447	158	227	221	302
429	252	42	950	60	96	241	331	13	815	456	181	93	327	276
>PO3F1.H14INVITRO.1.PS.A
2180	2660	4279	2019	1641	5348	6206	1870	1102	7871	19	1	139	6144	2599	3961	3600	1535	2233	1929
2034	2328	1852	565	123	551	368	14	50	1	18	3	7403	6	46	71	694	598	1328	1358
1448	1263	638	285	2157	1659	85	185	5	2	36	4114	52	26	51	2899	260	2733	1613	2214
2224	1635	1117	5017	3965	328	1227	5817	6729	12	7813	3768	292	1710	5190	955	3332	3020	2712	2385
>PO3F1.H14INVITRO.2.S.C
2326	14	8687	9368	1	23	7097	2862	1569
1843	45	0	2	160	0	1160	1463	3025
2866	43	712	29	283	3343	464	4406	2615
2364	9297	0	0	8955	6033	678	668	2190
>PO3F1.H14INVITRO.3.M.C
1235	1818	632	194	3442	34	225	155	770	3778	3778	0	3	3646	567	473	661
979	549	114	264	57	226	159	3063	0	0	0	0	14	39	378	1032	902
934	731	573	69	222	172	3390	97	3	0	0	0	1110	29	2638	1411	750
630	680	2459	3251	57	3346	4	463	3005	0	0	3778	2651	64	195	862	1465
>PO3F2.H14INVITRO.0.P.B
118	329	104	883	9	83	434	924	72	869	222	136	53	756	326
437	99	637	48	2	8	506	24	10	26	13	9	527	163	54
86	78	12	10	9	852	6	8	20	4	8	385	110	28	55
325	460	213	25	946	23	20	10	864	67	723	436	276	19	531
>PO3F2.H14INVITRO.1.S.B
3219	4405	998	1651	6737	9547	0	219	7958	1914	491	4033	2806	3873
2792	1885	2717	466	2725	120	13	0	403	1095	4803	3312	1275	1496
1607	1610	1226	1366	179	26	0	5	1	3784	2694	993	948	1371
2078	1796	4755	6213	55	3	9683	9472	1334	2903	1708	1358	4667	2956
>PO3F2.H14INVITRO.2.SM.B
1558	1083	298	189	3098	4599	0	0	3771	367	3	3991	271	3076	2025
1115	1802	2823	72	1434	2	0	0	0	138	4256	287	234	328	1207
1141	1183	692	204	59	1	0	1	1	3882	219	245	64	506	413
788	534	789	4137	11	0	4602	4601	830	215	124	79	4033	692	957
>PO3F3.H14INVITRO.0.P.C
149	910	7	35	379	866	412	955	224	79
561	50	0	6	550	13	14	20	24	41
62	11	8	948	30	3	58	15	41	330
242	43	999	25	55	132	530	24	725	564
>PO3F3.H14INVITRO.1.P.C
134	380	69	576	63	40	408	1004	98	746	331	142	292	742	396	144	396	361
450	132	488	153	7	29	614	13	11	44	116	98	330	193	37	100	181	208
299	100	111	31	32	956	6	6	18	111	33	152	184	43	97	442	328	352
156	427	371	279	937	14	11	16	912	138	559	647	233	61	509	353	134	118
>PO3F3.H14INVITRO.2.S.B
2413	1754	3526	2885	3	9352	9420	3	57	5896	5433	2867
1422	1482	2903	2735	0	73	3	9	226	1375	1246	1803
1541	3118	2388	646	3	0	2	14	2056	187	1915	1578
4049	3071	608	3159	9419	0	0	9399	7086	1967	831	3177
>PO3F4.H14INVITRO.0.SM.B
1583	429	242	4365	7792	0	17	4940	332	6	7710	42	7274	4945	1588
2822	5636	108	3265	11	9	10	77	75	7748	23	61	83	1011	1548
2035	644	137	111	10	5	66	0	7402	17	48	23	203	228	1453
1377	1108	7330	76	4	7803	7724	2800	8	46	36	7691	257	1633	3228
>PO4F1.H14INVITRO.0.S.B
2136	4154	5725	329	3681	9444	0	5	3122	9322	391	1344	2793
1942	3103	1158	112	1214	7	32	0	5974	27	1301	1297	2758
2644	1233	864	484	192	0	11	4830	88	108	854	4789	1940
2740	972	1715	8537	4375	11	9419	4627	278	5	6916	2032	1971
>PO4F1.H14INVITRO.1.SM.B
1484	2167	5319	58	930	6915	6393	109	2402	7407	127	33	896	6317	654	1517	2534
1373	3491	743	59	579	337	54	37	164	12	75	29	5816	163	1556	1185	1725
1343	948	850	68	761	25	29	86	86	11	80	3828	265	909	1123	3075	1493
3248	842	536	7263	5178	171	972	7216	4796	18	7166	3558	471	59	4115	1671	1696
>PO4F2.H14INVITRO.0.S.B
2177	1264	984	2147	7427	9	505	7762	7803	132	3227	7974	377	235	1888	6206	1859
1817	2442	831	4282	202	10	30	146	3	34	24	29	52	93	4688	581	1740
2238	1806	1389	603	246	7	1152	1	18	37	61	15	90	2281	339	626	1473
1865	2585	4893	1065	222	8071	6410	188	273	7894	4785	79	7578	5488	1182	684	3025
>PO4F3.H14INVITRO.0.SM.B
1757	1780	5041	38	2298	7575	8064	58	9360	9675	469	277	2990	9322	930	1300	3390
2350	5074	1579	155	1523	2046	154	30	482	37	46	49	4245	142	2337	1792	2490
2379	1817	2266	124	3627	100	46	32	0	17	111	2995	952	305	1517	5022	2267
3356	1171	956	9525	2394	121	1578	9722	0	113	9216	6521	1655	73	5058	1728	1695
>PO5F1.H14INVITRO.0.P.B
117	165	477	63	160	147	420	235	903	15	5	13	769	779	960	167	183
373	460	57	113	39	331	37	173	11	3	10	714	12	32	14	75	158
230	70	53	85	117	393	50	107	26	13	814	99	5	163	33	125	321
306	331	439	765	710	155	519	511	86	995	197	200	240	52	19	659	364
>PO5F1.H14INVITRO.1.P.B
410	237	948	7	0	23	748	771	961	164	177
55	153	1	1	3	739	2	37	3	53	101
111	50	13	12	924	86	7	134	21	76	348
418	554	32	974	67	146	237	52	9	701	368
>PO5F1.H14INVITRO.2.SM.B
3145	4564	1494	1	8778	5	0	12	1709	8775	8780	0	4	7983	3617	397	1102
2017	1045	36	4	2	0	15	7548	0	1	0	1	12	55	645	2150	2607
2601	1782	521	2	1	10	8766	0	4	2	0	0	3698	399	4290	4565	2438
1018	1390	6730	8774	0	8766	0	1221	7068	3	1	8780	5067	344	229	1669	2634
>PO6F1.H14INVITRO.0.SM.B
1601	1134	2351	39	6707	6711	0	3	6689	212	915	1625
1550	2651	1270	34	0	0	0	3	12	658	1956	1339
2030	2455	1495	15	0	0	6	5298	3	5573	2811	1694
1530	471	1595	6623	4	0	6705	1407	7	268	1029	2053
>PO6F2.H14INVITRO.0.S.B
105	73	69	3	402	403	0	0	402	132	39	68	118
76	68	74	0	1	0	0	0	1	5	133	70	108
119	196	144	16	0	0	0	41	0	259	99	115	73
103	66	116	384	0	0	403	362	0	7	132	150	104
>POGK.H14INVITRO.0.SI.A
117	119	105	86	126	155	97	38	4	0	63	270	24	75	76	76	269	130	6	0	0	0	333	19	135	55
105	128	131	122	63	43	60	30	72	267	5	52	304	139	28	37	4	12	0	0	334	0	0	274	132	100
77	54	16	30	50	55	121	161	3	63	266	7	3	4	11	40	5	158	324	0	0	332	1	24	8	37
35	33	82	96	95	81	56	105	255	4	0	5	3	116	219	181	56	34	4	334	0	2	0	17	59	142
>PPARA.H14INVITRO.0.P.D
515	565	152	145	479	83	91	113	117	899	686	847	51	52	53	54	798
237	81	385	118	26	5	35	162	551	44	42	6	4	17	108	637	54
107	124	287	148	461	816	841	339	231	42	228	142	920	761	208	179	73
152	241	187	600	45	107	44	397	112	26	55	16	36	181	642	141	86
>PPARA.H14INVITRO.1.P.D
80	870	623	890	24	28	28	17	883
602	41	71	1	4	14	70	756	28
220	28	273	85	942	769	199	125	39
86	49	21	12	18	177	691	90	38
>PPARD.H14INVITRO.0.PSM.A
3165	2643	3837	331	374	396	337	7898	7824	8613	26	44	77	201	6319	2659	2338
1743	752	368	370	350	412	6794	223	138	32	22	34	59	7877	101	2615	1548
2775	5555	5296	8747	8103	1120	1534	1439	1473	1077	9745	9276	620	939	3288	1952	4493
2145	878	327	380	1001	7900	1163	268	393	106	35	474	9072	811	120	2602	1449
>PPARG.H14INVITRO.0.P.D
517	576	82	76	479	98	136	105	103	913	667	855	85	40	47	76	720
207	34	411	149	25	2	14	191	571	16	40	4	5	10	126	564	81
120	120	355	85	447	788	823	356	209	52	252	137	890	811	183	194	102
155	269	151	689	48	111	26	347	116	18	40	3	19	138	643	165	96
>PPARG.H14INVITRO.1.P.D
176	152	80	957	604	874	74	75	64	65	794
43	153	679	22	42	3	7	22	121	632	74
682	533	190	10	342	115	899	758	340	193	66
106	169	58	18	19	15	27	152	482	117	73
>PRD10.H14INVITRO.0.PSGI.A
2812	4172	5262	5938	36	22	11	357	7392	68	3151	1304	239	154	149	5473	2604	1923
2962	1651	1666	46	18	44	20	17	342	4843	2239	683	2461	8042	7706	384	1937	2019
1385	1044	1136	604	19	8426	8491	27	51	317	3008	3755	298	193	310	1680	1038	1179
1381	1673	476	1952	8467	48	18	8139	755	3312	142	2798	5542	151	375	1003	2961	3419
>PRD13.H14INVITRO.0.PSGI.A
859	3317	2815	78	5387	0	0	0	152	240	331
2451	399	205	8419	5	0	1	1	37	349	5628
1877	3534	5667	253	571	8892	8891	0	8654	7970	1064
3705	1642	205	142	2929	0	0	8891	49	333	1869
>PRD14.H14INVITRO.0.P.D
205	330	355	100	150	11	976	96	643	75	628	214	58	151	288
214	156	67	225	61	9	3	65	14	55	206	623	700	357	176
388	287	401	597	56	14	11	833	300	837	37	54	161	105	275
189	223	173	74	729	962	6	2	39	29	125	105	77	383	257
>PRD15.H14INVITRO.0.P.D
210	114	916	940	714	630	81	144	134	6	43	546	279	191	166	130	408	268
187	284	21	4	23	121	642	669	369	2	7	207	213	349	155	118	114	144
460	444	53	49	228	162	117	161	8	986	935	147	394	155	485	648	397	378
138	153	5	2	30	82	155	21	484	1	10	95	109	300	189	99	76	205
>PRD16.H14INVITRO.0.P.D
72	12	16	33	42	362	21	172	16	666	261
271	910	594	727	725	7	4	6	54	101	382
39	38	3	21	28	5	962	768	927	142	245
619	41	388	220	206	627	14	55	4	92	113
>PRDM1.H14INVITRO.0.S.B
4687	1701	1542	882	8609	8694	8938	280	787	1918	3483
1567	1390	2119	422	143	11	290	320	1089	1250	2001
1610	4963	1998	7497	140	491	70	8679	1584	4804	1893
1858	1668	4063	921	830	526	424	443	6262	1750	2345
>PRDM1.H14INVITRO.1.PS.A
817	1604	1784	2184	86	61	48	2377	2302	2334	47	76	447	765
177	258	193	41	40	284	3	9	19	36	46	135	219	497
1147	234	176	84	2202	279	2356	12	65	14	2261	226	1337	590
270	315	258	102	83	1787	4	13	25	27	57	1974	408	559
>PRDM4.H14INVITRO.0.PSM.A
3608	2729	174	4255	0	0	0	0	0	3275	8129	365	1120	1728
482	294	7601	19	0	0	1	0	8331	24	41	109	542	1986
3472	4866	166	2706	8336	0	0	0	0	4418	38	7508	4159	2794
774	447	395	1356	0	8336	8335	8336	5	619	128	354	2515	1828
>PRDM5.H14INVITRO.0.PSGI.A
682	1441	1003	53	188	112	535	1382	68	68	1205	1	0	718	52	287	462	447	721	699	100	138	192	233	262	618
572	331	1156	2224	1327	498	146	389	768	2126	25	2324	2325	175	638	686	1267	173	564	588	2045	1892	879	178	233	474
490	259	102	16	55	474	1454	109	412	8	43	0	0	933	353	584	271	1466	645	632	77	127	189	540	1160	802
581	294	64	32	755	1241	190	445	1077	123	1052	0	0	499	1282	768	325	239	395	406	103	168	1065	1374	670	431
>PRDM6.H14INVITRO.0.P.D
336	430	382	598	1	870	974	952	783	538	371	457
145	76	128	3	6	106	10	13	61	192	330	168
328	308	413	316	988	2	4	20	130	202	135	182
191	186	77	83	5	22	12	15	26	68	164	193
>PRDM9.H14INVITRO.0.P.D
406	544	244	435	248	96	184	21	744	54	13	819	142	4	538	49	29	194	85	176
213	77	120	61	69	5	14	483	0	2	484	8	220	867	53	314	785	141	159	124
117	179	300	236	243	706	661	9	114	813	5	43	437	0	4	192	22	40	365	399
140	76	212	144	316	69	17	363	18	7	374	6	77	5	281	321	40	501	267	177
>PRGR.H14INVITRO.0.P.D
508	83	547	960	0	747	96	0	262	95	28	22	229	60	119
10	7	96	8	969	19	188	282	315	74	25	10	188	841	377
367	851	177	7	11	75	241	0	168	20	941	11	111	7	24
115	59	180	25	20	159	475	718	255	811	6	957	472	92	480
>PRGR.H14INVITRO.1.P.D
518	5	529	971	6	891	161
7	1	130	1	982	2	152
443	977	232	19	7	26	435
31	16	108	8	4	80	251
>PROP1.H14INVITRO.0.PSM.A
2120	1934	1051	299	9162	9453	8	33	6252	2503	6403	4	63	8692	2844	1413
2706	2376	3452	337	7	0	47	1770	18	2949	83	7	148	84	1873	3293
2649	3820	2361	93	225	2	21	336	2808	3901	2803	8	21	314	3538	2602
1980	1325	2591	8726	61	0	9379	7316	377	102	166	9436	9223	365	1200	2147
>PROP1.H14INVITRO.1.P.C
127	181	663	1002	3	4	995	480	455	170
282	330	188	3	4	6	11	104	219	171
173	154	110	1	0	6	4	351	237	135
430	347	51	6	1005	996	2	77	101	536
>PROX1.H14INVITRO.0.SM.B
629	328	876	101	331	0	0	0	0	704	778	470	493
432	493	260	1584	0	139	2121	0	3	231	569	532	427
543	745	740	75	1641	0	0	0	0	1175	565	836	718
517	555	245	361	149	1982	0	2121	2118	11	209	283	483
>PRRX1.H14INVITRO.0.S.B
2408	2583	1430	3	9611	9613	0	4	5846	3740	3238	1279	2181
3052	2674	4879	36	0	0	2	379	314	2197	2291	1970	2059
2186	3300	862	0	2	0	0	45	3122	3443	1742	1628	1800
1967	1056	2442	9574	0	0	9611	9185	331	233	2342	4736	3573
>PRRX1.H14INVITRO.1.S.B
1008	1241	109	0	5328	5328	0	0	4022	1228	2012	417	2254	4313	1638	1055	2033
1964	1683	3087	77	0	0	0	0	0	224	1181	761	461	192	380	634	557
1465	1944	881	0	0	0	0	0	1306	3875	583	448	363	145	760	469	1049
891	460	1251	5251	0	0	5328	5328	0	1	1552	3702	2250	678	2550	3170	1689
>PRRX2.H14INVITRO.0.SM.B
1877	1834	790	0	9196	9196	0	138	4417	2049
3232	2763	3834	8	0	0	1	1602	691	2724
2152	3964	1413	0	0	0	0	854	3583	2808
1935	635	3159	9188	0	0	9195	6602	505	1615
>PRRX2.H14INVITRO.1.S.B
304	302	77	3	1647	1648	0	0	1458	704	691	23	381	1149	531
535	484	839	57	0	0	0	0	1	34	211	229	174	139	267
361	611	320	1	1	0	0	1	187	909	171	233	276	187	411
448	251	412	1587	0	0	1648	1647	2	1	575	1163	817	173	439
>PTF1A.H14INVITRO.0.P.B
378	19	962	7	52	9	2	92	143	165	338	308	337	76	189	64	215	240	472
283	977	4	266	819	5	2	233	198	297	287	235	135	283	191	634	524	519	182
254	2	0	628	121	2	990	217	315	193	168	153	146	50	55	133	57	106	176
85	2	34	99	8	984	6	458	344	345	207	304	382	591	565	169	204	135	170
>PTF1A.H14INVITRO.1.PS.A
1903	783	2677	2341	1	7967	0	97	11	62	873	1242
1346	3348	290	466	7954	0	141	7803	2	45	1881	1654
3230	607	4804	374	0	0	7689	66	4	7770	1443	1680
1488	3229	196	4786	12	0	137	1	7950	90	3770	3391
>PURB.H14INVITRO.0.B.B
225	270	242	383	0	0	189	486	76	188
187	168	164	0	706	706	364	15	629	313
110	65	69	144	0	0	70	124	1	52
184	203	231	179	0	0	83	81	0	153
>RARA.H14INVITRO.0.PSM.A
2765	4890	8663	0	0	0	0	8296	2346	1477	2616
1970	459	14	0	0	0	9706	0	3208	1157	1800
2206	3508	1067	9748	9719	23	5	1452	1148	6019	3430
2807	891	4	0	29	9725	37	0	3046	1095	1902
>RARA.H14INVITRO.1.P.B
305	268	668	23	7	13	18	955	289	238	420	288	205	387	48	295	374	73	761	179
174	73	4	2	18	29	900	32	167	186	219	107	117	58	322	31	108	499	72	418
181	665	359	994	816	90	100	46	447	485	251	547	373	248	637	596	196	367	142	294
379	33	8	20	198	907	21	6	136	130	149	97	344	346	32	117	361	100	64	148
>RARA.H14INVITRO.2.P.B
240	321	764	33	13	22	5	968	149	316	205	218	203	423	148	161	127
403	356	6	2	17	17	930	16	365	247	274	152	97	248	591	616	296
163	169	225	855	934	62	49	10	306	257	365	103	645	146	93	71	127
197	157	8	113	39	902	19	9	183	183	159	530	58	186	171	155	453
>RARA.H14INVITRO.3.P.B
180	261	116	127	494	425	370	739	23	6	9	13	965	683	164	106	163	81	651	122	103
150	112	182	513	230	81	55	7	11	10	40	919	7	45	67	79	209	596	47	132	339
544	421	206	206	179	313	536	226	938	480	38	48	11	211	724	706	157	188	183	508	371
115	195	485	143	86	170	28	17	17	493	902	9	6	50	34	98	460	124	108	227	176
>RARB.H14INVITRO.0.SM.B
4002	5588	8431	0	1	5	51	8118	2580	1914
1762	564	119	7	0	4	9668	92	3458	1973
1915	2934	1290	9945	9689	69	168	1685	1114	4164
2288	881	127	15	277	9889	80	72	2815	1916
>RARB.H14INVITRO.1.P.B
179	628	367	683	18	50	132	18	960	407	405	191
475	119	89	7	12	45	217	946	12	68	76	73
267	135	475	242	969	698	198	49	45	494	445	673
107	146	97	96	29	235	481	15	11	59	102	91
>RARG.H14INVITRO.0.P.B
111	169	251	700	5	17	22	0	884	123	232	178	176	139	363	66	101	94
355	429	383	11	1	13	4	853	11	332	285	290	158	89	266	650	606	343
219	152	155	200	816	843	105	59	15	352	289	324	62	640	149	71	34	109
235	170	131	9	98	47	789	8	10	113	114	128	524	52	142	133	179	374
>RARG.H14INVITRO.1.PSM.A
3203	3231	5910	0	0	1	19	8727	3117
1966	1162	648	4	0	1	9308	97	2230
2220	4061	2821	9724	9236	7	333	823	1770
2356	1291	366	17	509	9736	85	98	2628
>RARG.H14INVITRO.2.SM.B
2951	4880	6515	9229	0	0	2	1	9869	3214	2680	5108	2459	1949	1456	1228	3483
2426	1667	309	129	0	0	2	9912	1	2296	1338	1386	2209	2417	1067	3519	1917
2078	979	2178	584	9943	9632	18	8	69	422	4494	2074	4038	4481	3110	2674	2198
2489	2418	942	2	1	312	9922	23	5	4012	1432	1376	1238	1097	4311	2523	2346
>RARG.H14INVITRO.3.S.B
1055	946	1205	106	272	487	471	1588	1721	1785	2242	6	1	18	22	2113	755
335	217	143	279	440	371	1572	301	163	53	28	17	20	27	2311	91	617
719	1036	788	1597	1283	113	155	236	164	486	153	2405	2151	35	43	147	235
321	231	294	448	435	1459	232	305	382	106	7	2	258	2350	54	79	823
>RAX2.H14INVITRO.0.S.B
3710	6696	3560	216	169	9238	9650	0	0	9656	2256	662	1392	2339
1614	688	1345	3465	2454	71	2	0	0	0	945	3583	2344	2365
1696	1461	1968	1300	111	347	6	0	1	2	6181	1937	3630	2367
2638	813	2785	4677	6924	2	0	9658	9657	0	276	3476	2292	2587
>RBAK.H14INVITRO.0.P.D
98	85	251	206	497	12	269	443	291	106	283	133	45	75	10	69
128	41	36	4	0	233	7	19	18	244	30	66	189	311	454	291
217	357	69	290	3	249	225	19	195	68	166	214	216	47	20	67
61	21	148	4	4	10	3	23	0	86	25	91	54	71	20	77
>REL.H14INVITRO.0.P.D
168	16	7	6	181	266	195	28	6	30	14	210	64	98	75
6	0	0	0	10	23	13	34	56	241	276	35	67	23	46
91	310	344	342	152	41	25	51	61	22	22	27	195	161	185
90	29	4	7	12	25	122	242	232	62	43	83	29	73	49
>RELB.H14INVITRO.0.P.D
12	19	19	397	224	76	2	25	4	45	429
10	3	7	19	320	3	20	150	788	726	131
793	810	671	381	242	6	5	8	9	12	124
34	17	152	52	63	764	822	666	48	66	165
>REST.H14INVITRO.0.P.D
111	53	61	508	62	82	562	31	46	358	94	14	10	635	7	699	6	89	185	94	74	180
145	207	499	60	89	395	54	595	541	122	178	9	14	40	626	5	5	533	10	452	560	286
177	78	53	109	534	158	50	45	90	107	63	683	680	12	67	8	703	30	293	137	18	83
284	379	104	40	32	82	51	46	40	130	382	11	13	30	17	5	3	65	229	34	65	168
>RFX1.H14INVITRO.0.PM.A
455	230	61	13	90	343	2	0	2296	100	220	212	193	915	1398
627	1113	5	16	172	9	2296	2103	17	138	49	70	607	318	349
615	728	2419	5	6	2074	2	2	132	71	2176	2178	261	606	377
803	429	15	2466	2232	74	200	395	55	2191	55	40	1439	661	376
>RFX1.H14INVITRO.1.PSM.A
1882	933	50	28	2259	5381	0	3	9861	45	1294	2233	296	7873	9819	157	2432
2930	5014	7	56	77	1	9774	9589	4	55	13	41	8424	56	64	8924	2587
1785	2781	9936	8	3	4298	5	0	106	18	8675	7717	80	1858	57	92	3523
3402	1271	6	9907	7660	319	220	407	28	9881	17	8	1199	212	59	826	1457
>RFX1.H14INVITRO.2.S.C
207	183	28	0	0	3	3	0	2	305	154
147	113	317	0	0	0	0	698	154	117	146
241	255	311	731	5	0	728	32	81	133	190
136	180	75	0	726	728	0	1	494	176	241
>RFX2.H14INVITRO.0.PS.A
1520	990	106	40	802	2814	1	7	9596	860	998	2145	1384	3648
2947	3757	32	66	134	16	9067	6110	77	226	171	1098	6298	2018
1968	3350	9768	21	8	6310	11	23	71	601	8494	6419	842	2029
3542	1880	71	9850	9033	837	898	3837	233	8290	314	315	1453	2282
>RFX2.H14INVITRO.1.PSM.A
1397	38	25	629	2674	1	0	9534	440	1161	943	1773	4924	8829	768	1952
3883	43	87	54	17	9019	6936	25	91	57	373	2740	526	405	7787	2814
2833	9674	32	7	6451	6	23	110	307	8348	8400	1157	1765	218	176	3405
1675	33	9644	9098	646	762	2829	119	8950	222	72	4118	2573	336	1057	1617
>RFX3.H14INVITRO.0.PSM.A
515	285	181	0	2	20	179	0	0	2249	16	127	180	369	1342	1704	180	679	669
777	807	1064	15	1	2	3	2234	1637	2	1	4	63	779	45	213	1618	504	480
433	545	680	2237	0	0	2060	6	0	2	63	2121	2007	129	399	206	113	791	709
530	618	330	3	2252	2233	13	15	618	2	2175	3	5	978	469	132	344	281	397
>RFX3.H14INVITRO.1.PS.A
1403	825	86	7	600	1928	1	2	9552	726	979	857	2755	4629
3517	4254	12	36	200	19	9099	6611	66	252	164	778	2655	789
2181	3122	9813	17	4	7484	14	15	97	848	8692	8013	1496	2583
2845	1745	35	9886	9142	515	832	3318	231	8120	111	298	3040	1945
>RFX3.H14INVITRO.2.S.B
75	34	14	7	18	0	281	0	0	20	0	296	0	0	22	133	43
33	12	6	14	0	0	0	0	0	0	2	0	0	0	30	34	25
111	208	50	21	270	20	13	294	293	12	6	0	295	292	193	72	133
77	42	226	254	8	276	2	2	3	264	288	0	1	4	51	57	95
>RFX4.H14INVITRO.0.SM.B
1123	160	80	994	1644	5	19	8345	871	739	1582	2241	4871	6492	736	1769
3601	109	371	223	29	8544	7207	239	373	161	1235	2772	420	2009	6854	2985
3160	9323	92	68	7756	23	90	461	1381	8642	6384	762	1794	542	926	3468
1788	80	9129	8387	243	1100	2356	627	7047	130	471	3897	2587	629	1156	1450
>RFX5.H14INVITRO.0.PSG.A
41	38	22	1	1	0	38	1	1	274	2	18	1	19	249	291	1	96	40	58	88
38	61	18	0	0	3	0	247	205	1	1	0	0	154	0	0	247	51	37	34	41
175	91	169	305	0	59	258	0	56	30	5	288	305	7	56	15	4	115	206	74	136
52	116	97	0	305	244	10	58	44	1	298	0	0	126	1	0	54	44	23	140	41
>RFX6.H14INVITRO.0.P.D
106	107	2	20	47	82	0	3	586	177	13
417	76	3	110	25	38	969	615	54	8	4
224	417	994	8	3	752	3	2	175	604	977
253	400	1	862	925	128	28	380	185	211	6
>RFX7.H14INVITRO.0.SM.B
1334	460	95	119	735	1622	281	380	2809	921	827	932
1462	3004	1	0	818	69	3990	2022	476	1580	1114	1851
1758	1101	5710	0	33	3794	558	1288	1700	1146	3358	1682
1253	1242	1	5688	4221	322	978	2117	822	2160	508	1342
>RHXF1.H14INVITRO.0.SM.B
2833	3425	1644	97	0	7110	0	761	8008	3580	1662	1538	2136
2930	1966	1785	5	0	2227	0	3227	318	1275	4424	3603	2310
1643	2673	3164	9186	9334	0	0	1	62	1936	2174	2206	2340
1931	1273	2744	49	3	0	9337	5348	949	2546	1077	1990	2551
>RHXF2.H14INVITRO.0.SM.B
2953	2091	491	0	9460	0	0	9421	4386	831	1760
1721	1578	198	0	8	0	0	7	1256	3462	2450
3089	3849	8526	9467	0	0	0	3	3061	3193	3254
1705	1950	253	1	0	9468	9468	37	765	1982	2004
>RLF.H14INVITRO.0.PSGI.A
333	279	9	0	0	0	0	402	420	352
302	769	768	0	518	26	15	172	173	288
406	232	525	1317	0	0	0	305	175	355
276	37	15	0	799	1291	1302	438	549	322
>RORA.H14INVITRO.0.P.D
517	461	136	114	496	26	15	106	14	869	263	224	133
249	76	280	104	10	4	17	136	845	13	126	67	85
43	60	284	143	379	824	846	114	19	3	358	392	546
89	301	198	537	13	44	20	542	20	13	151	215	134
>RORB.H14INVITRO.0.SM.B
3329	1751	1900	2285	6044	6162	1359	235	8260	0	0	4	0	9527	2057	1206	2516
2233	2267	1756	1078	2098	409	3063	462	12	1	1	51	9896	5	2949	1963	2117
2662	4293	4355	1964	479	577	3315	1331	1720	9988	9993	71	2	457	2145	4819	3144
1771	1684	1984	4668	1374	2847	2258	7967	3	6	1	9869	97	6	2844	2007	2218
>RORG.H14INVITRO.0.M.C
2044	760	393	2674	174	169	330	1055	4519	482	34	3833	0	1	10	2	3904	1110	643	1002
417	1116	647	147	191	127	112	2859	0	893	124	1	0	0	18	4732	3	1320	739	767
775	1690	886	1798	4165	4317	472	13	34	2865	219	981	4808	4815	156	6	903	1317	2346	2017
1580	1250	2890	197	286	203	3902	889	263	576	4439	1	8	0	4632	76	6	1069	1088	1030
>RORG.H14INVITRO.1.PS.A
2399	5902	6121	1379	428	8662	0	1	5	4	9293	2417
1475	1981	345	2898	410	13	1	0	31	9794	68	3278
2093	698	809	3282	1166	1308	9963	9981	168	21	552	1790
4016	1402	2708	2424	7979	0	19	1	9779	164	70	2498
>RUNX1.H14INVITRO.0.P.D
90	82	2	0	9	3	1	1	18	308
292	514	15	1	350	3	2	42	240	50
324	46	7	998	2	993	998	39	68	188
296	360	978	3	641	3	1	920	676	456
>RUNX2.H14INVITRO.0.P.B
113	113	46	2	18	1	0	3	43	431	183
243	510	30	6	244	0	1	82	328	36	281
345	37	10	998	3	1006	1005	54	84	190	381
306	347	921	1	742	0	1	868	552	350	162
>RUNX2.H14INVITRO.1.S.B
2347	1969	692	162	265	0	11	280	1389	3297
1765	1357	1210	1	6591	0	34	45	1201	1145
2117	1813	554	9115	0	9405	9315	518	1589	2013
3181	4271	6954	132	2554	5	50	8567	5231	2955
>RUNX2.H14INVITRO.2.M.C
565	157	197	143	222	377	525	1137	392	55	8	26	1	0	3	278	2522	1161
1602	366	503	260	244	306	292	339	699	2574	2	270	0	0	50	879	171	1456
1662	4131	1663	4792	4306	907	497	245	241	48	5881	3	5893	5893	63	146	560	1781
2065	1240	3531	699	1122	4304	4580	4173	4562	3217	3	5595	0	1	5778	4591	2641	1496
>RUNX3.H14INVITRO.0.P.B
106	28	0	9	4	1	2	12	246
457	1	3	208	1	2	43	197	25
57	14	993	11	993	993	34	68	187
380	957	4	772	2	4	921	723	542
>RUNX3.H14INVITRO.1.S.B
280	248	106	2	0	1	0	0	0	22	237	91	32	25	17	7	45	164	221
379	336	298	24	0	1372	0	0	0	69	42	180	471	319	516	85	111	130	282
359	251	98	1	1490	0	1490	1490	3	7	19	522	382	994	837	940	664	217	279
472	655	988	1463	0	117	0	0	1487	1392	1192	697	605	152	120	458	670	979	708
>RUNX3.H14INVITRO.2.S.B
1312	769	60	0	0	0	0	0	414	2387	1555
1486	1429	199	0	5575	0	0	0	954	429	1296
1361	534	10	6921	0	6921	6921	0	371	889	2058
2762	4189	6652	0	1346	0	0	6921	5182	3216	2012
>RX.H14INVITRO.0.SM.B
3044	1309	2857	6050	3781	17	39	9875	9994	0	0	9649	2447	576	2378	2480
2452	2021	2231	1523	1613	4227	2237	26	2	1	43	4	1949	4470	2171	2678
1957	1398	1534	1990	2118	1193	133	97	2	0	0	333	4707	2516	4002	2459
2545	5270	3376	435	2486	4561	7589	0	0	9997	9955	12	895	2436	1447	2381
>RXRA.H14INVITRO.0.PS.A
3874	3217	5159	39	10	0	46	7220	3518	4186
2167	1054	322	14	39	4	8777	289	1839	1362
1705	4428	4009	9227	8773	103	233	1974	1236	2801
1983	1030	239	449	907	9622	673	246	3136	1380
>RXRA.H14INVITRO.1.S.C
543	923	864	1681	13	5	1	0	2389	1553	1805	454	277	267
908	667	341	27	13	9	3	2425	0	225	78	114	309	503
467	387	1031	744	2406	2377	25	11	77	65	509	1765	1575	753
549	490	231	15	35	76	2438	31	1	624	75	134	306	944
>RXRA.H14INVITRO.2.SM.B
3241	4558	787	895	731	999	8285	7963	8631	61	105	144	232	8566	3332
1429	659	621	564	874	6597	531	196	57	50	64	86	8213	155	2190
3897	3971	7684	6553	849	903	474	1266	1173	9764	8711	270	493	1097	1347
1407	786	882	1962	7520	1475	684	549	113	99	1094	9474	1036	156	3105
>RXRA.H14INVITRO.3.P.B
336	283	161	214	142	118	527	168	195	305	423	341	757	22	6	25	9	968	438	197	170
122	104	43	41	78	377	67	190	335	251	124	110	4	3	7	49	899	3	127	122	124
421	560	704	638	395	432	314	330	352	312	267	540	241	980	698	117	84	14	356	608	620
128	60	99	114	392	80	99	319	125	139	193	16	5	2	296	816	15	22	86	80	93
>RXRB.H14INVITRO.0.P.C
170	494	474	781	16	27	89	13	981	328	367	142
496	253	76	10	5	14	94	904	4	203	118	122
163	74	414	196	968	806	99	58	7	371	353	581
172	180	37	14	12	154	719	26	9	99	163	156
>RXRB.H14INVITRO.1.SM.B
2721	2447	3860	85	27	16	43	7580	6484	6112	336	239	244	304	5571	2371
1691	567	92	40	13	38	6794	4	281	205	244	248	286	5478	609	2007
1538	4102	3671	7444	7011	182	336	63	378	1214	6850	6515	944	746	1119	1290
1708	542	35	89	607	7422	485	11	515	127	228	656	6184	1130	359	1990
>RXRB.H14INVITRO.2.PS.A
2115	1999	2837	6	0	0	15	4198	1962	1901	1033
1246	570	256	4	0	2	5090	81	900	652	822
1326	2753	2292	5839	5255	63	617	1517	1034	1853	2446
1167	532	469	5	599	5789	132	58	1958	1448	1553
>RXRG.H14INVITRO.0.P.B
47	70	1	1	1	0	100	48	13	19
8	2	1	1	2	101	2	4	10	3
43	24	100	72	8	2	0	37	72	70
5	7	1	29	92	0	1	14	8	11
>RXRG.H14INVITRO.1.SM.B
2677	3859	259	180	88	221	7351	6745	7023	6	22	13	194	6584	2329	1996
1097	442	231	160	351	6025	74	62	13	12	6	63	6132	131	2060	1678
2905	3104	6896	6514	705	608	188	463	654	7649	7390	339	475	873	1021	3047
1015	289	308	840	6550	840	81	424	4	27	276	7279	893	106	2284	973
>RXRG.H14INVITRO.2.P.B
44	82	15	18	148	81	104	201	5	1	1	5	246	205	11	5	21	2	201	37	18	24	20
30	26	30	148	47	33	11	0	1	6	12	232	0	2	2	3	50	197	10	40	105	131	50
152	102	52	51	31	102	123	44	241	84	2	7	1	35	231	236	25	17	19	96	87	51	26
22	38	151	31	22	32	10	3	1	157	233	4	1	6	4	4	152	32	18	75	38	42	152
>S2A4R.H14INVITRO.0.PSG.A
96	22	1	1	0	1	0	8	1	0
76	16	303	309	2	3	286	294	8	50
57	265	4	0	308	304	19	3	300	260
81	7	2	0	0	2	5	5	1	0
>SALL1.H14INVITRO.0.P.D
228	225	248	145	93	376	57	12	42	366	39	106	95	127	175	311
158	138	121	108	257	10	1	18	209	49	5	29	20	26	336	268
447	413	432	457	533	381	923	937	733	34	919	648	813	812	317	271
167	224	199	290	117	233	19	33	16	551	37	217	72	35	172	150
>SALL3.H14INVITRO.0.PSG.A
1501	2388	2121	2584	10	7068	0	0	7006	6376	940	2024	5261	146	2424	5135	2527	3276	2134
1278	1368	1139	39	19	0	2	17	10	33	38	803	64	435	547	235	426	525	920
2296	2283	3574	141	3	0	1	4185	46	118	20	40	32	479	3273	325	286	332	400
1996	1032	237	4307	7039	3	7068	2869	9	544	6073	4204	1714	6011	827	1376	3832	2938	3617
>SALL4.H14INVITRO.0.P.D
157	440	59	7	21	291	13	113	203	115	118
355	27	2	3	91	56	10	14	7	21	403
260	201	923	964	878	9	953	584	749	771	263
227	331	15	25	9	643	23	288	40	92	215
>SATB1.H14INVITRO.0.P.D
531	310	502	636	242	446	722	348	245	642	3	0	997	990	0	914	718	188	353
91	109	86	44	94	16	37	159	72	84	593	1	0	0	0	3	69	205	105
12	31	3	17	44	46	126	108	110	174	14	1	3	0	0	76	152	62	48
366	550	409	303	620	492	115	385	573	100	390	998	0	10	1000	7	61	545	494
>SATB1.H14INVITRO.1.P.D
191	519	0	0	751	750	0	666	499	119	241	484
59	66	471	1	0	0	2	0	57	147	51	93
67	65	2	0	0	1	0	81	145	28	25	64
434	101	278	750	0	0	749	4	50	457	434	110
>SCRT1.H14INVITRO.0.PSM.A
317	308	14	0	837	837	0	837	0	0	0	128	149
126	112	3	837	0	0	837	0	0	0	0	41	158
256	82	540	0	0	0	0	0	837	837	0	505	309
138	335	280	0	0	0	0	0	0	0	837	163	221
>SCRT2.H14INVITRO.0.PSM.A
302	306	0	0	985	985	0	985	0	0	0	0	201
157	246	0	985	0	0	985	0	0	0	0	0	262
376	114	985	0	0	0	0	0	985	985	0	967	277
150	319	0	0	0	0	0	0	0	0	985	18	245
>SETBP.H14INVITRO.0.B.B
119	267	0	61	137	229	284	441	408	250	254	268	400	199
130	0	519	56	126	64	19	0	0	12	31	48	0	43
125	252	0	274	183	163	102	0	0	30	54	46	0	65
145	0	0	128	73	63	114	78	111	227	180	157	119	212
>SHOX.H14INVITRO.0.SM.B
2217	1642	1958	505	7	9881	9887	0	1	6255	3636	2312	883	3393	5888	3323	2216	3304	3111
2351	3611	2723	4924	121	2	0	1	11	19	1349	2461	2028	1511	1050	1136	1348	990	1568
3075	2864	4550	1982	1	4	0	0	29	3583	4790	2019	1564	1546	1346	1600	1457	2253	2573
2244	1770	656	2476	9758	0	0	9886	9846	30	112	3095	5412	3437	1603	3828	4866	3340	2635
>SHOX.H14INVITRO.1.S.B
2675	2114	1674	301	0	9555	9555	0	0	5497	3806	2398	1844
2249	3541	3905	4813	0	0	0	0	32	60	1664	2470	1830
2265	2777	3367	2196	0	0	0	0	28	3947	3622	1127	1695
2366	1123	609	2245	9555	0	0	9555	9495	51	463	3560	4186
>SHOX2.H14INVITRO.0.S.B
2612	3066	3597	3354	1819	1239	1937	2289	31	0	6592	6592	0	0	5978	1144	805	1645
943	259	25	60	212	549	928	947	3658	1919	0	0	0	0	0	1346	2803	2210
572	151	107	265	919	1783	2470	2675	910	0	0	0	0	0	614	4067	1626	1653
2465	3116	2863	2913	3642	3021	1257	681	1993	4673	0	0	6592	6592	0	35	1358	1084
>SHOX2.H14INVITRO.1.S.C
2076	2053	151	0	5733	5733	0	0	5733	2227	159	642	1480
1002	715	4141	2380	0	0	0	0	0	552	1513	1396	1329
1271	1824	615	0	0	0	0	0	0	2954	2273	2235	1498
1384	1141	826	3353	0	0	5733	5733	0	0	1788	1460	1426
>SIX1.H14INVITRO.0.P.B
26	2	53	133	140	4	32	8	18	142	6	72	12	13
2	2	5	4	1	89	59	11	2	0	29	65	69	62
30	139	4	1	2	8	10	20	123	1	27	6	6	34
87	2	83	7	2	44	44	106	2	2	83	2	58	36
>SIX1.H14INVITRO.1.SM.B
2890	4222	535	186	9079	122	9098	346	720	2094
2484	1074	3710	200	75	0	320	7281	2914	2263
1868	2710	909	9077	15	4	37	800	5118	2215
2222	1458	4310	1	295	9338	9	1037	712	2892
>SIX2.H14INVITRO.0.P.B
46	465	788	1034	130	309	209	232	1042	155	523	125	176
46	105	149	17	513	389	140	90	10	176	398	568	409
935	145	71	14	123	85	188	719	12	355	77	122	222
50	362	69	12	311	294	540	36	13	391	79	262	270
>SIX2.H14INVITRO.1.M.C
89	68	135	309	442	47	122	5	3	603	3	594	5	23	105
242	64	93	103	54	410	145	311	0	0	25	12	477	279	173
102	399	46	53	48	64	269	8	604	0	0	1	46	266	154
174	76	333	142	63	86	71	283	0	4	579	0	79	39	175
>SIX2.H14INVITRO.2.SM.B
2726	415	106	7539	97	9263	44	1103	1628
1920	4169	150	0	496	296	7761	3631	2892
3162	1121	9291	0	0	0	627	3989	2195
1751	3854	12	2020	8966	0	1127	836	2844
>SIX3.H14INVITRO.0.SM.B
2555	458	45	9784	5	9455	133	1129	1512
1869	3205	4	0	23	328	6550	3855	3576
3586	611	9715	0	0	0	1386	3840	2554
1775	5511	21	1	9757	2	1716	961	2143
>SIX4.H14INVITRO.1.M.C
163	205	33	69	513	0	570	0	38	58	138	206	201	192	142
210	115	247	81	25	169	4	574	280	275	96	213	203	216	210
100	178	73	417	0	0	0	0	245	25	144	51	83	93	121
101	76	221	7	36	405	0	0	11	216	196	104	87	73	101
>SIX6.H14INVITRO.0.SM.B
2828	425	23	9671	36	8657	666	1261	2019
1423	3144	1	8	22	994	6020	3743	2689
3287	879	9669	4	1	48	1302	3277	2385
2164	5254	9	19	9643	3	1714	1421	2609
>SKOR1.H14INVITRO.0.M.C
1764	1402	1588	1458	6877	3466	1203	1351	0	0	9219	9219	0	0	9219	5686	3903	2279
2390	3258	1318	2655	643	1669	5759	392	0	0	0	0	0	0	0	3518	3205	1598
2533	2778	1304	2342	509	2338	1192	3625	4201	0	0	0	0	0	0	3	815	3426
2532	1781	5009	2764	1190	1746	1065	3851	5018	9219	0	0	9219	9219	0	12	1296	1916
>SKOR1.H14INVITRO.1.S.C
625	1103	714	269	657	10	0	2490	2494	4	0	2483	1056	841	269	528
584	478	548	1471	373	4	4	8	2	2	8	3	1344	919	637	639
509	392	832	267	1225	248	3	0	2	3	1	7	27	423	901	558
780	525	404	491	243	2236	2491	0	0	2489	2489	5	71	315	691	773
>SKOR2.H14INVITRO.0.SM.B
1509	3872	2115	857	1362	0	0	7328	7328	0	0	7328	7239	1196	2215
1721	938	1493	4700	423	0	0	0	0	0	0	0	67	2618	1773
1932	951	2409	1205	2796	3417	0	0	0	0	0	0	0	2132	2318
2166	1567	1311	566	2747	3911	7328	0	0	7328	7328	0	22	1382	1022
>SMAD2.H14INVITRO.0.P.D
131	16	25	1	1	50	91	29	244	17	49	60
37	14	20	345	2	69	47	295	33	291	212	94
16	329	23	10	1	238	144	21	24	37	23	45
183	8	299	11	363	10	85	22	66	22	83	168
>SMAD2.H14INVITRO.1.P.D
98	43	110	1	12	1	5	55	74	169
244	686	15	10	52	904	0	39	266	486
315	115	1	981	77	14	2	897	441	201
343	156	874	8	859	81	993	9	219	144
>SMAD3.H14INVITRO.0.S.B
948	889	33	0	6936	0	6936	0	5076	639	1310
512	552	6848	1125	0	0	0	6936	7	735	1647
4873	717	28	4	0	6936	0	0	1701	2245	1894
603	4778	27	5807	0	0	0	0	152	3317	2085
>SMAD3.H14INVITRO.1.P.B
139	123	10	985	13	890	6	877	93
318	625	840	2	12	62	975	4	179
187	129	14	7	975	45	14	24	595
356	123	136	6	0	3	5	95	133
>SMAD3.H14INVITRO.2.P.C
553	166	86	241	35	331	61	962	38	579	46	649	163
36	27	212	33	25	242	552	0	27	160	812	50	183
250	688	667	91	925	254	265	17	916	201	101	59	497
161	119	35	635	15	173	122	21	19	60	41	242	157
>SMAD4.H14INVITRO.0.P.D
156	6	20	2	4	23	56	223
248	29	50	969	5	24	290	303
29	948	234	20	3	945	532	347
569	19	698	11	990	10	124	129
>SMAD4.H14INVITRO.1.P.D
207	256	22	43	4	6	141	221	34	743	69	134	136
438	125	20	52	997	6	210	134	907	36	762	607	251
226	48	968	146	11	2	632	381	52	95	150	71	102
150	592	11	780	9	1007	38	285	28	147	40	209	532
>SMAD5.H14INVITRO.0.M.C
1540	94	34	0	0	0	2110	814	1479	1203
1390	4040	67	166	5632	0	788	2501	2932	1890
1576	42	5531	0	0	0	2440	1929	546	1515
1126	1456	0	5466	0	5632	294	388	675	1024
>SNAI1.H14INVITRO.0.PSM.A
1045	2338	2160	76	5494	0	0	0	2	185	2923	1236
1165	534	15	5321	0	0	0	0	0	3075	628	1381
1683	1683	3148	96	0	5494	5494	0	5492	815	1021	1124
1601	939	171	1	0	0	0	5494	0	1419	922	1753
>SNAI2.H14INVITRO.0.PSM.A
2039	4402	6042	72	9988	6	1	6	102	578	4657	2172
2456	1026	54	9886	4	4	0	2	19	5844	1295	2610
2698	3067	3445	18	2	9984	9994	5	9732	867	2158	2027
2802	1500	454	19	1	1	0	9982	142	2706	1885	3186
>SNAI3.H14INVITRO.0.S.C
973	2293	2914	28	4989	0	0	0	12	381	2107
1063	538	0	4921	0	0	0	0	0	1882	738
1536	1356	2021	40	0	4989	4989	0	4977	1364	1231
1417	802	54	0	0	0	0	4989	0	1362	913
>SOLH2.H14INVITRO.0.S.C
1725	763	6996	1	0	0	0	962	2813	2271	2054
2551	7574	714	9207	0	0	2	7816	1385	2364	2345
2766	167	642	2	9210	0	9206	399	2219	1402	2318
2168	706	858	0	0	9210	2	33	2793	3173	2493
>SOX1.H14INVITRO.0.S.B
236	117	10	418	408	1	276	152	0	454	0	0	0	295	36	111	104
60	27	116	26	27	5	9	114	452	1	0	0	363	38	116	92	95
77	13	320	8	5	4	68	78	0	0	0	0	90	25	31	57	78
82	298	9	3	15	445	102	111	3	0	455	455	2	97	272	195	178
>SOX1.H14INVITRO.1.S.B
686	88	2205	0	0	23	876	297	481
605	2087	139	1	0	1874	582	840	558
394	20	46	0	0	524	423	235	456
743	233	38	2427	2428	7	547	1056	933
>SOX10.H14INVITRO.0.PSM.A
2574	3178	4441	5993	4823	5453	6862	6109	3543	2439	2711	1417	204	78	9770	21	2	14	59	425	1594	1889
2139	1546	1005	997	3302	3399	1998	447	353	508	897	1958	4897	5707	17	3	23	19	14	1102	4638	2158
3354	3504	3038	1793	919	621	448	454	2434	4410	5071	4725	3659	179	54	25	16	9832	20	875	1310	2420
1799	1638	1382	1083	822	393	558	2856	3536	2509	1187	1766	1106	3902	25	9817	9825	1	9773	7464	2324	3399
>SOX10.H14INVITRO.1.PSM.A
105	42	16	466	0	0	0	10	28	83	105
151	271	361	27	0	1	5	12	24	271	117
151	123	25	10	0	0	509	0	43	61	112
107	78	112	11	514	513	0	492	419	99	180
>SOX10.H14INVITRO.2.S.C
548	1470	162	20	21	5	12	53	81	152	236	290	359	446
651	197	403	35	17	6	2	2358	104	338	192	272	373	424
564	485	378	72	2427	22	36	38	2228	1648	743	1415	1152	910
711	322	1531	2347	9	2441	2424	25	61	336	1303	497	590	694
>SOX11.H14INVITRO.1.S.B
347	622	148	43	20	0	3	48	31	62	202	293	347
439	226	201	64	7	0	0	1473	52	190	139	206	205
411	341	660	84	1486	84	82	2	1431	1133	456	758	638
342	350	530	1348	26	1455	1454	16	25	154	742	282	349
>SOX12.H14INVITRO.0.SM.B
2090	1136	1283	8812	14	3	4	0	91	1322	1155	1421	1798	2028
2224	4017	5259	93	75	1	0	5	707	6412	2154	2352	2073	2124
2972	2568	580	255	124	0	9995	3	412	903	4638	3761	2668	3318
2713	2278	2877	839	9786	9995	0	9991	8789	1362	2052	2465	3460	2529
>SOX13.H14INVITRO.0.P.D
123	33	23	464	1	3	3	35	20	91	184	179
284	560	761	8	15	1	12	17	242	439	246	358
282	170	10	1	13	5	986	34	107	81	120	180
315	241	210	531	975	995	3	918	635	393	454	287
>SOX14.H14INVITRO.0.SM.B
4190	5483	2143	8215	6761	1157	4749	3083	823	9659	26	0	85	1445	1465
1945	1890	5897	346	482	442	593	3371	8454	1	4	0	790	386	2307
1990	509	1080	342	447	679	1999	2253	2	0	0	0	8783	180	1605
1535	1778	540	757	1970	7382	2319	953	381	0	9630	9660	2	7649	4283
>SOX15.H14INVITRO.0.P.D
23	1	116	10	4	14	28	39
179	306	24	26	5	57	9	79
85	16	5	30	6	339	12	133
124	88	266	345	396	1	362	160
>SOX17.H14INVITRO.0.PS.A
1408	1930	7669	0	0	2	1836	1367
2092	4388	19	29	8	2346	532	1722
1639	126	19	0	0	5373	515	1663
2582	1277	14	7692	7713	0	4838	2969
>SOX17.H14INVITRO.2.S.C
182	365	556	6	579	572	0	216	105	16	579	0	0	0	10	60	156	169
114	91	9	571	0	0	0	11	100	522	0	0	0	0	4	61	103	123
133	62	10	1	0	1	0	32	170	1	0	30	0	579	6	98	156	171
150	61	4	1	0	6	579	320	204	40	0	549	579	0	559	360	164	116
>SOX18.H14INVITRO.0.SM.B
763	0	0	4038	0	0	0	0	543
1008	1669	4038	0	0	0	0	0	1088
1147	2369	0	0	0	0	4038	0	881
1120	0	0	0	4038	4038	0	4038	1526
>SOX2.H14INVITRO.0.P.B
25	12	11	9	101	1	2	4	14	22	34	33
33	26	76	134	0	3	0	26	4	43	59	44
28	41	37	5	0	2	2	124	1	32	26	24
78	85	40	16	63	158	160	10	145	67	45	63
>SOX2.H14INVITRO.2.S.B
3719	887	3416	2032	61	7166	0	0	2221	2180
1093	675	882	2280	7105	0	0	0	1996	1365
768	760	780	1298	0	0	0	0	2836	859
1586	4844	2088	1556	0	0	7166	7166	113	2762
>SOX2.H14INVITRO.3.S.B
1052	998	82	706	530	18	1366	0	0	2	835	340
95	98	41	76	228	1342	0	0	0	1014	75	350
115	87	78	167	185	0	0	0	0	341	125	225
104	183	1165	417	423	6	0	1366	1366	9	331	451
>SOX21.H14INVITRO.0.S.B
2095	3305	3610	1163	4879	3271	825	3489	2132	1079	7479	1	1	563	1882	791	1497	1866
1903	1726	1391	4241	1454	2456	1015	1118	2735	6421	391	243	68	2838	1355	1722	2761	2247
1656	1222	747	1393	640	679	726	1484	896	11	42	20	6	4498	511	939	1096	1464
2290	1691	2196	1147	971	1538	5378	1853	2181	433	32	7680	7869	45	4196	4492	2590	2367
>SOX3.H14INVITRO.0.PM.A
2125	1363	331	287	9835	1	0	0	14	581	2498	2155
1929	2656	6196	5073	3	0	0	2	0	2482	3935	2519
2407	2989	2137	23	0	0	0	9981	1	820	1055	1700
3522	2975	1319	4600	145	9982	9983	0	9968	6100	2495	3609
>SOX3.H14INVITRO.1.S.C
3180	5695	5056	1331	2165	1383	2060	9937	4	1	57	2643	1079	2293
3647	1157	778	1131	1231	3979	6548	23	2	14	181	723	2774	3000
1501	1356	1291	1860	4572	2488	67	8	9	10	9734	158	2245	2490
1645	1765	2848	5651	2005	2123	1298	5	9958	9948	1	6449	3875	2190
>SOX30.H14INVITRO.0.P.C
40	6	6	125	1	3	8	1	14	148	6
55	141	200	11	97	6	26	4	28	23	147
44	63	14	12	4	5	188	3	170	22	35
88	17	7	79	125	213	5	219	15	34	39
>SOX30.H14INVITRO.1.SM.B
1832	399	718	8758	1	1	50	9	503	1733
2250	4462	5365	14	7	6	31	55	2991	3240
2599	2370	1687	26	1	0	8910	7	936	1838
2310	1760	1221	193	8982	8984	0	8920	4561	2180
>SOX4.H14INVITRO.0.PSM.A
188	152	186	212	160	113	85	6	0	0	85	0	0	0	0	3	96	77	127
165	186	125	38	36	30	83	198	490	511	0	0	0	0	0	107	346	148	142
66	61	45	78	110	244	191	131	3	0	0	0	0	562	0	1	20	110	98
143	163	206	234	256	175	203	227	69	51	477	562	562	0	562	451	100	227	195
>SOX5.H14INVITRO.0.P.D
5	2	53	0	0	1	0	1	6
44	47	0	0	1	3	0	9	36
12	1	0	0	3	61	0	5	7
4	15	12	65	61	0	65	50	16
>SOX6.H14INVITRO.0.P.D
45	57	623	2	5	4	3	10	107	136
534	701	28	17	2	33	5	307	447	254
181	18	8	36	5	938	5	118	116	117
233	217	334	938	981	18	980	558	323	486
>SOX7.H14INVITRO.0.PS.A
1163	697	975	4298	0	0	11	484	680
967	615	2611	0	0	0	0	192	288
776	1262	280	202	1910	228	4489	330	1366
1594	1926	634	0	2590	4272	0	3494	2166
>SOX7.H14INVITRO.1.SM.B
3627	5137	6824	2904	8425	6663	1064	2518	2041	638	9936	1	0	15	565	1086	2209
2169	2065	2141	6149	222	321	497	726	2810	7958	0	0	0	243	89	2525	3593
2566	1749	270	396	218	335	898	1248	2778	3	0	166	4	9680	71	1634	1985
1576	987	703	489	1073	2619	7479	5446	2309	1339	2	9771	9934	0	9213	4693	2151
>SOX8.H14INVITRO.0.PSM.A
384	416	509	329	190	196	65	9	17	742	0	0	0	0	11	103	133	169
239	242	53	17	28	79	193	559	282	0	0	0	0	0	19	505	144	214
46	25	26	74	232	321	312	92	2	0	0	0	746	0	2	26	128	123
77	63	158	326	296	150	176	86	445	4	746	746	0	746	714	112	341	240
>SOX8.H14INVITRO.1.PS.A
1850	581	884	9815	0	0	0	9	844	1531	1931
2394	5539	4670	5	0	0	0	0	1351	4595	2165
3035	2164	337	6	0	0	9912	0	513	923	2269
2633	1628	4021	86	9912	9912	0	9903	7204	2863	3547
>SOX9.H14INVITRO.0.PS.A
982	1317	1238	1128	1538	1403	898	648	574	393	117	198	2460	4	0	1	10	77	302	347	464
342	256	616	897	514	248	139	175	322	551	1254	1059	9	2	2	3	7	51	1616	462	660
618	489	297	212	181	170	424	891	1061	904	582	75	13	22	6	2496	2	42	135	843	663
558	438	349	263	267	679	1039	786	543	652	547	1168	18	2472	2492	0	2481	2330	447	848	713
>SOX9.H14INVITRO.1.PS.A
2027	911	1160	9029	0	0	37	798	1341	1685
2281	3687	4059	20	2	0	33	16	1262	2842
2356	2327	625	44	4	0	9225	13	1673	1651
2631	2370	3451	202	9289	9295	0	8468	5019	3117
>SOX9.H14INVITRO.2.S.B
2117	3507	1489	1425	5613	5256	182	23	658	6	5741	2	7	142	4183	328	1810
1023	883	185	2112	33	29	38	29	592	5138	16	15	20	2301	18	841	942
1236	743	265	2018	21	53	273	753	2604	8	10	5591	20	2290	38	929	1566
1433	676	3870	254	142	471	5316	5004	1955	657	42	201	5762	1076	1570	3711	1491
>SP1.H14INVITRO.0.P.B
348	239	94	98	3	0	13	1	3	143	37	24	47	222
164	70	2	0	0	0	944	1	2	1	6	888	584	59
252	648	640	887	980	984	1	982	776	832	920	6	72	225
221	28	249	0	2	1	27	1	204	9	22	67	282	479
>SP1.H14INVITRO.1.SM.B
1788	619	166	1	1	30	0	0	662	21	25	83	2552	3822	1959
562	478	1	1	0	7747	0	0	2	9	7076	3333	90	1357	1425
4848	3071	7658	7825	7826	0	7826	958	7161	7724	18	76	112	1412	2261
629	3659	2	0	0	50	1	6869	2	73	708	4335	5073	1236	2182
>SP1.H14INVITRO.2.P.B
163	132	241	431	323	120	124	11	6	24	9	9	129	92	86	73	302	211	226	180	143
153	154	216	107	35	2	1	0	0	834	4	5	2	23	741	557	111	128	116	157	274
497	506	330	249	523	637	796	910	916	0	903	784	762	782	17	94	216	476	504	497	393
109	130	135	135	41	163	1	1	0	64	6	124	29	25	78	198	293	107	76	88	112
>SP100.H14INVITRO.0.PSGI.A
1986	2155	3333	3328	1	0	6	131	2090	5272	3548
1197	1047	41	1323	7527	0	0	2386	1426	317	981
1170	1121	1290	1704	0	7528	7453	1	250	578	1430
3175	3205	2864	1173	0	0	69	5010	3762	1361	1569
>SP140.H14INVITRO.0.PSGIB.A
1184	1071	1249	1	0	8	1832	5804	179	1381	5059
1946	527	2752	8601	0	519	6152	587	4335	215	815
783	5985	603	0	8599	3704	137	2120	829	447	1740
4689	1019	3998	0	3	4371	481	91	3259	6559	988
>SP14L.H14INVITRO.0.PSGIB.A
158	53	786	0	0	142	106	558	273
208	261	7	793	0	59	434	1	150
156	40	0	0	793	82	127	157	141
271	439	0	0	0	510	126	77	229
>SP2.H14INVITRO.0.P.D
224	129	75	178	2	1	79	11	3	49	114	119
41	16	3	0	2	2	385	6	1	10	17	320
172	333	368	320	494	493	0	470	483	410	345	39
61	20	52	0	0	2	34	11	11	29	22	20
>SP2.H14INVITRO.1.P.D
166	198	172	128	160	275	258	227	283	109	25	171	72	44	217	215	167	149	201	213	199
335	286	236	261	296	180	158	39	30	2	0	635	30	29	49	128	395	303	155	179	171
259	281	298	332	269	289	387	468	528	744	837	0	687	747	512	446	198	216	297	375	383
104	99	158	143	139	120	61	130	23	9	2	58	75	44	86	75	104	196	211	97	111
>SP3.H14INVITRO.0.P.B
320	233	161	218	38	10	200	69	18	255	135	211
158	104	41	22	18	5	627	27	8	25	60	474
256	500	499	625	813	866	0	782	767	550	650	91
157	54	190	26	22	10	64	13	98	61	46	115
>SP3.H14INVITRO.1.S.B
2033	1863	1300	1363	24	1	1040	129	256	1522	1862
1755	1189	504	5	39	0	7098	8	380	432	1417
2816	4253	2556	7270	8476	8620	0	8433	2891	4774	3365
2053	1352	4297	19	118	36	519	87	5130	1929	2013
>SP4.H14INVITRO.1.S.B
340	308	302	91	18	20	7	10	70	492	354
254	159	80	468	0	1293	0	0	13	96	304
498	355	796	854	1399	0	1410	131	1225	549	399
325	595	239	4	0	104	0	1276	109	280	360
>SP5.H14INVITRO.0.P.D
366	212	148	154	3	2	278	21	1	356	81	244	363	144
161	133	27	2	1	9	593	3	1	13	38	616	226	208
287	579	526	839	987	982	2	965	948	599	834	55	213	550
183	73	296	2	6	4	124	8	47	29	44	82	195	95
>SP5.H14INVITRO.1.P.D
227	249	322	224	203	347	187	221	272	144	278	441	236	234	245	28	19	587	58	16	473	51	247	428	216
155	96	78	74	73	129	105	103	58	75	155	105	91	27	4	2	26	275	1	7	3	24	533	146	138
478	457	507	607	636	409	579	558	558	682	457	270	576	532	731	958	930	4	912	911	501	891	120	179	525
134	192	87	89	82	109	123	112	106	93	104	178	91	201	14	6	19	128	23	60	17	28	94	241	115
>SP7.H14INVITRO.0.P.D
347	901	997	38	100	755	51	734	91	62	24	44	240	89
13	4	2	13	39	33	466	31	22	150	214	127	77	241
17	92	4	25	163	201	82	115	754	716	343	16	172	336
627	7	1	928	702	15	405	124	137	76	423	817	515	338
>SP8.H14INVITRO.0.SM.B
1912	1676	824	126	0	0	0	0	0	1105	1670	1472
769	184	0	0	0	0	6915	0	0	60	222	2059
2642	4318	1728	6789	6915	6915	0	6915	25	5319	3130	1907
1592	737	4363	0	0	0	0	0	6890	431	1893	1477
>SP9.H14INVITRO.1.S.C
1631	1349	772	192	0	0	0	0	0	507	781	791
671	169	0	0	0	0	5921	0	0	0	227	1512
2415	3743	2149	5729	5921	5921	0	5921	9	5094	3662	1583
1204	660	3000	0	0	0	0	0	5912	320	1251	2035
>SPDEF.H14INVITRO.0.PSM.A
2910	5739	3469	210	201	0	0	9910	1157	2397	712	2947
1976	475	3696	9202	9728	0	0	2	107	1458	3264	1677
2827	635	1558	514	8	9941	9939	6	12	5641	271	3096
2228	3092	1218	15	4	0	2	23	8665	445	5694	2221
>SPDEF.H14INVITRO.1.SM.B
252	504	342	34	222	0	0	840	17	126	4	286	241	290	301	154	135	77	81	203
169	46	267	748	616	0	1	0	4	17	209	87	261	230	154	304	463	354	195	162
251	88	106	56	2	840	839	0	0	696	7	256	228	182	140	109	89	274	464	321
168	202	125	2	0	0	0	0	819	1	620	211	110	138	245	273	153	135	100	154
>SPI1.H14INVITRO.0.P.B
369	629	507	616	189	667	62	1	998	996	30	37	37	368
179	58	55	13	79	68	0	0	1	0	139	41	88	216
349	197	357	188	715	261	936	998	0	0	830	7	853	320
102	115	80	182	16	3	1	0	0	3	0	914	21	95
>SPI1.H14INVITRO.1.S.B
2408	1209	1772	104	0	7580	7485	882	1175	2551
752	952	1825	162	0	0	4	862	925	1025
2255	4166	3650	7224	7583	0	80	5451	1425	2259
2168	1256	336	93	0	3	14	388	4058	1748
>SPIB.H14INVITRO.0.P.B
745	700	679	136	654	68	1	1002	996	33	15	5	566	412	537	217
36	34	14	47	68	0	0	1	1	190	8	36	116	145	131	307
120	184	94	808	277	935	1002	0	2	779	8	960	279	318	178	310
102	85	216	12	4	0	0	0	4	1	972	2	42	128	157	169
>SPIB.H14INVITRO.1.S.C
6443	7796	8013	6478	235	3196	3	0	8799	8799	6	128	3820
467	168	38	50	210	5510	0	0	0	0	413	165	754
1117	277	79	49	8349	93	8796	8799	0	0	8379	56	1783
772	558	669	2222	5	0	0	0	0	0	1	8450	2442
>SPIB.H14INVITRO.2.SM.B
4155	3154	1686	2002	16	0	9565	9565	3	74	3260	2642
1020	1046	1098	4417	17	0	0	0	158	448	649	2762
2127	2048	5668	2917	9500	9562	0	0	9404	199	3309	2596
2263	3317	1113	229	32	3	0	0	0	8844	2347	1565
>SRBP1.H14INVITRO.0.P.B
276	31	23	727	12	12	49	6	784	7	78
63	28	718	8	499	17	7	12	10	316	442
583	35	183	183	388	897	39	909	81	206	246
12	840	10	16	35	8	839	7	59	405	168
>SRBP1.H14INVITRO.1.S.C
197	457	299	200	566	0	0	0	18	1101	81	247
299	175	23	832	0	1233	0	0	0	11	307	311
515	477	255	205	753	94	1327	0	1277	199	344	616
316	218	750	90	8	0	0	1327	32	16	595	153
>SRBP2.H14INVITRO.0.S.B
250	141	467	8	9	481	0	0	0	0	803	1	163
94	103	1	0	523	0	803	0	0	0	0	37	234
245	421	335	4	273	325	2	806	0	806	3	69	256
217	141	3	794	1	0	1	0	806	0	0	699	153
>SRBP2.H14INVITRO.1.P.B
610	406	494	350	50	122	411	260	678	59	1638	369	371
578	707	387	114	78	13	517	538	351	184	47	440	491
878	965	1332	144	2129	2202	1149	1515	26	2042	526	865	1055
276	264	129	1734	85	5	265	29	1287	57	131	668	425
>SRBP2.H14INVITRO.2.M.C
1738	4694	160	241	4425	12	97	15	8	7449	36	1600
1196	222	141	4100	6	1433	230	6	21	13	1045	2348
2803	2679	87	3287	3107	4697	7344	1	7637	157	407	1780
1934	76	7283	43	133	1529	0	7649	5	52	6183	1943
>SRF.H14INVITRO.0.PSM.A
2034	664	3214	36	1	3922	219	6160	786	7548	2043	799	500	2358
3108	2712	1423	9909	9949	206	43	391	1868	215	2138	139	787	3178
1596	3774	2965	14	1	175	0	2363	212	692	1162	8918	7334	2187
3225	2813	2361	4	12	5660	9701	1049	7097	1508	4620	107	1342	2240
>SRY.H14INVITRO.0.S.B
489	198	743	294	13	1439	0	0	34	139	102	294
378	299	376	315	1426	28	1	0	748	166	436	444
267	181	124	192	2	58	0	0	740	390	256	309
400	856	291	733	93	9	1533	1534	12	839	740	487
>SRY.H14INVITRO.1.S.B
240	291	53	316	272	19	289	138	5	426	1	0	2	6	15	66	81
98	72	317	42	34	25	54	106	416	1	0	0	29	15	45	200	122
39	21	20	18	30	27	39	25	0	0	0	0	396	14	42	30	112
50	43	37	51	91	356	45	158	6	0	426	427	0	392	325	131	112
>STA5A.H14INVITRO.0.P.D
2	38	5	62	580	483	9	936	991	402	199
21	11	1000	418	0	21	1	9	1	233	292
0	10	0	19	427	474	989	17	13	221	139
984	948	2	508	0	29	8	45	2	151	377
>STA5B.H14INVITRO.0.P.D
402	161	1	55	8	28	0	574	4	930	983	418	271
117	182	9	15	980	421	429	11	2	8	1	207	206
244	195	4	5	1	21	0	359	983	9	14	178	129
237	462	986	925	11	530	571	56	11	53	2	197	394
>STAT1.H14INVITRO.0.P.D
168	215	81	56	44	110	430	102	3	3	26	11	65	345	78	717	885	477	136	166
309	169	211	304	462	449	171	190	3	8	900	720	424	72	32	180	46	146	336	353
367	150	208	148	93	241	164	95	2	4	3	3	63	427	560	34	23	230	129	283
142	452	486	478	387	186	221	599	978	971	57	252	434	142	316	55	32	133	385	184
>STAT1.H14INVITRO.1.P.D
55	44	32	73	218	3	1	0	2	0	115	65	1	0	1	4	11	33
78	64	32	126	3	73	4	2	12	287	39	55	7	0	92	239	194	131
39	37	33	43	64	224	1	1	4	1	107	57	3	1	0	5	16	30
132	159	207	62	19	4	298	301	286	16	43	127	293	303	211	56	83	110
>STAT2.H14INVITRO.0.P.D
373	327	185	691	982	938	381	187	81	941	965	975	23	78	232	655	493	402
137	55	14	4	4	22	248	283	9	17	7	5	713	239	136	115	141	167
391	547	772	296	8	28	168	136	907	36	17	15	250	22	402	118	220	270
99	71	29	9	6	12	203	394	3	6	11	5	14	661	230	112	146	161
>STAT3.H14INVITRO.0.P.D
103	390	117	7	13	140	2	12	236	50	719	887	356
456	221	313	8	5	818	820	592	23	30	250	47	176
257	241	157	6	31	8	6	0	722	709	6	33	346
184	148	413	979	951	34	172	396	19	211	25	33	122
>STAT4.H14INVITRO.0.P.D
75	11	14	82	52	0	308	40	779	896	400
309	15	13	876	697	503	61	23	159	25	143
148	7	74	9	10	0	557	728	14	53	355
468	967	899	33	241	497	74	209	48	26	102
>STAT6.H14INVITRO.0.P.D
4	13	55	88	17	448	292	7	993	986	376	211	207
7	4	833	382	507	137	3	1	1	0	195	190	288
9	2	3	21	229	10	665	965	0	9	265	173	380
978	979	107	507	245	403	38	25	4	3	162	424	123
>STF1.H14INVITRO.0.PSM.A
2065	1216	34	9698	9895	0	0	886	179	6596	2570	1869
1977	2139	8936	1	0	0	0	1765	8397	351	2760	2276
3538	1384	786	194	0	9896	9896	195	247	2317	1319	3658
2316	5157	140	3	1	0	0	7050	1073	632	3247	2093
>SUH.H14INVITRO.0.P.D
218	45	14	66	9	0	66	3	580	500	215
110	217	355	178	8	1	3	2	0	5	181
185	233	76	330	3	583	490	580	4	72	69
72	90	140	11	565	1	26	0	1	8	120
>TAF1.H14INVITRO.0.P.D
79	395	408	143	463	60	40	1	81	55	34	88	83	77	76
270	29	61	78	53	54	7	5	482	42	71	386	112	147	287
173	144	70	330	45	30	507	567	6	419	449	47	294	296	119
55	9	38	26	16	433	23	4	8	61	23	56	88	57	95
>TAL1.H14INVITRO.0.P.D
87	65	31	84	179	213	208	209	210	335	153	663	2	991	2	942	852	121	342
499	207	57	218	253	234	259	277	281	172	426	13	0	4	15	5	16	229	227
241	154	632	505	309	297	357	312	278	347	322	17	999	2	6	8	117	593	390
174	575	281	194	260	257	177	203	232	147	100	308	0	4	978	46	16	58	42
>TAL1.H14INVITRO.1.P.D
347	206	467	397	409	78	803	1	560	289	429	442	117	408
89	249	192	116	102	730	4	37	312	32	36	48	198	210
404	458	153	314	417	198	11	969	136	9	527	284	497	288
175	102	203	188	87	9	197	8	7	685	23	241	203	109
>TAL1.H14INVITRO.2.P.D
277	604	210	295	606	687	496	16	969	22	372	90	73	86
452	128	67	178	139	75	103	971	10	116	441	35	29	241
190	128	660	519	116	169	393	21	10	811	164	48	817	370
101	160	83	28	159	89	28	12	31	71	43	847	101	323
>TBP.H14INVITRO.0.P.D
132	67	841	25	922	685	959	830	279	135
568	34	7	14	1	1	6	5	19	299
219	24	10	18	2	9	28	63	652	515
78	872	139	940	72	302	4	99	47	48
>TBR1.H14INVITRO.0.PS.A
80	69	56	60	86	162	204	432	2	1	0	0	2	3	432	303	234	182
207	194	159	113	112	108	26	1	1	0	2	0	26	9	2	31	58	72
77	81	93	115	145	102	164	16	440	448	0	449	0	399	4	45	88	81
85	105	141	161	106	77	55	0	6	0	447	0	421	38	11	70	69	114
>TBX1.H14INVITRO.0.S.B
1683	2086	3390	219	5	74	4	40	11	4387	3825	2711	1827	1506	1363
894	572	97	64	1	136	0	134	4	712	105	253	188	511	913
1470	1560	1738	5008	5385	8	5388	1486	5295	129	1017	1983	1926	1549	1932
1345	1174	167	101	1	5174	0	3732	82	164	445	445	1451	1826	1184
>TBX15.H14INVITRO.0.SM.B
1788	3336	6703	99	1	0	0	754	140	7027	3423	2219	1869
1680	677	66	291	0	2046	0	570	1882	31	1372	1664	1152
2260	2375	1054	8000	8403	0	8404	52	3916	1172	1573	3113	2856
2676	2016	581	14	0	6358	0	7028	2466	174	2036	1408	2527
>TBX18.H14INVITRO.0.M.C
1741	3065	5807	108	0	0	0	455	120	5897	3736	2395
1218	512	76	372	1	1434	0	286	750	81	675	1194
1897	1957	725	6311	6816	12	6816	105	4315	644	1273	1946
1961	1283	209	26	0	5371	1	5971	1632	195	1133	1282
>TBX19.H14INVITRO.0.PS.A
1776	1306	305	2129	3839	295	5727	919	1969	1318	5886	813	563	3	7	279	119	7363	4692	3934	2572	2015
1270	1024	480	3535	390	6701	286	4067	2151	721	269	947	68	198	1	1627	307	67	844	932	736	1563
1526	1437	265	1370	2502	269	1349	772	2274	919	948	4731	6857	83	7603	97	5798	132	838	962	910	1415
3045	3850	6567	583	886	352	255	1859	1223	4659	514	1126	129	7333	6	5614	1393	55	1243	1789	3399	2624
>TBX19.H14INVITRO.1.SM.B
3265	8843	514	140	0	0	583	130	9460	4938	4415	2459	1774
1163	72	860	5	452	0	2223	918	14	1538	904	858	1699
2413	604	7832	9579	4	9734	40	6545	232	1102	1368	1407	1663
2894	216	529	11	9279	1	6889	2142	29	2157	3048	5011	4599
>TBX2.H14INVITRO.0.SM.B
3130	4044	8102	315	7	8	14	796	570	5947	3751
1605	1043	200	337	8	245	3	429	2180	874	1805
2605	2669	1106	9076	9854	13	9844	199	3658	1728	2100
2530	2114	462	142	1	9604	9	8446	3462	1321	2214
>TBX20.H14INVITRO.0.P.C
273	208	51	63	20	180	24	29	752	131	711	91	110	224
116	94	193	83	6	231	17	3	14	581	5	23	270	208
243	377	480	18	753	143	66	741	18	57	26	579	349	86
161	114	69	629	14	239	686	20	9	24	51	100	64	275
>TBX20.H14INVITRO.1.M.C
3083	5309	821	1	7	3	755	393	6761	4105	2496
1421	438	1624	21	2276	0	605	534	337	848	1632
1986	1625	5414	8254	37	8273	385	4990	732	1598	2339
1786	904	417	0	5956	0	6531	2359	446	1725	1809
>TBX20.H14INVITRO.2.SM.B
2461	4761	797	17	3	3	609	244	7141	3429	1452	570	423	587	1233	644	5068	2359
1017	275	395	117	531	0	498	935	45	596	1372	640	1993	269	1172	1432	411	1255
2454	1942	6043	7525	12	7715	259	4041	396	2288	4161	5097	540	6420	950	3352	1217	2093
1787	741	484	60	7173	1	6353	2499	137	1406	734	1412	4763	443	4364	2291	1023	2012
>TBX21.H14INVITRO.0.PSM.A
3080	4235	9271	242	0	0	0	70	27	9834	6201	3924	2213	2101
2076	752	34	100	1	31	0	465	142	20	1061	1621	1302	2817
2395	2731	543	9516	9965	0	9969	8	9008	86	624	1820	1338	1985
2418	2251	121	111	3	9938	0	9426	792	29	2083	2604	5116	3066
>TBX3.H14INVITRO.0.PSM.A
506	965	2251	1	0	1	0	220	108	1482	615
543	209	7	29	0	48	0	138	663	128	626
754	850	206	2465	2495	0	2494	58	924	639	706
692	471	31	0	0	2446	1	2079	800	246	548
>TBX4.H14INVITRO.0.PS.A
705	1030	2365	45	0	0	1	61	68	1903	779	929	638	555
489	215	10	14	0	13	0	93	349	102	519	356	365	539
661	734	83	2405	2484	3	2483	34	1359	310	567	516	418	524
629	505	26	20	0	2468	0	2296	708	169	619	683	1063	866
>TBX4.H14INVITRO.1.S.B
2136	2988	6345	89	0	0	0	188	81	5784	2370	3408	1864	1571	1027	1712	3517	775	3839	364	619	827	1380
1361	474	19	41	2	60	0	164	899	69	1161	525	579	1245	1243	2956	1191	5165	1326	5024	3269	1176	1696
1655	1874	157	6423	6578	9	6580	35	3949	542	1106	716	530	1181	583	1310	1015	371	1069	488	934	662	1293
1428	1244	59	27	0	6511	0	6193	1651	185	1943	1931	3607	2583	3727	602	857	269	346	704	1758	3915	2211
>TBX5.H14INVITRO.0.PS.A
166	377	675	2	0	0	0	4	7	611	241	356	181
146	23	1	0	0	0	0	3	17	13	73	60	64
155	195	11	685	687	0	687	49	452	43	194	159	152
220	92	0	0	0	687	0	631	211	20	179	112	290
>TBX5.H14INVITRO.2.S.B
46	77	22	93	162	264	0	0	0	0	5	1	244	76	157	92	62	46	97	175	36	183	21	7	25	59
64	49	66	27	4	0	1	0	0	0	2	11	6	52	24	10	28	37	98	30	199	33	201	165	41	80
98	89	118	66	61	5	268	269	1	269	9	164	8	57	47	46	75	30	49	34	23	37	23	42	31	46
61	54	63	83	42	0	0	0	268	0	253	93	11	84	41	121	104	156	25	30	11	16	24	55	172	84
>TBX6.H14INVITRO.0.PSM.A
1949	3633	8431	64	0	0	0	423	214	7837	4318	3143
1987	708	62	150	0	333	0	821	2118	37	1534	1425
2308	2493	420	8824	9041	0	9041	12	4162	1035	1485	2256
2797	2207	128	3	0	8708	0	7785	2547	132	1704	2217
>TBXT.H14INVITRO.0.PS.A
498	2336	4240	120	6669	512	1914	681	6041	808	687	12	16	222	103	7645	5127	3139	1560	1353
683	2987	94	7352	87	5081	2901	519	147	1002	44	153	1	1144	375	20	773	2123	2305	2966
530	1859	2802	113	866	391	2006	498	896	4436	6877	20	7712	33	6045	44	505	646	647	1255
6025	554	600	151	114	1752	915	6038	652	1490	128	7551	7	6337	1213	27	1331	1828	3224	2162
>TBXT.H14INVITRO.1.PSM.A
2401	5772	970	1089	0	0	417	78	8956	4851	4052	2384
1508	394	1751	39	1091	0	2022	519	6	1178	1330	1257
2137	1781	5328	7931	0	9117	14	6587	151	1323	1755	1461
3071	1170	1068	58	8026	0	6664	1933	4	1765	1980	4015
>TCF20.H14INVITRO.0.B.B
145	0	702	269	0	367	334	363	82	171
188	116	0	92	0	0	2	22	49	131
200	419	0	120	0	0	0	0	0	133
169	167	0	221	702	335	366	317	571	267
>TCF21.H14INVITRO.0.PS.A
1663	2842	430	5658	2	1076	0	0	95	731	1618
1229	731	5309	4	106	4609	0	0	135	883	1446
1911	1864	192	343	4997	346	0	6031	2513	838	1722
1228	594	100	26	926	0	6031	0	3288	3579	1245
>TCF21.H14INVITRO.1.SM.B
725	124	1263	336	0	2178	0	2166	0	0	2	233	578
561	1389	13	1806	2179	0	0	13	2	0	139	453	744
520	202	897	35	0	1	13	0	0	2178	1235	105	385
373	464	6	2	0	0	2166	0	2177	1	803	1388	472
>TCF7.H14INVITRO.0.PSM.A
3196	4984	164	8029	81	1	9190	9121	8089	687	2022
1907	864	4519	104	25	8901	2	90	199	1484	2099
2202	1777	4304	193	143	374	25	27	573	6784	3871
1978	1658	296	957	9034	7	66	45	422	328	1291
>TDIF1.H14INVITRO.0.PSG.A
81	91	116	55	32	25	269	0	0	0	329	54	49	106	41	84
103	147	78	90	110	290	0	0	0	333	3	117	179	111	122	102
78	47	56	33	176	17	22	0	333	0	1	1	73	55	44	83
71	48	83	155	15	1	42	333	0	0	0	161	32	61	126	64
>TEAD1.H14INVITRO.0.PSM.A
211	572	142	943	13	139	8	16	438	179
348	28	787	29	14	3	904	879	61	105
171	343	55	11	28	82	48	1	43	577
261	48	7	8	936	767	31	95	449	130
>TEAD1.H14INVITRO.1.P.C
601	306	977	2	73	6	18	290	152	358	259	776	108
25	668	5	3	11	844	645	62	177	120	529	68	65
335	22	10	6	50	53	4	7	418	403	161	62	78
39	4	8	989	866	97	333	641	253	119	51	94	749
>TEAD1.H14INVITRO.2.S.C
51	150	59	292	1	8	0	4	101	64	148	67	297	0	13	1	4	133	99
69	8	231	1	5	3	286	254	23	71	8	229	0	0	0	294	263	51	82
75	132	3	0	0	6	3	2	32	73	136	3	2	0	6	0	0	40	42
104	9	6	6	293	282	10	39	143	91	7	0	0	299	280	4	32	75	76
>TEAD2.H14INVITRO.0.PSM.A
2203	1094	4367	543	9655	0	185	0	1	5884	2787	2878	2056
3566	5428	60	9106	0	0	0	9657	9529	154	2238	1497	3171
1814	1277	5186	6	1	0	0	0	2	1255	1421	1610	2796
2074	1858	44	2	1	9657	9472	0	125	2364	3211	3672	1634
>TEAD3.H14INVITRO.0.PS.A
151	147	499	103	956	4	58	1	2	486	112	187	187
402	405	19	862	14	1	7	975	933	45	136	364	483
177	131	424	35	22	9	33	9	0	40	634	331	247
270	317	58	0	8	986	902	15	65	429	118	118	83
>TEAD3.H14INVITRO.1.S.B
1460	3598	849	7132	2	608	33	50	2591	1901	3126	1347	6827	108	1272	196	257	2707
2467	165	6221	11	4	7	7059	6163	418	2000	214	5557	90	132	94	6545	5850	832
1202	3206	97	39	4	93	53	48	938	1609	3454	228	223	55	381	185	170	1320
2054	214	16	1	7173	6475	38	922	3236	1673	389	51	43	6888	5436	257	906	2324
>TEAD4.H14INVITRO.0.PS.A
188	566	221	977	4	63	0	12	439	125	194	215
355	17	714	10	1	1	962	842	31	100	250	376
183	387	53	1	3	42	12	3	28	550	393	312
265	21	3	3	983	885	17	134	493	216	154	88
>TEAD4.H14INVITRO.1.P.B
537	252	991	0	71	2	5	361	169	251	283	663	87	238	89	101
11	617	0	1	2	957	847	57	116	142	467	127	113	111	513	471
417	130	7	2	79	23	0	32	598	501	217	97	119	241	188	126
34	0	1	996	847	17	147	549	116	105	32	112	680	409	209	301
>TEF.H14INVITRO.0.SM.B
1943	2252	12	23	9924	0	41	20	9725	9835	317	2134	2580
2591	1327	49	12	0	5207	9	1379	119	34	3887	3633	2485
2444	6234	5	436	26	4	9899	1	65	28	1889	2821	2701
2972	137	9884	9479	0	4739	1	8550	41	53	3857	1362	2184
>TERF1.H14INVITRO.0.PSGB.A
156	595	0	0	5	14	194	267
95	3	1	0	0	120	40	178
129	155	756	757	747	0	10	187
377	4	0	0	5	623	513	125
>TET3.H14INVITRO.0.PSGIB.A
8538	0	1	10	8486	4295	1129
157	9311	4	762	12	2500	3970
491	54	9361	285	220	1249	3370
181	2	1	8310	649	1323	898
>TF2L1.H14INVITRO.0.PSM.A
2670	4412	4363	65	441	2732	186	1759	875	1652	3463	6647	6967	0	21	1526	5	2087	1520	1944
1897	948	353	8034	5813	229	644	2750	2425	2320	846	221	12	9039	7713	8	123	778	1431	2572
2589	1924	1992	705	259	5661	8183	263	943	2281	3516	860	91	22	0	7487	8933	36	633	1749
1907	1779	2355	259	2550	441	50	4291	4820	2810	1238	1335	1993	2	1329	42	2	6162	5479	2798
>TF2L1.H14INVITRO.1.P.B
419	751	526	1	20	685	2	137	84
109	29	11	975	955	2	10	311	340
404	147	222	11	2	204	982	34	45
62	67	235	7	17	103	0	512	525
>TF2LX.H14INVITRO.0.SM.B
1152	0	14	3685	13	3073	445	891
657	0	0	0	3625	0	617	980
819	204	3671	0	47	612	1519	950
1057	3481	0	0	0	0	1104	864
>TF2LX.H14INVITRO.1.SM.B
647	796	576	4	0	2232	0	2234	0	42	40	269	407	234	1063	447
575	364	298	71	0	0	2234	0	5	1840	226	173	211	1418	297	528
491	436	370	0	2234	0	0	0	2218	333	183	1484	295	245	521	616
521	638	990	2159	0	2	0	0	11	19	1785	308	1321	337	353	643
>TF2LY.H14INVITRO.0.SM.B
2958	2545	65	0	9912	0	9931	95	664	598	1764	2121	1882	3583
2072	1740	46	0	0	9969	0	99	6165	2042	1371	1647	4477	2045
2478	2194	9	9969	0	0	38	9442	2669	1354	4813	2178	1679	2287
2461	3490	9849	0	57	0	0	333	471	5975	2021	4023	1931	2054
>TF2LY.H14INVITRO.1.SM.B
467	406	4	0	1378	0	1378	0	39	3	109	207	121	607
276	228	71	0	0	1378	0	0	996	83	60	113	951	180
341	306	0	1378	0	0	0	1375	331	61	1096	148	124	385
294	438	1303	0	0	0	0	3	12	1231	113	910	182	206
>TF65.H14INVITRO.0.P.D
174	79	16	20	661	476	0	4	9	6	7	256	362
360	83	4	4	19	222	37	43	272	973	969	566	169
169	558	971	908	287	160	0	37	14	4	5	69	285
296	279	8	67	32	141	962	915	704	16	18	108	183
>TF7L1.H14INVITRO.0.PM.A
390	248	456	225	147	98	2	0	0	0	0	1057	2	7	120	214	244
255	479	255	276	573	522	1080	229	16	248	81	73	0	565	264	305	346
210	176	184	349	159	409	14	0	0	0	1049	0	0	556	27	162	230
275	227	235	280	251	101	34	901	1114	882	0	0	1128	2	719	449	310
>TF7L1.H14INVITRO.1.P.C
13	78	1	17	16	688	353	542	37	32	65	472
861	22	38	3	139	34	63	177	24	82	505	70
28	1	15	14	801	54	79	212	18	706	119	87
103	904	951	971	49	229	510	74	926	185	316	376
>TF7L1.H14INVITRO.2.S.C
1751	2112	837	4407	142	27	8	11	2	28	0	2	5238	512	927	1019	1494
1491	696	4118	924	231	6130	238	5211	6086	3488	5881	11	58	200	332	942	1547
1185	613	343	216	5429	20	5953	22	3	5	184	6157	73	263	3929	733	1378
1781	2787	910	661	406	31	9	964	117	2687	143	38	839	5233	1020	3514	1789
>TF7L2.H14INVITRO.0.P.D
81	83	4	17	1	12	26	862	301	27	100	98
325	565	883	35	41	1	147	10	8	508	182	331
369	184	39	0	9	3	802	23	25	451	56	235
226	169	75	949	950	985	26	106	667	15	663	337
>TFAP4.H14INVITRO.0.PSM.A
2361	2085	0	7064	0	0	0	0	2746	28	1771	1721
1579	1988	7064	0	0	7064	0	0	0	25	2010	1789
1868	766	0	0	7064	0	0	7064	145	57	1074	1667
1256	2225	0	0	0	0	7064	0	4173	6954	2209	1887
>TFCP2.H14INVITRO.0.SM.B
689	1099	3026	895	2259	1791	2095	3746	6048	5554	19	400	2762	174	2155	1348	1767	4286	6961	6513	0	77	2277	11	2707	2049
6505	5014	1021	1081	2479	2114	2593	1367	557	160	9235	6632	149	472	1734	1651	2677	1112	278	16	9749	7591	13	139	857	1468
1431	939	4691	7302	885	1096	1879	2916	1600	1389	523	181	6579	9242	140	588	1516	2918	1242	705	142	18	7542	9750	78	671
1275	2848	1162	622	4277	4899	3333	1871	1695	2797	123	2687	410	12	5871	6313	3940	1584	1419	2666	9	2214	68	0	6258	5712
>TFCP2.H14INVITRO.1.SM.B
3294	5663	5061	63	618	3080	250	2737	1710	2226	4354	7480	7552	1	35	2189	8	3075	2199	2348
1906	759	312	8837	6134	309	810	2593	2421	2271	779	145	5	9809	7795	0	288	962	1701	2581
2589	1646	1822	676	303	5812	8689	279	902	2060	3237	821	108	6	13	7572	9519	50	653	1695
2027	1748	2621	240	2761	615	67	4207	4783	3259	1446	1370	2151	0	1973	55	1	5729	5263	3192
>TFCP2.H14INVITRO.2.S.C
583	1663	1231	2422	2388	0	0	76	0	878	530	506	573
531	212	224	11	0	2475	2416	0	7	111	317	785	674
605	275	664	9	0	0	0	2399	2468	9	112	274	394
756	325	356	33	87	0	59	0	0	1477	1516	910	834
>TFDP1.H14INVITRO.0.P.D
274	136	102	4	46	38	16	73	717	551	345
186	139	232	49	925	12	171	83	88	129	231
334	551	651	931	3	924	798	815	143	253	290
198	166	7	8	18	18	7	21	44	59	126
>TFE2.H14INVITRO.0.PS.A
2336	2068	2120	4193	5211	4	9390	0	0	0	0	138	2318	2393
1875	1941	1522	2408	554	9386	0	9323	9382	0	1	3986	1604	2998
2931	2842	3199	730	3520	0	0	64	8	0	9389	2118	2365	1834
2248	2539	2549	2059	105	0	0	3	0	9390	0	3148	3103	2165
>TFE3.H14INVITRO.0.PSM.A
2364	3615	19	0	9372	0	2	8	4	1917	1966
2294	770	313	9372	0	9372	0	93	1	3679	2156
2913	4932	1603	0	0	0	9370	0	9333	2438	2151
1801	55	7437	0	0	0	0	9271	34	1338	3099
>TFEB.H14INVITRO.0.SM.B
2794	1946	2927	0	0	9308	0	0	1	6	3323	1298	2209
1643	2303	384	2	9308	0	9307	0	2	0	2956	2270	2198
2824	3422	5950	39	0	0	0	9308	2	9287	1964	2142	2323
2047	1637	47	9267	0	0	1	0	9303	15	1065	3598	2578
>TFEB.H14INVITRO.1.P.C
326	64	3	924	10	725	141	3	504	151
122	109	998	22	939	51	10	7	225	422
522	83	3	2	34	219	76	989	204	110
36	750	2	58	23	11	779	7	73	323
>TFEC.H14INVITRO.0.M.B
2496	3832	4262	1587	0	0	9905	0	6037	0	0	9377	142
2847	1423	773	0	0	9905	0	9840	1	0	1	179	6859
2100	2073	4125	8318	0	0	0	0	3867	0	9904	184	202
2462	2577	745	0	9905	0	0	65	0	9905	0	165	2702
>TFEC.H14INVITRO.1.SM.B
2029	2953	3104	2258	0	0	9113	0	0	0	0	8566	159
2202	1291	346	2	0	9113	0	9113	0	0	0	245	3651
2590	2360	4737	6853	0	0	0	0	9113	0	9113	223	549
2292	2509	926	0	9113	0	0	0	0	9113	0	79	4754
>TGIF1.H14INVITRO.0.PSM.A
55	2	931	11	950	108	174	177
17	22	6	984	10	157	380	270
29	995	79	21	32	665	268	228
919	1	4	4	28	90	198	345
>TGIF1.H14INVITRO.1.S.B
156	155	166	0	0	494	0	511	6	78	19	50	43	41	360	152	171
98	73	110	0	0	0	511	0	11	227	56	27	44	347	26	151	111
121	143	57	0	511	0	0	0	440	169	26	380	30	51	63	56	102
136	140	178	511	0	17	0	0	54	37	410	54	394	72	62	152	127
>TGIF2.H14INVITRO.0.S.B
816	820	897	19	0	2472	2	2493	3	114	133	270	308	170	1296	535
517	415	343	8	0	0	2497	1	36	1870	191	151	231	1790	359	759
645	569	269	6	2499	6	0	5	2394	427	114	1866	241	222	403	592
521	695	990	2466	0	21	0	0	66	88	2061	212	1719	317	441	613
>TGIF2.H14INVITRO.1.PSM.A
2474	16	0	9360	0	9360	922	1285
1750	35	0	0	9360	0	1077	3087
2009	4	9360	0	0	0	5362	2857
3127	9305	0	0	0	0	1999	2131
>THA.H14INVITRO.0.P.B
70	74	14	11	6	14	108	27	34	11	32	115	9	8	63	7	124	18
24	5	5	6	26	97	10	34	47	29	18	7	1	0	21	120	2	69
40	63	122	116	29	22	20	39	45	4	92	30	135	142	3	16	17	37
20	12	13	21	93	21	16	54	28	110	12	2	9	4	67	11	11	30
>THA.H14INVITRO.1.PS.A
95	263	721	4	3	315	15	963
251	145	2	0	0	68	946	7
58	538	249	972	965	35	10	5
576	34	8	4	12	562	9	5
>THA.H14INVITRO.2.S.B
700	112	114	82	105	827	4	874	1357	0	0	41	1	1335	253	290
137	1091	1131	284	482	101	119	69	0	0	0	0	1358	1	601	289
143	65	51	49	253	276	7	408	6	1363	1363	0	2	27	82	569
383	95	67	948	523	159	1233	12	0	0	0	1322	2	0	427	215
>THAP1.H14INVITRO.0.P.D
45	39	63	36	12	18	268	27	28	28	15	45	82	74	53	84	105	27	24	4	35	216	105
76	237	221	53	332	360	66	63	209	73	110	81	96	131	66	147	180	25	56	63	319	18	80
243	86	97	274	57	10	35	46	96	46	8	137	189	79	65	134	22	276	307	317	29	117	182
45	47	28	46	8	21	40	273	76	262	276	146	42	125	225	44	102	81	22	25	26	58	42
>THB.H14INVITRO.0.P.B
295	521	68	117	16	49	796	162	175	33	242	763	5	4	283	66	823
150	15	12	10	122	704	43	310	384	298	209	11	1	6	175	765	44
436	450	859	729	170	119	102	227	181	84	490	216	976	934	85	95	77
119	14	61	144	692	128	59	301	260	585	59	10	18	56	457	74	56
>THB.H14INVITRO.1.PSM.A
905	141	1517	2401	0	0	126	88	2225	614
360	271	251	3	0	0	2	2206	54	740
577	137	597	20	2433	2433	51	97	117	344
591	1884	68	9	0	0	2254	42	37	735
>THB.H14INVITRO.2.SM.B
4296	464	326	266	379	8999	8287	9223	2	5	6	56	8058	2472
695	593	464	571	8151	202	72	8	4	2	31	8547	117	2549
4270	8242	8092	652	451	329	837	547	9771	9423	341	213	1487	1593
518	480	897	8290	798	249	583	1	2	349	9401	963	117	3165
>THB.H14INVITRO.3.S.C
205	115	91	120	225	208	227	7	51	192	218	398	4	489	682	0	0	0	1	672	115	99
171	91	116	81	28	184	368	453	336	61	224	71	7	11	0	1	0	0	680	1	266	182
123	249	155	223	196	264	50	8	18	80	113	166	1	171	0	681	682	0	1	9	58	230
183	227	320	258	233	26	37	214	277	349	127	47	670	11	0	0	0	682	0	0	243	171
>TIGD3.H14INVITRO.0.PSGIB.A
1272	160	8774	16	30	5	8387	12	268	200	8769	6699	2235	220	1770	3310	4306
2158	324	2	8	185	8782	27	1660	2702	7	1	36	3792	8327	24	838	1163
1318	172	8	0	8369	1	265	7101	3986	8	13	42	2721	211	6976	2627	188
4046	8138	10	8770	210	6	115	21	1838	8579	11	2017	46	36	24	2019	3137
>TIGD4.H14INVITRO.0.SGI.A
4740	7631	115	2	3	1	23	1948	0	9248	4579	64	6718	1109	724	7279	5433	1360
906	1037	9112	8714	8671	7884	219	58	2	1	865	966	16	5170	2678	1068	2630	5814
2508	547	3	0	4	1309	8996	22	0	2	3285	323	2526	981	5831	634	486	927
1113	52	37	551	589	73	29	7239	9265	16	538	7914	7	2007	34	286	718	1166
>TIGD5.H14INVITRO.0.PSGI.A
2616	1330	1187	558	520	1259	1976	355	8798	226	9156	6779	664	1180	949	1330
3073	5086	5423	5251	4915	2231	2337	209	15	160	4	1294	7916	560	7421	2130
1839	1264	648	767	2091	3438	1080	74	184	13	1	1087	564	7375	436	2594
1714	1562	1984	2666	1716	2314	3849	8604	245	8843	81	82	98	127	436	3188
>TIGD7.H14INVITRO.0.SGIB.A
117	209	57	39	4	1	151	79	5	482	419	31	8	6	51	14	375	142	110
180	56	235	172	186	414	80	194	83	0	2	20	29	465	20	65	89	319	121
81	50	71	26	24	31	78	105	20	0	3	4	3	4	426	315	11	17	52
122	185	137	263	286	54	191	122	392	18	76	445	460	25	3	106	25	22	217
>TLX2.H14INVITRO.0.SM.B
2269	962	393	6608	8655	0	0	8655	2466	611	1168	2041
2182	2656	3036	376	0	0	0	0	652	3560	2001	2301
2243	2750	599	1643	0	0	0	0	5506	2339	3052	1964
1961	2287	4627	28	0	8655	8655	0	31	2145	2434	2349
>TLX3.H14INVITRO.0.SM.B
762	418	421	22	0	2243	2244	195	144	1025	550	444
352	1152	450	176	12	0	0	391	195	36	636	624
504	292	1278	41	0	1	0	195	743	1146	696	591
626	382	95	2005	2232	0	0	1463	1162	37	362	585
>TPRX1.H14INVITRO.0.PSGIB.A
2551	1553	3575	5357	2612	2057	651	0	7539	0	46	7515	2400	1185	1777
1644	976	860	589	711	3803	546	2	41	0	82	5	1211	3299	1752
1350	865	1116	554	1235	1215	6232	7578	0	0	3	11	1710	2079	2168
2035	4186	2029	1080	3022	505	151	0	0	7580	7449	49	2259	1017	1883
>TRPS1.H14INVITRO.0.P.D
70	257	0	392	6	296	222	51
129	6	0	2	3	2	12	128
152	4	395	0	1	7	113	188
44	128	0	1	385	90	48	28
>TSH2.H14INVITRO.0.SG.A
36	303	0	0	171	301	296	0	1	5	302	278	4	1	137
261	0	0	301	1	0	1	1	4	0	0	23	2	298	1
4	0	2	1	131	1	5	0	298	298	0	1	0	2	165
2	0	301	1	0	1	1	302	0	0	1	1	297	2	0
>TTF1.H14INVITRO.0.PS.A
82	42	28	150	37	458	3	9	494	2	179	248	34	56	60
22	22	30	180	52	35	486	468	0	2	175	35	35	236	302
358	431	191	49	286	5	3	15	1	490	88	43	423	99	20
38	5	251	121	125	2	8	8	5	6	58	174	8	109	118
>TWST1.H14INVITRO.0.P.D
383	26	684	3	83	2	1	9	205	173	61	47	303	620	0	58	456	173
150	670	3	27	569	0	1	79	81	61	221	266	265	26	22	91	17	80
140	7	8	134	48	0	697	418	45	60	81	74	83	40	36	33	28	331
31	1	9	540	4	702	5	198	373	410	341	317	53	18	646	522	203	120
>TWST1.H14INVITRO.1.P.D
242	231	255	333	479	49	966	17	178	5	1	17	281	288	100	63
229	275	305	265	275	946	6	45	707	3	1	130	75	104	343	351
271	266	224	263	180	2	7	192	107	0	986	559	58	79	90	107
258	228	216	139	66	3	21	746	8	992	12	294	586	529	467	479
>TWST2.H14INVITRO.0.P.D
126	550	152	382	99	70	129	176	278	333	198	4	975	1	602	8	0	23	92
625	88	207	412	153	96	200	309	268	156	574	989	1	128	377	4	4	136	222
143	152	430	161	70	669	521	295	219	256	222	0	3	797	12	0	988	300	415
101	205	206	40	673	160	145	215	230	250	1	2	16	69	4	983	3	536	266
>TWST2.H14INVITRO.1.P.D
272	144	3	987	0	629	1	0	11	43
131	630	992	1	93	356	5	0	111	165
309	213	0	3	891	5	2	995	283	452
283	8	0	4	11	5	987	0	590	335
>TYY1.H14INVITRO.0.PSM.A
171	824	802	254	918	0	0	1	34	34	79	83
544	17	34	193	1	0	1	1	860	140	81	725
104	80	25	441	6	3	923	916	2	613	703	42
106	4	64	37	0	922	1	7	29	138	62	75
>TYY1.H14INVITRO.1.S.B
2232	3811	3101	5982	9031	1	4	22	899	780	1463
2571	1062	1744	1054	2	0	0	3	6907	1701	1569
2278	2673	1026	1490	158	4	9195	9084	335	5376	4497
2118	1653	3328	673	8	9194	0	90	1058	1342	1670
>TYY2.H14INVITRO.0.PS.A
2741	5604	4213	4876	9808	2	3	4	204	144	650	2108
3097	809	1451	1511	11	22	0	13	9569	363	387	2882
1956	2143	1235	2175	73	6	9899	9877	31	8884	7870	2041
2108	1346	3003	1340	10	9872	0	8	98	511	995	2871
>TYY2.H14INVITRO.1.SM.B
2361	1366	9230	9370	8673	9792	8	24	52	312	262	334	2678	1900
2357	5570	153	105	109	10	7	25	51	9295	2449	265	4745	3950
1505	1069	380	312	1081	103	43	9872	9759	145	6787	8920	1077	1771
3704	1922	164	140	64	22	9869	6	65	175	429	408	1427	2306
>TZAP.H14INVITRO.0.P.D
336	121	486	179	236	253	21	1	0	0	9	369	529	261
327	356	285	412	36	204	139	983	992	1000	12	24	60	263
132	351	89	143	621	473	29	12	1	0	0	313	398	386
206	173	141	267	108	71	812	5	8	1	980	295	14	91
>UBIP1.H14INVITRO.0.SM.B
1710	3800	6876	7846	0	43	2479	22	2864	1634	1738	3747	6146	5838	34	609	3270	301	3151	2129	2281
2231	1481	329	2	9774	7973	23	349	1355	1669	3327	1697	636	257	9145	6225	261	944	2968	2506	2969
3520	2831	1315	249	28	4	7264	9432	23	442	1316	2685	1688	1746	459	206	5625	8527	287	962	2166
2343	1692	1284	1707	2	1784	38	1	5562	6059	3423	1675	1334	1963	166	2764	648	32	3398	4207	2388
>UNC4.H14INVITRO.0.S.B
1566	1193	4587	6352	1149	184	785	7254	7733	0	0	7367	1908	821	1536
2075	1002	654	384	690	1607	1862	18	0	0	9	25	1543	2932	2175
2034	1056	1579	563	826	890	602	499	39	0	4	259	3675	2429	2465
2097	4521	952	473	5107	5091	4523	1	0	7772	7759	121	646	1590	1596
>UNC4.H14INVITRO.1.S.B
2311	1031	413	8679	9443	0	0	9443	3149	1524	1146	2091
1904	1854	3282	82	0	0	0	0	679	2759	2265	2265
2165	2438	594	672	0	0	0	0	5574	2154	2501	2298
3063	4120	5154	10	0	9443	9443	0	41	3006	3531	2789
>USF1.H14INVITRO.0.PSM.A
2304	3261	1860	2264	56	1	9933	0	2110	19	4	4789	705
2730	1289	1993	82	197	9924	0	9259	52	90	4	987	2904
2879	2804	4739	7563	201	8	0	198	7771	10	9866	2869	1920
2020	2579	1341	24	9479	0	0	476	0	9814	59	1288	4404
>USF2.H14INVITRO.0.PSM.A
2194	3166	2203	3136	44	0	9929	0	2901	13	7	5551	485	2726
2669	1080	1288	86	197	9927	0	9758	57	28	2	1131	4192	2628
2632	2516	4761	6679	96	2	0	31	6971	3	9885	1841	1144	2037
2434	3167	1677	28	9592	0	0	140	0	9885	35	1406	4108	2538
>USF3.H14INVITRO.0.PSGIB.A
3119	1845	2607	361	0	9093	0	0	0	0	59	252
690	456	1624	5663	9093	0	9093	0	0	0	0	605
2913	5755	4605	341	0	0	0	9093	0	9093	8933	5424
2371	1037	257	2728	0	0	0	0	9093	0	101	2812
>VAX1.H14INVITRO.0.SM.B
2194	1719	370	4453	9907	0	0	9873	3261	663	1648	2434
3160	3349	2524	4906	29	2	19	1	1792	4214	2521	2789
2881	3549	211	471	38	0	2	63	4634	2642	3592	2238
1739	1357	6869	144	0	9972	9953	37	287	2455	2213	2513
>VAX2.H14INVITRO.0.SM.B
2363	1475	984	33	5659	9048	0	0	9048	2564	296	1488	2162
1939	3056	3220	1054	3319	0	0	0	0	920	3930	1857	2401
2905	3294	4165	27	58	0	0	0	0	5459	2209	4066	2161
1841	1223	679	7934	12	0	9048	9048	0	105	2613	1637	2324
>VDR.H14INVITRO.0.PS.A
123	83	402	4	0	11	2	565	64	121	94	321	34	19	82	45	432
160	41	4	0	2	6	706	14	106	136	99	28	16	15	25	508	78
177	583	313	720	33	26	2	138	78	155	475	355	655	134	100	53	151
266	19	7	2	691	683	16	9	478	314	58	22	21	558	519	120	65
>VDR.H14INVITRO.1.PS.A
228	321	5	2	7	8	970	155
15	0	0	5	22	957	12	225
745	676	994	290	49	8	9	204
12	3	1	703	922	27	9	416
>VENTX.H14INVITRO.0.SM.B
2379	884	3139	8772	0	0	9145	3644	785	2710
2797	4114	3754	350	1	2	386	796	4483	1804
2391	767	2417	394	0	1	27	4555	2224	3138
2013	3815	270	64	9579	9577	22	585	2088	1928
>VENTX.H14INVITRO.1.S.C
447	464	182	316	1136	1641	1	167	295	6	9	1749	6	1663	463	203	196	925
420	542	888	80	370	28	2	3	0	0	1747	1	0	8	274	153	882	186
445	438	224	300	149	36	1	0	0	1750	0	6	0	65	48	687	171	264
444	312	462	1060	101	51	1752	1586	1461	0	0	0	1750	20	971	713	507	381
>VEZF1.H14INVITRO.0.P.D
164	174	241	9	23	447	5	5	70	23	96
52	58	4	2	0	447	1	3	1	2	371
718	757	746	984	974	11	977	978	923	968	497
65	10	8	4	2	94	16	13	5	6	35
>VEZF1.H14INVITRO.1.P.D
311	239	226	295	312	200	400	304	75	28	704	27	178	251	240	314	409	277	240	372	394	300	249
89	56	74	96	79	107	50	35	13	213	89	12	42	39	36	214	135	64	123	87	104	61	111
477	594	654	522	533	633	470	622	876	728	19	924	695	674	646	410	369	559	532	449	415	509	494
124	112	47	88	77	61	81	40	37	32	189	38	86	37	79	63	88	101	106	93	88	131	147
>VSX1.H14INVITRO.0.SM.B
2002	825	60	8437	8621	0	0	8617	482	87	1106	2771
2270	3885	1338	85	0	0	0	0	366	6872	3278	2250
2959	1997	41	99	0	0	0	4	7683	900	1890	1292
1390	1914	7182	0	0	8621	8621	0	90	762	2347	2308
>VSX1.H14INVITRO.1.SM.B
159	133	138	31	0	749	749	0	0	744	30	3	29	314	396	218	142
196	283	181	506	41	0	0	0	0	0	42	634	322	213	179	164	131
173	131	383	107	1	0	0	0	0	5	672	77	73	48	97	67	112
221	202	47	105	707	0	0	749	749	0	5	35	325	174	77	300	364
>VSX2.H14INVITRO.0.PSM.A
1963	828	129	9781	9856	0	0	9746	78	23	1013	2994
3249	5348	512	5	0	0	0	0	276	9089	4554	2439
3403	2154	30	69	0	0	0	110	9500	530	895	1880
1241	1526	9185	1	0	9856	9856	0	2	214	3394	2543
>VSX2.H14INVITRO.1.S.B
302	320	22	0	1477	1477	0	0	1470	32	12	103	914	963	341	310	654
457	248	1150	7	0	0	0	0	0	14	1261	722	211	222	175	173	182
460	803	135	0	0	0	0	0	7	1431	40	90	66	67	60	90	260
258	106	170	1470	0	0	1477	1477	0	0	164	562	286	225	901	904	381
>WT1.H14INVITRO.0.P.D
5	21	19	3	3	159	4	19	84	52
0	1	1	0	2	4	0	1	17	26
157	72	144	160	160	0	160	115	58	54
3	71	1	2	0	2	1	30	6	33
>WT1.H14INVITRO.1.P.D
184	304	283	178	70	196	34	63	116	2	6	881	22	97	323	298	269	253	177	213	221
200	193	218	135	110	400	4	6	2	6	2	85	5	15	176	124	198	199	180	180	233
515	394	412	322	787	61	930	570	869	984	986	9	953	708	429	431	420	408	527	459	423
96	104	82	360	28	338	27	356	8	3	1	20	15	175	67	142	108	135	111	143	118
>XBP1.H14INVITRO.0.PS.A
2057	1688	3947	1300	393	9868	16	102	382	1081	947	1982
2291	1577	1882	968	1136	5	9842	22	688	786	569	4472
2570	5117	2976	792	6982	56	31	9725	185	7386	4203	1512
3012	1548	1125	6870	1419	1	41	81	8675	677	4211	1964
>XBP1.H14INVITRO.1.M.B
816	216	105	1260	2	17	1981	0	84	211	591	427	203	505
224	428	247	306	6	0	0	1621	14	670	250	263	1262	509
697	636	1583	407	14	1949	2	103	1533	46	948	743	265	680
246	703	48	10	1961	17	0	259	352	1056	194	550	253	289
>YBOX1.H14INVITRO.0.SM.B
1564	1047	347	91	4327	382	0	7086	0	0	1449	1837	1310
2225	3014	606	958	116	6697	7043	0	763	7091	3415	2127	2431
1308	688	5444	29	15	0	0	0	0	1	311	557	1191
1995	2343	695	6014	2634	13	49	6	6329	0	1917	2571	2160
>Z280A.H14INVITRO.0.P.D
148	395	265	268	166	67	922	32	757	860	352	386	225	674	515
283	198	452	21	53	846	1	30	94	6	4	19	275	103	28
168	60	202	190	761	32	17	939	153	123	642	544	385	19	430
415	361	95	535	34	69	74	13	10	25	16	65	129	218	41
>Z286B.H14INVITRO.0.PSG.A
4564	2717	482	309	7792	7891	76	170	7773	264	1328	452	1987	2542	624	1336	3429
1252	671	394	292	212	251	1577	69	203	305	5264	3320	901	4602	6536	5261	839
1141	3943	7106	1590	190	120	217	8042	157	7372	841	410	504	614	492	779	3206
1430	1056	405	6196	193	125	6517	106	254	446	954	4205	4995	629	735	1011	913
>Z324A.H14INVITRO.0.P.D
356	241	156	575	43	16	548	804	722	18	21	774	99	10	70	61	53	165	182	209	100	75	125	196
152	101	73	190	90	570	89	120	26	852	857	71	29	936	846	166	151	82	230	644	184	137	388	568
383	334	396	209	40	149	322	41	208	37	25	64	83	34	19	24	67	371	424	65	48	472	364	81
107	322	373	24	825	263	39	33	42	91	95	89	787	18	63	747	727	380	162	80	666	314	121	153
>Z354A.H14INVITRO.0.P.D
51	27	24	475	198	222	54	13	551	26	4	17	570	5	570	10	3	2	574	426	35	81	48
57	33	67	74	14	73	427	619	43	35	11	54	81	502	11	24	13	66	40	19	16	11	77
29	20	32	66	390	96	30	4	39	17	10	8	14	14	64	23	26	10	44	115	5	546	40
539	596	553	61	74	285	165	40	43	598	651	597	11	155	31	619	634	598	18	116	620	38	511
>Z518B.H14INVITRO.0.PSG.A
188	130	183	103	214	18	0	942	2	573	172	182	53	0	0	968	1
134	225	188	502	8	0	1	1	0	1	92	198	229	968	41	0	659
399	194	164	179	117	951	2	26	966	296	151	364	1	1	0	0	1
248	420	434	185	630	0	966	0	1	99	554	225	686	0	928	1	308
>Z585A.H14INVITRO.0.P.D
491	564	522	498	523	523	548	531	623	719	473	699	295	979	471	603	904	116	743	106	847	289	540
126	78	138	156	156	156	113	112	69	50	30	54	12	8	15	84	44	680	47	22	17	234	142
270	222	244	226	197	189	245	220	258	160	254	218	689	13	511	26	31	27	129	866	61	440	169
116	139	99	123	127	135	97	140	53	74	246	32	7	3	6	290	24	180	84	9	78	40	152
>Z585B.H14INVITRO.0.P.D
34	960	21	21	20	18	17	953	43	25	973	25	27	739	850	931	818	995	858	7	13	48	6	19
13	8	2	7	854	867	131	6	0	1	5	0	2	20	111	13	10	3	3	29	1	14	29	15
946	23	970	963	16	13	22	36	956	969	17	967	961	236	14	14	155	2	126	11	982	897	15	18
7	9	7	9	110	102	830	5	1	5	5	8	10	5	25	42	17	0	13	953	4	41	950	948
>Z587B.H14INVITRO.0.SG.A
1509	2965	1200	121	185	7029	1	8110	21	0	32	2228	1057	1301
1249	1807	4471	479	252	242	7979	0	4462	13	7	755	4221	1124
4487	806	1156	7429	7081	799	4	3	3238	0	8073	4359	2728	1616
868	2535	1286	84	595	43	129	0	392	8100	1	771	107	4072
>Z705E.H14INVITRO.0.P.D
20	73	14	434	3	484	10	14	3	484	8	469	6	47	9	454	3	489	3	19	16
3	1	2	2	0	3	5	3	8	0	1	0	0	2	4	4	5	1	19	12	2
473	420	483	63	497	11	476	481	486	12	488	31	494	449	485	40	488	8	475	465	480
4	6	1	1	0	2	9	2	3	4	3	0	0	2	2	2	4	2	3	4	2
>Z705G.H14INVITRO.0.P.D
9	45	18	21	41	2	72	3	7	32	4	2	47	4	2	8	4	37	6	4	10	27
32	7	7	20	18	3	4	3	1	1	0	0	30	2	10	32	34	5	27	14	43	9
22	6	12	7	11	69	2	48	67	1	0	35	0	0	1	13	23	27	10	10	4	28
18	23	44	33	11	7	3	27	6	47	77	44	4	75	68	28	20	12	38	53	24	17
>Z780A.H14INVITRO.0.P.D
192	133	515	62	25	71	938	10	19	122	491	37	76	78	411	192	106	46	413	479	81	76
124	411	71	19	39	856	1	2	114	581	61	70	110	301	108	95	44	255	369	36	30	338
326	140	135	851	866	17	12	933	796	82	285	772	282	108	121	513	784	632	58	416	797	443
315	273	236	25	27	13	6	12	28	172	120	78	489	470	317	157	23	24	117	26	49	100
>Z780B.H14INVITRO.0.PSGI.A
213	206	40	5	1	5	0	52	475	470	378	206
162	135	674	2	1	793	0	8	89	59	89	320
189	407	29	2	796	0	0	562	111	128	154	151
234	50	55	789	0	0	798	176	123	141	177	121
>ZBED1.H14INVITRO.0.S.B
1586	645	3361	64	44	286	1	8	5874	6	5785	162	2570	1533
1924	202	63	92	5745	22	5787	1	4	3645	20	653	775	1906
1441	333	2413	58	34	5572	23	5875	6	8	16	561	1729	1408
933	4704	47	5670	61	4	73	0	0	2225	63	4508	810	1037
>ZBED2.H14INVITRO.0.PSGIB.A
234	16	0	796	767	393	28	81	193
221	779	0	0	0	321	678	335	214
143	2	796	2	2	4	38	25	174
201	2	3	1	30	81	55	358	218
>ZBED4.H14INVITRO.0.SGIB.A
62	113	263	70	2	242	17	366	335	0	19	340	180	182	154	80	95	226	161	95
114	95	43	232	385	23	1	16	92	450	439	19	45	99	145	182	131	58	154	191
241	208	69	33	4	170	442	25	5	0	1	73	205	92	58	141	186	131	107	75
43	44	85	125	69	25	0	53	28	10	1	28	30	87	103	57	48	45	38	99
>ZBED5.H14INVITRO.0.PSGIB.A
202	94	0	3	256	643	2	99	78	120
140	370	0	2	169	1	634	483	357	215
198	81	649	630	13	3	9	16	76	121
109	104	0	14	211	2	4	51	138	193
>ZBT12.H14INVITRO.0.P.D
379	309	102	48	72	703	6	960	899	21	171	118
144	244	338	787	134	10	2	29	7	962	626	500
385	323	131	61	79	282	991	6	66	11	76	83
92	124	429	104	715	5	1	5	28	6	127	299
>ZBT14.H14INVITRO.0.P.C
23	179	73	95	28	246	12	30	36	67	68	40	72
137	606	7	422	208	16	19	932	19	870	8	648	67
774	54	859	278	725	128	914	8	902	5	891	164	731
39	134	34	178	12	583	28	3	16	31	6	121	103
>ZBT14.H14INVITRO.1.S.B
324	60	35	1	4	0	1	0	8	9	814	8	19	126	76	325
100	228	8	899	3	903	0	14	0	882	67	815	23	355	80	215
350	61	839	1	896	0	902	0	834	9	19	7	833	35	647	194
129	554	21	2	0	0	0	889	61	3	3	73	28	387	100	169
>ZBT16.H14INVITRO.0.P.D
75	104	38	288	4	0	1	8	278	117
132	67	58	27	325	0	4	16	20	120
67	36	50	18	4	5	332	28	16	58
66	133	194	7	7	335	3	288	26	45
>ZBT17.H14INVITRO.0.P.D
260	191	155	265	125	140	119	30	98	434	144	39	249	292	352	257	216	271
208	153	120	299	41	5	14	16	36	374	10	20	86	56	315	151	240	224
381	448	652	33	806	575	835	891	856	7	618	856	597	592	231	314	455	379
149	206	71	401	26	278	30	61	8	183	226	83	66	58	100	276	87	124
>ZBT18.H14INVITRO.0.PSM.A
37	58	4	486	2	224	2	1	61	30	45
72	368	492	6	7	184	5	12	134	25	133
140	72	1	3	433	15	54	474	6	225	212
251	2	3	5	58	77	439	13	299	220	110
>ZBT20.H14INVITRO.0.SM.B
3070	655	1433	5	9251	7	9671	1	4336	157	913	2910	3566	2570
1971	3401	6649	2514	4	0	0	7571	72	37	2136	2023	2619	2330
1970	1843	1573	8	79	0	9	2058	5272	25	176	3427	1908	3117
2669	3781	25	7153	346	9673	0	50	0	9461	6455	1320	1587	1663
>ZBT22.H14INVITRO.0.SM.B
1124	1110	1012	18	0	5234	0	575	5225	8	1221	2741	238	2409	227	169	103	2286
1114	197	787	1	5235	1	5235	287	8	1387	835	445	172	369	232	131	206	1918
1347	2974	80	2085	0	0	0	91	1	536	538	2012	214	798	4596	458	4510	578
1650	954	3356	3131	0	0	0	4282	1	3304	2641	37	4611	1659	180	4477	416	453
>ZBT24.H14INVITRO.0.SG.A
196	20	0	38	23	21	64	341	11	1	318	2	2	3	25
109	121	344	16	14	269	260	1	4	12	10	334	337	58	17
7	65	1	3	114	8	1	1	330	333	3	10	1	1	121
35	141	2	290	196	49	22	4	2	1	16	1	7	285	184
>ZBT26.H14INVITRO.0.PSM.A
1962	1114	1928	935	3	0	7	6761	61	7228	1568
2710	2880	1283	594	22	9533	277	117	228	906	1669
2059	1560	2497	120	64	0	17	2644	9147	725	2745
2802	3979	3825	7884	9444	0	9232	11	97	674	3551
>ZBT26.H14INVITRO.1.SM.B
55	58	53	73	42	0	0	0	311	0	312	174	79	53	51	34	11	2	97	116	158	154	121
89	95	91	30	21	0	312	0	0	0	0	6	66	73	62	28	121	141	69	5	4	17	56
87	96	51	88	2	0	0	0	1	312	0	31	25	90	69	18	13	1	13	124	140	105	56
81	63	117	121	247	312	0	312	0	0	0	101	142	96	130	232	167	168	133	67	10	36	79
>ZBT37.H14INVITRO.0.M.C
2591	3743	3183	156	354	9250	0	0	639	669	2060
2985	2427	1614	749	6028	0	9432	9432	0	5991	1556
2218	1508	1145	58	0	182	0	0	8793	1503	4934
1638	1754	3490	8469	3050	0	0	0	0	1269	882
>ZBT40.H14INVITRO.0.PSG.A
263	181	314	705	553	360	804	623	877	864	0	0	0	0	882	0	1	119	492	69	447	221	242
182	284	413	62	271	200	17	175	1	1	874	0	0	0	0	0	40	26	22	304	247	368	325
201	92	51	53	12	7	20	9	3	17	0	0	0	0	0	0	1	718	215	114	110	151	155
236	325	104	62	46	315	41	75	1	0	8	882	882	882	0	882	840	19	153	395	78	142	160
>ZBT41.H14INVITRO.0.PSG.A
3336	2294	1973	35	14	10	50	328	2774	2671	1613	674	2046	6976	503	28	18	493	136	256	1487	1114
764	407	69	3	3	32	541	744	1990	3442	995	2400	291	46	97	4	1	160	895	144	802	1995
2539	1834	5856	7893	7958	7899	6854	3579	2115	477	1975	292	3358	772	7368	7924	7832	7135	6693	6045	2620	1715
1350	3454	91	58	14	48	544	3338	1110	1399	3406	4623	2294	195	21	33	138	201	265	1544	3080	3165
>ZBT42.H14INVITRO.0.P.D
82	119	3	933	1	453	7	2	20	74	119
169	581	997	1	4	509	0	1	330	73	275
320	297	0	1	991	18	97	997	18	511	449
430	4	1	66	5	21	897	1	633	343	158
>ZBT43.H14INVITRO.0.S.C
3245	1904	2033	5	0	0	7191	1249	1728	2437
2491	1124	1	9	9598	9589	964	4620	1431	2093
2127	4684	6	9582	0	0	461	369	4792	2475
1735	1886	7558	2	0	9	982	3360	1647	2593
>ZBT44.H14INVITRO.0.P.D
148	178	104	153	213	181	244	4	4	5	881	91	66	185	104	137	94
373	109	229	331	97	281	515	7	5	992	6	42	383	145	279	221	141
167	197	391	85	254	451	20	3	989	3	12	506	152	146	259	136	315
313	517	277	432	437	88	222	987	3	1	102	362	400	525	359	507	451
>ZBT45.H14INVITRO.0.SM.B
1815	883	1320	3872	11	237	0	7683	2	7015	24	3640	2206
1042	853	5070	2183	7661	7207	0	0	1	0	767	2133	1810
3167	3360	447	1518	1	217	0	0	0	669	4996	1469	1495
1660	2588	847	111	11	23	7684	1	7681	0	1897	442	2173
>ZBT47.H14INVITRO.0.PSG.A
67	43	134	10	87	232	235	96	6	385	457	361	6	41	1	0	0	490	488	118
225	212	7	6	224	140	114	101	113	41	9	7	3	4	0	0	0	0	3	149
118	30	319	455	111	90	88	172	254	49	19	105	460	444	490	0	1	1	0	63
81	206	31	20	69	29	54	122	118	16	6	18	22	2	0	491	490	0	0	161
>ZBT49.H14INVITRO.0.P.D
8	19	3	59	1	10	41	3	9	7	54	13	7	15	25	49	67	55	52	10	9	25	8
3	4	1	9	72	57	6	5	54	60	9	3	1	51	28	7	1	15	4	1	6	2	20
58	2	67	2	0	4	10	49	8	4	2	40	62	6	15	15	2	1	15	12	56	46	26
4	48	2	3	0	2	16	16	2	2	8	17	3	1	5	2	3	2	2	50	2	0	19
>ZBT7A.H14INVITRO.0.P.B
218	355	6	7	0	9	9	5	19
192	11	1	0	6	0	984	310	586
499	622	945	992	986	55	1	162	120
92	13	49	2	9	937	7	524	276
>ZBT7A.H14INVITRO.1.SM.B
179	139	104	158	100	144	204	89	0	0	0	0	2	21	150	170
89	89	75	92	47	80	9	2	0	0	0	0	824	33	403	190
317	349	490	440	536	433	584	737	580	833	833	11	0	447	62	343
248	256	164	143	150	176	36	5	253	0	0	822	7	332	218	130
>ZBT7B.H14INVITRO.0.SM.B
1264	1456	158	16	2	0	0	0	37	231	2050	1957
916	3345	127	6	1	1	0	0	7764	334	3550	2153
1924	1640	7559	7960	1412	8002	8003	170	22	7058	477	2065
3899	1562	159	21	6588	0	0	7833	180	380	1926	1828
>ZBT7C.H14INVITRO.0.S.B
1623	745	194	27	0	1	4	533	798	1391
2365	694	44	0	2	0	0	4610	964	2709
1949	5431	7176	1008	7499	7462	857	712	4969	1756
1564	631	87	6466	0	38	6640	1646	770	1645
>ZBT8A.H14INVITRO.0.PSGI.A
455	287	279	1687	6	0	0	0	0	307	999	865	487	605	648	219	149	102	165	248	371
355	314	87	5	1785	0	1798	1798	1784	65	75	117	49	176	270	277	361	821	1004	611	553
429	199	364	94	0	1798	0	0	0	46	48	24	100	186	492	1114	1146	778	436	529	320
559	998	1068	12	7	0	0	0	14	1380	676	792	1162	831	388	188	142	97	193	410	554
>ZBT8B.H14INVITRO.0.PSGI.A
1560	3317	810	796	216	2	0	2	5	6022	243	2570	2108	3548	560	499	295	669
1041	1287	3818	4407	6105	0	1	0	106	24	3214	1123	767	1146	4704	4574	4008	805
970	954	813	420	94	6463	6459	6464	7	57	170	2041	1136	963	689	1115	1812	4209
2895	908	1025	843	51	1	6	0	6348	363	2839	732	2455	809	513	278	351	783
>ZBTB2.H14INVITRO.0.SM.B
2093	1323	929	2010	963	0	0	0	2	6206	4796	2785
2095	2338	2067	2621	8651	9949	1	2	0	38	2192	3433
2985	2163	832	718	2	0	9948	9761	10	1269	1489	1600
2776	4125	6121	4600	333	0	0	186	9937	2436	1472	2131
>ZBTB5.H14INVITRO.0.SGI.A
2558	1612	965	259	8410	2	0	951	4963	427	905	1918
1897	488	2060	3	3	53	8403	3016	834	3361	1893	2019
1918	5394	2942	8150	0	17	13	1838	1592	2764	918	2748
2043	922	2449	4	3	8344	0	2611	1027	1864	4700	1731
>ZBTB6.H14INVITRO.0.P.D
276	121	271	265	22	359	29	225	0	997	1	141	111	259	141
189	51	31	306	177	608	116	10	3	0	5	770	536	156	257
419	748	667	44	701	20	22	680	995	0	992	67	120	431	488
114	78	29	383	98	11	831	83	0	1	0	20	231	152	112
>ZEB1.H14INVITRO.0.P.D
126	59	253	22	999	0	0	2	192	480	155
265	353	358	966	0	2	2	1	1	173	114
491	400	319	10	0	998	997	0	805	124	694
118	188	70	2	1	0	1	997	2	223	37
>ZEB2.H14INVITRO.0.P.D
245	79	994	5	13	68	171	417
337	840	3	5	6	5	8	122
311	73	4	989	982	9	810	271
110	11	2	4	2	921	14	193
>ZF64B.H14INVITRO.0.P.D
255	33	27	51	234	54	58	515	496	86	106	188	10	113	529	35
54	646	710	667	160	13	46	105	255	190	621	12	13	281	66	49
437	112	59	40	261	717	655	197	68	112	91	91	799	123	173	44
84	39	34	72	175	46	71	13	11	442	12	539	8	313	62	702
>ZF64B.H14INVITRO.1.P.D
163	330	265	37	24	56	268	59	49	497	504	100	100	228
192	106	37	715	726	704	131	10	61	123	247	182	632	14
369	276	484	60	37	14	214	736	664	194	67	102	84	61
106	118	44	18	43	56	217	25	56	16	12	446	14	527
>ZF69B.H14INVITRO.0.P.D
442	229	9	141	34	34	10	59	32	13	990	567	671	272	512	411	272	445
155	58	5	33	2	17	973	11	2	0	3	26	169	290	152	135	170	187
267	459	982	87	800	857	2	1	960	987	2	221	139	321	196	316	424	218
136	254	4	739	164	92	15	929	6	0	5	186	21	117	140	138	134	150
>ZFAT.H14INVITRO.0.PSGI.A
1246	3002	166	5	9765	0	9814	1	1	1	3	1475	131	9531	3540	5014
5622	4243	48	9749	39	90	0	0	0	9890	2	2994	9296	37	4122	735
651	1987	9659	3	1	9801	0	0	0	0	9887	61	150	218	560	1607
2373	660	19	135	87	1	78	9891	9891	1	0	5362	315	106	1670	2536
>ZFP1.H14INVITRO.0.PSM.A
2034	949	2435	650	711	9264	125	9542	198	51	95	8477	1232	828	2433	3226	5874	4318	2043
3163	1410	941	2316	1429	172	190	159	9495	9760	8520	125	456	8137	1797	4183	954	1648	3768
1983	582	1964	643	2481	378	83	81	156	62	79	203	7537	321	927	1763	922	1871	1863
2771	7010	4611	6342	5330	137	9553	169	102	78	1257	1146	726	665	4794	779	2201	2114	2277
>ZFP14.H14INVITRO.0.P.D
81	143	177	7	2	0	72	286	49	131	32	2	3	0	1	12	285	95
39	412	109	148	4	602	473	93	51	11	92	359	607	4	559	538	149	227
435	33	236	35	4	0	5	104	443	192	282	193	0	0	0	2	73	61
59	26	92	424	604	12	64	131	71	280	208	60	4	610	54	62	107	231
>ZFP28.H14INVITRO.0.P.D
13	9	105	600	17	16	7	7	138	37	17	169	68	194	385	98	56	87	831	253	38	49	31
18	806	188	89	132	118	43	826	213	29	756	107	63	64	29	42	37	667	73	48	183	46	266
21	9	34	172	16	16	10	29	13	15	52	38	272	609	188	735	61	156	45	549	28	40	41
948	176	673	139	835	850	940	138	636	919	175	686	597	133	398	125	846	90	51	150	751	865	662
>ZFP3.H14INVITRO.0.P.D
842	6	4	2	12	10	862	34	158	18	842	114	80	19	84	58	34	857	774	620	595	18	32
10	958	9	920	894	5	53	427	78	815	31	135	747	896	199	95	821	29	44	69	38	881	893
115	5	2	4	11	6	55	47	132	28	53	77	58	3	61	91	33	64	137	227	323	37	8
9	7	961	50	59	955	6	468	608	115	50	650	91	58	632	732	88	26	21	60	20	40	43
>ZFP37.H14INVITRO.0.P.D
129	6	144	140	137	6	36	51	63	16	64	69	79	55	65	76	82	24	77	102	91
0	0	2	6	11	1	1	93	21	8	7	8	24	41	87	57	23	1	35	20	21
28	123	12	15	6	20	123	11	3	62	88	80	47	23	4	12	31	66	48	30	32
5	33	4	1	8	135	2	7	75	76	3	5	12	43	6	17	26	71	2	10	18
>ZFP41.H14INVITRO.0.SM.B
3210	3747	1885	20	250	4	9976	9988	4	7	2	3	6	16	2542	267	3862	2677
2867	2333	2658	3	9577	21	16	2	9985	3	9984	8	9983	9973	162	7259	1720	3431
1787	2158	2362	9973	47	16	3	4	3	6	4	4	6	1	7257	173	3073	1623
2134	1760	3093	2	124	9957	3	4	6	9982	8	9983	3	8	37	2299	1343	2267
>ZFP42.H14INVITRO.0.PM.A
211	120	118	558	18	91	0	874	0	39	41	23	139
62	39	536	212	11	739	869	1	2	193	51	102	104
529	667	187	62	755	17	2	0	1	88	46	15	419
73	49	34	43	91	28	4	0	872	555	737	735	213
>ZFP57.H14INVITRO.0.P.D
150	94	14	1	2	0	1	982	392
484	376	8	998	0	1	998	18	302
253	120	977	1	998	999	0	0	247
113	410	1	0	0	0	1	0	59
>ZFP69.H14INVITRO.0.P.D
176	290	134	308	31	304	299	103	986	536	897	59	892	869	146	438	90	662	827
30	45	29	57	852	62	9	3	5	16	14	804	55	21	187	379	184	169	53
777	49	482	628	6	33	678	899	7	60	93	13	21	95	634	161	31	15	99
23	622	361	13	117	607	20	1	8	394	2	130	38	21	39	28	701	160	27
>ZFP82.H14INVITRO.0.P.D
214	37	8	11	103	716	167	52	25	40	645	67	105	568	535	120	177	24	19	88	69	156	15	22	29
423	85	48	683	651	60	55	130	193	475	92	452	96	84	80	58	96	489	148	559	270	536	94	119	530
25	44	19	3	15	30	332	68	46	191	50	63	200	168	42	199	26	37	18	25	21	38	12	37	27
210	706	797	175	103	66	318	622	608	166	85	290	471	52	215	495	573	322	687	200	512	142	751	694	286
>ZFP90.H14INVITRO.0.P.D
229	9	40	26	3	21	9	8	150	28	19	7	22
11	267	16	19	294	63	10	6	11	31	271	9	6
66	10	16	266	6	6	5	12	95	246	13	1	269
10	30	244	5	13	226	292	290	60	11	13	299	19
>ZFP90.H14INVITRO.1.P.D
27	13	6	18	11	50	299	648	344	35	642	8	74	38	11	42	13	6	475	60	25	14	56
417	734	741	51	684	52	53	33	43	491	25	703	37	14	749	132	13	13	19	40	705	21	14
65	7	1	4	26	11	113	60	360	34	90	10	22	716	6	9	10	7	138	659	14	7	682
270	25	31	706	58	666	314	38	32	219	22	58	646	11	13	596	743	753	147	20	35	737	27
>ZFP91.H14INVITRO.0.SGI.A
225	128	150	116	224	114	4	337	2	167	78	1	0	0	1	860	860	71	491	142	197
135	97	100	225	262	315	14	20	234	559	711	858	3	0	0	0	0	12	19	256	240
332	448	365	307	167	396	107	408	251	110	49	1	0	0	0	0	0	765	232	363	232
168	187	245	212	207	35	735	95	373	24	22	0	857	860	859	0	0	12	118	99	191
>ZFTA.H14INVITRO.0.PSGIB.A
137	1	8	1	1	1	0	0	2	154	222
97	3	1	2	0	993	993	999	688	247	218
68	952	104	994	997	0	0	0	5	79	482
697	43	886	2	1	5	6	0	304	519	77
>ZFX.H14INVITRO.0.P.D
99	113	994	3	0	2	3	57	214	375
537	514	2	0	1	989	989	281	534	46
320	34	3	996	998	6	0	305	175	513
43	338	0	0	0	2	7	356	76	65
>ZGLP1.H14INVITRO.0.SGB.A
2844	906	962	5030	6	0	7086	0	0	1585	3883	765	771	2067
1157	2378	1623	310	1467	19	0	0	7085	5	991	440	3610	724
1734	641	3856	1266	6	7067	0	0	0	5480	908	1064	1643	3066
1351	3161	645	480	5607	0	0	7086	1	16	1304	4817	1062	1229
>ZIC1.H14INVITRO.0.P.B
143	96	264	6	701	23	21	524	18	20
112	870	216	983	142	32	930	2	10	8
530	20	288	4	33	939	10	438	860	952
211	10	228	3	120	2	35	32	108	16
>ZIC1.H14INVITRO.1.M.B
2403	2141	2944	7109	70	8104	475	16	7826	7	21	740	459	622	147	2572
2895	808	6526	368	9698	1401	38	9378	0	16	41	71	133	131	2235	3463
2224	3381	441	750	50	320	9475	113	2151	9629	9910	8518	8792	8108	1930	2485
2476	3668	87	1771	180	173	10	491	21	346	26	669	614	1137	5686	1478
>ZIC1.H14INVITRO.2.S.B
1268	836	2816	67	4460	1138	13	1889	6	17	378	159	231	144	1765	1557
333	4454	333	5637	902	39	5398	1	8	74	31	106	52	1248	3018	1433
2382	489	1589	63	292	4743	54	4025	5823	5817	5048	5210	5240	629	705	1284
1948	152	1193	164	277	11	466	16	94	23	474	456	408	3910	443	1657
>ZIC2.H14INVITRO.0.P.D
194	107	318	1	756	58	4	801	27	4	291	350	143	56	264
96	853	230	982	119	101	894	3	0	3	80	61	122	521	416
295	33	73	4	22	831	24	150	909	989	406	519	571	189	140
414	6	378	12	102	9	77	45	63	3	222	69	163	233	179
>ZIC3.H14INVITRO.0.P.B
176	55	343	5	844	28	5	716	22	0	321	326	166	55	266
107	890	242	980	66	72	912	4	2	7	69	78	133	511	412
340	48	80	4	20	899	14	208	919	990	390	502	549	210	152
377	7	335	11	70	1	69	72	57	3	220	94	152	224	170
>ZIC3.H14INVITRO.1.S.B
1623	1194	2554	211	3765	791	46	1681	109	235	535	383	520	483	1580	1387
517	3152	425	4607	777	122	4592	0	94	80	105	187	171	1164	2138	1075
1414	406	1374	126	261	4234	129	3483	4781	4699	4093	4086	3977	796	723	1094
1633	435	834	243	384	40	420	23	203	173	454	531	519	2744	746	1631
>ZIC3.H14INVITRO.2.M.B
1912	1545	1939	8046	12	9405	60	7	7673	7	6	319	165	309	53	2546
2926	518	7881	121	9925	356	7	9481	0	5	9	8	40	41	1701	3060
2677	4338	149	454	34	196	9926	56	2317	9868	9972	9428	9423	8788	2434	2997
2479	3593	25	1373	23	37	1	450	4	114	7	239	366	856	5806	1391
>ZIC4.H14INVITRO.0.SM.B
2112	3151	4938	651	5514	1608	263	4541	33	4	817	375	579	210	2478
1263	4422	751	7352	1954	207	6170	1	7	12	85	249	107	1653	3242
3304	1687	1795	349	1483	7877	892	5269	8822	9837	8140	8615	8076	1940	2522
3184	603	2379	1511	912	171	2538	52	1001	10	821	624	1101	6060	1621
>ZIC5.H14INVITRO.0.P.B
204	88	381	1	701	45	2	601	2	0	182	60	30	4	112
105	844	202	988	174	47	944	1	2	2	26	22	24	460	635
459	68	231	2	81	906	0	392	981	997	702	881	888	132	213
232	0	186	9	44	2	54	6	15	1	90	37	58	404	40
>ZIC5.H14INVITRO.1.M.C
1899	1685	1027	7744	4	8837	74	4	6357	1	1	72	22	27	13	1973	1794
2946	410	8201	205	9305	407	6	9070	0	0	1	3	2	3	1259	5995	2496
1851	3306	88	193	1	49	9243	7	2966	9291	9321	9100	9274	8811	703	1054	1932
2627	3922	7	1181	13	30	0	242	0	31	0	148	25	482	7348	301	3101
>ZIC5.H14INVITRO.2.S.C
931	926	630	1527	32	3743	484	14	302	5	27	89	8	9	51	1116	858
981	178	3314	214	4266	195	2	4262	1	9	0	4	7	0	259	2607	1082
1304	1792	468	1826	85	303	3978	74	4161	4436	4435	4287	4441	4408	315	638	1383
1249	1569	53	898	82	224	1	115	1	15	3	85	9	48	3840	104	1142
>ZIK1.H14INVITRO.0.P.D
290	184	379	263	408	479	207	159	126	35	601	562	380	322	57	19	493	282	282	319	158	166	397
103	231	67	67	57	35	30	2	27	564	4	13	68	4	7	551	63	265	111	26	236	89	46
123	77	84	118	97	78	118	378	454	9	3	23	20	278	475	3	9	46	79	172	145	283	66
97	121	83	165	51	21	258	74	6	5	5	15	145	9	74	40	48	20	141	96	74	75	104
>ZIM3.H14INVITRO.0.P.D
141	128	419	20	199	166	3	13	1	6	11	26	3	205	121	117	186	157	149
161	86	33	6	196	51	3	18	998	9	14	9	7	83	485	288	133	184	397
269	241	451	901	403	19	2	79	1	2	939	7	2	449	153	74	200	430	138
430	546	98	74	203	765	993	891	1	984	37	959	989	264	242	522	482	230	317
>ZKSC1.H14INVITRO.0.P.D
260	221	435	333	81	469	8	58	7	960	5	9	397	104	1	19	40	51	253
90	106	188	75	252	190	966	872	136	2	951	9	14	34	12	147	16	754	338
149	558	104	461	477	148	4	1	35	12	18	4	565	46	964	30	877	47	59
482	96	254	112	171	174	3	50	803	7	7	959	5	797	4	785	48	129	331
>ZKSC4.H14INVITRO.0.SG.A
2632	840	4013	319	4373	9016	242	6	6655	4	9418	103	407	17	155	5317	2406	2342
1940	3042	3445	4960	1131	63	9	30	2796	32	37	470	9019	8798	8772	1518	3018	2167
2512	2415	711	215	3613	384	9246	52	20	3	32	648	38	18	61	924	912	1226
2431	3218	1346	4021	398	52	18	9427	44	9476	28	8294	51	682	527	1756	3179	3780
>ZKSC5.H14INVITRO.0.P.D
83	108	145	2	1	746	84	0	2	0	13	171	107
446	389	704	1	994	45	908	907	2	999	900	242	498
115	111	57	1	0	70	0	1	3	0	4	119	201
357	393	95	997	6	140	9	93	994	2	84	469	195
>ZKSC8.H14INVITRO.0.P.D
300	128	411	529	269	63	563	157	277	61	619	101	50	233	677	257	74	560	73	69	161	416	28	48	55	83	448	41	483	210	417
150	437	215	110	250	561	298	322	85	137	226	134	60	65	31	48	579	57	677	620	58	79	843	32	38	90	66	29	49	697	365
389	142	212	187	377	76	72	56	110	97	64	63	120	580	189	652	54	295	191	167	189	412	44	31	863	202	364	55	415	36	46
156	288	157	169	99	295	62	460	523	700	86	697	765	117	98	38	288	83	54	139	587	88	80	884	39	620	117	870	48	52	167
>ZKSC8.H14INVITRO.1.P.D
106	467	50	48	205	381	38	38	36	54	301	21	355	35	337
582	82	753	747	92	151	829	17	74	129	85	39	69	871	395
117	321	116	45	48	306	69	15	876	60	292	43	508	18	48
195	130	81	160	655	162	64	930	14	757	322	897	68	76	220
>ZN100.H14INVITRO.0.P.D
13	10	526	13	14	10	6	10	7	490	5	536	20	3	0	17	83	4	13	94	0	23	408
13	503	7	421	16	10	484	28	14	50	513	1	17	0	0	242	0	1	292	1	4	455	78
506	16	8	21	111	24	3	10	11	3	7	6	9	541	544	6	456	538	3	448	534	48	23
12	15	3	89	403	500	51	496	512	1	19	1	498	0	0	279	5	1	236	1	6	18	35
>ZN100.H14INVITRO.1.P.D
38	88	41	263	86	8	1	75	27	16	29	2	4	14
63	227	191	8	105	1	0	221	0	2	235	7	18	266
117	34	50	68	52	345	352	4	325	331	5	342	323	6
136	5	72	15	111	0	1	54	2	5	85	3	9	68
>ZN101.H14INVITRO.0.P.D
345	220	191	163	73	239	239	145	274	28	746	54	840	4	452	22	11	202	39	1	340	569	29	336	89
89	117	256	324	121	180	158	164	44	13	65	446	24	988	16	1	2	5	14	926	438	56	752	315	206
111	72	138	164	68	279	282	247	269	890	172	115	109	3	168	981	980	735	924	9	28	183	85	78	163
461	597	421	355	744	308	327	450	419	75	23	391	33	11	370	2	13	64	29	70	200	198	140	277	548
>ZN107.H14INVITRO.0.PSGI.A
1170	2677	777	920	38	58	1070	179	184	73	3129	22	217	38	178	282	1749	590	591	1594	1035
969	323	3568	193	132	212	169	433	194	4531	226	4796	552	240	210	4217	534	3077	2222	1380	2007
711	1309	416	62	12	29	3541	45	4408	22	1402	3	11	9	3320	203	2230	255	511	601	720
1977	518	66	3652	4645	4528	47	4170	41	201	70	6	4047	4540	1119	125	314	905	1503	1252	1065
>ZN112.H14INVITRO.0.P.D
4	6	5	0	142	166	1	2	16	3	12	63	5	10	2	0	7	1	181	183	182	0	154	3
4	0	180	178	27	11	0	5	51	172	82	14	2	1	1	1	0	0	4	4	1	27	8	132
11	180	2	0	16	4	0	21	15	1	3	101	6	174	183	1	180	2	1	2	2	3	17	8
170	3	2	11	4	8	188	161	107	13	92	11	176	4	3	187	2	186	3	0	4	159	10	46
>ZN121.H14INVITRO.0.P.D
87	10	42	2	14	70	9	800	768	28	743	14	801	6	16	459	814	9	818	5	11	8	29
717	824	12	2	11	44	851	42	19	676	19	199	13	8	535	35	19	8	10	756	782	837	530
45	6	60	860	840	753	7	12	71	56	85	199	15	845	18	364	21	848	31	10	11	6	16
20	29	755	5	4	2	2	15	11	109	22	457	40	10	300	11	15	4	10	98	65	18	294
>ZN124.H14INVITRO.0.P.D
23	7	13	14	1	2	6	3	2	27	30	33
669	764	272	37	516	50	214	779	650	258	66	146
73	4	9	33	7	2	13	3	5	22	101	463
37	27	508	718	278	748	569	17	145	495	605	160
>ZN131.H14INVITRO.0.PSGI.A
276	655	20	61	48	4141	104	0	0	0	9052	2	5521	3184
516	17	9055	48	8962	411	4129	2	9133	0	58	9131	639	2311
7996	3083	15	8994	67	4454	185	9131	0	9133	0	0	1833	1455
345	5378	43	30	56	127	4715	0	0	0	23	0	1140	2183
>ZN132.H14INVITRO.0.P.D
52	26	17	31	23	12	20	12	12	1	1	11	4	2	3	10	43	12	6	18	5	2	1	10	11
73	116	151	108	74	156	161	62	27	211	231	39	4	228	215	159	56	174	80	108	33	215	215	90	58
34	41	33	20	28	26	25	40	33	8	2	1	10	5	11	4	28	27	6	22	19	3	2	18	38
78	54	36	78	112	43	31	123	165	17	3	186	219	2	8	64	110	24	145	89	180	17	19	119	130
>ZN133.H14INVITRO.0.P.D
363	560	497	167	321	195	237	78	872	837	106	697	148	762	116	229	88	678	153	892	849	55	191	60	107
60	74	104	25	44	134	612	642	23	33	676	88	177	88	309	21	145	97	136	21	22	131	58	31	94
453	274	147	718	535	93	73	37	30	82	43	76	99	75	117	689	89	153	76	27	52	186	126	831	728
94	62	222	60	70	548	48	213	45	18	145	109	546	45	428	31	648	42	605	30	47	598	595	48	41
>ZN134.H14INVITRO.0.P.D
464	199	77	31	542	1019	14	15	992	4	78	54	37	784	551	48	116
204	437	698	307	358	10	52	968	40	7	32	85	10	221	133	74	154
231	110	82	68	79	22	251	8	17	1052	477	153	998	48	171	884	714
166	319	208	659	86	14	748	74	16	2	478	773	20	12	210	59	81
>ZN134.H14INVITRO.1.P.D
48	82	111	79	72	198	119	75	24	260	466	7	5	471	5	25	29	66	363	257	18	56
62	281	263	56	179	89	194	301	144	172	6	14	465	6	4	42	38	6	101	54	40	66
321	62	78	75	160	148	50	42	24	34	22	111	15	17	451	214	94	410	28	69	425	353
69	75	48	290	89	65	137	82	308	34	6	368	15	6	40	219	339	18	8	120	17	25
>ZN135.H14INVITRO.0.P.D
655	103	46	17	30	36	127	816	81	15	25	19	38	59	226	454	27	11	17	16	728	822	37
29	33	511	832	29	653	59	26	748	852	18	856	702	240	24	8	62	804	34	789	42	9	20
173	751	119	14	11	30	699	53	52	9	5	17	6	44	592	427	803	40	12	38	122	50	836
53	23	234	47	840	191	25	15	29	34	862	18	164	567	68	21	18	55	847	67	18	29	17
>ZN136.H14INVITRO.0.P.D
41	16	15	97	21	15	62	87	381	6	635	46	652	128	307	661	15	16	17	21	102	88	28
55	23	68	20	584	29	3	27	16	78	11	192	4	28	35	12	21	27	587	38	33	5	8
33	9	24	524	17	3	604	554	277	12	33	15	37	530	49	24	12	21	9	15	91	567	652
569	650	591	57	76	651	29	30	24	602	19	445	5	12	307	1	650	634	85	624	472	38	10
>ZN140.H14INVITRO.0.P.B
522	118	107	123	658	117	14	827	877	9	8	37	84	451	20	11	8	171	178	458	161	209	131
182	529	589	604	68	43	952	85	55	60	17	942	698	34	875	118	943	688	199	171	214	222	229
151	107	123	97	74	777	14	35	59	11	9	25	3	517	55	12	5	28	85	170	491	410	142
158	259	194	189	213	76	33	66	22	933	979	9	228	11	63	872	57	126	551	214	147	172	511
>ZN140.H14INVITRO.1.SM.B
69	136	107	4	301	323	0	0	1	0	7	11	7	22	103
99	63	27	328	28	13	0	0	346	346	15	317	24	281	106
76	47	206	9	1	8	0	0	0	0	322	0	47	18	72
104	102	8	7	18	4	348	348	1	2	4	20	270	27	67
>ZN141.H14INVITRO.0.P.D
199	114	38	4	3	8	658	1	264	5	134	28	25	56	430	96	98
80	44	3	4	1	62	204	977	2	970	567	902	737	732	359	682	605
443	779	959	716	890	920	130	2	727	11	7	3	55	72	111	109	37
278	63	0	276	106	10	8	20	7	14	292	67	183	140	100	113	260
>ZN142.H14INVITRO.0.PSGI.A
4062	573	45	25	24	2	4	2667	3	4	7	411	2694	2538	3917	3720
192	2558	89	8948	0	14	0	6869	1	1	14	7738	407	979	784	745
4896	2381	7262	19	9508	9506	2673	1	9533	9530	9101	44	6077	2956	3000	1333
387	4025	2141	545	5	15	6860	0	0	2	415	1344	359	3064	1836	3739
>ZN143.H14INVITRO.0.P.D
71	325	285	218	28	92	438	20	33	102	4	7	1	28	798	413	297	17	12	35	848	5	9
654	58	165	30	20	584	334	183	171	642	124	0	2	2	13	100	63	72	2	18	5	8	6
34	405	320	357	822	166	30	38	326	70	2	882	886	849	35	272	70	30	869	36	32	874	17
130	101	119	284	19	47	87	648	359	75	759	0	0	10	43	104	459	770	6	800	4	2	857
>ZN148.H14INVITRO.0.P.D
164	217	174	185	135	172	2	1	13	4	0	732	179	0	8	21	465	320	178
224	160	124	91	130	52	0	0	1	0	1	138	0	1	5	8	282	93	210
449	500	576	644	600	104	996	999	983	989	999	8	682	998	984	952	151	487	517
163	123	126	80	135	672	2	0	3	7	0	122	139	1	3	19	102	100	95
>ZN154.H14INVITRO.0.P.D
15	6	28	9	7	10	10	24	8	3	35	42	3	46	0	4	2	9	1	2	23	4	41	4	23	38	39	9	46	3	9
19	24	13	9	5	5	4	5	1	4	7	0	0	6	44	41	1	37	51	23	0	1	6	42	4	4	1	4	1	41	19
6	10	6	10	24	28	26	16	38	37	7	10	49	0	0	0	0	0	0	0	29	46	5	0	9	4	8	34	2	2	3
12	12	5	24	16	9	12	7	5	8	3	0	0	0	8	7	49	6	0	27	0	1	0	6	16	6	4	5	3	6	21
>ZN157.H14INVITRO.0.P.D
80	79	36	136	22	83	4	106	17	177	25	25	90	59	236	122	20	26	105	160	189	80	4	402	202	50	239	36	257	86
64	34	313	104	68	39	30	37	382	134	55	4	6	135	36	5	105	146	146	141	57	43	345	34	11	73	75	184	77	224
122	244	59	57	103	133	331	92	31	17	48	392	309	123	87	311	305	274	60	43	29	271	30	6	232	37	123	50	95	81
196	105	54	165	269	207	97	227	32	134	334	41	57	145	103	24	32	16	151	118	187	68	83	20	17	302	25	192	33	71
>ZN160.H14INVITRO.0.SG.A
153	50	434	334	234	16	106	291	448	401	449	390	11	176	38	372	199	36	234	146	368
23	3	9	2	157	7	18	76	7	4	3	21	76	10	354	42	133	60	17	16	39
169	406	9	117	26	27	333	86	7	52	10	39	8	185	10	21	42	34	116	279	29
117	3	10	9	45	412	5	9	0	5	0	12	367	91	60	27	88	332	95	21	26
>ZN165.H14INVITRO.0.P.D
38	41	9	12	3	12	2	13	110	1	2	98	2	17	27	6
121	13	21	245	266	18	14	166	7	200	248	96	223	233	89	95
54	69	214	9	2	46	248	65	121	6	7	10	13	4	14	22
59	149	28	6	1	196	8	28	34	65	15	68	34	18	142	149
>ZN174.H14INVITRO.0.M.C
1328	1035	1727	294	397	35	3426	9142	147	0	22	9167	2	24	74	1571	996
2492	2634	1488	120	1798	9102	106	6	3	33	0	8	945	6364	7	1974	5723
2794	1880	2916	8437	5848	17	5535	30	8858	3	9153	2	7	227	9046	4641	800
2565	3630	3048	328	1136	25	112	1	171	9143	4	2	8225	2564	52	993	1660
>ZN177.H14INVITRO.0.SM.B
3371	5509	1026	905	6264	1031	721	1844	1467	1490	2402	2550	1228	844	670	3077	93	9442	88	225	2408	8230	2805	2426
2792	1438	947	1704	1094	5003	3661	1187	1813	1822	5027	4522	3249	3469	446	6234	160	154	2156	9219	802	627	1935	2607
1566	1377	762	6370	1513	2092	739	2957	2476	3447	1370	1562	3242	415	1558	106	9540	226	72	90	4450	470	3909	2387
2119	1524	7113	869	977	1722	4727	3860	4092	3089	1049	1214	2129	5120	7174	431	55	26	7532	314	2188	521	1199	2428
>ZN180.H14INVITRO.0.P.D
343	72	55	19	303	114	62	107	26	101	58	98	100	12	357	26	23	42	77	37	34	72	224	285	296
83	43	25	56	145	79	99	31	65	126	9	39	55	6	101	366	80	38	174	6	43	389	86	111	67
125	456	504	518	120	359	237	448	489	73	526	450	428	578	90	172	87	495	154	547	510	81	203	162	196
49	29	16	7	32	48	202	14	20	300	7	13	17	4	52	36	410	25	195	10	13	58	87	42	41
>ZN184.H14INVITRO.0.P.D
7	19	2	3	244	6	0	706	284	9	692	3	3	6	96	56	2	300	20	27	160	3	5	195	84	379	10	5	4	5	2
648	564	8	636	23	686	717	7	7	653	18	680	323	9	14	19	16	11	27	15	9	368	497	87	24	48	658	21	20	9	96
4	14	2	5	92	3	1	3	416	10	5	1	1	35	602	183	19	397	28	87	219	11	35	27	568	15	10	0	5	0	2
65	127	712	80	365	29	6	8	17	52	9	40	397	674	12	466	687	16	649	595	336	342	187	415	48	282	46	698	695	710	624
>ZN189.H14INVITRO.0.P.D
132	344	8	56	19	11	21	24	4	1	3	349	45	57	84
463	300	217	33	923	184	209	16	8	983	986	448	259	515	394
179	80	218	525	23	100	711	15	11	2	1	25	254	274	91
226	276	557	386	35	705	59	945	977	14	10	178	442	154	431
>ZN189.H14INVITRO.1.P.D
151	120	62	80	68	111	95	63	392	115	328	18	70	13	16	28	27	4	0	2	335	55	54	95
226	527	549	267	261	320	175	682	316	475	309	231	29	933	207	228	31	22	974	986	456	248	525	371
471	188	159	135	139	129	587	117	103	178	99	223	516	17	102	677	24	27	4	5	18	252	274	102
152	165	230	518	532	440	143	138	189	232	264	528	385	37	675	67	918	947	22	7	191	445	147	432
>ZN197.H14INVITRO.0.P.D
37	14	12	30	35	17	42	30	10	4	2	80	0	3	0	17	23	47	30	34	23	27	12	33	53
122	208	120	74	216	117	174	134	39	16	9	43	405	31	31	57	21	91	107	18	60	57	184	151	105
25	43	40	60	75	33	70	35	22	29	393	24	4	3	6	8	237	252	28	241	96	33	55	39	109
231	150	243	251	89	248	129	216	344	366	11	268	6	378	378	333	134	25	250	122	236	298	164	192	148
>ZN205.H14INVITRO.0.P.D
187	24	912	46	122	343	102	105	522	620	96	218	501	97	205	103	196	159	208	495	200	106	194
83	153	3	20	591	23	699	559	196	84	504	107	152	356	409	123	350	526	328	190	55	140	552
217	814	56	919	78	590	79	29	64	230	317	151	238	155	300	306	394	109	190	210	698	702	89
513	9	29	15	209	44	120	307	218	66	83	524	109	392	86	468	60	206	274	105	47	52	165
>ZN208.H14INVITRO.0.SGI.A
50	213	0	1	220	188	24	1	0	1	297	302	114	56	71
114	49	301	1	14	0	266	301	165	48	5	0	53	93	75
92	19	0	171	19	107	0	0	137	0	0	0	3	35	53
46	21	1	129	49	7	12	0	0	253	0	0	132	118	103
>ZN211.H14INVITRO.0.P.D
101	7	8	0	0	181	0	174	2	115	54	68	24
15	0	0	0	0	1	2	1	5	16	13	5	57
65	6	178	186	1	3	0	11	18	52	9	51	28
5	173	0	0	185	1	184	0	161	3	110	62	77
>ZN211.H14INVITRO.1.P.D
21	90	77	38	36	47	61	182	163	73	179	1	22	6	0	278	2	271	2	185	118	83	29
105	10	19	16	8	14	15	3	16	58	13	6	0	3	0	2	2	3	7	33	31	23	104
45	46	66	25	229	17	47	11	87	43	98	1	272	285	4	12	2	18	18	64	18	89	32
126	151	135	218	24	219	174	101	31	123	7	289	3	3	293	5	291	5	270	15	130	102	132
>ZN213.H14INVITRO.0.P.D
199	110	389	283	194	32	55	273	35	37	48	86	28	109	79	98	47
90	9	2	111	171	77	227	25	2	26	337	15	62	258	15	15	100
83	285	21	22	37	125	76	98	376	343	20	244	309	37	298	285	231
46	14	6	2	16	184	60	22	5	12	13	73	19	14	26	20	40
>ZN214.H14INVITRO.0.P.D
54	100	72	114	23	4	16	26	4	43	225	2	2	140	24	52	4	0	43	204	3	33	160
22	70	124	101	12	24	63	16	7	2	0	0	51	86	153	93	7	70	26	17	5	21	26
155	48	20	38	8	5	70	9	7	219	23	255	197	22	3	51	3	0	193	7	12	168	42
33	46	48	11	221	231	115	213	246	0	16	7	14	16	84	68	250	194	2	36	244	42	36
>ZN215.H14INVITRO.0.PSG.A
21	85	3	8	186	1	1	1	71	9	82
305	249	12	475	0	409	496	3	309	481	158
150	7	485	0	313	90	0	0	97	2	77
24	159	0	17	1	0	3	496	23	8	183
>ZN222.H14INVITRO.0.P.D
493	106	162	40	11	862	9	2	232	261	181	384
59	106	397	8	768	60	7	974	634	60	382	316
277	35	354	143	177	7	969	7	17	266	331	133
171	753	87	809	44	71	15	17	117	413	106	167
>ZN223.H14INVITRO.0.P.D
488	448	67	112	275	46	191	113	79	17	828	7	21	111	589	200
151	55	25	41	24	13	5	426	269	842	75	3	12	691	192	198
279	329	858	828	273	930	801	26	551	134	70	979	948	64	52	502
81	167	49	18	427	10	2	434	100	6	26	10	18	133	166	99
>ZN224.H14INVITRO.0.P.D
550	145	43	108	271	592	20	80	280	599	163	74	52	394	354	315	189	127	96	275	248	157	81
22	19	538	326	445	22	50	155	5	20	59	86	531	176	91	67	97	101	204	371	285	377	526
138	434	104	89	23	20	549	320	465	105	427	28	76	160	55	344	101	393	338	24	90	37	63
62	174	87	249	33	138	153	217	22	48	123	584	113	42	272	46	385	151	134	102	149	201	102
>ZN226.H14INVITRO.0.PSGI.A
4342	489	2501	4207	154	7658	126	7599	7435	7380	134	3758	99	76	2332	7528	4535	2385	879	930	1719
213	1260	1208	1361	256	226	191	120	193	90	263	216	12	55	4897	72	730	2812	6561	563	1835
3554	497	2806	865	7696	222	94	124	536	412	1458	2816	8137	8003	347	578	297	791	533	5484	1016
149	6012	1743	1825	152	152	7847	415	94	376	6403	1468	10	124	682	80	2696	2270	285	1281	3688
>ZN229.H14INVITRO.0.SG.A
440	520	1931	20	71	3	1	63	2127	1	2	1098	2011	2075	512	477
758	464	35	1947	2009	64	2	2067	1	1	953	10	42	20	166	470
380	884	54	9	48	1	2	0	2	2125	49	861	4	9	1418	564
553	263	111	155	3	2063	2126	1	1	4	1127	162	74	27	35	620
>ZN233.H14INVITRO.0.PG.A
500	0	0	500	500	0	0	500	500	0	0	500	500	0	0
0	0	0	0	0	0	0	0	0	0	0	0	0	0	97
0	500	500	0	0	500	500	0	0	500	500	0	0	500	403
0	0	0	0	0	0	0	0	0	0	0	0	0	0	0
>ZN234.H14INVITRO.0.PSG.A
468	3980	655	4070	3485	3691	688	2819	98	26	2929	1329	4902	1001	695	859
840	592	493	502	566	370	516	403	174	5	1374	93	80	1205	3577	596
4418	1148	820	1289	1864	1552	1368	2317	5928	6193	330	4600	1153	1033	1562	3332
537	543	4295	402	348	650	3691	724	63	39	1630	241	128	3024	429	1476
>ZN239.H14INVITRO.0.P.D
108	99	28	124	14	312	23	127	172	82	22	66	110	79	6	367	5	230	51	77	29	81	7	98	193	181	64	188
145	183	136	24	354	36	95	32	206	282	85	35	194	6	387	10	87	21	87	288	335	41	101	45	111	71	129	47
91	38	16	223	17	26	254	205	7	9	5	18	73	7	5	2	287	64	233	16	10	6	15	59	73	60	59	92
56	80	220	29	15	26	28	36	15	27	288	281	23	308	2	21	21	85	29	19	26	272	277	198	23	88	148	73
>ZN248.H14INVITRO.0.P.D
147	0	74	1	6	149	0	8	0	0	1	149	0	1	5	148	6	44	23	23	113	129	19
1	0	56	148	129	0	2	1	9	1	148	0	0	0	0	0	10	13	4	4	4	4	4
1	10	0	0	0	0	1	139	0	0	0	0	0	147	144	0	3	19	120	119	12	6	111
0	139	19	0	14	0	146	1	140	148	0	0	149	1	0	1	130	73	2	3	20	10	15
>ZN250.H14INVITRO.1.M.C
2443	1961	6065	1905	102	1	6	4	9051	1758	1982
2437	2290	965	412	38	9844	9801	270	435	3262	2580
1955	1372	2050	6636	9666	0	38	1	126	947	2501
3010	4222	765	892	39	0	0	9570	233	3878	2782
>ZN251.H14INVITRO.0.PSGI.A
52	59	32	10	249	8	2	17	265	150	1	155	12	96	26	39	74	27	32	96	39
30	31	2	277	20	223	2	6	2	1	302	6	273	150	92	13	79	83	209	96	99
31	31	150	1	24	57	2	19	25	147	0	140	6	20	94	16	54	55	19	17	65
190	182	119	15	10	15	297	261	11	5	0	2	12	37	91	235	96	138	43	94	100
>ZN254.H14INVITRO.0.P.D
654	655	10	636	4	58	5	662	6	7	3	1	14	49	9	672	6	17	0	1	661
8	1	6	20	31	4	44	2	2	4	668	5	2	0	6	3	3	2	674	1	5
10	14	656	13	5	605	13	6	665	655	0	0	650	624	654	1	664	654	2	0	5
4	6	4	7	636	9	614	6	3	10	5	670	10	3	7	0	3	3	0	674	5
>ZN257.H14INVITRO.0.P.D
48	251	8	99	4	1	20	1	2	147	39	282
67	370	195	723	4	92	8	826	819	2	707	140
604	49	143	5	0	3	681	0	0	47	33	83
108	157	481	0	819	731	118	0	6	631	48	322
>ZN260.H14INVITRO.0.P.D
31	15	12	288	70	775	9	185	42	0	14	20	124	693	0	791	131	10	843	3	4	0	11
16	8	15	34	209	36	221	10	2	640	15	46	617	4	3	4	116	4	2	96	3	835	820
11	29	40	144	41	25	7	521	815	7	1	780	1	172	2	21	612	22	12	9	5	0	2
811	817	802	403	549	33	632	153	10	222	839	23	127	0	864	53	10	833	12	761	857	34	36
>ZN263.H14INVITRO.0.PM.A
155	140	95	202	452	69	0	0	706	74	14	256	178	157	178	152
130	77	74	25	20	0	1	0	0	0	112	9	162	76	72	106
293	380	408	365	174	622	700	701	0	609	577	373	238	356	294	297
128	109	129	114	60	15	5	5	0	23	3	68	128	117	162	151
>ZN264.H14INVITRO.0.P.D
651	733	119	34	183	96	722	22	115	783	885	9	62	99	122	616	75	107
130	49	34	15	133	880	35	879	115	69	40	203	653	641	594	128	199	330
152	100	769	893	653	13	137	75	115	92	35	54	95	100	81	136	133	110
71	122	82	62	35	15	110	28	659	60	44	738	194	164	207	124	597	457
>ZN266.H14INVITRO.0.P.D
174	152	111	515	212	87	589	20	61	85	1001	48	858	15	114	47	44	44	35	283	244
192	188	236	192	201	184	8	934	24	776	1	921	74	5	148	328	912	682	524	131	175
189	207	117	199	149	120	374	26	5	15	5	18	29	921	534	111	19	31	239	440	455
452	460	543	101	445	616	36	27	917	131	0	20	46	66	211	521	32	250	209	153	133
>ZN267.H14INVITRO.0.P.D
52	39	55	36	41	44	27	58	83	74	23	4	20	208	41	22	33	32	164	217	39	231	78	42	44	60	45	23	28	17	27
119	221	82	176	252	158	59	167	152	126	14	133	299	88	26	40	32	3	106	17	13	100	37	24	56	93	239	175	56	87	197
73	48	76	70	46	50	137	111	43	145	325	225	24	32	66	289	39	334	88	114	302	27	134	271	159	207	67	59	93	239	73
128	64	159	90	33	120	149	36	94	27	10	10	29	44	239	21	268	3	14	24	18	14	123	35	113	12	21	115	195	29	75
>ZN273.H14INVITRO.0.P.D
55	638	49	58	23	570	23	41	87	451	26	45	33	62	342	28	73	37	27	11	12	47	94
223	137	67	838	269	83	869	819	657	265	775	201	638	606	85	67	85	188	761	446	533	830	434
643	141	822	66	35	206	67	44	116	80	74	98	192	35	444	858	794	424	26	25	52	41	76
52	57	35	11	646	114	14	69	113	177	98	629	110	270	102	20	21	324	159	491	376	55	369
>ZN274.H14INVITRO.0.SM.B
2968	1785	761	9899	13	8000	9965	14	122	33	8302	1074	6556	1540
1707	4847	17	34	7	2	4	9635	102	9892	1339	3117	906	3826
3677	480	9178	24	9949	1964	4	246	57	25	208	78	1957	1580
1632	2872	28	27	15	18	11	89	9703	34	135	5715	565	3038
>ZN274.H14INVITRO.1.P.B
23	213	2	164	208	7	14	4	201	16	171	10	55	15	26	111	30	178	58	167	152
2	2	0	3	7	121	14	212	15	89	9	176	11	17	33	27	26	23	13	16	8
194	1	218	52	4	11	10	4	5	3	19	20	11	169	139	21	141	13	137	18	39
3	6	2	3	3	83	184	2	1	114	23	16	145	21	24	63	25	8	14	21	23
>ZN274.H14INVITRO.2.P.B
143	688	151	493	193	282	99	83	520	74	645	127	758	721	444	83	55	274	43	559	59
564	86	207	128	579	65	38	145	28	81	28	73	83	50	215	452	751	402	174	76	440
115	77	177	211	70	74	579	660	107	744	142	704	70	129	202	100	64	44	83	95	75
104	75	391	94	84	505	210	38	271	27	111	22	15	26	65	291	56	206	626	196	352
>ZN275.H14INVITRO.0.SG.A
3052	4664	505	139	50	33	9	59	7265	291	26	116	4027	339	708	112	3587	1732	2075
1356	2743	691	8	37	9	9808	1	82	16	4	89	499	8869	5153	9404	1949	2408	1789
1993	1336	8620	9699	22	9817	2	4	45	9483	9747	9283	3037	355	2626	93	2758	1303	2406
3464	1122	49	19	9756	6	46	9801	2473	75	88	377	2302	302	1378	256	1571	4422	3595
>ZN276.H14INVITRO.0.SM.B
218	138	219	1387	1365	5	52	192	117	6	186	940	97	895	46	798	82	95	724	58	44	36	76	1220	1071	366
482	61	19	16	4	3	23	159	91	2	98	37	86	49	310	34	1286	661	249	1194	1243	38	24	30	103	293
538	280	242	95	162	1532	1458	140	1290	1524	104	532	312	373	567	346	134	481	392	155	132	159	149	136	229	665
303	1062	1061	43	10	1	8	1050	43	9	1153	32	1046	224	618	363	39	304	176	134	122	1308	1292	155	138	217
>ZN281.H14INVITRO.0.P.B
135	144	116	172	3	2	4	2	4	865	60	2	5	6	363	307
178	110	81	42	1	1	2	1	1	32	0	2	0	4	324	100
604	667	656	203	1003	1004	999	1005	1003	0	873	1004	993	984	196	517
91	87	155	591	1	1	3	0	0	111	75	0	10	14	125	84
>ZN281.H14INVITRO.1.SM.B
127	108	107	133	108	93	120	112	106	130	140	190	77	0	11	696	0	0	35	262	202	112	97	67	111	123
106	75	89	70	79	69	81	53	48	70	37	67	21	12	7	1	0	0	25	98	70	42	62	64	90	115
363	412	405	454	492	491	440	503	497	459	550	399	587	779	782	0	791	800	700	239	392	537	469	437	359	323
204	205	199	143	121	147	159	132	149	141	73	144	115	9	0	103	9	0	40	201	136	109	172	232	240	239
>ZN282.H14INVITRO.0.P.D
25	22	87	2	45	7	8	6	296	45	54
8	14	42	21	138	2	5	1	19	8	121
284	282	118	297	3	307	308	315	6	257	135
8	7	78	5	139	9	4	3	4	15	15
>ZN283.H14INVITRO.0.P.D
123	142	130	68	168	51	8	40	44	16	654	16	102	80	101	34	66	74	68	46	57	51	61
159	80	415	357	283	33	27	737	78	26	48	39	784	128	33	29	388	586	119	45	76	504	516
560	608	325	114	171	689	954	81	80	892	281	233	102	92	490	929	482	51	192	877	782	346	86
161	173	133	464	381	230	14	145	801	69	20	715	15	703	379	11	67	292	624	35	88	102	340
>ZN284.H14INVITRO.0.P.D
54	27	49	5	940	87	6	19	0	1	50	51	110	883	1	32
15	23	13	953	5	6	2	1	2	130	0	779	10	12	2	947
918	24	924	5	30	898	2	975	992	1	943	32	871	96	1	2
8	921	9	32	20	4	985	0	1	863	2	133	4	4	991	14
>ZN285.H14INVITRO.0.P.D
4	11	2	45	83	8	1	12	1	10	28	2	12	7	12	4	0	66	78	77	1	63	4
2	77	68	25	2	4	7	35	85	40	14	5	5	3	1	4	4	14	13	1	20	5	60
85	2	2	18	4	0	16	7	0	4	39	2	70	82	5	78	2	7	1	12	5	15	8
2	3	21	5	4	81	69	39	7	39	12	84	6	1	75	7	87	6	1	3	67	10	21
>ZN292.H14INVITRO.0.PSG.A
241	185	454	337	8	0	727	0	0	10	119	459	140	216
88	407	87	60	2	741	14	0	0	311	335	86	189	150
240	89	139	19	729	0	0	0	741	0	18	69	196	146
172	60	61	325	2	0	0	741	0	420	269	127	216	229
>ZN296.H14INVITRO.0.S.C
2886	2009	53	0	1854	0	0	7564	101	288	2076
2056	2794	1368	15	13	7731	7731	74	4504	3629	2181
1740	2080	102	7698	1	0	0	0	1311	949	1790
1049	848	6208	18	5863	0	0	93	1815	2865	1684
>ZN302.H14INVITRO.0.P.D
6	6	69	70	1	12	58	3	77	2	3	1	73	0	3	1	75	74	1	2	69	3	70
4	2	5	2	77	58	1	76	0	3	0	77	1	80	1	79	5	2	77	2	1	67	5
67	72	2	6	2	0	21	1	2	75	2	1	4	0	2	0	0	2	2	0	9	3	2
3	0	4	2	0	10	0	0	1	0	75	1	2	0	74	0	0	2	0	76	1	7	3
>ZN304.H14INVITRO.0.P.D
50	40	293	76	15	12	38	19	644	158	38	27	301	687	197	25	21	42	11	7	699	36	751	18	57	774	93	510	168	66	485
538	703	210	76	681	797	732	797	120	81	99	455	145	40	21	708	754	130	128	816	19	29	50	19	42	33	251	67	391	587	118
37	24	41	328	39	6	11	7	84	601	113	28	368	110	623	85	7	17	31	31	65	781	46	26	736	45	470	72	231	35	191
243	101	324	388	133	53	87	45	20	28	618	358	54	31	27	50	86	679	698	14	85	22	21	805	33	16	54	219	78	180	74
>ZN316.H14INVITRO.0.P.D
27	24	89	53	28	4	5	47	11	854	186	118	217	659	84	23	35	17	491	49	719	160	32	46
745	745	37	48	731	953	830	26	965	53	47	54	92	61	37	815	90	101	295	716	87	161	92	769
113	87	60	869	138	6	4	62	15	44	430	762	649	186	854	32	46	58	125	47	84	393	57	40
115	144	814	30	103	37	161	865	9	49	337	66	42	94	25	130	829	824	89	188	110	286	819	145
>ZN317.H14INVITRO.0.P.D
80	341	177	78	138	371	5	350	70	60	187	35	432	14	59	49	53	30	44	313
20	22	103	27	14	30	416	10	10	359	19	3	6	293	24	42	261	48	268	47
338	69	50	58	241	29	6	34	355	12	19	409	9	9	15	32	19	40	59	50
17	23	125	292	62	25	28	61	20	24	230	8	8	139	357	332	122	337	84	45
>ZN317.H14INVITRO.1.P.D
772	94	107	180	761	572	157	114	129	815	180	730	768	185	611	196	830	477	60	117	140	615	685
76	51	30	224	68	27	45	579	630	37	47	78	20	19	60	659	35	26	30	11	33	86	49
88	42	788	521	109	306	708	100	91	99	731	161	137	760	293	59	91	381	92	827	799	244	161
62	811	73	73	60	93	88	205	148	47	40	29	73	34	34	84	42	114	816	43	26	53	103
>ZN320.H14INVITRO.0.P.D
454	421	55	41	94	15	13	349	110	96	455	236	64	21	29	37	242	247	436	341	74	79	222
117	67	53	39	37	8	16	32	571	739	311	23	6	0	1	14	698	584	48	61	221	69	449
291	279	758	419	728	910	914	322	115	46	50	602	753	925	923	883	9	33	150	418	88	724	129
91	186	87	454	94	20	10	250	157	72	137	92	130	7	0	19	4	89	319	133	570	81	153
>ZN320.H14INVITRO.1.P.D
447	233	63	27	23	34	273	153	563	315	51
257	29	3	0	1	30	712	768	5	14	237
136	592	809	971	976	908	5	15	71	542	145
160	146	125	2	0	28	10	64	361	129	567
>ZN322.H14INVITRO.0.P.D
91	435	62	150	24	65	237	76	68	660	9	347	15	405	38	50	123	98	83	242
116	80	54	575	850	78	50	351	119	165	873	66	358	88	27	743	640	94	132	159
643	155	648	34	5	28	581	404	86	37	14	186	497	97	787	46	51	181	553	366
58	238	144	149	29	737	40	77	635	46	12	309	38	318	56	69	94	535	140	141
>ZN329.H14INVITRO.0.P.D
156	157	53	79	46	711	163	60	179	670	139	36	155	272	60	268	146	180	112	83	490	605
406	603	88	16	32	51	26	558	531	52	44	625	342	98	245	71	541	545	33	51	108	61
198	24	30	598	725	32	96	40	54	59	520	140	69	284	109	311	86	39	97	658	174	96
62	38	651	129	19	28	537	164	58	41	119	21	256	168	408	172	49	58	580	30	50	60
>ZN329.H14INVITRO.1.P.D
36	25	7	77	21	834	38	41	279	746	167	13
684	863	85	4	17	11	19	766	536	57	59	857
115	2	6	698	839	16	74	40	24	49	635	10
61	6	798	117	19	35	765	49	57	44	35	16
>ZN331.H14INVITRO.0.P.D
87	275	138	318	77	58	18	25	5	12	775	17	20	263	162	91	139	139	127	125	34	12	38
13	62	679	16	10	3	2	860	21	897	11	1	884	68	19	23	62	242	50	68	138	92	622
832	595	30	60	859	829	948	6	3	13	40	950	15	32	750	805	690	94	703	739	103	41	64
43	43	128	581	29	85	7	84	946	53	149	7	56	612	44	56	84	500	95	43	700	830	251
>ZN333.H14INVITRO.0.P.D
288	30	3	7	965	149	22	380	67	767	173
177	13	1	4	25	97	590	487	63	32	59
527	49	994	988	7	597	253	91	829	159	727
8	908	2	1	3	157	135	42	41	42	41
>ZN335.H14INVITRO.0.PSG.A
14	47	25	5	0	1	2	0	0	3	26	111
105	63	6	3	0	0	0	277	268	0	105	62
85	38	182	261	283	281	11	6	3	1	69	84
79	135	70	14	0	1	270	0	12	279	83	26
>ZN337.H14INVITRO.0.P.D
113	591	585	89	23	53	387	25	24	567	59	106	515	89	35	502	51	679	49	95	456	78	62
92	123	136	149	117	322	79	111	621	161	591	512	197	677	150	36	49	46	840	754	66	65	644
709	215	199	93	91	60	424	93	79	118	112	78	105	88	104	341	864	212	62	27	185	744	118
81	66	75	664	764	560	105	766	271	149	233	299	178	141	706	116	31	58	44	119	288	108	171
>ZN33B.H14INVITRO.0.P.D
37	47	27	66	66	34	6	60	96	2	0	2	94	83	3	59	5	100	10	2	10	63	56	12	5	21	36	25	22	41
46	17	12	6	4	0	3	6	8	1	7	16	2	3	8	10	42	1	0	2	12	6	23	6	10	10	4	8	13	9
8	30	61	22	35	73	93	24	1	0	7	38	4	12	10	21	31	3	97	103	83	32	10	5	12	51	53	31	19	33
18	15	9	15	4	2	7	19	4	106	95	53	9	11	88	19	31	5	2	2	4	8	20	86	82	27	16	45	55	26
>ZN341.H14INVITRO.0.P.D
208	208	41	867	916	15	919	2	28	176
165	8	56	75	16	546	10	11	950	535
341	749	862	55	61	407	56	982	17	119
286	35	41	3	7	32	15	5	5	170
>ZN341.H14INVITRO.1.P.D
209	252	162	183	225	279	277	107	283	241	185	303	189	203	47	826	883	20	832	4	52
119	160	115	180	285	304	138	222	190	86	242	295	166	6	66	69	6	489	12	9	890
571	483	635	555	421	331	493	590	248	486	514	256	401	756	850	104	99	459	106	982	39
102	106	89	83	70	87	93	82	280	188	60	147	245	36	38	2	13	33	51	6	20
>ZN343.H14INVITRO.0.PSM.A
1691	1816	2356	664	476	8	10	7	10	8571	353	1225	3354	1521	2223
3307	3376	4907	7101	64	9981	2	2	9982	1085	7693	3758	2195	4845	1855
1872	1556	2182	321	9436	5	4	7	4	260	359	2360	2693	1767	4408
3126	3248	551	1910	20	2	9980	9980	0	80	1591	2653	1754	1863	1510
>ZN347.H14INVITRO.0.PSGI.A
281	269	443	492	558	217	28	21	29	664	42	36	78	61	763	295	473	52	17	70	654	53	213	203
158	104	79	85	12	19	1	0	1	14	132	5	667	0	15	175	17	8	20	11	30	409	47	243
195	318	138	88	161	375	761	770	745	56	7	637	25	729	4	93	201	705	747	694	58	45	449	217
158	101	132	127	61	181	2	1	17	58	611	114	22	2	10	229	101	27	8	17	50	285	83	129
>ZN350.H14INVITRO.0.P.D
267	448	68	120	68	87	16	0	3	45	653	113	270	632	103	76	318	521
463	55	83	422	566	511	105	5	31	30	104	49	48	190	611	603	229	159
133	204	595	141	68	19	10	6	16	93	83	110	500	90	89	105	95	189
137	293	254	317	298	383	869	989	950	832	160	728	182	88	197	216	358	131
>ZN358.H14INVITRO.0.SG.A
1737	4211	1052	2687	23	3711	987	144	45	42	1986	899	3750	1008	3055	1461	628	386	1184	1820	603	866	948	609	1528
865	621	36	215	998	489	4333	6888	2572	74	28	851	1913	1364	852	516	838	1108	3117	1341	446	753	832	2171	3192
2631	1287	5862	186	5695	1629	200	81	1138	33	5179	2519	468	1702	1992	2498	3687	924	788	1628	632	814	2999	2960	912
2019	1133	302	4164	536	1423	1732	139	3497	7103	59	2983	1121	3178	1353	2777	2099	4834	2163	2463	5571	4819	2473	1512	1620
>ZN362.H14INVITRO.0.PSGI.A
6217	8935	9538	9554	9557	9556	9481	9555	32	2722	1470
241	43	3	1	0	0	69	0	6190	1319	3094
1596	332	10	0	0	1	4	2	1604	3238	2336
1503	247	6	2	0	0	3	0	1731	2278	2657
>ZN367.H14INVITRO.0.PSGI.A
358	99	0	0	937	938	937	100	52	56	276	331
229	36	0	0	0	0	0	1	36	229	568	359
242	124	0	0	1	0	0	476	821	505	26	21
109	679	938	938	0	0	1	361	29	148	68	227
>ZN37A.H14INVITRO.0.P.D
18	34	40	208	9	14	8	232	3	0	8	0	21	2	17	6	222	5	6	10	219	2	157
3	58	4	0	1	0	1	1	2	199	9	0	2	0	1	13	3	9	3	3	2	17	60
208	48	183	14	219	218	221	0	221	4	10	233	205	230	214	2	8	10	15	46	11	4	14
4	93	6	11	4	1	3	0	7	30	206	0	5	1	1	212	0	209	209	174	1	210	2
>ZN382.H14INVITRO.0.P.D
67	191	59	467	161	72	381	91	31	96	44	8	677	65	14	390	594	26	129	49	73	114	44
182	87	112	43	29	59	73	131	826	58	37	14	9	199	19	14	135	52	24	190	810	311	821
80	646	81	277	697	644	467	48	21	124	905	10	147	694	15	540	169	25	696	169	21	24	25
671	76	748	213	113	225	79	730	122	722	14	968	167	42	952	56	102	897	151	592	96	551	110
>ZN383.H14INVITRO.0.P.D
175	213	337	27	899	77	78	304	558	178	547	605	128	415	81	163	100	535	525	206	91	395	279
140	454	37	19	32	18	640	357	100	399	69	95	227	126	195	91	118	248	88	56	95	176	96
616	185	511	947	50	866	206	230	297	346	341	266	515	349	374	640	733	184	351	672	762	372	550
69	148	115	7	19	39	76	109	45	77	43	34	130	110	350	106	49	33	36	66	52	57	75
>ZN384.H14INVITRO.0.PSM.A
2563	0	9688	9676	9695	9698	9691	9261	6524	3923	2935
1847	1812	0	0	0	0	0	91	1167	1867	2250
2819	4733	10	18	6	3	9	346	1634	2684	2841
2472	3156	3	7	0	0	1	3	376	1227	1675
>ZN394.H14INVITRO.0.P.D
49	71	92	62	91	117	67	11	397	2	158	391	6	1	38	12	87	98	93
107	125	104	89	118	65	14	0	1	1	59	5	16	389	26	39	96	69	84
198	135	148	188	166	144	315	391	3	393	38	3	363	11	78	319	176	189	165
48	71	58	63	27	76	6	0	1	6	147	3	17	1	260	32	43	46	60
>ZN395.H14INVITRO.0.PSGI.A
80	4	8	9	16	0	0	0	0	0	154	62	72	61	59
41	227	219	5	2	250	250	0	0	127	11	25	62	51	63
101	12	14	211	232	0	0	250	250	0	25	38	38	50	63
28	7	9	25	0	0	0	0	0	123	60	125	78	88	65
>ZN407.H14INVITRO.0.PSGI.A
1044	212	9503	128	70	17	4343	3529	1369	210	576	661	4053	1425	4180	4014	1004	989	1515	2575	1727	6509
4614	51	55	8930	31	11	1297	41	693	7271	6312	2980	1282	2701	1670	1017	423	761	1685	3852	6338	951
2401	962	51	59	9536	9615	1318	5155	6584	2138	383	4779	2850	4058	2748	2899	7945	6803	5177	730	1069	1571
1615	8449	65	557	37	31	2716	949	1028	55	2403	1254	1489	1490	1076	1744	302	1121	1297	2517	540	643
>ZN410.H14INVITRO.0.SM.B
2263	550	9094	3	3	9109	0	3	0	6	7925	25	1875	268	2200
1834	755	3	8	2	3	2	0	1	3	815	20	12	2254	2189
2408	469	11	2	0	4	0	9115	9116	8627	76	6	7100	3250	2429
2613	7344	10	9105	9113	2	9116	0	1	482	302	9067	131	3346	2300
>ZN416.H14INVITRO.0.P.D
3	4	55	5	18	3	16	19	4	2	56	19	25	4	5	28	6	3	4	7	12	54	5
0	5	9	58	6	6	5	7	53	45	11	34	9	2	5	6	1	9	58	62	53	5	9
7	68	8	7	5	59	50	51	2	1	6	8	41	63	60	39	16	59	11	3	9	4	59
68	1	6	8	49	10	7	1	19	30	5	17	3	9	8	5	55	7	5	6	4	15	5
>ZN417.H14INVITRO.0.P.D
222	111	712	168	88	8	23	9	6	105	1	8	152	498	413
165	615	23	282	185	12	1	6	898	10	903	872	517	84	154
373	73	52	247	250	18	853	907	7	808	10	5	115	131	206
163	124	136	226	400	885	46	1	12	0	9	38	139	210	150
>ZN418.H14INVITRO.0.P.D
20	5	15	10	3	2	10	22	222	3	7	2	75	11	51	26	127	42
123	1	0	268	14	17	97	60	1	5	330	195	13	361	94	30	92	197
70	6	376	0	1	1	28	7	155	371	5	3	20	4	2	195	135	74
178	379	0	113	373	371	256	302	13	12	49	191	283	15	244	140	37	78
>ZN423.H14INVITRO.0.P.D
214	215	87	186	23	7	12	279	40	72	186	19	490	77
205	85	540	318	854	941	972	151	18	106	9	28	198	169
457	621	284	83	52	6	5	39	881	805	735	950	84	693
127	82	92	416	74	49	14	534	64	20	73	6	231	64
>ZN425.H14INVITRO.0.P.D
143	386	20	992	116	26	99	129	98
172	72	42	1	4	2	156	824	525
536	356	931	5	870	964	690	42	54
149	186	7	2	10	8	55	5	323
>ZN429.H14INVITRO.0.P.D
92	204	132	5	6	1	268	11	0	32	28	100	80	44	12	109	154	18	57	17	20	45	74
165	20	6	339	367	366	16	46	125	17	143	46	115	273	350	24	187	92	10	336	320	80	148
71	79	250	42	15	1	38	79	6	184	112	195	100	59	5	17	35	10	265	18	8	25	143
70	95	10	12	10	30	76	262	267	165	115	57	103	22	31	248	22	278	66	27	50	248	33
>ZN430.H14INVITRO.0.P.D
17	891	6	446	3	6	7	1	848	4	891	6	2	0	21	134	0	1	853	62	145	30	849
869	3	719	6	13	841	25	45	46	870	1	25	0	1	339	1	1	888	12	1	13	857	1
6	3	15	426	3	0	1	1	3	0	4	12	895	896	0	762	894	1	3	827	728	3	46
5	0	157	19	878	50	864	850	0	23	1	854	0	0	537	0	2	7	29	7	11	7	1
>ZN431.H14INVITRO.0.P.D
58	54	6	4	2	4	116	6	152	124	19	37	21	48	48
52	6	1	0	188	0	3	17	25	21	1	92	138	30	37
76	131	181	188	1	0	75	171	15	9	174	28	1	32	91
9	4	7	3	4	191	1	1	3	41	1	38	35	85	19
>ZN432.H14INVITRO.0.P.D
21	47	209	266	206	34	253	148	15	33	29	4	10	83	33	21	91	246	13	13	57	15	7
49	28	55	14	25	239	30	62	66	18	5	247	200	19	189	34	35	19	44	15	22	30	44
27	27	30	25	62	19	10	75	11	19	269	18	5	101	50	58	169	43	17	47	225	31	38
228	223	31	20	32	33	32	40	233	255	22	56	110	122	53	212	30	17	251	250	21	249	236
>ZN433.H14INVITRO.0.P.D
200	490	470	36	236	945	37	13	755	88	339	172	78	436	29	4	9	378	84	118	318	140	203
290	10	2	7	70	9	540	461	77	617	84	86	447	1	8	9	905	366	220	180	102	147	133
384	486	521	242	49	15	9	26	104	177	43	628	57	530	962	12	12	80	64	227	123	466	470
129	17	10	718	648	34	417	503	67	121	537	117	421	36	4	978	77	179	635	478	460	250	197
>ZN433.H14INVITRO.1.P.D
23	153	168	23	152	43	193	260	17	201	445	3	5	381	32	151	37	16	186	20	0	3	186	20	18	152	30	62	243	39	180
33	21	41	288	30	148	2	1	2	14	3	288	195	9	239	16	13	185	0	1	2	404	164	44	42	15	23	22	27	26	28
29	42	202	21	31	237	255	194	195	15	8	3	0	58	160	10	386	6	260	436	0	3	59	8	135	27	351	332	33	349	219
373	242	47	126	245	30	8	3	244	228	2	164	258	10	27	281	22	251	12	1	456	48	49	386	263	264	54	42	155	44	31
>ZN436.H14INVITRO.0.P.D
99	32	815	489	37	159	1	18	10	0	58	35	48	38	918	115	8	886	134	20	155	165	363
16	2	55	13	4	63	975	33	56	954	827	99	1	12	8	1	2	29	3	6	184	24	56
840	939	66	454	924	733	0	7	83	4	8	15	896	910	24	858	963	14	839	937	86	774	465
21	3	40	20	11	21	0	918	827	18	83	827	31	16	26	2	3	47	0	13	551	13	92
>ZN440.H14INVITRO.0.P.D
495	318	199	230	190	554	473	622	701	113	9	871	34	802	908	4	379	916	88	58	160	522	236
128	94	64	222	504	111	71	93	28	6	910	2	62	18	15	949	381	29	660	183	109	96	54
223	434	612	393	108	85	335	148	139	860	9	27	873	179	75	5	68	38	31	62	566	102	54
154	154	125	155	198	250	121	137	132	21	72	100	31	1	2	42	172	17	221	697	165	280	656
>ZN441.H14INVITRO.0.P.D
73	52	37	4	1	0	276	18	8	19
24	54	44	259	0	0	1	0	104	118
170	163	182	1	278	281	2	185	3	36
14	12	18	17	2	0	2	78	166	108
>ZN441.H14INVITRO.1.P.D
7	13	16	693	17	673	2	4	1	713	11	4	5	4	17	73	4	22	7	12	22	3	3	54	3	6	18	603	66	21	17
30	21	10	5	2	5	699	2	2	2	3	17	612	11	505	26	671	21	650	16	20	13	647	80	659	699	658	56	15	27	598
20	37	684	19	696	38	1	712	718	6	691	3	7	9	31	602	11	10	33	22	624	59	3	520	52	7	16	51	629	662	64
665	651	12	5	7	6	20	4	1	1	17	698	98	698	169	21	36	669	32	672	56	647	69	68	8	10	30	12	12	12	43
>ZN443.H14INVITRO.0.P.D
0	81	0	0	18	2	2	1	3	0	0	0	0	0	0	0	0	0	0	72	1	82	1
0	0	1	68	3	2	0	0	0	4	0	0	1	3	84	82	0	0	2	1	82	1	79
0	2	82	0	63	80	82	0	80	1	1	18	0	0	0	0	2	2	82	11	0	0	1
84	1	1	16	0	0	0	83	1	79	83	66	83	81	0	2	82	82	0	0	1	1	3
>ZN444.H14INVITRO.0.S.C
1321	1051	1984	1491	192	121	103	13	49	11	14	67	65	112	102	1464	1028	1464
2743	3729	1394	1357	6276	6504	6698	6806	6790	13	6838	6746	6706	6112	6573	3019	2611	2265
1334	895	2913	390	148	75	14	21	3	1	3	31	13	53	44	468	611	1257
1474	1197	581	3634	256	172	57	32	30	6847	17	28	88	595	153	1921	2622	1886
>ZN449.H14INVITRO.0.P.B
97	4	5	52	1	0	9	0	90	22
22	15	260	16	1	2	88	996	12	300
764	958	5	22	996	991	891	2	187	281
117	23	730	910	2	7	12	2	711	397
>ZN449.H14INVITRO.1.S.C
1336	2091	2306	693	199	768	2002	0	2	466	1044	1067	659	673	1615
1041	617	568	579	705	24	1	1	950	40	4286	0	2205	406	1105
2859	2636	2066	4735	5288	2756	145	6584	5582	3959	888	5212	1844	4593	2499
1349	1241	1645	578	393	3037	4437	0	51	2120	367	306	1877	913	1366
>ZN454.H14INVITRO.0.P.B
5	5	37	9	5	17	0	13	11	1	19	2	15	23	30	3	6	1	29	3	2	0	5
57	49	20	9	48	9	9	1	6	47	44	14	2	2	2	1	58	50	1	1	13	22	21
1	4	8	3	1	14	60	48	41	22	0	5	47	45	6	40	3	3	2	1	0	6	27
8	13	6	50	17	31	2	9	13	1	8	50	7	1	33	27	4	17	39	66	56	43	18
>ZN454.H14INVITRO.1.SM.B
1925	1304	1077	1782	956	280	344	0	78	41	132	5242	2865
2119	4749	2508	5431	4959	581	61	8525	78	8133	5390	1154	2417
3346	1570	4151	809	101	7400	7892	0	8370	0	155	301	1423
1136	903	790	504	2510	265	229	1	0	352	2849	1829	1821
>ZN460.H14INVITRO.0.S.C
878	920	466	135	50	263	348	0	0	781	616	513	644
632	446	1750	46	29	0	0	141	0	2986	199	408	626
1132	1340	1454	4004	4078	3952	3881	4088	4229	0	2800	1016	1090
1587	1523	559	44	72	14	0	0	0	462	614	2292	1869
>ZN467.H14INVITRO.0.P.D
223	320	212	259	278	242	235	380	323	306	342	185	200	527	149	287	131	78	167	962	14	123	385
100	66	55	84	99	72	57	54	49	68	75	75	91	104	39	10	9	44	50	11	5	15	47
571	537	673	597	540	619	642	527	570	570	508	708	665	196	727	685	832	861	771	0	962	844	517
98	69	52	52	75	59	58	31	50	48	67	24	36	165	77	10	20	9	4	19	11	10	43
>ZN468.H14INVITRO.0.P.D
398	333	73	15	6	980	4	2	111	10	74	156	41
201	92	13	6	3	8	1	1	13	0	76	421	28
273	406	900	952	990	4	995	995	874	986	845	14	820
128	169	14	27	1	8	0	2	2	4	5	409	111
>ZN470.H14INVITRO.0.PSG.A
453	328	360	801	559	15	2	129	4	0	19	3	1	28	0	100	14	784	1029	80	187	541
533	203	900	690	894	14	2288	75	0	2387	2	0	2373	6	2	8	131	310	498	1868	180	545
870	1544	379	437	200	14	2	138	0	0	60	0	0	58	2390	1131	51	77	566	96	178	640
543	324	760	471	746	2356	107	2057	2395	12	2318	2396	25	2307	7	1160	2203	1228	306	355	1854	673
>ZN471.H14INVITRO.0.PSG.A
798	5710	2505	403	103	20	2073	4462	76	812	64	36	2835	685	2565	940	2943
1726	1544	1417	4162	71	8099	3502	440	1931	3833	82	8648	417	289	474	3113	1399
4707	848	2257	2708	71	28	1595	84	62	3239	33	26	3098	2892	983	2462	3591
1965	1094	3017	1923	8951	1049	2026	4210	7127	1312	9017	486	2846	5330	5174	2681	1263
>ZN479.H14INVITRO.0.P.D
320	270	72	26	879	194	18	815	5	32	35	59	203	268	1	39	574	95
167	72	17	6	50	76	17	156	786	372	483	32	48	27	5	38	212	410
351	525	812	958	69	176	962	30	18	20	83	481	714	591	989	891	200	54
163	134	100	11	3	555	4	0	192	577	400	429	36	115	6	33	15	442
>ZN480.H14INVITRO.0.P.D
71	9	29	147	178	2	2	86	10	76	99	80	98	131	20	136	8	178	39	13	1	59	36	64
33	261	271	48	9	22	306	113	204	110	88	80	100	82	284	48	288	58	76	18	314	175	120	83
148	38	9	54	111	21	9	40	30	39	105	101	45	66	2	11	2	50	19	8	4	16	36	43
79	23	22	82	33	286	14	92	87	106	39	70	88	52	25	136	33	45	197	292	12	81	139	141
>ZN480.H14INVITRO.1.P.D
27	87	0	189	108	0	0	25	7	60
188	152	293	29	48	0	290	199	151	75
54	3	0	25	6	0	2	4	3	16
26	53	2	52	133	295	3	67	134	144
>ZN483.H14INVITRO.0.P.D
173	71	438	9	255	12	572	5	3	11	87	1	522	68	85	166	149	97
56	278	42	7	2	5	0	0	567	16	9	539	21	42	118	155	192	372
210	196	38	553	302	555	2	570	2	1	473	7	18	439	204	139	116	52
136	30	57	6	16	3	1	0	3	547	6	28	14	26	168	115	118	54
>ZN484.H14INVITRO.0.P.D
237	134	131	34	65	338	58	248	19	311	129	19	257	337	22	286	79	59	36	58	256	292	245
41	19	17	8	4	13	150	26	8	25	13	3	79	2	341	27	41	26	122	42	70	42	34
65	210	193	327	307	25	76	39	339	29	208	341	21	35	7	18	111	278	47	66	38	40	61
36	16	38	10	3	3	95	66	13	14	29	16	22	5	9	48	148	16	174	213	15	5	39
>ZN485.H14INVITRO.0.P.D
78	58	360	81	180	259	45	79	15	15	20	9	32	631	207	726	62	383	5	0	23	9	17
84	560	103	42	311	195	91	574	513	16	707	714	687	25	268	70	148	52	79	824	621	794	552
74	109	87	652	284	288	63	131	19	71	93	2	38	140	96	11	10	178	5	1	5	0	8
591	100	277	52	52	85	628	43	280	725	7	102	70	31	256	20	607	214	738	2	178	24	250
>ZN490.H14INVITRO.0.P.D
10	3	300	588	67	296	1	615	137	1	619	43	596	25	233	342	129	25	49	64	80	4	12
3	0	21	7	5	5	618	0	1	616	0	52	5	280	334	55	65	20	3	5	11	36	509
20	614	15	11	515	314	0	2	478	2	0	183	17	4	9	186	30	17	555	535	458	4	40
586	2	283	13	32	4	0	2	3	0	0	341	1	310	43	36	395	557	12	15	70	575	58
>ZN492.H14INVITRO.0.P.D
69	279	93	50	276	174	39	282	252	287	289	209	3	15	80	181	98	101	81	113
1	3	17	192	0	79	119	3	7	1	0	6	0	2	164	36	51	55	49	45
220	1	180	36	11	36	55	2	27	2	1	62	287	264	10	12	78	55	84	75
0	7	0	12	3	1	77	3	4	0	0	13	0	9	36	61	63	79	76	57
>ZN493.H14INVITRO.0.PSGI.A
308	251	197	251	565	340	238	168	837	184	53	31	629	187	893	772	6	1293	3	1	40	3	10	15	722	311
231	634	789	233	122	122	236	901	162	326	1224	1214	31	26	142	357	1235	8	1	0	2	1333	1306	1209	148	339
524	217	131	522	442	630	496	73	74	143	22	31	541	870	233	14	5	28	1330	1	1111	2	8	15	119	152
276	237	222	333	210	247	369	197	266	686	40	63	138	256	71	196	93	10	5	1337	186	1	15	100	350	537
>ZN497.H14INVITRO.0.SG.A
4556	8589	39	103	2191	264	323	270	6658	520	2208	17	680	328	249	420	6491	648	2209
455	302	2087	150	369	2742	535	8336	355	171	6638	6736	2631	412	470	404	1719	5340	889
3483	486	86	525	7063	51	448	797	785	135	639	15	6248	610	244	2387	809	1663	2026
1188	305	7470	8904	59	6625	8376	279	1884	8856	197	2914	123	8332	8719	6471	663	2031	4558
>ZN500.H14INVITRO.0.PSGI.A
273	168	79	2	1	0	0	0	797	0	797	1	29	360	182	225	122	187
237	431	118	733	0	0	797	2	0	788	0	796	363	50	316	389	493	299
156	106	541	20	796	0	0	0	0	7	0	0	14	121	164	65	78	153
131	92	59	42	0	797	0	795	0	2	0	0	391	266	135	118	104	158
>ZN502.H14INVITRO.0.P.D
42	23	23	83	41	5	145	7	28	65	22	39	7	4	191	14	16	146	9	14	71
10	138	54	28	1	4	17	164	84	18	40	3	1	182	4	3	32	18	23	123	83
146	9	5	40	154	187	18	2	21	85	97	4	195	6	1	171	14	27	137	20	2
5	33	121	52	7	7	23	30	70	35	44	157	0	11	7	15	141	12	34	46	47
>ZN503.H14INVITRO.0.P.D
123	211	8	350	6	46	363	30	19	140	162	144	60
324	139	451	35	34	382	15	6	15	63	34	94	181
31	44	11	22	447	28	67	344	445	209	234	189	92
16	100	24	87	7	38	49	114	15	82	64	67	161
>ZN506.H14INVITRO.0.P.D
97	67	34	43	26	29	27	10	1	0	60	390	30	304	65	339	109	109	472	181	307	155	134
149	292	40	10	2	3	3	4	958	7	791	211	342	510	797	309	130	191	117	351	346	231	397
135	212	19	874	912	868	924	947	3	0	27	338	126	52	31	166	465	597	121	88	122	138	173
581	391	869	35	22	62	8	1	0	955	84	23	464	96	69	148	258	65	252	342	187	438	258
>ZN507.H14INVITRO.0.I.B
42	91	0	0	8	0	87	99	38
68	16	235	100	0	0	71	109	87
67	55	0	135	0	0	77	25	61
58	73	0	0	227	235	0	2	49
>ZN510.H14INVITRO.0.PSG.A
155	62	260	222	64	278	203	50	260	430	370	140	117	333	174	53	632	426	22	697	9	9	62	55	243	165
121	77	73	65	22	123	52	9	51	39	64	398	143	68	304	46	6	175	2	0	420	4	32	65	85	164
186	336	267	124	442	250	430	629	367	196	134	114	132	186	175	87	38	62	687	8	32	694	20	303	294	229
250	237	112	301	184	61	27	24	34	47	144	60	320	125	59	526	36	49	1	7	251	5	598	289	90	154
>ZN516.H14INVITRO.0.S.C
1220	270	1631	6771	4730	1	0	0	3868	2259
1767	4238	5037	0	0	0	0	0	1518	2025
2644	428	30	1	4	0	6773	6773	787	2052
1142	1837	75	1	2039	6772	0	0	600	437
>ZN519.H14INVITRO.0.P.D
57	56	32	136	23	257	82	21	49	43	3	333	22	2	4	71	0	5	38	325
43	611	695	58	882	439	63	909	463	40	963	457	28	959	734	4	964	935	787	338
845	290	62	717	51	156	776	24	97	823	5	54	871	8	5	744	7	8	127	226
34	22	190	68	23	127	58	25	370	73	8	135	58	10	236	160	8	31	27	90
>ZN524.H14INVITRO.0.S.B
1384	1698	116	0	3	110	113	48	296	3611	812	826
856	1058	8	58	0	0	188	3728	45	131	402	779
953	590	3869	3960	4031	0	447	238	3650	193	2484	1402
843	690	43	18	2	3926	3288	22	45	101	338	1029
>ZN526.H14INVITRO.0.S.C
2667	3239	893	1157	6613	6616	0	6616	3	109	6	969	278	861	2564	667
1398	459	2303	5278	0	0	0	0	0	4463	0	404	6204	1502	2811	4761
896	1725	700	109	3	0	6616	0	6613	2031	6610	4805	80	3466	372	362
1655	1193	2720	72	0	0	0	0	0	13	0	438	54	787	869	826
>ZN527.H14INVITRO.0.P.D
6	8	6	9	3	2	6	0	22	11	15	2	26	0	61	57	3	9
25	36	15	105	10	9	1	51	2	107	10	7	28	105	21	42	75	91
13	12	31	4	21	108	0	0	73	1	9	56	65	5	29	8	4	11
78	66	70	4	88	3	115	71	25	3	88	57	3	12	11	15	40	11
>ZN528.H14INVITRO.0.P.D
167	191	306	668	160	60	45	905	856	15	64	219	721	26	88	11	23	67	141	500
506	391	422	75	47	10	3	38	34	11	544	726	54	235	157	164	866	194	262	138
148	240	170	175	641	908	935	36	84	858	101	22	95	62	61	184	39	115	448	179
167	166	90	70	140	10	5	9	14	104	279	21	118	665	682	629	60	612	137	171
>ZN529.H14INVITRO.0.P.D
43	37	158	61	135	40	455	14	12	10	16	5	4	622	7	2	1	635	93	7	11	10	14	12	12	324	34	335	263	54	59
248	196	344	54	28	32	50	524	319	664	34	8	292	12	230	666	682	17	12	361	63	55	386	660	659	358	343	18	291	19	13
307	21	127	24	205	294	168	4	2	7	4	13	5	52	5	15	0	15	574	9	10	5	282	2	0	2	135	29	82	61	576
96	440	65	555	326	328	21	152	361	13	640	668	393	8	452	11	11	27	15	317	610	624	12	20	23	10	182	312	58	560	46
>ZN530.H14INVITRO.0.P.D
60	87	32	28	13	2	1	25	80	92	3	2	100	8	28	7	77
364	152	24	319	494	492	530	44	153	31	526	516	160	3	79	472	323
67	86	405	184	17	2	5	5	128	206	2	6	22	24	225	30	41
49	215	79	9	16	44	4	466	179	211	9	16	258	505	208	31	99
>ZN532.H14INVITRO.0.SG.A
2704	3350	3808	3812	3638	735	0	44	0	6206	12	2458	1673
1256	1108	803	214	13	23	0	106	1598	23	5611	3246	1431
1212	969	985	1490	787	3145	6224	6023	53	0	48	265	613
1057	802	633	713	1791	2326	5	56	4578	0	558	260	2512
>ZN534.H14INVITRO.0.P.D
69	219	101	186	47	91	5	3	2	5	2	1	3	96	51	45	274	96
143	223	151	123	264	18	992	86	491	7	994	876	982	771	533	702	509	491
647	487	653	670	96	150	1	0	3	649	1	4	4	55	151	79	117	264
141	71	95	21	593	741	2	911	504	339	3	119	11	78	265	174	100	149
>ZN534.H14INVITRO.1.P.D
180	77	176	184	115	52	15	20	35	4	18	55	5	28	3	14	3	59	0	0	0	0	0	0	0	2	4	0	141	13	87
11	17	10	16	17	19	10	13	17	47	14	16	3	7	5	8	8	2	266	0	20	0	266	264	264	259	145	224	110	123	123
67	159	58	51	123	186	233	221	91	59	155	140	254	229	257	238	2	55	0	0	0	251	0	0	0	1	6	10	5	122	48
8	13	22	15	11	9	8	12	123	156	79	55	4	2	1	6	253	150	0	266	246	15	0	2	2	4	111	32	10	8	8
>ZN536.H14INVITRO.0.SGI.A
1931	818	0	6492	6492	1474	1588	1432
1060	508	0	0	0	0	652	1760
1694	127	0	0	0	4759	2599	1749
1807	5039	6492	0	0	259	1653	1551
>ZN540.H14INVITRO.0.P.D
24	126	121	127	16	90	6	81	33	120	34	67	13	67	101	81	14	67	34	70	62	54	29
60	21	14	5	137	8	66	62	100	26	119	18	33	41	21	25	95	65	67	37	54	28	71
26	6	17	7	1	55	8	2	15	6	1	23	100	36	31	36	18	4	39	32	17	16	39
46	3	4	17	2	3	76	11	8	4	2	48	10	12	3	14	29	20	16	17	23	58	17
>ZN543.H14INVITRO.0.P.D
47	62	49	99	42	120	35	215	181	170	119	72	23	35	27	8	9	61	34	16	141
648	628	508	272	135	698	847	237	554	452	311	188	13	628	834	684	814	780	165	867	712
116	143	138	312	625	121	13	176	87	258	214	643	814	169	23	53	58	28	177	34	27
164	142	280	292	173	36	80	347	153	95	331	72	125	143	91	230	94	106	599	58	95
>ZN547.H14INVITRO.0.P.D
105	99	50	24	200	533	695	105	3	2	283	178	10	572	237	159	75	481	132	341	30	386
155	86	72	596	64	89	6	144	38	728	118	23	650	82	63	46	596	58	168	48	591	164
251	73	576	2	58	75	28	27	402	1	53	492	14	20	386	475	19	135	157	272	63	52
220	473	33	109	409	34	2	455	288	0	277	38	57	57	45	51	41	57	274	70	47	129
>ZN548.H14INVITRO.0.P.D
43	188	215	55	148	52	45	179	180	55	20	43	33	15	9	106	4	11	285	17	24	29	45
221	52	32	42	45	64	158	56	68	15	13	67	11	78	252	26	6	244	10	2	11	20	126
55	72	74	218	115	63	96	92	56	247	299	34	250	150	21	90	315	59	19	308	289	264	43
14	21	12	18	25	154	34	6	29	16	1	189	39	90	51	111	8	19	19	6	9	20	119
>ZN549.H14INVITRO.0.P.D
493	53	43	28	830	47	60	570	640	34	141	143	8	57	24	739	15	20	492	70	120	169
68	98	109	637	13	27	105	112	15	346	278	5	14	67	830	57	25	789	190	427	424	401
72	209	82	16	26	262	620	130	167	24	33	717	849	755	22	56	825	43	95	142	92	163
249	522	648	201	13	546	97	70	60	478	430	17	11	3	6	30	17	30	105	243	246	149
>ZN550.H14INVITRO.0.P.D
0	0	4	0	4	1	0	55	0	0	11	0	0	0	0	61	0	0	58	3	56	4	7	0	0	1	0	0	0	53	2
54	5	0	55	8	0	61	0	61	0	0	60	61	56	0	0	0	60	3	0	1	3	1	5	0	53	3	59	54	3	5
0	1	1	0	1	60	0	0	0	0	50	0	0	0	0	0	61	0	0	53	0	54	53	1	0	0	0	1	0	4	1
7	55	56	6	48	0	0	6	0	61	0	1	0	5	61	0	0	1	0	5	4	0	0	55	61	7	58	1	7	1	53
>ZN551.H14INVITRO.0.PSG.A
402	285	1541	274	268	808	402	412	319	1912	1559	591	2134	2142	2013	1723	2087	30	118	452	119	85	476	767
637	170	180	264	1619	1164	541	1592	1578	62	612	649	3	17	53	21	143	2201	142	1308	109	56	878	692
454	1634	368	1428	225	195	156	144	36	10	31	7	14	8	115	27	3	4	1619	237	104	2028	574	348
747	151	151	274	128	73	1141	92	307	256	38	993	89	73	59	469	7	5	361	243	1908	71	312	433
>ZN554.H14INVITRO.0.P.D
349	214	86	333	45	658	131	13	10	746	140	170	109	416	103	194	138	164	423	135	195
89	106	776	115	62	13	20	547	973	77	261	215	169	46	71	59	100	110	134	668	122
234	614	20	145	849	290	835	55	4	100	285	420	162	406	749	426	453	295	359	82	128
320	58	110	399	36	31	6	377	5	69	306	187	552	124	69	313	301	423	76	107	547
>ZN554.H14INVITRO.1.P.D
340	170	114	370	51	706	92	43	81	703
94	122	800	67	31	8	11	483	865	146
231	668	45	50	892	260	850	89	40	74
350	55	56	528	41	41	62	400	29	92
>ZN557.H14INVITRO.0.P.D
188	322	521	48	40	72	120	142	266	304	189	182	25	140	293	51	452	46	40	126	51	81	235	143	22
46	39	22	329	445	100	41	175	100	83	88	20	9	78	18	121	46	160	70	63	161	201	80	50	58
353	152	108	121	134	75	470	272	235	150	323	203	639	397	266	80	144	210	109	240	276	122	255	341	551
88	162	24	177	56	428	44	86	74	138	75	270	2	60	98	423	33	259	456	246	187	271	105	141	44
>ZN558.H14INVITRO.0.P.D
96	256	580	63	57	670	630	707	21	634	97	708	12	269	641	692	91	190	43	672	43	761	214	667	11
44	20	56	34	16	38	102	0	15	13	517	16	147	124	72	28	150	513	300	26	647	0	124	12	50
62	484	105	16	616	44	18	65	690	110	25	15	8	302	41	34	48	9	27	38	7	9	321	79	19
577	19	38	666	90	27	29	7	53	22	140	40	612	84	25	25	490	67	409	43	82	9	120	21	699
>ZN560.H14INVITRO.0.P.D
17	11	424	10	14	23	7	439	10	15	11	9	449	15	14	5	18	25	27	33	26	206	430
451	472	42	396	40	19	448	33	459	41	468	472	19	25	464	474	23	25	22	35	303	32	43
24	13	27	14	19	457	22	18	22	18	13	7	22	466	21	8	10	449	447	430	44	268	26
21	17	20	93	440	14	36	23	22	439	21	25	23	7	14	26	462	14	17	15	140	7	14
>ZN561.H14INVITRO.0.P.D
310	88	75	95	85	44	149	27	20	460	2	519	479	442	101	52	32	40	116	35	123	70	50	22	69
116	345	198	137	85	433	72	13	607	117	9	28	33	39	71	67	147	164	197	481	234	328	334	384	371
152	177	99	125	177	153	96	617	31	42	648	107	144	149	454	505	440	153	298	96	101	144	96	77	131
84	52	290	305	315	32	345	5	4	43	3	8	6	32	36	38	43	305	51	50	204	120	182	179	91
>ZN562.H14INVITRO.0.P.D
88	6	6	5	0	1	0	286	1	1	292	285	0	0	0	283	268	89	9	0	69	141	68	4	10
8	31	7	0	286	15	289	0	2	285	0	1	1	0	291	6	17	2	2	4	3	85	142	71	75
7	10	9	1	2	0	0	6	287	2	0	1	291	292	0	2	7	0	2	3	6	6	4	7	5
189	245	270	286	4	276	3	0	2	4	0	5	0	0	1	1	0	201	279	285	214	60	78	210	202
>ZN563.H14INVITRO.0.P.D
263	82	184	233	21	1	231	68	101	316	113	187	169	68	38	654	288	12	179	50	122
93	92	93	269	29	747	576	162	333	116	546	359	82	65	690	225	99	872	155	91	323
456	675	511	262	156	31	20	106	292	227	188	24	527	660	208	6	493	11	87	688	105
140	103	164	188	746	173	125	616	226	293	105	382	174	159	16	67	72	57	531	123	402
>ZN563.H14INVITRO.1.P.D
107	419	160	492	65	128	160	922	98	19	588	80	324	306	144
445	283	552	95	20	97	766	6	13	885	64	299	425	119	464
337	182	243	27	884	716	58	4	791	77	87	529	98	412	261
113	118	47	388	33	61	18	70	100	21	263	94	155	165	133
>ZN564.H14INVITRO.0.P.D
4	19	11	61	840	3	4	6	11	39	2	828	30	7	1	32	2	12	820	15	826	756	12
11	9	2	10	8	840	7	9	734	783	853	11	12	788	850	114	790	678	2	27	6	23	702
2	22	841	784	9	5	1	21	47	19	1	11	797	7	1	5	36	18	29	799	19	74	11
842	809	5	4	2	11	847	823	67	18	3	9	20	57	7	708	31	151	8	18	8	6	134
>ZN565.H14INVITRO.0.P.D
389	87	42	106	206	14	4	676	10	94	33	18	65	25	133	641	7	14	603	530	113	14	28	22	619	534	67	44	301	247	41
31	23	596	338	10	677	698	14	14	39	289	49	15	24	47	7	6	9	35	89	26	652	428	644	28	35	71	481	209	91	495
253	569	18	38	445	8	1	6	8	537	31	8	593	116	501	46	687	679	54	24	557	11	19	21	20	116	511	82	67	320	78
32	26	49	223	44	6	2	9	673	35	352	630	32	540	24	11	5	3	13	62	9	28	230	18	38	20	56	98	128	47	91
>ZN566.H14INVITRO.0.P.D
31	204	2	7	23	3	24	248	212	54	50	5	254	36	7	7	59	45	40	61	176	159	113	43	44
36	26	11	261	14	22	198	3	40	6	3	4	27	13	55	252	35	16	24	51	65	52	47	42	55
60	41	272	20	73	251	42	32	33	228	222	272	4	221	174	24	63	212	212	161	39	67	79	102	139
161	17	3	0	178	12	24	5	3	0	13	7	3	18	52	5	131	15	12	15	8	10	49	101	50
>ZN567.H14INVITRO.0.P.D
809	612	161	774	338	262	147	708	683	89	908	277	961	940	436	125	907	38	861	59	157	122	587	158	792	292	724	105	151	529
43	91	568	96	74	121	632	129	103	275	26	86	2	13	129	575	9	12	4	761	680	686	115	305	56	30	49	50	43	247
91	146	94	74	494	134	71	70	119	41	26	579	34	28	384	39	31	939	133	32	32	26	63	419	115	593	178	96	732	131
59	153	179	58	96	485	152	95	97	597	42	60	5	21	53	263	55	13	4	150	133	168	237	120	39	87	51	751	76	95
>ZN568.H14INVITRO.0.SG.A
2950	4651	2534	4191	7654	8180	13	9133	9137	13	6394	115	273	2307	2114	1352	1713	1788
3504	1351	2001	3020	74	70	24	27	4	9020	49	50	6553	3056	1145	1780	1758	4740
1491	1752	972	1291	1354	490	9152	15	39	112	2517	8864	1364	652	5007	1484	1450	1370
1265	1456	3703	708	128	470	21	35	30	65	250	181	1020	3195	944	4594	4289	1312
>ZN569.H14INVITRO.0.SG.A
944	1129	527	15	46	2119	239	176	2209	27	5	2213	64	754	1424	660	499	904	636	491	1209	1226	1415	1107	1427	794
377	230	377	9	0	95	1458	38	7	118	30	7	309	57	705	790	374	628	502	471	494	578	133	189	307	462
480	555	656	2191	2177	6	270	21	3	2070	1	1	1151	10	20	367	74	309	628	242	217	225	149	120	254	497
423	310	664	9	1	4	257	1989	5	9	2188	3	700	1403	75	407	1277	383	458	1020	304	195	527	808	236	471
>ZN570.H14INVITRO.0.P.D
95	23	122	29	112	23	82	86	13	64	33	93	102	0	125	118	124	110	0
7	0	3	26	10	8	25	9	33	21	76	19	2	0	0	6	0	3	55
2	102	0	5	2	8	11	14	5	20	8	0	7	125	0	1	1	10	17
21	0	0	65	1	86	7	16	74	20	8	13	14	0	0	0	0	2	53
>ZN573.H14INVITRO.0.P.D
98	212	818	46	183	239	581	348	104	13	174	612	10	944	367	303	313	792	259	47	602	134	483	301
175	619	28	50	459	627	165	90	1	2	547	377	908	48	543	256	567	88	42	145	115	186	254	377
118	75	120	846	90	53	112	355	900	988	8	13	22	6	91	135	90	75	530	676	190	555	115	183
614	99	39	63	273	86	147	212	0	2	276	3	65	7	4	311	35	50	174	137	98	130	153	144
>ZN574.H14INVITRO.0.P.D
75	147	133	136	5	5	10	14	564	17	23	300	172
57	560	746	156	800	17	958	57	81	48	398	459	275
610	213	36	353	9	12	19	9	285	683	537	131	219
258	80	85	355	186	966	13	920	70	252	42	110	334
>ZN575.H14INVITRO.0.PSG.A
818	1293	763	1495	1	366	6440	273	222	4775	2007
1293	210	4986	468	0	5482	0	200	4141	360	1222
842	4303	339	4477	6245	0	0	5814	909	851	2418
3487	634	352	0	194	592	0	153	1168	454	793
>ZN577.H14INVITRO.0.P.D
62	44	126	105	73	81	14	44	8	1	7	10	88	275	1	1	79	9	19
31	169	89	42	59	53	245	186	150	278	11	21	5	0	0	133	136	212	92
149	38	34	111	110	119	10	1	6	1	0	7	186	3	279	145	18	38	15
38	29	31	22	38	27	11	49	116	0	262	242	1	2	0	1	47	21	154
>ZN578.H14INVITRO.0.P.D
1	0	0	2	229	15	0	1	34	222	2	213	1	222	0	227	0	1	0	0	0
230	228	0	0	2	0	2	137	3	3	206	8	1	0	226	1	4	230	229	1	227
0	2	2	230	1	217	230	0	189	5	1	10	0	6	3	2	3	0	0	1	2
1	2	230	0	0	0	0	94	6	2	23	1	230	4	3	2	225	1	3	230	3
>ZN580.H14INVITRO.0.SM.B
2666	2163	15	0	8973	0	0	1184	966	2045
2663	4512	8941	0	0	8973	8973	4734	1779	2803
1478	1927	0	0	0	0	0	681	252	1686
2166	371	17	8973	0	0	0	2374	5976	2439
>ZN580.H14INVITRO.1.SM.B
2490	2742	2447	1966	1693	1869	1891	2740	2351	228	3	8983	0	0	1517	999	2163
2940	3408	4240	4833	4683	3813	3064	2243	4592	8521	0	0	8983	8983	4864	1658	2876
995	690	551	675	753	927	902	1805	1632	4	0	0	0	0	497	440	1831
2558	2143	1745	1509	1854	2374	3126	2195	408	230	8980	0	0	0	2105	5886	2113
>ZN582.H14INVITRO.0.P.D
136	103	74	30	1	13	526	442	18	11	349
4	11	427	4	6	483	12	14	23	35	18
397	339	29	12	536	43	4	74	395	155	157
9	93	16	500	3	7	4	16	110	345	22
>ZN584.H14INVITRO.0.P.D
317	17	5	5	33	326	197	361	353	54	18	34	7	19	270	57	1	63	232	51	60	322	97
24	6	2	6	322	34	4	10	3	69	10	6	307	25	19	16	2	2	19	252	276	19	53
38	3	4	6	8	24	166	15	2	14	16	344	1	12	40	18	385	312	112	17	11	31	201
12	365	380	374	28	7	24	5	33	254	347	7	76	335	62	300	3	14	28	71	44	19	40
>ZN584.H14INVITRO.1.P.D
40	49	4	2	0	7	64	67	73	62	28	11	6	2
16	6	4	0	2	62	9	1	4	4	27	3	2	59
8	20	0	2	0	1	4	8	1	1	3	5	71	2
15	4	71	75	77	9	2	3	1	12	21	60	0	16
>ZN586.H14INVITRO.0.P.D
26	963	14	14	24	19	19	940	40	26	977	13	21	749	837	923	810	992	902	6	10	56	4
13	3	0	5	858	874	114	8	2	0	0	0	0	27	120	12	6	3	2	31	0	10	24
950	22	976	971	19	8	14	40	953	967	15	972	963	214	12	9	162	1	87	10	983	894	11
7	8	6	6	95	95	849	8	1	3	4	11	12	6	27	52	18	0	5	949	3	36	957
>ZN587.H14INVITRO.0.P.D
82	233	90	42	19	46	17	10	66	2	0	28	398	311	24	252	26	17	48	48	53	56	96
209	44	63	162	30	8	37	380	2	423	415	375	9	70	332	35	72	53	22	42	65	285	153
48	53	117	123	50	304	362	5	350	2	1	16	10	36	29	116	34	233	323	261	192	45	47
90	99	159	102	330	71	13	34	11	2	13	10	12	12	44	26	297	126	36	78	119	43	133
>ZN595.H14INVITRO.0.P.D
218	9	38	10	93	221	28	175	9	81	72	7	8	158	258	251	166	9	236	34	20	29	21
29	18	1	35	13	10	35	34	4	7	35	19	24	19	5	11	17	235	20	186	59	44	18
20	9	233	97	9	39	165	53	261	166	12	9	72	94	11	12	30	26	10	10	10	43	166
11	242	6	136	163	8	50	16	4	24	159	243	174	7	4	4	65	8	12	48	189	162	73
>ZN605.H14INVITRO.0.P.D
103	100	647	148	691	85	71	242	13	43	47	21	48	21	7	23	817	700	498	251	491	20	172
599	630	88	147	109	237	452	52	37	27	26	243	266	128	933	32	56	126	157	159	371	816	712
106	104	134	637	83	94	54	152	128	903	857	50	122	58	8	10	70	32	132	111	80	23	20
196	170	135	72	121	588	427	558	826	31	74	690	568	797	56	939	61	146	217	483	62	145	100
>ZN606.H14INVITRO.0.PSG.A
96	105	193	13	0	438	436	438	0	0	0	73	53	109	58	78
175	27	135	2	0	0	0	0	438	438	0	293	51	174	300	156
97	260	14	421	438	0	2	0	0	0	437	0	180	112	44	123
70	46	96	2	0	0	0	0	0	0	1	72	154	43	36	81
>ZN610.H14INVITRO.0.P.D
50	371	44	25	7	93	0	1	2	32	22	54	416	105
625	353	19	930	911	7	998	2	995	814	547	612	328	320
223	146	911	32	3	893	0	4	1	43	158	167	157	109
102	130	26	13	79	7	2	993	2	111	273	167	99	466
>ZN610.H14INVITRO.1.P.D
506	72	59	67	480	46	573	49	20	22	249	4	13	7	31	21	36	583	93	65	126	39	76
224	199	250	229	243	734	203	50	897	778	69	974	19	925	840	672	714	237	209	360	258	733	198
142	161	95	135	161	112	68	840	32	25	638	10	25	44	32	77	70	93	82	190	534	49	120
127	567	595	568	115	107	155	60	50	174	43	11	942	23	96	229	179	86	615	384	81	178	605
>ZN611.H14INVITRO.0.P.D
44	33	40	18	265	3	114	11	10	6	5	119	48	94	117	124	25	54	25	91	35	26	23
66	73	9	4	6	4	146	1	265	273	94	100	67	35	105	115	168	37	97	141	118	59	138
152	87	237	268	12	282	9	273	11	0	35	63	40	154	54	32	67	167	161	32	47	181	79
29	98	5	1	8	2	22	6	5	12	157	9	136	8	15	20	31	33	8	27	91	25	51
>ZN611.H14INVITRO.1.P.D
9	5	2	14	27	9	788	293	19	7	10	737	8	8	793	3	13	51	2	0	4	1	2	3	5
12	793	8	8	6	9	4	3	12	9	3	3	2	4	3	2	699	16	709	800	10	791	21	3	786
8	5	4	778	766	785	10	151	774	10	791	55	795	793	4	798	4	735	3	3	2	8	5	793	4
777	3	792	6	7	3	4	359	1	780	2	11	1	1	6	3	90	4	92	3	790	6	778	7	11
>ZN613.H14INVITRO.0.P.D
35	5	89	58	108	93	36	27	5	3	12	5	53	39	124	42	23	45	31	38	65	99	46	45	84
101	297	103	61	69	33	32	86	2	37	12	12	22	19	30	63	80	30	33	115	124	37	21	69	35
165	30	8	109	39	36	78	21	20	19	2	15	30	21	24	66	29	63	139	79	9	46	141	50	95
62	31	163	135	147	201	217	229	336	304	337	331	258	284	185	192	231	225	160	131	165	181	155	199	149
>ZN614.H14INVITRO.0.P.D
112	6	39	4	25	234	17	26	12	146	228	11	27	77	181	46
18	248	24	28	60	6	42	211	20	102	22	8	8	5	24	99
62	22	15	12	153	25	36	26	62	19	3	14	103	164	41	86
90	6	204	238	44	17	187	19	188	15	29	249	144	36	36	51
>ZN615.H14INVITRO.0.P.D
95	79	19	61	68	26	30	6	2	98	23	1	109	48	10	20	95	28	63	15
5	3	57	5	7	69	17	3	36	8	2	102	1	8	75	15	4	9	0	3
7	20	5	37	29	8	8	5	2	0	4	5	0	39	3	17	8	67	24	86
3	8	29	7	6	7	55	96	70	4	81	2	0	15	22	58	3	6	23	6
>ZN616.H14INVITRO.0.P.D
181	283	300	197	381	167	37	83	204	910	39	45	345	18	133	445	168	138	475	218	131	89	115	146	394
97	195	55	186	26	2	13	95	1	6	1	662	33	426	200	61	250	123	89	176	224	582	552	468	182
587	111	512	225	382	777	890	29	750	31	917	56	559	16	591	199	418	248	263	413	113	109	153	138	228
92	368	90	349	168	11	17	750	2	10	0	194	20	497	33	252	121	448	130	150	489	177	137	205	153
>ZN618.H14INVITRO.0.G.B
54	62	51	60	56	39	18	0	1	2	57	91	63	44	19	9	12	31	46	84
28	9	2	2	3	11	6	1	0	1	36	0	14	9	2	0	6	30	34	4
8	2	11	12	14	6	0	2	27	35	1	3	14	5	8	3	27	3	0	0
4	21	30	20	21	38	70	91	66	56	0	0	3	36	65	82	49	30	14	6
>ZN621.H14INVITRO.0.P.D
164	178	196	86	11	12	18	23	223	18	48	26	121	184	36	93	74	47	38
24	29	19	44	11	204	164	215	4	3	3	14	108	8	23	50	87	68	129
53	42	32	110	38	25	26	6	15	216	204	206	15	18	175	95	68	37	36
16	8	10	17	197	16	49	13	15	20	2	11	13	47	23	19	28	105	54
>ZN623.H14INVITRO.0.PG.A
7	29	9	24	14	21	19	12	30	23	0	53	2	33	5	16	1	23	1	55	4
44	24	23	9	42	31	22	35	26	1	33	0	56	24	18	2	14	2	56	4	55
5	4	1	25	2	2	1	10	2	31	25	6	1	2	1	20	3	34	0	0	0
3	2	26	1	1	5	17	2	1	4	1	0	0	0	35	21	41	0	2	0	0
>ZN626.H14INVITRO.0.P.D
116	13	145	80	6	11	7	10	68	44	17	59	16	2	27	17	29	5	2	7	3
1	5	27	41	3	13	67	5	110	37	26	22	30	0	55	96	157	193	128	1	28
93	13	21	24	171	157	6	9	25	1	20	94	4	202	104	0	17	3	4	35	147
0	179	17	65	30	29	130	186	7	128	147	35	160	6	24	97	7	9	76	167	32
>ZN627.H14INVITRO.0.P.D
35	14	862	18	107	0	2	2	3	909	925	37	863	117	19	150	50	98	25	21	27	858	914
5	64	1	1	7	24	924	9	875	3	2	784	14	31	54	7	14	56	850	42	18	21	8
887	17	59	908	778	0	0	1	8	15	4	25	23	766	21	751	842	740	14	3	32	23	6
4	836	9	4	39	907	5	919	45	4	0	85	31	17	837	23	25	37	42	865	854	29	3
>ZN646.H14INVITRO.0.PSG.A
3438	10	2	0	0	0	5	276	113	796	65	5757	1228	1992
245	1	2	0	21	0	49	304	14	8050	8512	460	2979	1719
2661	51	1	9445	0	9445	63	8789	96	204	177	2056	670	3635
3101	9383	9440	0	9424	0	9328	76	9222	395	691	1172	4568	2099
>ZN648.H14INVITRO.0.PSGI.A
240	96	1	887	0	2	94	90	179	164	159	187	188	167	212	217	167	83	12	3	3	1	10	28	99	190
51	135	891	3	3	882	4	384	275	390	376	359	386	423	350	262	299	392	532	456	787	877	813	638	380	362
532	8	0	2	883	1	780	40	171	206	172	115	100	121	149	227	217	138	37	13	2	0	3	5	8	22
70	654	1	1	7	8	15	379	268	133	186	232	219	182	182	187	210	280	312	421	101	15	67	222	406	319
>ZN649.H14INVITRO.0.P.D
2	975	0	974	0	974	975	1	10	1	1	4	1	7	12	1	1	6	25	2	11	324	2	6	2
3	0	0	0	6	1	0	2	947	3	968	955	5	1	7	5	1	162	6	956	797	10	15	4	4
967	0	0	1	0	0	0	1	9	0	2	11	0	962	946	3	971	4	936	6	7	630	2	8	5
3	0	975	0	969	0	0	971	9	971	4	5	969	5	10	966	2	803	8	11	160	11	956	957	964
>ZN652.H14INVITRO.0.PS.A
170	23	7	0	0	0	330	329	58	74
26	23	3	0	0	0	0	1	125	50
109	256	307	330	0	0	0	0	20	74
25	28	13	0	330	330	0	0	127	132
>ZN660.H14INVITRO.0.SM.B
2259	5210	1331	71	136	9056	33	1212	4316	296	276	1053	5492	2562	1367	487	1285
2996	1563	1690	325	457	491	285	554	1642	7080	8529	7429	1868	3889	5722	6288	1407
2382	2447	389	89	9058	86	89	1770	3155	442	446	599	863	903	1057	556	1869
2058	475	6285	9210	44	62	9288	6159	582	1877	444	614	1472	2341	1549	2364	5134
>ZN662.H14INVITRO.0.P.D
75	80	204	30	2	12	248	18	10	76	10	21	39	39	5	2	28	178	29	41	63	52
109	58	58	40	350	52	18	49	332	251	317	190	61	35	266	350	29	68	227	244	95	146
47	192	88	100	12	0	59	230	5	12	15	75	72	191	90	0	15	63	34	22	33	56
142	43	23	203	9	309	48	76	26	34	31	87	201	108	12	21	301	64	83	66	182	119
>ZN664.H14INVITRO.0.P.D
467	13	62	527	818	436	6	34	969	91	404	434	480	208	98	695	74	224	473
102	74	3	47	46	159	7	12	6	11	439	18	221	458	25	34	529	57	86
206	2	13	8	94	82	2	868	6	847	69	31	157	123	30	160	76	96	139
225	911	922	418	42	323	985	86	19	51	88	517	142	211	847	111	321	623	302
>ZN664.H14INVITRO.1.P.D
7	14	174	264	135	0	7	309	13	126	154
18	0	9	18	46	1	5	1	6	167	10
2	7	2	23	24	1	285	3	302	17	9
296	302	138	18	118	321	26	10	2	13	150
>ZN665.H14INVITRO.0.PSG.A
1303	2604	1795	5657	3468	6274	750	1251	1651	2403	1159	449	525	1198	254	7667	172	415	1646	2270	2504	1864	3807	4188	1809
1231	3586	878	1101	931	535	5067	3131	815	4402	4288	4150	151	6678	391	161	5863	276	3706	4911	1859	3856	1464	1299	1440
3108	1323	5263	1089	2125	1199	1190	1741	2477	488	559	219	4310	439	7729	200	1588	7618	1385	441	3478	1396	1644	1603	1779
2810	939	516	605	1928	444	1445	2329	3509	1159	2446	3634	3466	137	78	424	829	143	1715	830	611	1336	1537	1362	3424
>ZN667.H14INVITRO.0.P.D
188	102	273	60	61	25	70	202	82	461	458	364	752	67	20	51	20	500	125	103
112	145	85	44	169	802	568	86	192	176	228	143	54	58	685	292	752	311	268	567
206	590	154	556	466	58	17	104	80	55	125	403	79	688	27	9	81	25	235	40
423	92	417	269	233	44	274	537	575	237	118	19	44	116	197	577	76	93	301	219
>ZN667.H14INVITRO.1.P.D
40	300	273	206	372	7	3	15	11	242
68	28	53	8	3	6	324	85	368	120
33	26	33	176	13	379	6	19	9	8
261	48	43	12	14	10	69	283	14	32
>ZN668.H14INVITRO.0.SG.A
102	151	37	212	13	18	914	81	1	953	2	9	83	523	77	191	369	161
228	246	842	61	448	42	4	0	1	1	995	988	777	114	54	362	119	131
512	417	31	126	37	9	57	880	998	46	0	1	35	94	811	346	386	583
158	186	90	601	502	931	25	39	0	0	3	2	105	269	58	101	126	125
>ZN669.H14INVITRO.0.P.D
39	94	266	39	26	66	310	44	344	56	26	101	42	8	3	290	5	8	156	22	11	14	263
56	115	32	44	248	79	24	55	17	45	183	19	4	5	392	9	10	364	6	178	380	370	92
274	36	80	273	21	36	55	283	14	283	27	270	353	44	8	99	24	11	232	158	6	7	21
35	159	26	48	109	223	15	22	29	20	168	14	5	347	1	6	365	21	10	46	7	13	28
>ZN669.H14INVITRO.1.P.D
6	47	3	3	0	164	0	1	67	10	0	1
111	1	1	1	223	0	3	217	0	101	221	216
9	171	219	12	0	58	5	0	155	93	1	0
97	4	0	207	0	1	215	5	1	19	1	6
>ZN671.H14INVITRO.0.P.D
119	461	551	231	83	172	869	337	52	14	3	948	366	15	254	242	496	362	168	98	128	445	288
59	86	67	58	60	7	18	53	54	5	8	26	13	179	75	88	81	170	36	50	73	25	54
583	419	277	221	522	816	106	431	87	976	986	18	247	354	619	629	179	368	373	807	495	456	590
239	34	105	490	335	5	7	179	807	5	3	8	374	452	52	41	244	100	423	45	304	74	68
>ZN672.H14INVITRO.0.PSG.A
318	499	816	102	235	1362	196	40	334	1	1894	0	4	2	1	1127	821	3	237	782	206	228	424	524	838	572
263	461	130	1212	64	25	1627	13	0	1893	0	4	1	0	3	34	46	30	37	314	1228	289	224	396	152	188
885	452	519	161	1200	401	52	1610	1560	1	0	1892	1890	1891	1878	728	661	21	1297	642	122	1007	878	459	498	398
430	484	431	421	397	108	21	233	2	1	2	0	1	3	14	7	368	1842	325	158	340	372	370	517	408	738
>ZN674.H14INVITRO.0.P.D
76	134	81	16	6	18	85	190	5	0	1	9	36	63	79	104	57
277	347	251	3	16	366	7	278	8	717	770	448	226	266	49	373	364
144	200	50	592	685	105	673	240	0	53	1	5	214	401	560	190	132
276	92	391	162	66	284	8	65	760	3	1	311	297	43	85	106	220
>ZN675.H14INVITRO.0.P.D
436	31	905	10	10	20	16	16	893	35	26	921	17	21	731	799	869	787	935	824	7	14	53	4	9
9	12	3	0	3	823	838	118	7	0	1	0	0	1	14	98	13	6	0	2	30	0	11	23	15
472	891	22	923	919	15	6	13	33	901	908	13	914	906	189	15	13	131	2	102	9	918	835	8	16
20	3	7	4	5	79	77	790	4	1	2	3	6	9	3	25	42	13	0	9	891	5	38	902	897
>ZN676.H14INVITRO.0.PSG.A
1637	3470	560	55	108	9092	107	4718	169	229	4939	1337	320	2084	2892	1151	839	4956	1173	2726	1586
3883	998	415	8975	286	63	4946	91	4322	4445	1927	6252	4020	4378	3599	2132	5583	2385	6400	2676	4344
1440	3829	7934	41	8365	16	2949	3651	4677	87	692	1380	256	688	775	5108	1949	1128	613	1471	1010
2257	920	308	146	458	46	1215	757	49	4456	1659	248	4621	2067	1951	826	846	748	1031	2344	2277
>ZN677.H14INVITRO.0.P.D
62	27	30	33	33	1	0	8	1	114	11	12	55	90	25	40	16	5	12
28	210	10	15	15	1	257	5	6	18	66	134	6	9	12	36	16	108	194
154	10	9	201	21	13	1	1	1	84	20	2	133	147	170	125	6	5	12
17	14	212	12	192	246	3	247	253	45	164	113	67	15	54	60	223	143	43
>ZN678.H14INVITRO.0.PSG.A
231	145	123	59	135	348	239	101	55	3	13	21	423	14	45	300	94	349	33	48	353
42	59	32	55	256	31	67	59	3	2	8	186	0	1	44	97	255	20	32	338	53
153	192	190	304	63	83	127	102	422	487	467	6	49	467	407	46	64	106	395	68	49
74	104	155	82	46	38	67	238	20	8	12	287	28	18	4	57	87	25	40	46	45
>ZN680.H14INVITRO.0.P.D
121	155	439	131	189	257	52	107	802	595	1	863	798	60	863	679	11	190	754	84	90
509	403	69	259	20	146	728	694	5	5	0	1	0	3	1	67	63	56	10	6	41
86	106	295	111	633	118	22	16	43	247	863	0	56	790	0	22	39	445	27	763	694
148	200	61	363	22	343	62	47	14	17	0	0	10	11	0	96	751	173	73	11	39
>ZN681.H14INVITRO.0.P.D
13	23	16	31	19	19	20	13	15	70	38	3	16	85	6	154	3	0	5	30	7
193	222	221	136	97	205	128	88	137	114	60	371	293	25	341	111	85	362	383	23	79
27	12	12	24	65	110	19	171	12	196	21	5	4	82	3	113	19	3	1	2	8
158	134	142	200	210	57	224	119	227	11	272	12	78	199	41	13	284	26	2	336	297
>ZN682.H14INVITRO.0.P.D
578	138	587	625	70	56	55	79	68	114	120	369	84	158	101	69	700	903	17	7	11	17	118
117	158	195	109	765	808	748	204	694	600	484	109	32	36	729	203	152	18	26	875	919	925	687
204	623	118	148	99	59	63	70	69	140	81	399	803	742	51	86	107	30	898	30	7	6	42
68	48	67	85	33	44	101	614	136	113	282	90	48	31	86	609	8	16	26	55	30	19	120
>ZN682.H14INVITRO.1.P.D
59	95	55	56	226	395	3	1	1	2	81
37	31	238	162	156	3	6	390	395	397	199
271	246	56	74	16	1	390	4	0	0	39
34	29	52	109	3	2	2	6	5	2	82
>ZN683.H14INVITRO.0.PSG.A
477	657	869	1009	864	499	468	597	720	21	221	0	1770	1770	1770	0	0	54	691	350
161	132	84	66	87	81	54	87	44	0	13	0	0	0	0	0	1	24	207	324
764	560	685	558	437	834	754	382	933	1740	38	1770	0	0	0	1770	1	1337	613	441
368	421	132	137	382	356	494	704	73	9	1498	0	0	0	0	0	1768	355	259	655
>ZN684.H14INVITRO.0.P.C
52	344	16	318	8	6	6	5	323	2	13	0	2	40	20	37
152	39	360	34	34	9	432	428	4	411	421	422	439	34	44	59
83	40	42	35	397	11	6	2	35	28	4	2	1	23	11	152
163	27	32	63	11	424	6	15	88	9	12	26	8	353	375	202
>ZN684.H14INVITRO.1.M.C
2367	935	2066	1053	805	230	243	3168	2	187	1	439	1054	1055	1150
2114	3863	3005	1857	2470	5354	5503	0	5656	5655	5859	4072	1347	1726	2214
751	585	338	1940	187	244	2	218	41	288	0	236	203	417	1316
900	749	723	1282	2670	304	384	2746	433	2	272	1385	3528	2934	1452
>ZN689.H14INVITRO.0.PSG.A
483	223	831	183	195	1828	77	1	5	1566	1884	4	1806	491	88	745	81	1354	473	146	471	415	473
488	275	1000	1602	915	4	1823	5	1701	10	45	17	39	876	778	356	1161	429	664	195	772	856	587
372	891	86	75	23	21	4	1932	0	355	2	10	15	122	877	619	225	84	273	1400	189	187	325
596	550	22	79	806	86	35	1	233	8	8	1908	79	450	196	219	472	72	529	198	507	481	554
>ZN692.H14INVITRO.0.P.D
121	112	5	38	116	7	7	17	945	3	250
408	96	7	11	290	913	970	975	5	904	522
183	606	954	925	551	7	4	2	33	66	36
287	185	33	25	42	72	18	5	16	26	191
>ZN696.H14INVITRO.0.PSG.A
686	662	208	9	37	0	1941	1937	1	1753	1875	1464	5	602	153	159	137	577	51	1201	156	132	372
261	204	487	3	6	3	7	5	3	139	8	27	10	185	200	319	1713	243	17	338	54	217	361
582	795	514	1937	316	2	3	8	1947	10	48	243	1919	1103	537	570	69	258	1867	163	1470	1175	724
422	290	742	2	1592	1946	0	1	0	49	20	217	17	61	1061	903	32	873	16	249	271	427	494
>ZN699.H14INVITRO.0.PSG.A
26	23	7	105	92	57	10	198	165	0	1	4	5	11	118	100	30	55	34	39
2	26	102	19	26	6	118	21	6	0	0	4	6	3	71	43	46	31	48	42
141	178	16	96	50	86	98	16	6	238	175	229	3	220	9	59	71	91	56	122
69	11	113	18	70	89	12	3	61	0	62	1	224	4	40	36	91	61	100	35
>ZN700.H14INVITRO.0.PSG.A
1606	2620	6968	588	55	97	8388	7917	122	2809
1221	1004	307	617	99	8300	14	66	8166	2981
1422	4296	971	519	8451	179	31	89	212	2026
4402	731	405	6927	46	75	218	579	151	835
>ZN701.H14INVITRO.0.P.D
74	63	15	202	7	65	203	9	32	105	136	122	25	2	1	35	17	66	156
23	20	2	0	5	131	2	121	123	39	16	18	2	2	2	2	3	23	25
95	78	203	14	203	17	14	46	25	22	32	65	188	216	213	174	187	118	18
28	59	0	4	5	7	1	44	40	54	36	15	5	0	4	9	13	13	21
>ZN701.H14INVITRO.1.P.D
132	128	44	9	3	23	3	3	180	145	18
25	16	5	2	1	0	0	0	33	8	49
35	23	161	197	213	186	216	211	0	25	72
28	53	10	12	3	11	1	6	7	42	81
>ZN703.H14INVITRO.0.P.D
7	0	19	50	3	1	20
0	1	1	0	1	1	2
0	1	1	0	0	47	27
43	48	29	0	46	1	1
>ZN704.H14INVITRO.0.SM.B
1163	1575	998	1423	427	633	154	27	27	875	1	1	199	1957	1561	1471
1216	679	1230	276	4165	4463	108	3	5422	5418	0	0	1944	261	848	1186
2390	2710	2066	4137	1376	821	5755	6276	847	1	6307	6308	638	3212	1896	2408
1541	1346	2016	474	342	393	293	4	14	16	2	1	3529	880	2005	1245
>ZN707.H14INVITRO.0.P.D
88	45	192	6	1	4	22	170	8	0	2	14	4	13	19	20	108	47	35	99	97	82	34
83	165	22	234	247	236	166	22	228	4	226	224	70	3	8	35	78	126	82	28	37	41	55
59	18	18	1	2	1	10	53	0	0	0	1	6	167	226	37	12	61	23	58	50	31	33
24	26	22	13	4	13	56	9	18	250	26	15	174	71	1	162	56	20	114	69	70	100	132
>ZN708.H14INVITRO.0.P.D
210	146	178	183	146	442	396	145	469	467	198	117	733	8	14	10	742	4	721	26	44	156	191	193
117	101	298	355	149	121	69	125	120	60	35	219	2	1	28	323	11	682	2	4	675	230	154	136
341	434	180	124	119	109	212	180	102	216	437	216	40	764	732	5	13	13	50	742	21	20	305	300
112	99	124	118	366	108	103	330	89	37	110	228	5	7	6	442	14	81	7	8	40	374	130	151
>ZN708.H14INVITRO.1.P.D
890	11	43	13	909	23	847	16	47	162
1	7	42	437	38	902	5	5	891	386
104	956	900	15	41	16	129	971	27	65
7	28	17	537	14	61	21	10	37	389
>ZN709.H14INVITRO.0.P.D
20	22	100	19	21	9	21	16	96	13	84	110	16	25	74	23	66	49	16	121	11
25	4	5	5	15	88	77	91	8	6	8	6	6	0	18	6	34	15	15	0	5
73	98	11	106	40	11	10	22	6	107	38	11	103	105	14	86	26	39	99	10	110
15	9	17	3	57	25	25	4	23	7	3	6	8	3	27	18	7	30	3	2	7
>ZN711.H14INVITRO.0.P.D
68	134	61	104	973	11	13	4	11	200	122	112	57
264	328	580	564	12	2	5	970	911	350	302	45	594
321	133	308	235	12	856	756	0	2	162	259	546	290
347	405	51	97	3	131	226	26	76	288	317	297	59
>ZN713.H14INVITRO.0.SM.B
2203	2062	4585	482	6640	722	728	6577	726	484	151	585	110	6690	368	1091	6469	5903	5023	1868
2591	1955	2189	1161	976	6782	1080	1238	6738	989	706	7339	7804	230	6264	1330	1034	1162	1349	2793
1212	1198	383	6091	129	108	5946	74	430	93	6815	50	35	63	997	5464	103	393	856	2142
2007	2798	856	279	268	401	259	124	119	6447	341	39	64	1030	384	128	407	555	785	1210
>ZN714.H14INVITRO.0.P.D
66	96	34	85	42	159	227	2	2	29	1	1	7	4	8	53	112	89
230	268	272	79	85	349	120	2	4	149	578	1	2	572	71	223	330	185
195	106	113	233	333	35	213	290	6	386	3	0	530	1	12	223	73	87
92	113	164	186	123	40	23	289	571	19	1	581	44	6	492	84	68	222
>ZN716.H14INVITRO.0.P.D
316	246	145	592	357	155	529	763	751	187	583	152	242	695	606	262	351	168	53	930	59	389	557	482	257
90	90	616	160	42	37	160	194	83	51	35	139	253	54	12	257	567	77	23	27	532	73	120	109	109
336	521	151	123	473	756	275	13	70	204	119	363	310	197	362	219	37	69	171	19	371	94	246	168	420
270	155	100	137	140	64	48	42	108	570	275	358	207	66	32	274	57	698	765	36	50	456	89	253	226
>ZN716.H14INVITRO.1.P.D
282	75	776	280	19	880	899	909	80	754	99
69	750	18	1	8	51	61	17	48	35	196
502	124	61	692	968	80	41	30	319	94	400
160	64	158	40	18	2	12	57	566	130	318
>ZN721.H14INVITRO.0.PSG.A
161	201	169	216	258	277	164	13	286	1	32	116	7	49	53	1	4	119
61	10	35	31	1	0	3	272	1	0	123	24	48	69	53	273	272	41
54	57	58	41	33	1	124	2	5	291	50	146	66	35	44	4	7	6
16	24	30	4	0	14	1	5	0	0	87	6	171	139	142	14	9	126
>ZN724.H14INVITRO.0.PSG.A
4661	688	646	5264	295	3429	411	4252	8	122	4	488	188	8076	110	246	70	836	3335
2625	7037	713	498	7466	605	327	123	9013	59	4	98	11	162	8732	280	128	809	1414
814	487	6809	2173	345	4274	553	4624	31	77	2	8298	8887	749	83	406	94	3742	3427
995	883	927	1160	989	787	7804	96	43	8837	9085	211	9	108	170	8163	8803	3708	919
>ZN726.H14INVITRO.0.PSGI.A
898	427	301	359	590	369	205	1188	58	763	9	1944	0	0	91	1	3	32	1030	316	253
325	700	177	788	857	636	136	59	53	31	110	38	0	0	0	2040	6	23	57	593	361
372	409	1295	537	249	687	172	564	1813	1059	1419	61	0	0	1729	2	4	94	874	389	483
448	507	270	359	347	351	1530	232	119	190	505	0	2043	2043	223	0	2030	1894	82	745	946
>ZN728.H14INVITRO.0.PSG.A
428	521	223	648	462	58	241	1585	169	10	8	2	87	68	55	586	680	161	549	856	136	795	261	151	827	765
219	391	323	552	100	61	109	42	83	1695	3	0	26	4	45	140	318	493	224	469	750	257	117	93	176	392
813	454	206	163	1057	1387	989	48	1366	15	1713	0	11	1638	897	674	190	644	752	195	256	198	1161	763	414	210
264	358	972	361	105	218	385	49	106	4	0	1722	1600	14	727	324	536	426	199	204	582	474	185	717	307	357
>ZN729.H14INVITRO.0.SG.A
649	176	13	16	0	62	0	21	1638	141	274	431
260	788	14	0	1638	0	0	1615	0	388	300	311
435	458	16	1622	0	1576	1638	0	0	959	380	637
294	216	1595	0	0	0	0	2	0	150	684	259
>ZN730.H14INVITRO.0.P.D
131	200	314	428	39	700	17	27	423	27	69	39	75	507	528
31	450	537	53	170	16	33	899	212	56	849	786	744	176	175
763	153	21	232	54	217	884	24	111	436	24	17	28	154	131
51	173	104	263	713	43	42	26	230	457	34	134	129	139	142
>ZN732.H14INVITRO.0.PSG.A
2251	742	1236	713	24	8441	4	2	33	51	243	4895	4417	1348	296	1567	3283	4578	1962	1525
641	5543	531	5362	8466	33	75	0	2	6754	8217	782	495	167	276	690	743	1093	1019	1585
4865	1270	5508	1903	5	31	8421	1	8469	155	23	2394	2743	6551	7454	5086	3960	1100	4201	3790
752	954	1234	531	14	4	9	8506	5	1549	26	438	854	443	483	1166	523	1738	1327	1609
>ZN736.H14INVITRO.0.P.D
15	12	42	31	913	32	956	969	967	838	489	6	13	15	33	598	23	676	14	5	1	945	23
22	812	863	784	16	6	0	1	0	9	54	923	925	887	609	16	7	13	933	101	952	4	7
929	22	6	2	19	4	3	0	1	93	392	9	0	2	9	346	921	269	5	2	9	10	933
4	124	59	153	22	928	11	0	2	30	35	32	32	66	319	10	19	12	18	862	8	11	7
>ZN740.H14INVITRO.0.P.C
94	146	0	0	10	3	2	38	52	89	163
89	193	0	0	0	0	0	0	8	229	199
709	0	1000	1000	986	996	998	863	893	588	532
108	661	0	0	4	1	0	99	47	94	106
>ZN740.H14INVITRO.1.S.C
60	54	39	30	18	8	1	0	0	1	0	1	1	0	7	7	28	64	46	68
38	27	25	18	14	2	1	2	2	1	0	0	0	1	4	0	201	9	58	41
165	181	193	182	193	213	240	271	296	309	314	307	307	312	79	306	3	172	117	128
51	52	57	84	89	91	72	41	16	3	0	6	6	1	224	1	82	69	93	77
>ZN746.H14INVITRO.0.PSG.A
132	103	73	94	55	46	46	87	101	91	133	195	116	72	154	28	5	6	27	0	37	9	106	155	122	179
512	567	634	604	716	742	685	603	621	662	530	382	555	559	130	877	943	942	4	937	907	731	453	630	571	378
89	84	77	71	52	18	22	18	32	36	60	57	77	79	390	1	0	0	4	0	3	8	7	15	99	169
215	194	164	179	125	142	195	240	194	159	225	314	200	238	274	42	0	0	913	11	1	200	382	148	156	222
>ZN749.H14INVITRO.0.P.D
3	23	8	5	22	2	6	29	46	1	2	4	2	72	43	1	26	6	5	10	11	6	15	9	12
38	19	32	46	28	70	31	6	25	71	66	48	73	3	5	64	44	18	19	43	46	25	21	37	21
8	23	12	16	12	3	0	32	3	4	3	3	0	1	27	10	1	0	10	15	7	10	8	12	12
27	11	24	9	14	1	39	9	2	0	5	21	1	0	1	1	5	52	42	8	12	35	32	18	31
>ZN749.H14INVITRO.1.P.D
38	0	5	1	1	66	49	0	5
5	66	56	66	63	1	5	40	49
16	0	1	0	1	0	9	27	3
8	1	5	0	2	0	4	0	10
>ZN75A.H14INVITRO.0.SM.B
1110	763	306	103	72	79	8814	7830	8060	6896	518	1145	1346	1536	1854
1401	694	134	67	99	7	89	160	153	293	1339	5385	1525	1303	2139
2070	7102	143	9114	8994	9229	254	862	757	1406	5554	1594	3476	3640	3211
4751	773	8749	48	167	17	175	480	362	737	1921	1208	2985	2853	2128
>ZN75D.H14INVITRO.0.P.D
60	0	9	0	5	9	385	318	379	11	10	17	16	20	67	28	56
34	0	2	0	0	0	0	24	0	137	255	363	134	215	274	219	163
94	385	2	385	326	376	0	35	4	125	53	2	7	39	24	26	62
197	0	372	0	54	0	0	8	2	112	67	3	228	111	20	112	104
>ZN75D.H14INVITRO.1.P.D
13	15	8	428	347	81	47	510	370	3	0	1	2	7	48	592	576	554	32	5	21	1	16	2	411
11	10	177	56	43	66	109	14	48	1	0	7	0	0	0	0	0	0	16	531	551	4	18	430	74
7	556	16	89	173	188	412	16	149	9	592	0	590	579	540	0	16	37	450	35	3	0	4	2	34
561	11	391	19	29	257	24	52	25	579	0	584	0	6	4	0	0	1	94	21	17	587	554	158	73
>ZN765.H14INVITRO.0.P.D
37	44	19	12	13	82	4	6	25	4	42	8	156	14	2	6	27	261	26	29	224	203	179
22	13	151	203	257	18	9	13	10	277	196	35	10	12	286	263	216	13	20	18	16	30	29
198	205	100	45	14	14	264	208	226	4	28	26	105	253	2	6	26	9	173	216	38	24	55
34	29	21	31	7	177	14	64	30	6	25	222	20	12	1	16	22	8	72	28	13	34	28
>ZN766.H14INVITRO.0.P.D
140	156	316	173	85	158	356	406	451	14	454	523	592	6	13	14	10	206	80	104	88	72	110
73	66	50	102	386	314	79	48	9	18	87	13	12	596	445	189	558	40	74	190	94	184	86
87	285	174	238	42	49	67	158	50	322	4	69	10	1	7	10	7	18	79	41	55	69	182
320	113	80	107	107	99	118	8	110	266	75	15	6	17	155	407	45	356	387	285	383	295	242
>ZN766.H14INVITRO.1.P.D
396	492	4	516	552	553	4	5	84	65	146
23	6	2	36	0	0	546	543	167	303	128
122	44	359	1	1	0	0	0	11	54	57
12	11	188	0	0	0	3	5	291	131	222
>ZN768.H14INVITRO.0.P.D
257	102	101	259	2	979	1	975	20	951	91	20	4	78	673	770	39	101	452	781	45	52	64
17	27	770	218	978	6	3	5	11	6	25	10	102	167	73	23	34	248	164	70	706	158	95
673	840	13	4	5	1	984	6	957	13	861	950	235	91	195	137	864	109	301	89	64	29	101
42	20	105	508	4	3	1	3	1	19	12	9	648	653	48	59	52	531	72	49	174	750	729
>ZN768.H14INVITRO.1.P.D
73	289	590	56	31	42	113	27	17	45	545	622	171	70	57	20	719	5	758	6	779	4	3
177	161	63	566	147	101	60	593	607	510	60	17	23	11	88	704	3	776	18	769	1	1	739
128	269	89	60	35	77	533	70	25	39	149	123	560	693	19	11	58	4	4	8	2	776	15
408	67	44	104	573	566	80	96	137	192	32	24	32	12	622	51	6	1	6	3	4	5	29
>ZN770.H14INVITRO.0.P.D
230	153	27	983	21	15	20	82	193	356	229	226
146	31	5	3	5	14	897	405	121	219	143	140
293	753	962	4	971	919	17	24	642	346	544	525
329	61	4	8	1	50	64	487	42	77	82	107
>ZN770.H14INVITRO.1.P.D
141	14	955	11	22	18	62	126	516	156	186	155	296	159	146	562	121	175	459	117	126	263
7	14	10	4	13	935	337	113	103	78	117	364	119	86	142	99	79	163	221	154	418	178
814	950	11	961	935	16	29	712	307	695	626	251	447	672	649	246	727	582	204	281	286	459
18	2	4	4	10	11	552	29	54	51	51	210	118	63	43	73	53	60	96	428	150	80
>ZN771.H14INVITRO.0.SM.B
1836	9176	7215	9	8	2	2	4	9968	14	565	268	1326
3681	44	68	58	4	3	4	59	8	17	8406	248	5385
1507	700	2622	49	9984	9994	14	5	19	9893	301	9203	252
2975	79	94	9883	3	0	9979	9931	4	75	727	280	3036
>ZN772.H14INVITRO.0.PG.A
90	44	13	2	147	152	3	12	2	261	0	1	172	8	1	84	133	38	30	25	23
23	13	20	170	11	1	195	0	98	4	1	2	1	2	26	15	32	113	135	11	20
40	229	10	135	18	141	3	116	184	43	0	140	4	278	92	185	4	130	16	117	31
157	24	267	3	134	16	109	182	26	2	309	167	133	22	191	26	141	29	129	157	236
>ZN773.H14INVITRO.0.PG.A
1	57	4	20	77	37	45	46	59	17	42	8	2	64	6	33	23	37	44	80	53
116	53	102	41	24	46	43	24	44	92	7	88	112	8	83	82	42	18	67	17	55
2	5	9	14	9	33	22	23	11	1	7	18	2	2	5	3	2	12	2	14	10
0	4	4	44	9	3	9	26	5	9	63	5	3	45	25	1	52	52	6	8	1
>ZN775.H14INVITRO.0.PSG.A
2322	348	2121	15	7154	0	8233	8232	20	401	1219	1836	915	1751
653	32	185	0	2	0	0	0	544	565	195	44	1993	963
4276	7478	3182	8218	2	8233	0	1	3789	152	869	5924	3794	3896
982	375	2745	0	1075	0	0	0	3880	7115	5950	429	1531	1623
>ZN776.H14INVITRO.0.P.D
489	56	34	505	38	590	30	47	65	35	334	146	12	411	38	39	360	40	137	19	57	16	63
91	55	632	55	89	134	62	54	661	634	45	63	711	46	340	389	53	100	91	696	87	117	539
121	636	88	152	640	35	61	669	33	16	357	568	13	261	104	81	208	109	493	34	39	48	87
86	40	33	75	20	28	634	17	28	102	51	10	51	69	305	278	166	538	66	38	604	606	98
>ZN778.H14INVITRO.0.P.D
108	11	170	69	23	7	38	3	60	42	12	5	22	22	18
15	12	59	17	145	285	2	26	159	5	20	379	86	26	156
219	340	120	306	51	31	359	223	19	345	29	7	25	248	159
60	39	53	10	183	79	3	150	164	10	341	11	269	106	69
>ZN778.H14INVITRO.1.P.D
14	115	16	16	421	3	2	5	14	18	18	152	474	7	15	121	2	6	8	6	5	73	5	4	2	3	37	39	164	25	29
264	7	6	425	9	9	525	22	3	14	163	25	13	2	5	33	510	518	54	14	517	46	1	3	527	8	25	156	24	49	378
25	283	491	14	104	2	5	2	462	490	18	342	28	521	509	369	8	1	2	12	10	16	15	526	1	2	465	65	259	78	65
235	133	25	83	4	524	6	509	59	16	339	19	23	8	9	15	18	13	474	506	6	403	517	5	8	525	11	278	91	386	66
>ZN782.H14INVITRO.0.P.D
16	15	14	1	45	110	10	59	45	21	16	5	13	4	95	21	95	3	11	6	5	18	7
90	59	35	20	11	7	9	3	4	4	13	102	105	93	20	19	14	4	5	8	36	4	6
18	12	27	19	85	33	121	74	80	114	122	9	2	18	8	108	27	5	119	11	3	118	125
27	65	75	111	10	1	11	15	22	12	0	35	31	36	28	3	15	139	16	126	107	11	13
>ZN784.H14INVITRO.0.SM.B
469	427	348	650	1671	0	0	0	2431	157	0	7	1482	274	399	496
488	372	201	139	582	1	0	2	0	0	0	0	207	937	596	469
876	1116	1269	893	103	2430	2431	33	0	2274	2430	18	515	900	849	849
598	516	613	749	75	0	0	2396	0	0	1	2406	227	320	587	617
>ZN787.H14INVITRO.0.M.C
234	111	112	156	4	0	0	869	10	0	4	3	595	5	57	143
242	200	53	729	889	0	897	2	0	7	3	2	295	844	717	387
237	74	694	9	4	2	0	25	887	0	5	12	5	8	48	127
184	512	38	3	0	895	0	1	0	890	885	880	2	40	75	240
>ZN787.H14INVITRO.1.S.C
1333	1072	570	11	322	0	0	1072	5399	266	622	1315
2169	606	81	6566	6256	1	6567	1273	314	1261	852	1862
1583	778	5834	0	0	0	0	4202	673	424	2555	1506
1493	4122	93	1	0	6577	11	31	192	4627	2549	1895
>ZN788.H14INVITRO.0.S.C
105	41	5	0	658	662	0	127	253	172	152
217	11	0	0	0	0	661	218	94	139	129
139	578	2	662	4	0	1	298	184	92	187
201	32	655	0	0	0	0	19	131	259	194
>ZN789.H14INVITRO.0.P.D
117	134	4	5	117	28	498	16	40	25	65	18	0	382	0	536	0	28	308	234
54	247	38	535	353	486	25	484	75	131	411	47	1	104	535	3	542	509	111	107
243	138	4	5	10	3	10	23	4	38	45	5	547	31	0	2	0	6	23	110
134	29	502	3	68	31	15	25	429	354	27	478	0	31	13	7	6	5	106	97
>ZN790.H14INVITRO.0.P.D
5	63	76	41	47	6	26	1	0	6	5	44	22	11	13	14	42	16	14	1	6	62	19
11	34	16	56	12	4	89	3	60	81	101	47	23	49	32	31	32	18	19	77	50	18	19
15	14	25	20	18	97	3	0	6	3	3	2	35	10	13	66	7	8	48	20	12	14	50
89	9	3	3	43	13	2	116	54	30	11	27	40	50	62	9	39	78	39	22	52	26	32
>ZN790.H14INVITRO.1.P.D
73	44	56	0	25	10	0	2	1	49
13	62	8	3	94	3	83	86	110	46
30	10	13	115	0	0	1	0	0	6
4	4	43	2	1	107	36	32	9	19
>ZN791.H14INVITRO.0.P.D
1	3	13	180	4	39	0	415	2	24	2	234	232	9	112	326	16	40	3	302	3	7	3
252	225	197	34	3	0	2	0	9	2	2	1	2	98	7	0	6	14	144	9	160	5	11
1	0	0	1	1	200	2	8	3	213	4	182	5	4	73	5	213	2	2	67	10	2	1
171	197	215	210	417	186	421	2	411	186	417	8	186	314	233	94	190	369	276	47	252	411	410
>ZN793.H14INVITRO.0.P.D
95	126	14	0	39	3	35	86	227	1	3	1	73	108	182	260	234	170	88	98	81	125
184	155	840	67	101	0	20	58	1	659	12	873	258	122	106	84	82	221	497	247	301	575
288	541	41	1	86	967	878	780	723	0	0	1	187	489	329	475	419	418	132	120	91	139
405	150	77	904	746	2	39	48	21	312	957	97	454	253	355	153	237	163	255	507	499	133
>ZN793.H14INVITRO.1.P.D
87	120	8	0	36	2	35	77	209	1	1	0	103	112	178
184	148	880	51	85	0	15	55	4	624	5	865	247	128	110
274	567	25	1	72	996	911	816	774	3	0	0	201	448	315
458	168	90	951	810	5	42	55	16	375	997	138	452	315	400
>ZN799.H14INVITRO.0.P.D
26	53	51	28	347	342	38	301	48	32	35	58	7	11	16	11	21	15	61	289	46	30	36	258	88	11	18	21	27	70	45
168	56	71	369	57	52	191	99	347	136	76	80	142	42	26	119	328	90	291	30	24	18	19	22	12	12	6	19	308	104	39
30	217	304	26	20	36	16	17	27	19	79	304	14	43	346	11	15	13	27	102	347	99	359	95	16	6	334	398	93	18	36
243	141	41	44	43	37	222	50	45	280	277	25	304	371	79	326	103	349	88	46	50	320	53	92	351	438	109	29	39	275	347
>ZN800.H14INVITRO.0.PSG.A
1820	87	4	0	0	0	5699	5767	1505	879	2870	153	236	402	2807
467	642	4	5964	0	405	196	41	214	248	186	4551	291	4677	469
2900	24	5950	0	5964	0	6	21	197	1568	2571	715	5210	513	1952
777	5211	6	0	0	5559	63	135	4048	3269	337	545	227	372	736
>ZN805.H14INVITRO.0.P.D
10	175	43	3	12	51	10	2	2	181	8	163	199	4	0	5	197	187	7	11	159	158	27	40	10
4	4	7	1	68	5	4	197	186	4	168	2	1	2	202	195	4	2	2	6	10	17	28	15	151
188	25	18	199	76	136	183	1	0	19	9	31	4	197	2	2	2	11	192	186	30	24	13	142	9
2	0	136	1	48	12	7	4	16	0	19	8	0	1	0	2	1	4	3	1	5	5	136	7	34
>ZN813.H14INVITRO.0.SG.A
613	941	220	9	2248	2251	0	30	2221	722	182	290	841	408	406	510	669	641	582	581	634	691	615	604	685	656
470	148	251	10	1	1	2	1	8	108	40	91	324	166	214	476	366	273	288	235	256	258	239	241	212	215
743	945	646	2229	10	7	2258	2233	12	1310	1990	1794	749	1425	1328	824	832	951	963	1046	957	942	1028	1050	1021	1077
438	230	1147	16	5	5	4	0	23	124	52	89	350	265	316	454	397	399	431	402	417	373	382	369	346	316
>ZN814.H14INVITRO.0.PSG.A
151	130	84	72	107	123	135	87	82	88	109	72	36	185	1	0	477	0	0	0	475	2	0	4	343	130
57	62	51	59	97	94	71	100	77	67	155	151	237	12	41	0	0	1	0	0	1	1	2	1	27	96
141	111	185	255	190	161	137	167	223	199	107	154	38	198	6	4	0	476	478	478	1	472	476	408	26	164
129	175	158	92	84	100	135	124	96	124	107	101	167	83	430	474	1	1	0	0	1	3	0	65	82	88
>ZN816.H14INVITRO.0.P.D
271	332	238	513	563	491	344	518	542	145	34	13	3	20	890	69	597	59	59	168	341	200	106	110
104	108	346	139	121	129	102	113	100	36	1	3	0	3	1	760	120	63	42	411	163	49	51	65
398	300	153	144	157	183	316	185	174	439	861	882	901	882	9	66	97	179	739	72	164	507	681	652
132	165	168	109	64	102	143	89	89	285	9	7	1	0	5	10	91	604	65	254	237	149	67	78
>ZN816.H14INVITRO.1.P.D
606	536	389	543	602	187	51	17	14	49	981	87	660	66	78	201
148	136	91	139	104	29	1	6	2	1	4	806	125	67	48	430
178	209	349	210	210	472	932	940	983	949	4	89	102	205	785	79
68	119	171	108	84	312	16	37	1	1	11	18	113	662	89	290
>ZN821.H14INVITRO.0.SM.B
473	188	151	21	72	32	42	3	12	10	5	0	14	42	368	266	476
836	545	36	25	1835	433	1	3	1956	135	0	2	1973	1286	127	356	732
306	144	1691	102	7	26	1929	1	0	9	1979	4	2	78	1188	398	350
376	1114	113	1843	77	1500	19	1984	23	1837	7	1985	2	585	308	971	433
>ZN823.H14INVITRO.0.P.D
270	676	212	677	202	374	202	263	284	576	234	151	51	355	592	516	180	776	31	905	26	898	768
25	145	388	24	146	117	17	12	49	20	38	10	19	495	10	11	242	1	8	8	1	10	18
610	87	300	213	552	370	681	628	431	206	184	295	841	43	317	373	224	128	875	14	902	14	141
27	24	32	18	32	71	32	29	168	130	476	476	21	39	13	32	286	27	18	5	3	10	5
>ZN827.H14INVITRO.0.SG.A
3216	422	3	0	8028	0	0	179	3337	940	3348
939	1113	149	0	0	0	0	5850	43	5653	1919
2104	1578	5	0	0	8028	8028	1962	1157	229	1346
1769	4915	7871	8028	0	0	0	37	3491	1206	1415
>ZN831.H14INVITRO.0.PSGI.A
52	5	0	288	307	0	1	3	0	4	130
93	2	1	1	0	30	397	396	499	461	92
122	492	494	208	67	8	4	0	0	10	47
233	1	5	3	126	462	98	101	1	25	231
>ZN836.H14INVITRO.0.PSG.A
5375	4628	238	24	5435	178	2	914	8922	17	209	18	20	8787	87	1084	2024	1771
1844	3219	158	8916	56	199	5430	8050	5	6361	11	8826	8702	41	8098	4952	2524	3723
1408	502	149	7	3488	8574	13	1	4	1619	8707	1	41	120	69	935	1090	853
358	636	8440	38	6	34	3540	20	54	988	58	140	222	37	731	2014	3347	2638
>ZN841.H14INVITRO.0.PSGI.A
100	47	13	81	263	238	56	23	34	16	160	2	11	6	17	4	49	43	86
19	11	62	37	193	219	150	19	1	2	143	1	5	452	42	175	289	78	154
311	412	13	347	17	2	267	14	426	435	165	1	463	4	6	246	20	40	168
50	10	392	15	7	21	7	424	19	27	12	476	1	18	415	55	122	319	72
>ZN845.H14INVITRO.0.PSG.A
2120	1294	1117	1194	4753	1432	693	3420	311	8349	96	7902	562	2935	5065	3534	1762	3307	1519	2424	2389	2355	1975
736	628	268	568	1389	6513	113	3221	192	29	19	215	231	3954	1298	1064	1566	1052	994	1319	958	1246	2097
3887	6563	7978	4875	3635	569	2009	2574	9422	360	9863	1082	8479	1995	2730	2678	5423	2553	5229	4730	5499	4270	4460
3255	1513	635	3361	221	1484	7183	783	73	1260	20	799	726	1114	905	2722	1247	3086	2256	1525	1152	2127	1466
>ZN850.H14INVITRO.0.PSG.A
1616	576	2552	563	6512	6922	1185	2000	1608	996	2721	650	7298	296	2181	506	1529	403	651	3813	1155	1341
1390	886	465	1181	776	781	785	1196	5534	5110	2131	108	176	198	568	418	622	229	779	2245	1811	3321
3633	7141	5939	1214	1189	1024	1239	5349	649	1393	1056	8611	1715	8086	5845	8122	6845	8251	6786	1910	890	775
2858	894	541	6539	1020	770	6288	952	1706	1998	3589	128	308	917	903	451	501	614	1281	1529	5641	4060
>ZN853.H14INVITRO.0.SG.A
141	230	0	0	0	0	0	362	0	221	34	298	133
137	4	540	0	775	0	0	0	0	4	201	328	197
195	540	1	775	0	0	0	213	757	383	522	117	88
302	1	234	0	0	775	775	200	18	167	18	32	357
>ZN860.H14INVITRO.0.P.D
27	14	27	33	31	12	2	0	2	3	0	49	28	17	20	26	25
115	78	58	87	30	13	215	0	216	211	215	4	23	145	68	89	89
55	49	62	27	34	184	3	0	1	3	2	11	159	25	21	38	35
23	79	73	73	125	11	0	220	1	3	3	156	10	33	111	67	71
>ZN865.H14INVITRO.0.PSG.A
15	6	4	11	12	9	84	8	21	18	130	15	8	2	15	31	69	4	11	4	6
7	4	3	15	1	125	20	53	4	174	20	30	10	14	6	135	12	30	1	9	1
437	10	457	9	444	26	343	44	394	68	270	60	443	11	444	5	381	9	452	0	453
7	446	2	431	9	306	19	361	47	206	46	361	5	439	1	295	4	423	2	453	6
>ZN875.H14INVITRO.0.P.D
13	122	8	100	10	34	90	5	5	12	145	9	6	61	78	3	74	148	2	15	123	7	117	22	110
11	15	11	23	52	40	26	7	3	102	2	130	31	10	0	1	0	0	0	0	17	112	8	90	4
123	7	13	17	18	65	22	26	143	18	4	4	8	76	57	145	77	3	148	134	9	8	20	15	31
4	7	119	11	71	12	13	113	0	19	0	8	106	4	16	2	0	0	1	2	2	24	6	24	6
>ZN878.H14INVITRO.0.PS.A
502	555	220	618	354	546	753	363	682	17	327	1329	0	555	964	984	880	707
246	166	715	235	250	118	95	798	15	60	31	0	1152	24	70	97	133	191
365	471	301	409	441	483	410	125	662	1220	816	28	155	785	161	121	295	311
252	173	129	103	320	218	107	79	6	68	191	8	58	1	170	163	57	156
>ZN879.H14INVITRO.0.P.D
142	312	90	46	230	218	52	130	132	19	840	81	462	62	770	78	382	23	50	64	716	265	298	565	79	14	213	40	83	628	96
147	88	105	64	54	22	34	83	237	900	48	81	99	75	33	161	56	68	40	336	67	223	35	33	90	9	24	193	13	25	73
139	464	89	121	217	649	800	213	559	11	38	49	177	39	75	138	492	37	79	61	50	165	162	132	115	20	565	125	39	164	46
567	131	711	764	494	106	109	569	67	65	69	784	257	819	117	618	65	867	826	534	162	342	500	265	711	952	193	637	860	178	780
>ZN880.H14INVITRO.0.P.D
17	13	36	12	2	2	9	72	5	4	0	6	4	4	2	22	9	15	8	1	2	76	67
26	47	28	82	6	8	91	9	108	8	103	9	112	103	110	46	79	29	95	101	108	27	22
8	8	49	6	16	106	3	22	1	0	2	3	1	1	0	0	7	9	7	5	3	8	14
68	51	6	19	95	3	16	16	5	107	14	101	2	11	7	51	24	66	9	12	6	8	16
>ZN888.H14INVITRO.0.P.D
303	176	27	43	67	1	0	462	241
22	8	3	1	1	0	6	29	21
88	284	415	448	421	498	491	0	102
87	32	55	8	11	1	3	9	136
>ZN891.H14INVITRO.0.P.D
23	16	4	2	1	1	55	0	71	61	9	15	7	16	17
25	3	3	0	83	0	1	7	7	10	0	47	65	10	20
38	65	78	85	0	0	32	80	10	1	79	9	1	19	44
2	4	3	1	4	87	0	1	0	16	0	17	15	43	7
>ZNF10.H14INVITRO.0.P.D
209	795	22	1	5	32	31	633	7	0	1	0	897	13	843	11	3	722	29	799	37	721	74
27	47	497	869	877	735	15	43	866	902	6	851	0	862	7	823	862	55	108	22	254	47	629
632	31	19	6	2	4	11	57	0	0	0	2	3	1	28	25	1	32	11	33	32	83	59
34	29	364	26	18	131	845	169	29	0	895	49	2	26	24	43	36	93	754	48	579	51	140
>ZNF12.H14INVITRO.0.P.C
238	31	69	107	52	66	393	294	174	708	899	58	762	787	609	272	570	385	176	140	174	128	384	456
93	31	837	100	20	831	75	56	135	29	27	727	40	51	114	358	91	137	434	611	635	572	295	198
217	911	57	69	836	41	121	601	72	242	60	185	166	128	244	126	183	344	250	86	76	100	169	248
449	24	34	721	89	59	408	46	616	18	11	27	29	31	30	241	153	131	137	160	112	197	149	95
>ZNF12.H14INVITRO.1.M.C
3340	1292	157	1100	1570	6305	347	8098	8574	7	2138	8473	930	423	8161	533	358	1959	215	647	2135
2413	3543	392	7146	506	90	815	5	4	8532	7	22	761	5780	145	1658	4829	5557	8030	6073	2604
1940	1003	7660	121	318	2053	16	484	9	24	6441	25	6856	156	220	2834	2672	193	59	820	1695
895	2750	379	221	6194	140	7410	1	1	25	2	68	41	2229	62	3563	729	879	284	1048	2154
>ZNF12.H14INVITRO.2.S.C
1895	1999	510	5642	1737	8729	9417	31	7175	8773	4897	3256	6600	2017	1173	3271	1358	2156
1951	3865	462	219	732	28	22	8806	2	208	1014	2312	709	946	2605	3082	6483	3887
3868	1864	857	3490	264	801	169	741	2421	213	3532	1183	1895	5076	4488	1544	634	1898
1900	1886	7785	263	6881	56	6	36	16	420	171	2863	410	1575	1348	1717	1139	1673
>ZNF14.H14INVITRO.0.P.D
19	3	10	24	86	15	16	101	26	25	111	58	92	12	13	4	108	16	20	8	108
2	100	13	7	16	78	85	3	7	13	4	8	6	75	89	78	10	2	2	100	4
14	9	3	71	14	9	9	7	78	10	4	52	16	10	3	22	0	102	96	7	7
86	9	95	19	5	19	11	10	10	73	2	3	7	24	16	17	3	1	3	6	2
>ZNF16.H14INVITRO.0.P.D
461	27	67	74	41	15	160	518	8	97	29	5	5	1	25	3	204	467	22	26	136	35	42
80	660	645	272	97	736	422	60	23	7	18	786	4	777	755	783	269	179	257	68	122	687	586
177	28	10	27	137	17	21	190	25	688	749	2	1	20	11	1	21	98	201	100	423	21	15
89	92	85	434	532	39	204	39	751	15	11	14	797	9	16	20	313	63	327	613	126	64	164
>ZNF18.H14INVITRO.0.P.D
311	5	6	1	46	18	967	786	9
3	2	1	2	2	0	16	16	609
601	992	0	997	122	982	0	132	153
85	1	993	0	830	0	17	66	229
>ZNF20.H14INVITRO.0.PSG.A
4636	6948	77	10	8590	2	1344	89	1426	352	345	1283	2883	2224
1644	695	23	41	22	8593	117	8016	277	7683	7539	968	3489	3297
1495	252	8525	10	20	2	1932	77	1730	474	271	755	1470	1210
860	740	10	8574	3	38	5242	453	5202	126	480	5629	793	1904
>ZNF23.H14INVITRO.0.P.D
10	12	131	24	60	26	13	209	26	205	13	229	4	21	177	21	22	208	200	29	11	118	193	24
179	198	45	38	9	16	219	6	3	7	224	3	13	128	6	176	31	20	9	17	158	36	32	36
14	9	31	30	152	182	7	5	206	22	2	1	14	31	41	17	22	4	29	13	29	74	8	24
37	21	33	148	19	16	1	20	5	6	1	7	209	60	16	26	165	8	2	181	42	12	7	156
>ZNF24.H14INVITRO.0.P.D
16	9	581	566	2	57	597	557	9	6	552	488	16	3
2	2	3	2	50	4	0	3	13	13	37	16	7	19
63	582	5	6	25	523	0	36	3	574	5	65	44	529
516	4	8	23	520	13	0	1	572	4	3	28	530	46
>ZNF26.H14INVITRO.0.P.D
193	2	4	38	6	27	156	38	28	184	0	101	20	186	137	27	45	140	173	167	180	180	8
4	0	1	26	187	89	8	12	149	3	86	48	130	7	12	51	136	21	9	22	1	14	2
6	0	202	4	8	2	37	137	12	3	5	18	14	7	46	5	12	40	25	9	26	4	3
6	207	2	141	8	91	8	22	20	19	118	42	45	9	14	126	16	8	2	11	2	11	196
>ZNF26.H14INVITRO.1.P.D
780	226	790	809	13	38	202	26	120	707	165	173	823	24
42	549	43	65	4	14	211	913	369	26	50	683	46	396
119	39	162	75	12	917	36	29	5	224	731	61	20	51
60	187	6	52	972	32	552	33	507	44	55	84	112	530
>ZNF28.H14INVITRO.0.P.D
212	172	151	112	162	315	163	199	197	29	61	14	25	46	11	27	53	161
121	128	77	86	368	136	66	166	179	9	20	1	18	43	10	667	806	510
482	578	543	744	249	310	489	551	137	925	909	963	950	19	934	192	65	81
187	124	231	60	223	241	284	86	489	39	12	24	9	894	47	116	78	250
>ZNF3.H14INVITRO.0.P.D
503	416	138	193	156	41	93	116	134	83	84	852	291	65	49	646	451	132	311	550	289	192	191
148	149	127	41	95	96	125	45	220	37	37	15	222	50	12	234	359	147	184	141	298	123	103
145	290	131	643	159	156	58	699	62	45	820	40	229	44	864	55	88	53	336	96	192	158	567
166	107	566	85	552	669	686	102	546	797	21	55	220	803	37	27	64	630	131	175	183	489	101
>ZNF30.H14INVITRO.0.P.D
258	179	42	131	38	41	154	64	494	84	40	726	70	42	25	413	248	84	67	117	108	168	157
133	101	14	37	245	40	66	252	141	154	204	137	670	26	217	212	43	128	197	497	642	479	272
529	179	872	748	195	219	638	152	78	713	707	111	36	63	718	91	444	628	124	146	46	60	162
80	541	72	84	522	700	142	532	287	49	49	26	224	869	40	284	265	160	612	240	204	293	409
>ZNF32.H14INVITRO.0.SM.B
2054	446	153	1412	5695	7262	54	1480	171	841	6993	288	5319	574	1373
1798	2468	125	373	541	21	6013	3260	2368	130	110	1953	1613	4917	2899
2207	1234	6992	94	24	23	303	1808	418	5781	94	533	284	750	2160
1301	3212	90	5481	1100	54	990	812	4403	608	163	4586	144	1119	928
>ZNF34.H14INVITRO.0.P.D
23	10	20	24	20	8	2	53	2	34	2	1	3	3	4	4	10	4	3	17
5	3	26	22	22	21	52	1	1	7	54	1	1	16	4	56	29	6	33	8
8	35	12	6	7	7	2	4	61	17	0	4	0	25	10	3	1	14	14	13
28	16	6	12	15	28	8	6	0	6	8	58	60	20	46	1	24	40	14	26
>ZNF35.H14INVITRO.0.P.D
797	867	874	228	795	182	112	356	216	231	198	563	207	673	806	595	245	404	942	789	201	780	833
106	41	9	147	18	51	594	160	398	309	200	82	382	112	30	140	168	484	26	77	284	74	47
69	60	92	608	88	731	64	80	200	91	191	223	253	157	110	170	92	79	19	77	136	115	72
26	30	23	15	97	34	228	402	184	367	409	130	156	56	52	93	493	31	11	55	377	29	46
>ZNF35.H14INVITRO.1.P.D
519	603	139	941	983	970	186	977	283	104
23	12	314	36	6	2	282	2	12	608
43	356	102	13	10	18	519	4	682	134
415	29	445	10	1	10	13	17	23	154
>ZNF41.H14INVITRO.0.P.D
108	528	498	74	96	291	688	352	199	312	379	280	199	51	703	15	184	630	68	81	545	73	104	226	514
460	48	15	15	28	8	3	38	136	159	100	20	172	508	5	658	502	10	30	130	31	69	158	93	79
74	113	187	594	561	422	27	327	71	148	180	369	269	91	16	46	6	79	82	476	74	492	266	324	92
86	39	28	45	43	7	10	11	322	109	69	59	88	78	4	9	36	9	548	41	78	94	200	85	43
>ZNF41.H14INVITRO.1.P.D
260	207	897	150	678	713	17	33	453	1005	308	385	369	441	360
389	713	15	549	20	9	2	57	5	3	69	168	129	258	285
178	78	112	58	307	183	1001	846	568	13	539	98	406	161	290
202	31	5	272	24	124	9	93	3	8	113	378	125	169	94
>ZNF43.H14INVITRO.0.PSGI.A
472	29	4539	1351	4165	0	24	93	168	453	1779	759
3980	3031	560	20	13	2	0	11	5881	352	3437	4077
1705	14	884	4700	2251	4	1	5912	327	253	525	886
272	3355	446	358	0	6423	6404	413	53	5371	688	707
>ZNF44.H14INVITRO.0.P.D
267	132	134	106	49	435	90	26	8	33	335	6	41	307	219	430	56	892	619	479	263
331	276	61	308	221	220	227	33	15	933	126	8	397	103	149	86	1	37	87	170	170
320	206	748	350	110	323	68	257	963	13	141	976	55	330	574	348	924	65	139	192	439
79	383	54	233	617	19	612	681	11	18	395	7	504	257	55	133	16	3	152	156	125
>ZNF48.H14INVITRO.0.PSG.A
442	1894	37	2017	8	2035	5	2007	0	1957	412	1860	74	2021	9	2012	200	1929	47	1927	21	2032	7	1974	138	1870
66	39	1951	0	0	0	0	6	1934	1	105	2	12	0	387	0	1412	0	738	0	141	0	734	0	1115	34
1471	85	26	18	2027	0	2029	21	2	77	1509	173	1949	14	1631	21	349	106	1208	103	1865	2	1256	61	727	98
56	17	21	0	0	0	1	1	99	0	9	0	0	0	8	2	74	0	42	5	8	1	38	0	55	33
>ZNF57.H14INVITRO.0.PSG.A
197	233	23	60	112	140	75	11	57	48	387	45	52	110	167	97	13	295	180	159	220
73	14	13	47	59	191	6	1	2	13	44	1	6	30	13	26	40	21	186	172	65
154	203	437	314	272	114	356	448	412	400	31	423	435	331	12	358	27	60	76	44	169
76	50	27	79	57	55	63	40	29	39	38	31	7	29	308	19	420	124	58	125	46
>ZNF66.H14INVITRO.0.PG.A
77	58	92	86	45	3	5	1	305	15	259	28	254	21	66
48	226	130	67	276	3	22	321	9	103	41	268	42	186	178
173	17	19	168	0	0	294	0	3	20	6	13	8	111	15
26	23	83	3	3	318	3	2	7	186	18	15	20	6	65
>ZNF7.H14INVITRO.0.P.D
100	106	96	49	73	64	99	526	362	15	613	0	113	28	306	178	234	409	85	106	164	53	51
514	525	256	107	54	541	687	80	220	973	47	683	43	68	41	158	107	122	275	80	103	215	728
135	65	169	54	809	10	85	154	381	2	5	3	24	42	542	343	244	192	105	117	539	182	55
251	304	479	790	64	385	129	240	37	10	335	314	820	862	111	321	415	277	535	697	194	550	166
>ZNF70.H14INVITRO.0.PSG.A
118	101	71	223	113	3	1	2	0	1	18	168	47	75	34	411	17	504	10	537	5	4	135	76	112
254	264	318	135	65	591	596	2	591	595	158	141	44	418	185	55	54	66	23	13	562	590	135	190	155
107	108	57	211	113	2	0	0	0	1	4	16	230	94	371	12	6	3	492	31	0	1	31	35	153
118	124	151	28	306	1	0	593	6	0	417	272	276	10	7	119	520	24	72	16	30	2	296	296	177
>ZNF74.H14INVITRO.0.P.D
93	89	88	2	89	83	1	49	6	6	9	7	64	62	10	1	74	94	1	92	1	0
1	1	0	55	2	6	45	0	86	9	1	55	2	3	6	0	0	0	92	0	0	89
0	4	4	1	0	5	2	45	0	1	83	3	25	21	8	93	20	0	0	0	1	3
0	0	2	36	3	0	46	0	2	78	1	29	3	8	70	0	0	0	1	2	92	2
>ZNF76.H14INVITRO.0.P.B
128	310	239	232	16	119	485	58	42	137	52	7	11	29	836	403	313	119	83	129	584	114	97
669	99	160	54	36	514	340	189	187	649	226	14	9	8	36	141	133	152	121	146	120	108	124
103	503	505	500	920	334	69	89	427	144	17	975	977	946	57	353	205	205	719	242	234	701	229
102	90	98	216	30	35	108	666	346	72	707	6	5	19	73	105	351	526	79	485	64	79	552
>ZNF76.H14INVITRO.1.SM.B
775	498	836	2810	2514	542	16	235	6115	55	30	3103	146	12	16	41	3178	3570	2329
3872	838	3892	126	293	87	8	5544	111	214	328	681	316	15	31	22	208	481	893
869	4923	280	3242	2329	878	6451	587	206	130	804	2444	22	6446	6437	6308	366	1299	2007
986	243	1494	324	1366	4995	27	136	70	6103	5340	274	6018	29	18	131	2750	1152	1273
>ZNF77.H14INVITRO.0.P.D
126	49	16	22	121	59	70	328	31	16	34	2	397	18	23	115	64	120	72	131	220	319	259
80	254	60	144	259	235	294	77	381	49	155	446	46	399	301	213	121	154	123	169	173	42	46
235	21	36	46	42	38	28	40	26	4	22	5	6	16	6	39	95	129	57	55	34	68	120
26	143	355	255	45	135	75	22	29	398	256	14	18	34	137	100	187	64	215	112	40	38	42
>ZNF79.H14INVITRO.0.P.D
109	88	270	328	309	83	286	370	279	160	73	321	295	32	98	47	18	39	376	371	15
145	188	61	18	9	68	10	10	32	14	18	39	66	33	167	52	326	2	11	9	87
51	37	44	28	28	214	98	9	86	28	153	30	25	17	76	16	40	47	11	12	168
98	90	28	29	57	38	9	14	6	201	159	13	17	321	62	288	19	315	5	11	133
>ZNF8.H14INVITRO.0.P.D
12	17	17	12	15	4	0	0	0	65	6	3	7	2	18	29	9	4	25	18	15
23	27	30	16	20	17	0	0	12	0	48	1	33	60	16	13	19	14	16	19	23
28	17	13	10	28	11	67	68	1	3	5	63	7	3	9	10	22	39	11	20	16
5	7	8	30	5	36	1	0	55	0	9	1	21	3	25	16	18	11	16	11	14
>ZNF8.H14INVITRO.1.P.D
16	63	5	1	4	8	411	8	341	14	53	6	399	7	300	33	349	318	20	39	33	385
22	13	13	0	1	19	3	124	9	19	345	319	4	59	15	326	44	11	29	5	7	9
15	338	1	414	411	2	2	6	67	10	9	0	6	15	49	9	17	70	24	359	372	16
364	3	398	2	1	388	1	279	0	374	10	92	8	336	53	49	7	18	344	14	5	7
>ZNF81.H14INVITRO.0.P.D
382	0	1	695	10	818	915	1	0	907	12	4	420	34	169	68	917	900	895
0	1	3	14	810	49	0	915	868	0	796	16	38	54	4	0	0	1	2
529	916	1	193	19	29	2	1	0	10	43	5	85	10	737	849	0	16	9
6	0	912	15	78	21	0	0	49	0	66	892	374	819	7	0	0	0	11
>ZNF83.H14INVITRO.0.G.C
4	47	9	3	19	15	3	11	2	6	23	147	27	69	204
429	20	10	207	138	23	268	3	444	134	18	53	219	88	72
7	10	15	7	11	12	3	4	13	5	21	121	44	48	76
26	389	432	249	298	416	192	448	7	321	404	145	176	261	114
>ZNF85.H14INVITRO.0.P.D
110	168	571	513	40	129	973	837	6	14	132	101	157
45	7	373	54	5	85	14	137	41	931	161	388	365
122	814	27	49	946	346	3	11	16	18	11	129	111
722	10	28	383	8	439	9	14	936	36	695	381	366
>ZNF85.H14INVITRO.1.P.D
599	200	656	648	574	543	197	126	190	571	537	25	130	1005	893	17	35	157	132	185
108	91	116	196	89	80	541	39	9	411	37	7	94	22	132	55	956	182	400	380
122	690	201	132	313	132	200	155	846	42	51	1015	377	19	15	36	26	17	162	127
227	75	83	80	80	301	118	736	11	32	431	9	455	10	16	948	39	700	362	364
>ZNF90.H14INVITRO.0.P.D
108	0	2	2	0	0	0	1	1	0	2	106	0	1	109	0	5	0	105	0	0	0	107
1	54	1	105	108	1	95	10	108	0	1	0	2	0	0	0	0	108	1	104	104	107	0
0	2	104	0	0	0	11	0	0	0	106	2	0	0	0	0	1	1	2	0	0	1	1
0	53	2	2	1	108	3	98	0	109	0	1	107	108	0	109	103	0	1	5	5	1	1
>ZNF92.H14INVITRO.0.P.D
902	15	80	7	11	19	940	50	45	22	960	65	967	913	17	14	18	8	54	15	21
12	17	2	172	914	910	4	2	5	905	3	4	2	8	4	102	392	14	14	893	26
53	7	883	4	3	5	10	907	913	6	7	892	5	44	926	9	46	22	874	12	13
7	935	9	791	46	40	20	15	11	41	4	13	0	9	27	849	518	930	32	54	914
>ZSA5A.H14INVITRO.0.SM.B
2211	1000	368	227	241	65	166	343	2612	1143	2190	11	9032	9045	8854	277	1703	573	1526
2506	3105	360	203	7670	8978	8609	5047	4923	7725	5539	9034	11	15	9	33	6571	2574	3676
2431	729	7242	650	819	17	25	48	189	46	495	2	21	1	197	1757	66	803	2005
1917	4231	1095	7985	335	5	265	3627	1341	151	841	18	1	4	5	6998	725	5115	1858
>ZSA5C.H14INVITRO.0.P.D
299	88	92	26	936	112	66	166	612	614	69	562	630	624	369	199	292
31	62	26	149	38	52	49	428	220	116	363	63	161	71	65	451	369
196	826	110	805	16	824	99	195	40	116	57	215	109	206	372	214	90
474	24	772	20	10	12	786	211	128	154	511	160	100	99	194	136	249
>ZSC12.H14INVITRO.0.P.D
121	49	83	34	3	5	13	18	12	378	303	334	26	36	60	56	40	59	54	37	52
92	180	111	60	21	86	397	182	460	43	99	72	253	89	126	86	117	124	114	323	312
229	145	227	195	25	30	31	22	20	26	83	40	193	49	236	170	265	116	103	78	32
58	126	79	211	451	379	59	278	8	53	15	54	28	326	78	188	78	201	229	62	104
>ZSC16.H14INVITRO.0.PSM.A
783	1199	663	93	7	2	4	1985	1974	2	1596	125	2045	822	9	1386	3	49	238
501	297	343	303	68	58	0	82	72	2144	180	71	92	127	2141	757	1431	1611	450
442	305	650	61	2079	1	15	52	30	0	4	1924	6	1180	1	4	1	106	338
428	353	498	1697	0	2093	2135	35	78	8	374	34	11	25	3	7	719	388	1128
>ZSC21.H14INVITRO.0.P.D
477	126	177	219	967	23	18	857	24	67	100
124	652	364	658	4	35	665	49	928	416	301
172	141	49	81	6	903	21	11	33	6	209
227	81	410	42	23	39	296	83	15	511	390
>ZSC22.H14INVITRO.0.P.D
319	198	183	127	352	77	877	144	71	27	446	132	11	686	63	74	133
110	132	181	581	198	7	17	106	5	10	376	5	13	242	7	26	618
433	606	275	229	129	910	80	431	912	955	86	843	954	32	911	883	141
133	59	356	58	316	1	21	314	7	3	87	15	17	35	14	12	103
>ZSC23.H14INVITRO.0.M.C
199	878	44	188	50	6	8	3	1196	1152	3	10	1088	27	644	608	630	343
717	85	31	7	47	10	1081	0	7	1	4	31	12	1064	36	251	149	316
154	159	345	1003	12	1186	116	85	2	52	87	89	77	88	489	171	273	314
138	86	788	10	1099	6	3	1120	3	3	1114	1078	31	29	39	178	156	235
>ZSC25.H14INVITRO.0.PSG.A
1651	3186	763	1104	292	6302	232	25	5	34	49	1527	190	3365	1984
1312	2621	3107	824	6663	585	6751	7481	7334	7353	62	401	5943	1326	1880
2607	583	466	1694	156	176	106	28	14	25	45	5071	166	1026	1057
1993	1173	3227	3941	452	500	474	29	210	151	7407	564	1264	1846	2642
>ZSC29.H14INVITRO.0.P.B
20	9	3	1	4	148	11	115	21	45	24
91	8	5	162	9	22	134	3	135	35	9
24	140	2	0	1	4	4	59	7	59	137
43	21	168	15	164	4	29	1	15	39	8
>ZSC29.H14INVITRO.1.M.C
104	430	94	635	380	482	2	69	0	0	0	768	6	476	41	344	314	275	159	237
262	73	56	61	52	225	754	0	0	743	0	0	665	1	639	108	109	135	361	223
52	213	31	37	291	20	3	701	12	0	0	0	1	292	12	220	175	108	69	126
352	54	589	37	47	43	11	0	758	27	770	2	98	1	78	98	172	252	181	184
>ZSC31.H14INVITRO.0.P.C
196	63	102	518	27	25	581	11	62	51	47	569	231	76	94	531	103	288
46	37	598	107	22	715	27	12	45	10	704	87	68	56	87	113	107	117
427	505	47	40	689	17	148	733	632	705	29	75	355	193	237	100	193	268
118	182	40	122	49	30	31	31	48	21	7	56	133	462	369	43	384	114
>ZSC31.H14INVITRO.1.SM.B
2520	1018	678	2395	528	318	313	883	5417	3397	10	955	6552	682	1147	1511	2469	2112
1947	687	5666	113	237	330	40	6474	317	75	181	89	640	367	303	3842	1474	1694
2088	5848	1513	5498	7306	7167	7943	869	2645	4841	2238	2195	1007	2595	6746	1291	1786	3051
1876	878	574	425	360	616	135	205	52	118	6002	5192	232	4787	235	1787	2702	1574
>ZSCA1.H14INVITRO.0.SM.B
1808	3357	1272	76	147	1132	572	9301	19	67	125	3	7	4	32	13	4329	1604
2067	1333	1313	968	102	966	8551	74	6	26	3	4	2	14	6	8087	840	3215
3522	2290	1774	121	2810	1284	574	154	9746	5922	9672	14	9783	18	9751	59	3536	2700
2406	2823	5444	8638	6744	6421	106	274	32	3788	3	9782	11	9767	14	1644	1098	2284
>ZSCA2.H14INVITRO.0.PG.A
5345	3263	111	346	17	9200	23	9202	25	3267	1422	3137	7434	2510	698	6813	6721	5	2451	9190	14	102	121	320	102
1591	12	4	1082	398	21	33	97	8329	1708	1485	3788	606	40	315	974	38	3	100	148	9245	188	83	8770	9143
608	6029	9175	1695	83	110	9271	39	4	190	1290	1056	658	6674	8317	341	2317	9304	6780	2	4	14	57	40	52
1801	41	55	6222	8847	14	18	7	987	4180	5148	1364	647	121	15	1217	269	33	14	5	82	9041	9084	215	48
>ZSCA4.H14INVITRO.0.SM.B
2579	1032	20	62	1003	313	7592	5	33	54	0	4	2	2	4	3911	1149
1200	1582	43	22	747	7313	118	3	2616	3	2	0	4	1	6631	556	2547
1881	1334	19	1898	789	101	20	7734	3056	7694	6	7749	2	7749	8	2188	1940
2094	3806	7672	5772	5215	27	24	12	2049	3	7746	1	7746	2	1111	1099	2118
>ZXDA.H14INVITRO.0.PSI.A
309	182	1303	0	0	104	53	194
270	775	0	330	0	0	63	418
389	114	0	973	1303	1199	988	331
335	232	0	0	0	0	199	360
>ZXDB.H14INVITRO.0.PI.A
1446	919	1080	5896	0	0	0	86	337	1231
1171	1033	4158	0	281	0	0	21	2811	1276
1255	2735	214	0	5615	5896	5896	5637	817	1449
2024	1209	444	0	0	0	0	152	1931	1940
>ZXDC.H14INVITRO.0.PI.A
521	364	214	1095	1154	1562	80	0	0	0	63	72	797	323
435	149	194	281	70	47	1713	1814	1814	1757	11	141	236	525
511	955	1080	205	542	173	10	0	0	1	1401	146	431	399
347	346	326	233	48	32	11	0	0	56	339	1455	350	567