>AHR.H14INVIVO.0.P.B
101	125	13	5	23	1	3	181
119	57	69	991	2	0	0	673
384	90	828	0	972	0	997	9
397	729	91	5	4	1000	1	138
>AHRR.H14INVIVO.0.P.C
73	117	30	15	88	4	0	245	166	648	292
142	132	97	950	13	1	0	622	425	36	159
271	71	748	5	896	0	963	5	323	122	388
516	682	127	32	5	997	39	130	88	196	163
>ALX1.H14INVIVO.0.SM.D
1630	1513	495	152	6951	7125	2	0	4453	3215	5587	58	288	6316	2596	1045	1174	1574	1535	1451
2253	1763	3206	237	2	0	80	1149	407	431	338	188	506	136	1338	2110	1708	2058	2062	2047
2148	2837	1623	23	162	0	3	90	1192	3468	857	152	125	351	2485	1453	1879	2096	2118	2090
1094	1012	1801	6713	10	0	7040	5886	1073	11	343	6727	6206	322	706	2517	2364	1397	1410	1537
>ALX3.H14INVIVO.0.SM.D
2344	1976	1816	196	0	8444	8444	0	3	5128	1254	1657
1988	3549	2557	3934	0	0	0	0	142	233	2729	2329
2192	1746	3788	1038	0	0	0	0	109	2954	3453	2619
1920	1173	283	3276	8444	0	0	8444	8190	129	1008	1839
>ALX3.H14INVIVO.1.S.D
352	380	313	133	18	1502	1508	0	0	1286	710	883	60	157	1116	467	270	280	287	277
444	505	417	624	43	0	0	0	9	25	90	220	107	178	131	316	437	416	469	470
434	391	561	240	11	6	0	0	0	168	703	229	129	91	152	430	375	465	478	448
278	232	217	511	1436	0	0	1508	1499	29	5	176	1212	1082	109	295	426	347	274	313
>ALX4.H14INVIVO.0.S.D
1397	1260	380	100	6191	6332	0	0	3814	2823	5551	4	215	5980	2252	949	964	1514	1351	1311
1257	1055	2454	176	2	0	6	951	418	230	96	104	314	44	1155	1646	1471	2254	2362	2205
2688	3184	1817	16	137	0	0	42	1116	3279	426	55	40	177	2410	1270	1608	1409	1411	1401
990	833	1681	6040	2	0	6326	5339	984	0	259	6169	5763	131	515	2467	2289	1155	1208	1415
>ALX4.H14INVIVO.1.SM.D
784	756	537	11	0	2350	2350	0	6	1519	453	385	531
392	884	682	1113	2	0	0	5	219	71	772	611	463
552	471	994	165	0	0	0	0	131	731	825	701	423
622	239	137	1061	2348	0	0	2345	1994	29	300	653	933
>ANDR.H14INVIVO.0.P.B
416	120	273	776	4	669	121	309	264	21	2	8	126	7	4	162	167
18	18	250	51	948	30	266	201	340	19	2	3	91	979	511	252	128
334	732	248	66	26	79	340	228	281	3	995	0	94	0	2	183	310
232	130	229	107	22	222	273	262	115	957	1	989	689	14	483	403	395
>ANDR.H14INVIVO.1.S.C
2162	106	240	0	2083	0	844	1195
1007	788	12	0	0	6603	3187	2049
2329	94	6320	0	0	0	1049	1043
1105	5615	31	6603	4520	0	1523	2316
>ANDR.H14INVIVO.2.P.B
156	68	93	216	77	103	228	207	196	183	78	222	13	17	17	568	65	336	97
62	80	61	202	763	387	194	214	180	314	11	33	37	15	9	24	649	186	270
79	757	40	163	32	22	166	250	263	158	30	737	12	121	129	372	28	39	139
701	93	804	417	126	486	410	327	359	343	879	6	936	845	843	34	256	437	492
>AP2A.H14INVIVO.0.PSM.A
355	163	214	13	0	2	49	140	476	171	3	22	250	490
231	149	145	469	947	904	216	0	71	1	1	496	345	124
189	130	368	442	3	1	21	817	399	783	949	426	139	198
182	515	230	33	7	50	671	0	11	2	4	13	223	145
>AP2B.H14INVIVO.0.SM.D
5421	3467	2868	355	156	145	163	1049	5720	629	79	253	2008	5554	2556	2846	2173	2534
1171	1289	2462	2566	9301	8812	2473	3719	767	19	49	4592	3206	901	1464	1085	1761	1996
1550	1557	1759	6589	196	193	1099	4133	3308	9175	9661	4627	2688	1693	1065	1774	1449	2143
1704	3533	2757	336	193	696	6111	945	51	23	57	374	1944	1698	4761	4141	4463	3173
>AP2C.H14INVIVO.0.PSM.A
376	167	198	18	0	9	53	0	430	130	2	49	183	386	140
195	159	108	471	911	870	169	0	81	0	2	495	363	161	186
224	175	423	415	1	4	28	817	398	789	909	345	141	212	231
127	421	193	18	10	39	672	105	13	3	9	33	235	163	365
>AP2E.H14INVIVO.0.SM.D
3023	2755	1501	188	3	1	9	536	8526	663	6	170	1205	5722	2505	3133
2072	1056	1915	1598	9957	9867	985	4414	35	3	3	3261	5866	589	2092	1521
2289	1896	1517	8035	4	9	6	4320	1401	9296	9951	6467	1292	2797	735	3007
2581	4258	5032	144	1	88	8965	695	3	3	5	67	1602	857	4633	2304
>ARGFX.H14INVIVO.0.SM.D
193	300	72	2	848	849	0	0	782	365	480	43	85	572	329
281	195	408	1	1	0	1	0	6	88	203	212	107	114	146
175	261	67	0	0	0	0	0	58	387	99	68	77	53	204
200	93	302	846	0	0	848	849	3	9	67	526	580	110	170
>ARI1A.H14INVIVO.0.P.C
79	2	6	45	965	18	171	252	25	266	205
39	8	23	69	17	14	1	20	339	331	182
77	4	6	18	14	6	286	666	493	109	123
806	987	966	869	5	963	543	63	144	295	491
>ARNT.H14INVIVO.0.P.B
201	129	824	3	11	1	0	322	167
263	67	14	973	4	0	0	538	430
481	271	159	2	985	1	999	55	202
55	533	3	22	0	998	1	85	201
>ARNT.H14INVIVO.1.P.B
190	128	786	10	40	2	0	338	143	218	213	217	192	218	112	102	498	130	310
247	67	28	940	2	0	0	476	450	220	209	273	294	172	251	641	177	485	141
507	285	182	6	959	1	1000	61	235	222	415	283	345	392	428	149	215	201	457
57	521	5	45	0	998	1	126	173	341	164	228	170	219	210	109	111	185	93
>ARNT2.H14INVIVO.0.P.B
439	14	33	1	1	426	94	129	200	59	329	461	142
93	738	46	4	3	451	518	272	101	212	378	219	124
217	19	898	7	979	43	117	98	348	606	219	160	243
240	218	12	977	6	69	260	490	340	112	63	149	480
>ARNT2.H14INVIVO.1.P.B
226	254	178	482	1	2	1	0	398	41	101
246	185	96	4	998	7	0	0	533	540	312
432	486	494	101	2	1002	0	1010	22	183	218
107	86	243	424	10	0	1010	1	58	247	380
>ARNT2.H14INVIVO.2.S.C
2241	1099	0	8586	0	0	0	0	8586	221	2081	2164
2468	868	8586	0	8586	0	0	0	0	5244	2693	2363
2077	3837	0	0	0	8586	0	8586	0	1141	1358	1870
1800	2782	0	0	0	0	8586	0	0	1980	2454	2189
>ARX.H14INVIVO.0.S.D
2974	1016	274	6435	6484	232	5	1133	5788	6914	0	0	6805	2507	624	1252	2573	2242
1128	1834	92	61	111	422	3481	1033	5	0	0	19	2	607	2340	1587	1521	1483
1373	987	61	338	300	255	188	377	1126	5	0	0	105	3733	1165	1702	1319	1444
1444	3082	6492	85	24	6010	3245	4376	0	0	6919	6900	7	72	2790	2378	1506	1750
>ARX.H14INVIVO.1.SM.D
2122	1024	410	6430	8668	0	0	8668	2234	628	988	2013
2363	2697	3008	480	0	0	0	0	681	3266	1884	2132
2172	2570	548	1727	0	0	0	0	5725	2602	3357	1939
2011	2377	4702	31	0	8668	8668	0	28	2172	2439	2584
>ASCL1.H14INVIVO.0.PSM.A
280	12	938	0	8	3	5	18	147	190	144	209	200
269	956	8	445	952	0	8	706	431	299	408	379	270
332	8	10	498	18	3	967	122	31	238	179	133	249
103	8	28	41	6	978	4	138	375	257	253	263	265
>ASCL2.H14INVIVO.0.PSM.A
299	9	976	6	7	46	2	2	128	81
288	982	6	361	982	1	93	934	336	302
381	4	4	613	6	2	898	8	10	422
29	2	11	17	2	948	4	53	523	192
>ATF1.H14INVIVO.0.P.B
283	370	409	20	10	974	11	35	83	336	585
317	124	61	16	4	2	940	10	270	453	135
136	340	510	9	967	18	21	927	20	116	151
264	166	20	955	19	6	28	28	627	95	129
>ATF1.H14INVIVO.1.P.B
105	104	105	145	138	141	124	91	326	338	325	9	29	916	6	12	57	337	588
194	510	265	520	333	458	270	258	327	178	76	29	7	11	913	17	259	504	108
574	298	541	279	407	300	513	545	151	384	592	32	951	58	54	943	94	95	200
127	88	89	56	122	101	93	106	196	100	7	930	13	15	27	28	590	64	104
>ATF2.H14INVIVO.0.PSM.A
288	638	3	1	972	1	1	6	198	949	29
85	9	1	1	1	643	3	12	772	3	264
523	329	2	970	1	35	976	2	7	16	168
85	5	975	9	7	302	1	961	4	13	520
>ATF2.H14INVIVO.1.P.B
359	763	5	10	964	7	3	15	156	956	5	199
106	4	9	3	3	244	2	9	806	2	107	341
354	193	4	943	7	49	964	1	10	10	58	155
157	16	958	20	2	676	7	951	4	8	806	281
>ATF3.H14INVIVO.0.P.B
256	491	3	3	961	8	38	127	977	374
131	192	0	4	5	649	20	843	12	231
459	318	4	979	30	31	306	11	2	123
156	1	995	16	6	314	638	21	11	274
>ATF3.H14INVIVO.1.P.B
215	301	20	12	893	5	20	30	474	478	138
122	59	6	276	13	795	16	466	162	135	347
530	630	13	706	90	11	734	7	333	258	202
134	11	962	7	5	190	231	498	32	130	314
>ATF3.H14INVIVO.2.P.B
158	608	6	0	938	5	16	37	653	628	71
104	81	4	9	8	618	13	582	297	99	403
613	264	3	941	6	25	593	9	6	40	130
83	5	945	8	6	310	336	330	2	191	354
>ATF3.H14INVIVO.3.SM.B
2685	1058	1099	7019	0	0	8441	2	1863	33	1206	7935	200	1839
1803	2251	358	38	6	0	0	7127	100	177	7050	58	2889	2684
2511	1363	6000	1383	0	8429	0	20	6393	23	117	285	1047	1638
1442	3769	984	1	8435	12	0	1292	85	8208	68	163	4305	2280
>ATF4.H14INVIVO.0.P.B
361	241	575	4	2	976	3	2	108	993	997	16	373
94	146	301	3	9	5	69	5	817	5	1	298	377
422	490	122	0	982	10	12	992	0	0	2	93	120
123	123	2	993	7	9	916	1	75	2	0	593	130
>ATF4.H14INVIVO.1.S.B
396	1018	82	88	1839	4	4	73	1785	1754	75	691
516	592	76	64	39	1052	2	1458	63	41	567	571
667	259	57	1685	25	1	1936	18	52	81	273	357
366	76	1730	108	42	888	3	396	45	69	1030	326
>ATF4.H14INVIVO.2.SM.B
685	910	599	185	1549	8	6	2468	0	6	14	10	2456	13	489	562	588
506	362	84	63	808	8	7	1	1782	0	6	2450	2	17	1342	979	547
583	362	1362	1954	109	6	2453	0	0	2463	1	3	6	201	237	162	438
695	835	424	267	3	2447	3	0	687	0	2448	6	5	2238	401	766	896
>ATF6A.H14INVIVO.0.SM.D
706	247	181	1884	0	0	2449	0	0	0	21	2411	29	498	515
524	448	83	154	1	0	0	2449	0	0	2404	3	1111	856	694
654	260	2098	405	2	2449	0	0	2449	0	21	22	127	576	524
565	1494	87	6	2446	0	0	0	0	2449	3	13	1182	519	716
>ATF6B.H14INVIVO.0.SM.D
1986	1347	988	5402	7	2	9660	0	0	0	279	4116	683	4737
2109	1429	878	696	37	17	0	9663	0	14	4018	71	6676	1755
2935	1802	6717	3471	27	9620	5	1	9665	1	5329	4885	708	1871
2635	5087	1082	96	9594	26	0	1	0	9650	39	593	1598	1302
>ATF7.H14INVIVO.0.PSM.A
291	762	0	0	967	1	1	22	98	970	2
61	1	1	0	0	785	1	9	871	1	263
576	206	0	965	4	9	966	0	2	0	55
43	2	970	6	0	176	3	940	0	0	651
>ATMIN.H14INVIVO.0.P.B
181	184	308	248	276	826	286	402	419	235	38	113	233	127	299	220	128	306	749	359	362
173	260	194	32	93	82	35	82	150	138	294	760	53	74	238	210	53	189	26	74	114
580	503	443	710	585	48	664	496	332	472	656	84	595	783	440	484	793	500	199	557	476
66	53	55	10	46	44	15	20	99	155	12	43	119	16	23	86	26	5	26	10	48
>ATOH1.H14INVIVO.0.P.B
646	385	0	1000	2	417	9	0	2	117
12	110	1001	0	4	453	0	0	139	386
325	505	0	0	941	130	0	999	616	252
18	1	0	1	54	1	992	2	244	246
>ATOH1.H14INVIVO.1.SM.B
1416	1953	326	2238	3282	0	5925	0	5802	0	0	2	199	1418
1784	884	3034	10	2614	5925	0	0	123	0	0	1679	1424	1731
1604	2298	981	3676	18	0	0	109	0	0	5925	1582	373	1379
1121	790	1584	1	11	0	0	5816	0	5925	0	2662	3929	1397
>ATOH8.H14INVIVO.0.P.C
242	425	529	547	10	982	19	196	110	6	77
152	152	168	117	982	2	23	727	6	27	342
407	401	286	328	8	9	927	78	5	937	479
204	27	22	13	5	12	36	4	884	35	107
>BACH1.H14INVIVO.0.P.B
96	9	40	36	22	922	21	3	24	993	22	171
55	44	940	28	18	7	162	1	972	3	278	217
46	936	0	0	899	5	792	0	2	4	90	362
803	11	20	936	61	66	25	996	2	0	610	250
>BACH2.H14INVIVO.0.P.B
170	25	86	75	40	845	66	10	59	981	51
80	91	883	35	36	26	195	9	919	9	312
76	844	15	8	831	27	703	5	12	6	197
674	40	16	882	93	102	36	976	10	4	440
>BACH2.H14INVIVO.1.SM.B
4303	141	88	9920	1	2	0	9882	34	807	3354	2126	3619	2655
1804	334	29	39	5434	0	9996	17	236	2991	2585	1437	1012	2053
2099	127	9736	27	4559	1	0	95	109	5269	2796	873	1096	1699
1792	9396	145	12	4	9995	2	4	9619	931	1263	5562	4271	3591
>BARH1.H14INVIVO.0.SM.D
2059	1761	2216	1015	3	9920	9929	3514	171	1645	1729	1681
2680	3423	2619	4814	68	1	0	21	3923	305	3084	2874
2924	2806	3914	881	5	3	0	789	1307	7609	3330	2119
2266	1939	1180	3219	9853	5	0	5605	4528	370	1786	3255
>BARH1.H14INVIVO.1.S.D
1240	1759	636	5	7208	7323	3132	43	837	1466	762	1317	2255	2007	3667	4539	3320	1960
2952	2051	4317	17	0	0	7	3604	32	2231	2754	2862	2475	1008	430	313	628	1891
1856	2833	511	1	1	0	440	457	6388	2502	928	1773	674	378	158	163	735	1441
1275	680	1859	7300	114	0	3744	3219	66	1124	2879	1371	1919	3930	3068	2308	2640	2031
>BARH2.H14INVIVO.0.SM.D
2239	3701	1735	138	4558	5182	0	0	8890	2609	1281	2323
2029	1446	2970	7994	660	121	0	0	0	506	3009	1885
2617	2269	2216	63	3639	3	0	0	21	5048	2433	2936
2027	1496	1991	717	55	3606	8912	8912	1	749	2189	1768
>BARH2.H14INVIVO.1.S.D
1981	1470	1363	2536	3303	4391	4347	3926	1282	621	3742	787	16	4878	4777	1	80	7985	1947	1442
2305	3312	3989	1579	471	20	100	429	1025	1733	619	3337	7642	254	387	0	8	0	410	2384
1851	1618	1195	1258	92	38	186	1022	3126	4656	3117	1704	5	2896	2	0	1	34	5159	2121
1912	1649	1502	2676	4183	3600	3416	2672	2616	1039	571	2221	386	21	2883	8048	7960	30	533	2102
>BARH2.H14INVIVO.2.S.D
1807	3067	6415	1613	13	2248	2234	0	0	8430	1256	269	1490	1982
1785	1862	429	4009	8335	16	12	0	0	0	138	4563	1552	2233
2008	2367	1194	1397	2	6164	0	0	0	0	6405	1394	4294	2121
2830	1134	392	1411	80	2	6184	8430	8430	0	631	2204	1094	2094
>BARX1.H14INVIVO.0.P.C
20	19	29	129	132	5	5	15	2	4	19
34	58	5	0	0	2	2	24	22	2	7
38	27	2	2	0	23	73	84	0	3	13
40	28	96	1	0	102	52	9	108	123	93
>BARX1.H14INVIVO.1.S.B
1920	1634	967	3	8844	8853	1	2	3123	1398	1306	1742	4462	4354	2554	3645	3727	1899	1621
2338	1144	2862	160	4	0	67	1767	244	2774	2295	1534	1253	1001	559	857	617	1835	2205
2865	5432	1847	0	4	0	103	2821	5154	2955	830	1202	757	540	422	1009	2032	1667	1954
1730	643	3177	8690	1	0	8682	4263	332	1726	4422	4375	2381	2958	5318	3342	2477	3452	3073
>BARX2.H14INVIVO.0.SM.D
4763	5804	9505	9675	14	531	9609	1	1	9855	3206	1245	1796
775	219	53	131	3544	8906	4	3	12	0	2023	4102	2890
783	193	54	70	8	547	371	0	0	7	2898	2343	2950
3663	3768	372	108	6418	0	0	9980	9971	122	1857	2294	2348
>BATF.H14INVIVO.0.P.B
477	122	43	137	114	183	298	408	335	625	1	4	974	60	33	176	710	138	227
97	348	23	366	306	452	113	107	14	114	0	27	2	553	16	616	34	211	379
251	360	104	76	55	112	477	183	85	31	1	877	5	354	8	163	99	352	154
175	170	830	421	525	253	112	302	566	230	998	92	19	33	943	45	157	299	240
>BATF.H14INVIVO.1.P.B
273	435	10	1	980	47	42	80	914	198	418
95	242	8	11	9	953	6	827	11	140	201
224	191	7	894	4	0	4	85	12	304	93
408	132	975	94	7	0	948	8	63	358	288
>BATF2.H14INVIVO.0.PSG.A
7	7	379	72	6	21	490	31	116
8	11	105	0	5	476	5	141	193
26	462	1	428	9	2	0	121	45
459	20	15	0	480	1	5	207	146
>BATF3.H14INVIVO.0.P.B
425	171	67	175	196	231	296	429	367	626	4	7	954	56	86	153	796	165
100	294	71	396	331	326	117	57	18	120	2	15	7	507	19	704	40	204
239	316	151	138	71	136	429	239	126	48	1	881	12	412	9	123	44	368
236	219	711	291	402	307	158	275	489	206	993	97	27	25	886	20	120	263
>BATF3.H14INVIVO.1.P.B
296	306	366	333	500	8	10	979	1	58	124	914	218	405	281	202
279	168	157	78	224	5	18	6	924	5	775	14	102	234	214	344
181	283	191	219	144	5	815	5	0	5	85	8	223	62	106	156
244	243	286	370	132	982	157	10	75	932	16	64	457	299	399	298
>BATF3.H14INVIVO.2.SM.B
3177	1469	1297	6540	9	8	9522	5	398	393	1839	7500	1145	2624
1694	2062	864	757	1	1	0	7258	33	599	6072	425	2547	2729
2736	1826	6046	2082	131	9426	8	106	9051	321	1125	910	1972	2225
1923	4173	1323	151	9389	95	0	2161	48	8217	494	695	3866	1952
>BCL6.H14INVIVO.0.PSM.A
2233	913	850	116	383	269	4	0	18	7168	54	9	6900	6920	1359	1516
1537	2029	142	6848	103	376	2	7189	381	7	1	11	30	24	1552	1348
1740	791	5814	82	37	277	1	0	4399	7	7137	7149	173	40	182	1694
1688	3465	392	152	6675	6276	7191	9	2400	16	6	29	95	214	4105	2640
>BCL6B.H14INVIVO.0.PSM.A
214	186	134	128	56	8	6	44	960	192	50	775	827	350	220
163	107	683	197	175	9	900	340	13	3	28	74	41	133	190
197	475	65	17	39	9	6	84	15	741	820	92	26	81	220
424	230	116	656	728	972	86	530	10	62	100	57	104	434	368
>BHA09.H14INVIVO.0.P.B
487	213	5	983	1	218	12	2	7	17
53	467	990	6	4	466	8	4	61	332
181	320	4	8	995	315	7	991	323	301
279	0	1	3	0	1	973	3	609	350
>BHA15.H14INVIVO.0.P.B
292	582	450	1	991	2	95	17	1	6
300	153	156	996	0	2	895	3	1	92
310	210	386	0	2	774	4	2	988	732
95	52	5	0	4	219	3	975	7	167
>BHA15.H14INVIVO.1.SM.B
1500	3857	2711	0	6707	0	6052	76	344	673
1876	789	3648	6711	0	0	659	1356	624	2320
1955	1271	349	0	4	593	0	3	4947	2375
1380	794	3	0	0	6118	0	5276	796	1343
>BHE22.H14INVIVO.0.SM.D
2854	1774	464	8884	0	9811	112	0	16	620	2125
1618	4749	9062	20	48	17	11	0	1322	1258	2159
3557	2500	248	500	73	21	11	9847	4743	730	2665
1820	826	75	445	9728	0	9715	2	3768	7241	2900
>BHE23.H14INVIVO.0.SM.D
522	528	130	1614	0	1752	1	0	42	67	286
211	407	1555	0	0	0	152	0	269	257	415
766	710	40	136	0	0	0	1752	957	212	570
253	107	27	2	1752	0	1599	0	484	1216	481
>BHE40.H14INVIVO.0.PSM.A
151	1	6	992	1	16	50	0	503	64
155	7	994	3	986	2	66	2	232	353
467	688	0	3	2	983	55	917	49	391
228	305	1	3	12	0	830	82	217	193
>BHE40.H14INVIVO.1.S.C
388	385	176	1196	294	141	147	136	543	456	479	524	25	0	1866	0	0	0	0	1051	296	430
491	271	1276	298	1281	295	210	117	469	471	349	351	13	1865	0	1866	0	0	0	706	572	518
554	645	230	256	139	1326	305	1274	495	500	659	726	916	1	0	0	1866	0	1866	42	429	454
433	565	184	116	152	104	1204	339	359	439	379	265	912	0	0	0	0	1866	0	67	569	464
>BHE41.H14INVIVO.0.PSM.A
140	210	108	205	160	235	190	162	103	669	0	2	5	0	245	228	144	238	183
342	283	413	325	390	225	268	21	881	88	979	7	0	2	737	331	362	325	306
367	329	328	328	340	389	486	379	6	160	4	982	0	981	4	321	409	331	401
142	169	142	133	101	142	47	429	1	74	8	0	986	8	5	111	76	97	101
>BMAL1.H14INVIVO.0.PSM.A
264	160	335	62	911	4	7	20	0	426
157	186	480	918	8	766	7	15	0	427
386	452	170	4	40	14	973	5	985	22
182	191	4	5	30	205	2	949	4	114
>BSH.H14INVIVO.0.SM.D
2866	1608	238	4133	8748	0	0	8878	4012	430	1231	2164
2132	3281	4625	2678	0	0	0	0	1751	4911	2042	2369
2465	2847	123	2063	130	0	0	0	2396	1969	3433	2173
1415	1142	3892	4	0	8878	8878	0	719	1568	2172	2172
>CASZ1.H14INVIVO.0.SGI.D
1368	1729	1258	536	172	23	384	768	125	436	1291	3112	4336	4502	3946	2558	1884	1127	1020	1142	1780	2210	2260	1588	1121	927
1669	662	164	5	46	111	254	1071	667	1297	2240	775	253	107	142	791	1843	1817	1707	1932	1336	560	225	263	514	1419
2777	3508	563	19	10	0	4165	4922	5767	3794	2124	2327	1163	258	160	469	1815	2454	3277	2636	2474	1799	509	297	338	1317
1537	1452	5366	6791	7123	7217	2548	590	792	1824	1696	1137	1599	2484	3103	3533	1809	1953	1347	1641	1761	2782	4357	5203	5378	3688
>CDX1.H14INVIVO.0.M.D
2652	2081	903	51	355	9738	0	126	7504	236	2161
2281	1866	144	54	23	3	5588	12	120	6218	2673
2788	2696	276	31	90	11	1	8272	1929	1103	2998
2031	3109	8429	9616	9284	0	4163	1342	199	2195	1920
>CDX1.H14INVIVO.1.S.D
2034	1530	259	4	764	7806	0	61	3247	314	1313	1175	1463
1801	1408	82	9	0	0	154	10	10	4856	2555	2577	2011
2520	2554	365	0	10	0	2	3889	4547	1494	2294	2389	1957
1451	2314	7100	7793	7032	0	7650	3846	2	1142	1644	1665	2375
>CDX2.H14INVIVO.0.PS.A
191	117	8	11	35	998	3	41	430	18	158	98	134
173	145	6	5	19	1	46	4	3	809	472	335	247
382	173	10	1	17	1	0	524	562	58	45	180	148
254	565	976	983	929	0	951	431	5	115	325	387	471
>CDX2.H14INVIVO.1.M.C
308	223	0	18	1263	0	0	1012	80	291
327	37	0	0	0	1077	0	85	434	375
427	125	0	0	0	0	1252	89	233	367
201	878	1263	1245	0	186	11	77	516	230
>CDX4.H14INVIVO.0.S.D
626	419	115	1	0	0	2227	0	1	1122	24	441	269	318
588	438	129	0	0	0	0	0	0	2	1924	1034	980	725
550	1080	431	1	0	0	0	0	1625	1102	74	388	538	473
463	290	1552	2225	2227	2227	0	2227	601	1	205	364	440	711
>CDX4.H14INVIVO.1.M.D
1400	1339	33	0	0	6856	0	9	6543	26	1081	599	901
2078	584	11	0	0	0	5427	4	15	5332	3074	3202	2267
2401	1359	14	0	0	0	2	6511	291	322	2199	1335	1989
977	3574	6798	6856	6856	0	1427	332	7	1176	502	1720	1699
>CEBPA.H14INVIVO.0.P.B
246	404	2	1	298	79	0	64	953	956	4	364
71	110	1	1	4	391	1	851	4	0	268	301
304	424	1	227	507	52	949	1	0	0	98	157
336	19	953	728	148	435	7	41	0	1	587	135
>CEBPB.H14INVIVO.0.P.B
197	421	7	3	269	135	2	80	974	969	21	329
125	159	3	7	3	347	4	865	10	5	239	339
326	399	6	234	524	71	983	5	3	11	155	184
344	13	976	748	196	439	3	42	5	7	577	140
>CEBPB.H14INVIVO.1.SM.B
2173	4249	59	31	4310	6	4	16	9723	9723	3	3291	2201
3464	2284	51	31	4	9451	7	9236	1	0	4728	3555	3148
2026	2701	30	526	4970	2	9712	0	0	0	475	1843	2228
2061	490	9584	9136	440	265	1	472	0	1	4518	1035	2147
>CEBPD.H14INVIVO.0.P.B
214	631	11	10	90	13	524	171	681	987	37
144	137	13	6	17	1024	123	469	337	34	379
348	246	9	29	826	7	239	21	14	15	121
344	36	1017	1005	117	6	164	389	18	14	513
>CEBPD.H14INVIVO.1.SM.B
2388	1703	4817	13	31	750	31	427	1908	7952	9256	529	2431
2114	1190	633	29	10	11	9653	22	3110	1492	110	2513	2364
2997	3423	4338	37	26	9027	79	9292	150	173	216	1826	2227
2329	3512	40	9749	9761	40	65	87	4660	211	246	4960	2806
>CEBPE.H14INVIVO.0.P.B
225	313	5	2	265	186	0	162	974	994	29
126	230	10	1	23	105	3	792	26	1	354
335	427	2	478	453	273	994	3	0	5	240
314	30	983	519	259	436	3	43	0	0	377
>CEBPE.H14INVIVO.1.SM.B
2225	3486	260	212	3965	16	0	1	9000	9000	12	3086	1954
2976	1658	300	190	38	8380	0	8791	0	0	3282	3328	2793
1878	3373	122	1031	4128	25	8999	0	0	0	365	1685	2076
1921	483	8318	7567	869	579	1	208	0	0	5341	901	2177
>CEBPG.H14INVIVO.0.P.B
95	680	0	0	20	0	500	52	552	991	4	320
149	65	0	1	0	990	23	383	439	0	329	326
323	238	0	0	933	0	421	1	0	0	85	62
424	8	991	990	38	1	47	555	0	0	573	283
>CEBPG.H14INVIVO.1.SM.B
1143	4304	0	0	921	16	1205	1485	4512	6066	1273
2858	1002	0	0	0	8926	436	2025	2280	729	2830
2696	3631	0	0	8034	13	7144	221	940	1281	2318
2259	19	8956	8956	1	1	171	5225	1224	880	2535
>CEBPG.H14INVIVO.2.P.B
84	535	0	0	24	0	672	13	66	736	3	146
87	39	0	0	0	739	4	47	672	0	158	321
280	163	0	1	636	0	56	2	1	2	74	71
288	2	739	738	79	0	7	677	0	1	504	201
>CENPB.H14INVIVO.0.S.D
2337	2835	3325	207	68	3	9	5	3594	149	2353	1682	3154	5069	260	501	5283	6391
1593	976	750	7415	7743	7942	99	6549	361	228	2731	2723	831	366	7600	62	680	548
1461	1029	360	1	3	2	7815	637	1419	4	1499	2197	699	2100	23	7378	493	450
2564	3115	3520	332	141	8	32	764	2581	7574	1372	1353	3271	420	72	14	1499	566
>CGBP1.H14INVIVO.0.PSGIB.A
222	0	0	29	0	225	7	231	253	278	194
122	707	725	0	725	366	17	176	171	93	205
281	0	0	696	0	117	606	124	172	198	170
100	18	0	0	0	17	95	194	129	156	156
>CLOCK.H14INVIVO.0.M.C
3004	6352	239	5794	1	8836	0	1	53	1262	2353
1857	1128	9236	4	9518	0	40	1	1464	2094	2377
2536	1884	29	3716	0	695	0	9525	431	1654	1637
2134	167	27	17	12	0	9491	4	7583	4521	3164
>CLOCK.H14INVIVO.1.PS.A
192	264	228	124	7	971	1	188	34	2	6	214	221
351	227	256	10	985	5	973	27	54	0	171	481	336
278	326	388	403	4	8	12	777	24	923	547	165	189
177	181	126	461	2	14	12	6	886	73	274	138	252
>CMTA1.H14INVIVO.0.PSGI.A
71	75	43	21	17	8	1	493	24	33	53	78
245	141	54	399	374	4	495	0	3	174	128	267
100	82	303	68	9	479	1	0	416	9	279	93
82	200	98	10	98	7	1	5	55	282	38	60
>CMTA2.H14INVIVO.0.PSGI.A
108	25	3	0	0	386	285	0	0	4	197	18	75	119	73
47	302	132	0	384	0	0	0	0	375	7	60	141	39	67
178	52	1	386	2	0	101	0	386	6	179	289	37	174	177
53	7	250	0	0	0	0	386	0	1	3	19	133	54	69
>COE1.H14INVIVO.0.P.B
366	96	11	0	4	1	40	470	6	153	0	789	211	170
84	232	117	987	896	979	651	29	0	0	3	26	433	288
292	358	15	1	0	1	19	5	980	834	984	167	237	114
246	302	845	0	88	7	278	484	2	1	1	6	107	416
>COE2.H14INVIVO.0.P.B
421	400	139	9	3	0	2	280	436	102	375	0	492	233
151	81	171	36	994	989	998	366	54	4	1	6	59	402
208	285	338	12	1	0	0	16	306	870	600	989	363	282
220	234	352	943	2	11	0	338	204	24	24	5	86	83
>COE3.H14INVIVO.0.P.B
401	132	40	2	15	28	242	661	29	230	2	712	248
119	243	197	995	800	932	675	15	8	1	10	52	386
234	296	46	3	1	0	25	13	956	737	987	205	246
246	329	717	0	184	40	58	311	7	32	1	31	120
>COT1.H14INVIVO.0.PSM.A
155	535	420	726	8	6	7	2	931	281	335	226
498	194	71	1	4	3	50	931	10	267	147	163
190	115	467	265	983	980	52	51	51	367	393	490
157	156	42	8	5	11	891	16	8	85	125	121
>COT1.H14INVIVO.1.PSM.A
239	343	246	206	108	144	643	417	695	15	15	6	9	967	243	354	194
192	130	142	126	228	516	120	53	1	0	2	65	921	4	190	181	146
430	416	488	517	343	200	117	506	304	970	973	152	33	17	477	351	509
139	111	124	151	321	140	120	24	0	15	10	777	37	12	90	114	151
>COT2.H14INVIVO.0.P.B
337	371	159	167	107	162	694	459	720	23	13	7	10	953
126	64	99	156	280	562	98	38	4	3	4	56	879	10
403	467	619	571	219	114	89	465	269	958	959	120	50	17
134	98	123	106	394	162	119	38	7	16	24	817	61	20
>COT2.H14INVIVO.1.P.B
74	290	244	369	10	8	5	5	550	204	210	97
246	99	54	4	2	2	18	521	2	113	82	83
132	123	272	208	563	551	32	23	30	219	236	313
130	70	12	1	7	21	527	33	0	46	54	89
>CPEB1.H14INVIVO.0.S.D
1171	42	122	0	0	8085	718	1846
2007	313	125	1	3	0	1277	1907
1973	245	0	0	0	0	835	1749
2934	7485	7838	8084	8082	0	5255	2583
>CPEB1.H14INVIVO.1.S.D
380	271	154	1	17	7	1	2171	8	349	635	206	377	285	295	455	512	514
425	457	597	9	6	2	1	0	87	719	416	403	369	294	272	264	330	356
827	826	594	5	4	1	0	0	21	143	221	184	180	118	123	185	212	329
555	633	842	2172	2160	2177	2185	16	2071	976	915	1394	1261	1490	1497	1283	1133	988
>CR3L1.H14INVIVO.0.PSM.A
2279	1697	2190	2941	981	8989	2	0	2	5	14	429	5390	1829
1834	1244	1660	3133	4000	13	9262	0	0	1	77	8529	965	2436
2208	4376	3264	825	1904	161	6	9281	0	9277	8817	116	1680	1829
2962	1966	2169	2384	2398	120	13	2	9281	0	375	209	1248	3189
>CR3L2.H14INVIVO.0.PS.A
114	141	158	109	826	214	41	15	21	83	154
168	468	245	129	41	705	14	78	21	10	789
624	314	338	693	142	56	960	5	970	802	33
120	103	285	95	17	51	11	928	14	131	50
>CR3L3.H14INVIVO.0.PSGIB.A
45	14	92	39	10	424	0	4	1	0	18	80	267	43
62	22	45	134	165	0	419	0	1	15	0	335	47	105
119	280	247	10	250	1	0	421	3	407	383	6	70	209
200	110	42	243	1	1	7	1	421	4	25	5	42	69
>CR3L4.H14INVIVO.0.M.D
265	876	67	28	2462	0	5	0	5	201	493	1059	554
376	251	291	342	0	2395	0	10	161	14	1826	324	577
1518	1245	71	2073	38	24	2494	0	2323	2127	35	888	807
341	128	2071	57	0	81	1	2490	11	158	146	229	562
>CR3L4.H14INVIVO.1.S.D
2488	2141	817	9385	1	0	1	13	196	1919	3802
2009	2782	4273	8	9702	0	0	5	99	6643	1808
3578	1110	3345	298	4	9711	0	9681	8539	413	2590
1636	3678	1276	20	4	0	9710	12	877	736	1511
>CREB1.H14INVIVO.0.PSM.A
229	281	330	21	9	879	15	22	73	305	474
284	142	92	65	6	10	867	13	339	403	155
180	357	505	13	897	29	22	891	39	162	200
254	167	20	848	35	29	43	21	496	77	118
>CREB3.H14INVIVO.0.SM.D
80	106	57	188	0	0	410	0	0	0	2	143	68	134
76	31	68	14	5	5	0	410	0	1	131	0	266	85
152	95	250	207	1	404	0	0	410	0	277	246	16	123
102	178	35	1	404	1	0	0	0	409	0	21	60	68
>CREB5.H14INVIVO.0.P.B
346	662	39	3	914	76	14	21	297	970	30
159	115	6	11	29	38	117	104	667	13	117
319	181	11	806	26	263	824	27	11	2	119
176	42	944	180	31	623	45	848	25	15	734
>CREB5.H14INVIVO.1.SM.B
1398	2094	6896	0	0	9462	4	431	45	3310	7687	589
2555	1382	29	36	0	0	6643	31	76	5988	329	2636
2585	4843	2526	1	9013	1	263	9009	6	118	1132	1384
2933	1152	20	9434	458	8	2561	0	9344	55	323	4862
>CREM.H14INVIVO.0.PSM.A
297	318	390	7	18	973	12	30	69	319	595
289	133	44	15	5	5	930	12	289	502	139
145	383	560	11	960	16	22	946	31	118	152
269	166	6	967	17	6	36	12	611	61	114
>CREM.H14INVIVO.1.P.C
44	95	98	117	132	133	123	554	417	371	39	30	550	443	61	57	133	460
389	171	576	241	179	113	151	185	93	107	27	12	48	395	76	121	539	229
127	400	184	172	531	613	663	118	282	265	43	911	79	41	790	14	48	33
442	336	144	472	160	143	65	145	210	259	893	49	325	123	75	810	282	280
>CRX.H14INVIVO.0.PSM.A
256	525	605	160	425	264	10	732	0	20	874	315	239
161	152	57	90	193	13	9	263	0	34	2	90	301
140	246	232	576	310	698	972	3	0	7	28	464	345
444	78	107	175	73	26	10	3	1001	940	97	132	116
>CTCF.H14INVIVO.0.P.B
128	163	277	62	6	766	28	194	913	1	388	26	5	20	55	244	59	85	410	122
304	161	49	873	967	18	643	365	24	2	1	16	2	12	890	6	668	353	233	189
79	453	513	25	4	125	299	36	32	976	590	551	973	910	1	716	217	68	296	330
470	204	142	21	4	72	11	386	12	2	2	388	1	39	35	15	37	475	42	340
>CTCFL.H14INVIVO.0.P.B
58	20	422	84	121	806	6	240	53	8	19	60	174	48	136	270
788	897	74	525	466	40	5	7	28	1	27	852	35	635	407	259
74	15	326	308	74	59	929	689	705	923	869	10	699	184	99	316
20	8	118	23	279	35	0	4	154	8	25	18	32	73	298	95
>CUX1.H14INVIVO.0.PM.A
116	69	709	3	11	1	713	24	104	345	153	106	136
147	107	2	4	99	2	5	31	317	128	158	153	139
153	122	7	2	10	723	6	7	24	81	202	152	220
317	435	15	724	613	7	9	671	288	179	220	322	238
>CUX1.H14INVIVO.1.S.B
2196	1023	784	8022	0	0	0	8038	0	605	6094	1798	1106	2004
1759	1810	616	0	0	6744	0	0	0	3179	649	2296	2638	1790
2157	2396	1512	0	0	0	8038	0	1	2	861	2672	1983	1890
1926	2809	5126	16	8038	1294	0	0	8037	4252	434	1272	2311	2354
>CUX1.H14INVIVO.2.P.C
716	169	864	49	56	49	784	31	108	144	446	35	198	153	289	85	73	196	61
17	116	58	11	25	80	78	37	81	278	75	562	51	413	58	30	55	182	213
45	575	47	96	653	837	44	573	125	232	374	120	34	254	67	464	762	72	102
222	140	31	844	266	34	94	359	686	346	105	283	717	180	586	421	110	550	624
>CUX2.H14INVIVO.0.P.C
124	69	927	14	12	4	934	26	21	201
177	205	13	6	62	1	9	45	237	92
142	209	10	50	20	948	8	8	17	251
519	479	12	892	868	9	11	883	687	418
>CUX2.H14INVIVO.1.SM.B
1538	523	6148	0	0	0	6676	0	569	4470	1374
1169	876	48	0	5642	0	0	14	2460	1027	1748
1533	861	50	1	0	6676	0	14	75	491	1618
2436	4416	430	6675	1034	0	0	6648	3572	688	1936
>CUX2.H14INVIVO.2.S.C
1527	3581	6128	2	2	0	8253	0	10	6324	591	1194	2301
2428	595	334	1197	3686	0	0	1	7004	1	1102	2277	1273
1206	2251	1443	1277	2	8253	0	0	0	1925	6257	1755	1876
3092	1826	348	5777	4563	0	0	8252	1239	3	303	3027	2803
>CXXC4.H14INVIVO.0.PSGIB.A
68	149	36	99	119	142	72	114	27	19	36	11	14	101	27	81	21	33	47	89	87
33	176	47	63	172	27	13	175	32	4	458	14	10	167	13	234	266	68	54	244	46
375	117	393	259	158	306	401	194	403	468	2	458	447	194	449	149	128	248	376	141	345
23	57	23	78	50	24	13	16	37	8	3	16	28	37	10	35	84	150	22	25	21
>DACH1.H14INVIVO.0.S.D
4674	518	9375	5234	1609	1349	156	66	604	8650	102	5605	8700	963	860	4354	1952
1270	7767	10	189	181	4630	22	15	8835	597	157	549	186	982	637	2641	4130
1969	854	52	1874	8	448	9278	703	5	121	46	777	333	648	3129	1543	1544
1545	319	21	2161	7660	3031	2	8674	14	90	9153	2527	239	6865	4832	920	1832
>DACH2.H14INVIVO.0.S.D
289	453	23	20	509	0	210	785	272	1	33	141
227	95	68	19	231	743	129	0	22	3	82	260
130	143	222	465	46	62	394	1	0	10	677	168
162	117	495	304	22	3	75	22	514	794	16	239
>DBP.H14INVIVO.0.SM.D
2421	1628	1507	9	5	9703	0	1517	1	9686	9836	75	1348	2912
2616	2816	1043	1	2	1	7473	6	283	160	4	2378	4423	2077
2609	1492	7263	0	9	152	0	8333	1	4	9	1631	2987	2979
2210	3920	43	9846	9840	0	2383	0	9571	6	7	5772	1098	1888
>DDIT3.H14INVIVO.0.P.B
307	158	165	441	69	0	145	902	924	23	290
285	116	138	187	44	1	735	26	2	189	348
219	107	442	174	39	930	0	2	5	94	150
121	551	187	130	780	1	52	2	1	626	144
>DLX1.H14INVIVO.0.S.B
1493	846	0	6970	6970	0	0	5875	401	927	834	2074	2957	3355	3044	2765	2610
1323	1626	527	0	0	0	0	0	3572	2417	2456	1899	1339	800	494	359	737
2528	3414	0	0	0	0	0	1095	2646	1648	1967	1217	709	436	217	355	657
1626	1084	6443	0	0	6970	6970	0	351	1978	1713	1780	1965	2379	3215	3491	2966
>DLX1.H14INVIVO.1.PSM.A
1848	1861	1285	896	0	7008	7008	0	0	5529	47	1200	760	1657
1781	2811	2441	3863	0	0	0	0	0	0	6176	2616	3195	2077
1689	1177	2806	1037	0	0	0	0	0	1479	776	1717	1390	1253
1690	1159	476	1212	7008	0	0	7008	7008	0	9	1475	1663	2021
>DLX2.H14INVIVO.0.PSM.A
56	913	990	5	7	640	13	477	117
20	18	2	6	51	6	735	184	180
8	62	2	6	72	344	248	19	496
915	6	5	982	869	9	3	319	206
>DLX2.H14INVIVO.1.S.B
2799	3111	2870	1134	2	9924	9958	0	0	7807	1843	1416	1535	3090	4677	5150	4448	4068	3587	3055
1966	1945	1720	3337	2103	25	0	0	5	3	3709	3295	3003	2432	1476	844	354	165	646	1328
2933	3248	4188	3454	0	9	0	0	21	2147	3054	2429	2329	1398	840	456	242	357	853	1491
2260	1654	1180	2033	7853	0	0	9958	9932	1	1352	2818	3091	3038	2965	3508	4914	5368	4872	4084
>DLX3.H14INVIVO.0.SM.D
1497	804	1750	0	5872	5872	0	0	5078	0	1023	428	1207
2184	1732	2316	0	0	0	0	0	0	5309	1917	2586	1749
1106	3208	978	0	0	0	0	0	794	563	2066	1505	1128
1085	128	828	5872	0	0	5872	5872	0	0	866	1353	1788
>DLX3.H14INVIVO.1.S.D
326	325	387	326	188	183	279	254	35	0	736	737	0	0	636	78	120	177
109	94	22	35	104	148	220	252	367	188	1	0	0	0	0	449	360	284
70	28	21	47	73	125	170	145	241	0	0	0	0	1	101	182	112	137
232	290	307	329	372	281	68	86	94	549	0	0	737	736	0	28	145	139
>DLX4.H14INVIVO.0.SM.D
2694	2054	1648	0	9778	9779	0	0	5174	885	1976	1520	2425
2713	2646	3671	55	0	0	0	24	1	5515	2714	3436	2415
2168	4276	1677	1	1	0	1	26	4596	3011	2588	2632	2183
2204	803	2783	9723	0	0	9778	9729	8	368	2501	2191	2756
>DLX4.H14INVIVO.1.S.D
135	180	199	139	65	57	137	100	23	0	341	341	0	0	249	54	90	100
45	38	5	6	9	41	47	70	94	13	0	0	0	0	0	129	93	80
32	5	5	19	72	91	110	129	160	0	0	0	0	0	92	117	100	103
129	118	132	177	195	152	47	42	64	328	0	0	341	341	0	41	58	58
>DLX5.H14INVIVO.0.PSM.A
78	292	92	934	967	8	8	654	141	530	139	124
313	357	75	26	14	9	18	12	627	69	105	314
443	114	11	30	8	14	107	312	111	31	537	256
165	236	821	9	10	968	866	21	120	369	218	305
>DLX6.H14INVIVO.0.SM.D
2326	2214	1791	1345	2	9618	9618	0	0	4946	861	1730	1879
2500	3600	3067	3551	44	0	0	0	21	4	4962	2461	2904
2773	2290	4113	2367	0	0	0	0	45	4590	2641	3239	2652
2019	1514	647	2355	9572	0	0	9618	9552	78	1154	2188	2183
>DMBX1.H14INVIVO.0.SM.D
1943	1217	328	6721	0	10	7633	3187	1342
2495	1971	1461	1428	1	463	511	1678	2872
2418	3784	6474	268	0	0	60	2504	2407
1562	1446	155	1	8417	7945	214	1049	1797
>DMRT1.H14INVIVO.0.PS.A
247	89	156	5	170	247	770	5	581	220	74	11	13	324	119	46
145	207	8	8	385	78	1	761	15	90	5	16	19	95	73	644
167	78	183	781	4	23	21	15	4	83	16	741	13	112	278	48
244	429	456	9	244	455	11	22	203	410	708	35	758	272	333	65
>DMRT1.H14INVIVO.1.M.C
150	264	223	22	4	164	264	716	0	568	211	55	163
268	210	82	475	56	379	3	2	718	34	66	159	162
118	72	48	64	657	2	2	0	0	106	3	62	238
182	172	365	157	1	173	449	0	0	10	438	442	155
>DMRT3.H14INVIVO.0.S.D
3206	4660	7955	8009	293	4	4	9875	2395	11	8221	8336	2043	1281	860	1873
2346	2280	416	134	11	2	1	1	3	9936	470	196	337	787	1553	2306
2449	1701	918	195	15	9958	2	4	378	11	962	237	233	542	1169	2618
1963	1323	675	1626	9645	0	9957	84	7188	6	311	1195	7351	7354	6382	3167
>DMRTA.H14INVIVO.0.SM.D
3595	3429	7994	5807	611	1	1	7920	5899	10	7697	6751	2028	1822	1174	1920
2252	3230	522	1769	39	0	0	1	3	9615	408	533	1233	1181	1946	2447
1638	1191	600	209	2	9635	0	9	1382	8	1119	951	656	1248	1788	2708
2152	1787	521	1852	8985	1	9636	1707	2353	4	413	1402	5720	5386	4729	2562
>DMRTD.H14INVIVO.0.SM.D
2123	3711	4098	4542	1336	120	0	4883	117	7328	1	7002	1199	1155
1990	1349	939	602	398	1215	7	1740	94	1	7328	46	954	1608
1608	1270	978	701	356	369	7318	1	30	0	0	95	688	1247
1608	999	1314	1484	5239	5625	4	705	7088	0	0	186	4488	3319
>DMTA2.H14INVIVO.0.SM.D
2509	4257	2488	7384	4708	594	0	0	7349	4293	18	5065	4718	1852	2016	1617
1658	1831	4129	653	1822	8	0	0	20	8	9131	972	978	1762	1623	2204
2870	1436	1036	677	300	9	9246	0	18	1786	56	2163	1291	1108	1423	2042
2209	1722	1593	532	2416	8635	0	9246	1859	3159	41	1046	2259	4524	4184	3383
>DMTF1.H14INVIVO.0.PSGIB.A
376	466	282	127	418	0	5	34	0	0	990	0	11	148
216	61	28	58	188	993	994	963	1	0	7	1	15	189
232	399	442	439	238	5	1	0	999	952	3	1	947	150
176	74	248	376	156	2	0	3	0	48	0	998	27	513
>DPF1.H14INVIVO.0.SM.D
2076	2327	1117	1415	4952	11	195	0	9921	7	9185	30	4917	2897
2698	1276	1137	7305	2751	9917	9421	0	31	34	33	863	2562	2050
2476	3899	3967	301	2182	9	304	0	2	0	734	7103	2076	2193
2704	2452	3733	933	69	17	34	9954	0	9913	2	1958	399	2814
>DPRX.H14INVIVO.0.SM.D
2564	1639	2	0	8868	0	0	8868	2879	559	1706	1917
2097	3421	0	0	0	0	0	0	464	4939	3329	2458
2602	2458	8866	8868	0	0	0	0	2761	1729	2081	2433
1605	1350	0	0	0	8868	8868	0	2764	1641	1752	2060
>DRGX.H14INVIVO.0.S.D
1624	1476	1189	603	8453	9206	109	1	2859	6162	8782	1	27	8742	2652	1533	1369	1453	1697	1885
2817	2654	2941	451	22	4	506	3048	1316	256	24	8	268	15	1607	2829	2105	2793	2584	2458
3027	3639	2808	96	632	13	105	434	1229	2806	389	2	7	246	4495	2045	2968	3275	3094	2900
1759	1458	2289	8077	120	4	8507	5744	3823	3	32	9216	8925	224	473	2820	2785	1706	1852	1984
>DRGX.H14INVIVO.1.SM.D
1925	949	2940	4945	1423	220	301	5857	7101	0	0	7079	2177	392	1516
1475	1052	940	877	2072	2651	2252	231	0	0	1	0	1230	3522	2036
1657	828	1757	927	1200	1736	219	1011	0	0	0	22	3310	1539	2068
2044	4272	1464	352	2406	2494	4329	2	0	7101	7100	0	384	1648	1481
>DUX4.H14INVIVO.0.P.B
29	13	1021	2	3	707	304	374	2	0	860	351
1	0	1	1	4	57	104	23	2	14	18	112
2	1008	1	3	11	256	611	530	0	2	24	111
991	2	0	1017	1005	3	4	96	1019	1007	121	449
>DUXA.H14INVIVO.0.SM.D
1544	286	233	9624	0	4	8748	5860	4234	8	7	7126	3772	1762
2962	386	0	0	1	31	41	498	945	5	3007	395	1914	2819
2346	39	9391	0	1	18	831	3259	4059	11	7	1281	2849	2911
2772	8913	0	0	9622	9571	4	7	386	9600	6603	822	1089	2132
>E2F1.H14INVIVO.0.P.B
226	306	206	85	17	24	11	12	36	882	721	444	336
238	195	102	224	19	974	20	163	83	48	41	188	205
403	249	441	688	968	1	941	829	876	63	216	232	243
139	256	257	9	2	7	34	2	11	13	28	142	222
>E2F1.H14INVIVO.1.S.B
510	483	458	600	305	31	4	44	0	7	25	536	601	546	464	387
398	241	172	58	3	404	0	2041	0	2026	561	824	131	231	204	387
786	679	733	452	691	1660	2102	0	2108	74	1450	199	753	577	665	676
415	706	746	999	1110	14	3	24	1	2	73	550	624	755	776	659
>E2F2.H14INVIVO.0.S.D
1910	2494	3171	3109	2816	138	0	0	1	0	0	54	2762	2315	2020	1506
2357	1375	746	760	180	6	7	0	8169	0	8168	3538	3891	877	3457	1508
2325	3091	1274	1210	1043	189	8163	8170	0	8170	2	4468	43	2765	915	3404
1578	1210	2979	3091	4131	7837	0	0	0	0	0	110	1474	2213	1778	1752
>E2F3.H14INVIVO.0.P.B
193	59	12	41	38	42	79	882	613
93	221	13	925	8	63	35	63	35
411	700	954	6	919	873	865	31	286
289	6	7	14	21	8	7	10	52
>E2F3.H14INVIVO.1.SM.B
131	139	54	0	0	0	0	0	0	238	220	232	224	97	78
25	4	0	80	0	276	0	276	240	25	0	5	6	57	59
19	14	71	196	276	0	276	0	36	1	3	11	7	32	58
101	119	151	0	0	0	0	0	0	12	53	28	39	90	81
>E2F4.H14INVIVO.0.P.B
107	3	45	13	6	54	603	484	388	178	113	67	329	559	556
297	81	934	15	321	158	173	142	109	102	145	311	116	94	109
574	909	8	936	662	737	146	229	215	118	97	204	407	255	185
21	6	12	35	10	50	77	144	287	601	644	417	147	91	149
>E2F4.H14INVIVO.1.P.B
166	298	228	69	7	20	9	7	9	890	741	456	277
237	178	98	243	27	973	7	185	64	67	33	192	225
428	292	349	684	962	3	970	805	910	35	190	222	235
169	232	325	4	4	4	14	3	17	8	36	130	263
>E2F4.H14INVIVO.2.S.B
2689	2857	3036	3844	3111	45	6	1	2	1	3	5	4226	1688	2324	2158
2271	1736	1088	548	222	0	1	0	9626	0	9566	5320	3345	2092	1747	2120
2524	2898	1788	818	2225	44	9621	9627	0	9627	56	3831	507	1269	1422	2378
2144	2137	3716	4418	4070	9539	0	0	0	0	3	472	1550	4579	4135	2972
>E2F6.H14INVIVO.0.P.B
311	279	159	2	95	21	1	8	961	719	395
180	65	174	6	852	6	9	34	18	45	200
295	388	661	989	22	964	984	943	9	222	296
212	266	4	1	29	7	4	13	10	12	107
>E2F7.H14INVIVO.0.S.C
3071	3349	1228	365	63	5	0	0	0	0	3	9210	8659	6478	2642	1803
925	223	190	128	7	281	9	9238	0	52	27	1	20	676	1281	1629
2889	558	459	110	30	8951	9229	0	9238	9186	9208	14	501	507	1600	2131
2353	5108	7361	8635	9138	1	0	0	0	0	0	13	58	1577	3715	3675
>E2F7.H14INVIVO.1.P.B
113	71	18	10	53	29	6	8	611	527	391	254
136	48	141	24	590	8	69	33	8	13	91	128
202	173	494	625	7	593	580	622	33	115	144	165
217	376	15	9	18	38	13	5	16	13	42	121
>E2F8.H14INVIVO.0.P.C
45	9	2	17	2	3	12	274	227	187	99
26	73	8	251	3	17	16	1	7	36	64
58	195	264	3	252	259	251	3	42	32	53
152	4	7	10	24	2	2	3	5	26	65
>E2F8.H14INVIVO.1.SM.B
3503	1497	846	2594	8	0	1	3	9325	8710	6791	3244	2164
998	643	628	119	9409	0	24	2	0	41	601	1465	1944
1141	1656	5285	6529	0	9422	9397	9416	90	557	500	1228	2009
3780	5626	2663	180	5	0	0	1	7	114	1530	3485	3305
>E4F1.H14INVIVO.0.P.B
367	461	172	90	177	20	11	975	981	502	151	156	365
271	91	190	655	759	5	43	5	3	4	107	339	136
261	200	600	154	12	953	644	20	8	486	372	413	417
101	248	38	101	52	22	302	0	8	8	370	92	82
>EGR1.H14INVIVO.0.PS.A
2675	2390	629	307	127	7	0	66	1	12	262	110	293	3295	2827	2740
2019	1557	1566	38	8955	0	1	0	6	0	7850	34	134	827	1419	1653
1964	2672	564	8874	65	9263	1482	9208	9262	9248	82	9049	3615	3024	2734	2636
2616	2655	6515	55	127	4	7791	0	5	14	1080	81	5232	2128	2294	2245
>EGR2.H14INVIVO.0.PSM.A
2314	1352	826	473	66	41	851	23	82	536	265	546	2224	1958
1266	1484	179	7459	67	5	1	12	56	7019	200	353	1290	1713
2831	1527	7441	219	8472	322	7844	8640	8479	166	7959	2764	2381	2287
2293	4341	258	553	99	8336	8	29	87	983	280	5041	2809	2746
>EGR3.H14INVIVO.0.PSM.A
156	100	282	23	59	224	1	8	372	96	58	273	178
182	181	236	28	45	10	2	10	312	9	62	195	120
360	602	100	891	419	712	928	928	1	786	675	351	482
255	70	335	11	430	7	22	7	268	62	158	134	173
>EGR4.H14INVIVO.0.S.D
560	413	617	294	4	34	154	206	1369	1056
306	128	0	389	0	3727	0	11	203	545
2679	815	3338	3304	3983	0	3833	959	1294	1090
442	2631	32	0	0	226	0	2811	1121	1296
>EHF.H14INVIVO.0.P.B
237	457	845	123	197	790	0	0	1005	1000	227	28	302	236	158
222	161	7	488	519	204	1	0	1	0	12	166	106	225	359
405	171	11	190	290	13	1006	1007	1	0	768	42	394	439	384
143	218	144	206	1	0	0	0	0	7	0	771	205	107	106
>ELF1.H14INVIVO.0.PSM.A
426	550	185	61	162	1	0	990	990	67	102	173	200
152	89	427	689	827	0	1	0	0	51	251	154	299
294	152	252	239	6	995	995	2	2	877	34	577	410
124	205	132	7	1	0	0	4	4	1	609	92	87
>ELF2.H14INVIVO.0.PS.A
40	126	1	4	994	994	45	118	152
680	857	3	1	2	1	7	227	138
265	9	992	995	2	1	946	38	635
15	8	4	0	2	4	2	617	75
>ELF2.H14INVIVO.1.M.B
3664	4907	3464	763	5423	0	0	9397	9395	134	159	4430	2945
1318	640	2051	6852	3946	1	0	0	1	5	923	736	2622
2421	1208	1571	1451	24	9396	9397	0	0	9258	269	3386	2205
1994	2642	2311	331	4	0	0	0	1	0	8046	845	1625
>ELF3.H14INVIVO.0.S.B
2933	6645	1307	1302	1095	1	1	9923	9883	1244	159	5023	3452
2164	451	5215	6079	8742	2	0	0	0	34	1038	650	2675
1820	564	1439	2503	72	9916	9923	0	1	8640	260	3092	2178
3007	2264	1963	40	15	5	0	1	40	6	8467	1159	1619
>ELF3.H14INVIVO.1.PM.A
784	149	214	649	7	2	998	998	216	51	273	243	265
21	366	439	327	4	5	2	0	16	251	124	224	320
41	307	344	19	988	994	0	2	766	58	418	453	303
157	181	6	8	4	2	3	3	5	643	188	83	115
>ELF4.H14INVIVO.0.PS.A
579	188	52	148	2	0	995	993	50	93	158
94	487	767	843	0	0	0	0	38	232	158
121	218	170	5	995	997	2	1	906	33	599
203	104	8	1	0	0	0	3	3	639	82
>ELF4.H14INVIVO.1.M.B
2545	1958	4634	6566	3746	482	8014	0	0	9772	9760	478	110	4417	2838
2242	1802	987	409	2758	7860	1716	1	0	0	1	37	667	594	2758
3218	4460	2504	805	1797	975	34	9769	9772	0	0	9255	255	4063	2526
1767	1552	1647	1992	1471	455	8	2	0	0	11	2	8740	698	1650
>ELF5.H14INVIVO.0.PSM.A
735	541	445	1020	1717	400	696	1312	0	0	2486	2469	207	132	948	702
611	521	442	366	76	750	742	1052	0	1	0	4	31	291	281	619
670	998	1141	635	268	776	994	120	2488	2483	1	0	2248	222	763	654
472	428	460	467	427	562	56	4	0	4	1	15	2	1843	496	513
>ELF5.H14INVIVO.1.S.B
895	2116	5263	544	125	409	0	0	5544	5544	0	0	3013	990
1332	878	1	3067	3229	5135	0	0	0	0	0	1	193	1947
2571	1189	6	681	2188	0	5544	5544	0	0	5544	0	1702	1683
746	1361	274	1252	2	0	0	0	0	0	0	5543	636	924
>ELK1.H14INVIVO.0.PSM.A
388	29	65	3	2	994	986	52	33	126
153	868	929	1	1	2	0	18	211	151
364	95	0	993	996	2	0	924	30	606
94	7	5	2	0	1	13	5	725	116
>ELK3.H14INVIVO.0.PSM.A
278	56	45	5	6	996	968	42	56	114	181
187	745	945	2	2	1	3	34	309	150	251
459	181	5	991	988	2	9	916	35	652	509
76	18	5	2	4	1	20	8	600	84	59
>ELK4.H14INVIVO.0.PSM.A
208	394	43	57	4	2	999	964	191	40	156
264	175	840	930	1	0	0	0	27	293	130
420	361	108	2	994	998	1	0	766	24	601
108	70	9	11	1	0	0	36	16	643	113
>ELYS.H14INVIVO.0.B.D
250	332	681	681	681	0	281
118	76	0	0	0	0	91
145	67	0	0	0	0	113
168	206	0	0	0	681	196
>EMX1.H14INVIVO.0.SM.D
2385	1588	1196	165	5493	9080	0	0	9080	2706	417	1517	2681
1907	2914	2972	1352	3478	0	0	0	0	549	3558	1805	2215
2632	2864	3625	33	96	0	0	0	0	5741	1921	3523	1779
2156	1714	1287	7530	13	0	9080	9080	0	84	3184	2235	2405
>EMX2.H14INVIVO.0.S.D
2275	1340	618	17	7273	8867	0	0	8867	1291	252	997	2733
1956	2855	2801	782	1586	0	0	0	0	366	3584	1668	2073
2858	3533	4144	1	8	0	0	0	0	7210	2051	3687	1886
1778	1139	1304	8067	0	0	8867	8867	0	0	2980	2515	2175
>EOMES.H14INVIVO.0.PSM.A
277	785	240	9	5	0	193	103	942	718
225	20	11	128	16	2	164	121	2	44
351	120	682	857	7	995	54	463	46	197
147	75	67	6	972	3	589	313	10	41
>EPAS1.H14INVIVO.0.P.B
210	136	757	7	11	1	0	339	194
259	47	58	955	6	0	1	457	436
454	261	142	2	971	1	990	78	168
77	556	43	36	12	998	9	126	202
>ERF.H14INVIVO.0.PS.A
445	487	289	805	10	3	976	902	396	90	333
127	115	343	121	0	16	10	8	40	235	130
272	199	278	44	983	979	12	21	563	72	369
157	200	91	31	8	3	3	70	2	604	169
>ERG.H14INVIVO.0.P.B
560	64	262	2	4	998	977	221	25	185	331	215
74	839	722	0	1	0	0	7	261	125	229	364
277	93	2	996	995	2	0	759	44	599	355	305
89	4	14	2	0	0	23	13	670	91	85	116
>ERG.H14INVIVO.1.SM.B
2799	6972	137	432	0	0	9619	8895	3113	24	2759	2297
2631	79	8956	9187	0	0	0	0	1	2152	1708	3394
1922	1285	522	0	9619	9619	0	0	6503	293	4297	2594
2267	1283	4	0	0	0	0	724	2	7150	855	1334
>ERR1.H14INVIVO.0.PSM.A
1867	1182	1019	9008	9881	0	1	203	78	8050	2470
2355	2271	6049	20	5	0	0	10	8685	143	2763
3094	1702	2265	711	26	9909	9915	480	531	1609	1304
2600	4761	583	177	4	7	0	9223	622	114	3379
>ERR2.H14INVIVO.0.PSM.A
171	144	76	109	921	972	13	1	67	5	961	295	308	158	255	188
211	242	235	653	7	0	0	9	7	883	7	313	292	275	187	371
379	315	205	209	53	23	971	985	83	76	23	198	235	296	202	302
237	297	482	27	17	3	14	3	841	34	7	192	163	269	354	137
>ERR3.H14INVIVO.0.PSM.A
80	36	59	922	982	9	2	64	2	933	192
343	390	753	11	4	2	2	7	912	11	442
273	82	192	72	18	981	1002	100	68	60	183
311	499	3	2	3	15	1	836	25	3	190
>ESR1.H14INVIVO.0.P.B
592	46	32	43	1	800	72	0	150	15	62	739	8	105	40
52	5	6	23	853	8	455	554	305	80	13	127	891	787	267
254	787	882	147	23	92	259	0	318	7	860	17	8	1	41
38	98	16	723	59	36	150	382	163	834	1	53	29	43	588
>ESR1.H14INVIVO.1.P.B
85	7	3	380	1	51	7	125	93
126	4	3	35	420	372	120	46	83
186	3	416	7	2	0	3	179	189
31	414	6	6	5	5	298	78	63
>ESR2.H14INVIVO.0.P.B
520	101	65	83	7	720	109	319	149	94	82	527	26	70	54
85	5	32	105	823	22	522	685	384	198	40	266	874	844	360
364	823	868	228	66	208	287	0	307	47	880	97	29	7	69
35	75	39	588	108	54	86	0	164	665	2	114	75	83	521
>ESR2.H14INVIVO.1.P.B
679	20	7	16	6	951	84
39	1	15	6	990	2	457
276	935	978	65	4	54	353
15	53	9	922	9	2	115
>ESX1.H14INVIVO.0.SM.D
2580	1661	287	5650	9283	0	0	9395	2181	466	1891
2687	2624	3540	1203	102	0	22	0	2254	4242	2346
2438	3251	286	2462	30	0	0	21	4434	2719	2990
1711	1880	5303	101	1	9416	9394	0	547	1989	2189
>ESX1.H14INVIVO.1.S.D
240	300	392	285	119	209	360	2	0	691	692	0	0	659	88	88	190
124	47	36	67	91	152	53	395	117	0	0	0	2	0	108	289	132
72	22	57	41	75	157	266	68	0	1	0	0	0	33	484	175	256
256	323	207	299	407	174	13	227	575	0	0	692	690	0	12	140	114
>ETS1.H14INVIVO.0.S.B
2927	6989	427	742	3	1	9918	7809	2813	387	3078	2526
2203	505	8661	9025	4	0	5	63	182	2231	1381	3074
2878	1622	732	150	9929	9938	4	63	6831	469	4015	2582
1942	834	130	33	14	11	23	2015	124	6863	1476	1768
>ETS1.H14INVIVO.1.P.B
342	255	451	90	586	2	4	996	785	163	56	96	157
258	218	82	690	402	0	2	0	11	11	243	155	174
296	423	424	214	11	998	996	5	3	824	53	613	586
106	106	45	8	3	2	0	1	203	4	650	138	85
>ETS2.H14INVIVO.0.S.C
2478	5568	420	653	1	4	9860	7674	2736	252	3145	1293	3140	1607	1459	1311	1413	1779	2271
2522	672	8257	9200	1	0	18	65	139	3117	1459	4706	1283	1324	5501	5660	1598	2495	2556
2703	2178	1209	70	9931	9934	5	19	6999	503	4335	2177	2098	1602	1606	1454	4647	3806	2423
2239	1524	56	19	9	4	59	2184	68	6070	1003	1766	3421	5409	1376	1517	2284	1862	2692
>ETS2.H14INVIVO.1.P.B
167	322	65	278	8	7	975	752	261	57	74	258
196	398	457	290	3	1	6	43	50	114	92	123
354	201	134	422	981	986	13	129	514	28	787	198
281	77	342	8	6	4	4	74	173	799	45	419
>ETV1.H14INVIVO.0.PSM.A
2765	5960	386	654	0	0	9848	7980	1706	489	3244
2290	308	8923	9188	0	0	1	47	441	2299	1817
2903	2361	509	4	9849	9829	0	14	7635	855	2741
1892	1221	32	4	1	21	1	1809	68	6207	2048
>ETV1.H14INVIVO.1.PM.A
261	452	129	773	0	3	989	733	236	68	153
262	93	674	202	0	0	7	7	30	155	124
353	311	178	19	997	997	4	12	730	84	598
124	144	19	6	3	0	0	248	4	693	125
>ETV2.H14INVIVO.0.S.B
872	261	303	0	0	1577	1422	840	186	536	508
236	1060	1199	0	0	0	12	76	290	181	303
218	219	31	1571	1610	0	41	668	215	590	509
288	74	81	43	4	37	139	30	923	307	294
>ETV2.H14INVIVO.1.PM.A
447	359	517	89	772	7	5	941	866	435	79	307	136	181	236
163	159	61	719	179	7	19	16	12	31	299	134	240	310	271
235	375	342	162	16	962	954	21	18	509	110	412	502	386	294
136	88	61	11	14	5	3	3	85	6	493	128	103	104	180
>ETV3.H14INVIVO.0.SM.D
3536	6709	1057	3416	0	0	9492	8506	3305	85	3121	2622
1534	305	6125	5998	0	0	0	0	25	1819	1640	2986
2310	1404	1444	64	9493	9493	0	0	6160	255	3578	2196
2113	1075	867	15	0	0	1	987	3	7334	1154	1689
>ETV4.H14INVIVO.0.P.B
459	37	503	5	10	992	845	176	88	224
151	850	485	0	4	3	5	45	270	159
259	106	8	993	984	5	8	772	121	442
131	7	4	2	2	0	142	7	521	175
>ETV4.H14INVIVO.1.SM.B
2530	6273	303	1783	0	0	9259	8697	442	96	3926	3073
1999	207	8422	7474	0	0	0	1	63	1443	805	2104
2835	1688	509	0	9259	9259	0	0	8753	789	3238	2349
1895	1091	25	2	0	0	0	561	1	6931	1290	1733
>ETV5.H14INVIVO.0.PS.A
2045	4188	387	112	0	0	8811	7406	561	260	2774
1891	334	7188	8697	0	0	0	4	197	2236	1177
2388	1972	1178	1	8811	8811	0	0	8049	601	3087
2487	2317	58	1	0	0	0	1401	4	5714	1773
>ETV5.H14INVIVO.1.PM.A
304	232	408	45	304	32	24	971	907	205	65	200	251
221	207	120	790	652	1	3	3	3	25	268	144	212
330	404	333	133	10	895	952	2	17	740	99	521	412
127	139	121	14	16	54	3	6	55	12	550	117	107
>ETV6.H14INVIVO.0.PS.A
369	105	224	12	11	979	972	100	93	132
165	601	725	0	8	15	2	19	216	102
400	273	33	977	971	0	13	875	68	689
63	18	15	8	7	3	10	3	620	74
>ETV6.H14INVIVO.1.P.B
550	462	152	670	9	0	990	982	153	117	243	347
48	145	385	225	3	3	3	0	11	120	64	131
250	333	440	91	983	996	5	11	832	112	626	436
152	60	23	14	5	1	2	7	4	651	67	86
>ETV7.H14INVIVO.0.SM.B
2014	2322	2998	2342	1685	4127	36	13	9837	9620	3032	710	4496	2207	2036	1828	1835	1825	2213
2543	1628	1115	4072	4952	3088	32	43	13	107	202	1880	739	3379	1818	1812	4467	4318	1890
2042	1830	1744	1705	2125	1547	9820	9788	12	20	6633	678	3383	2121	1825	1899	1937	2128	3249
3337	4156	4079	1817	1174	1174	48	92	74	189	69	6668	1318	2229	4257	4397	1697	1665	2584
>ETV7.H14INVIVO.1.P.C
253	944	2	10	995	975	324
488	50	2	16	1	2	39
238	4	995	970	4	16	606
21	2	1	4	0	7	31
>EVX1.H14INVIVO.0.SM.D
1526	1051	2258	1737	0	6355	6355	0	7	5380	959	1508
1781	2531	1470	3364	0	0	0	0	2296	55	2635	1785
1578	788	2385	468	0	0	0	0	1284	808	1380	1402
1470	1985	242	786	6355	0	0	6355	2768	112	1381	1660
>EVX2.H14INVIVO.0.SM.D
1671	1221	3307	463	0	8376	8376	0	8	7502	439	1082	2148
2114	3357	1675	5628	0	0	0	1	1648	37	3885	3270	2179
2500	1909	3003	395	0	0	0	0	1476	723	2426	2004	2010
2091	1889	391	1890	8376	0	0	8375	5244	114	1626	2020	2039
>EVX2.H14INVIVO.1.S.D
138	103	191	208	45	68	196	4	0	341	355	0	0	353	39	13	63
50	13	18	10	35	132	51	255	0	7	0	0	10	0	66	125	91
38	12	48	39	91	81	104	47	0	7	0	0	17	2	231	111	145
129	227	98	98	184	74	4	49	355	0	0	355	328	0	19	106	56
>F200B.H14INVIVO.0.PSGIB.A
237	14	3	0	1	2	40	20	136	91	107	52	64	72	68
360	3	1	0	295	988	344	795	123	161	412	430	504	591	557
79	973	992	985	173	2	587	59	726	724	454	456	331	275	295
321	7	1	12	528	5	26	123	12	21	24	59	98	59	77
>FER3L.H14INVIVO.0.SM.D
2486	451	13	15	8240	9404	0	9519	0	1372	4	0	212	106	3674	493
1831	3470	1	1145	330	97	9519	0	12	8108	1	0	428	3134	609	7793
2714	3551	9498	10	945	17	0	0	8280	39	0	9515	2369	1708	4752	391
2488	2047	7	8349	4	1	0	0	1227	0	9514	4	6510	4571	484	842
>FEV.H14INVIVO.0.S.B
2518	5333	323	96	0	0	9061	8496	1605	148	2491
1955	235	8273	8965	0	0	0	0	101	1949	1549
2213	1563	438	0	9061	9061	0	0	7343	379	3487
2375	1930	27	0	0	0	0	565	12	6585	1534
>FEZF1.H14INVIVO.0.P.B
257	149	57	10	26	13	44	253	12	28	22	141
162	504	16	20	637	343	782	82	151	18	145	340
433	60	31	964	106	49	29	12	25	9	37	202
148	287	896	6	231	595	145	653	812	945	796	317
>FIGLA.H14INVIVO.0.SM.D
528	861	752	0	1700	0	0	0	0	154	465
384	278	662	1700	0	1479	1700	0	0	178	303
340	205	123	0	0	221	0	0	1700	562	317
448	356	163	0	0	0	0	1700	0	806	615
>FIZ1.H14INVIVO.0.PSGI.A
167	42	152	37	33	33	45	122	56	5	4	3	171	444	369	30	11	28	48	94	83
27	26	106	285	336	126	22	11	1	7	1	460	39	1	2	12	346	385	156	57	222
244	412	138	68	64	28	420	350	438	3	109	7	260	51	124	41	39	34	54	319	158
62	20	104	110	67	313	13	17	5	485	386	30	30	4	5	417	104	53	242	30	37
>FLI1.H14INVIVO.0.PSM.A
268	560	48	529	0	1	1000	955	299	28	226	227	134	153	144
292	65	835	471	0	1	0	0	7	387	130	224	423	163	223
359	295	115	1	1001	999	0	0	695	41	548	504	316	329	467
82	81	3	0	0	0	1	46	0	545	97	46	128	356	167
>FLI1.H14INVIVO.1.P.B
312	264	427	295	751	1	4	984	979	289	138	290	377	379	221	246	219	282
202	65	44	463	190	1	2	3	3	6	229	80	109	166	134	156	197	166
382	615	507	236	7	989	993	11	4	648	311	559	468	400	391	521	450	417
104	56	22	6	52	9	1	2	14	57	322	71	46	55	254	77	134	135
>FOG1.H14INVIVO.0.I.D
149	78	0	0	858	0	0	234	222
246	344	1	0	0	0	858	5	189
207	270	0	0	0	0	0	165	246
256	166	857	858	0	858	0	454	201
>FOS.H14INVIVO.0.P.B
182	278	386	5	1	989	0	1	14	999	20
298	148	202	1	2	2	0	2	986	1	413
357	291	393	1	952	0	920	0	1	0	181
164	284	20	994	46	10	81	998	0	1	387
>FOS.H14INVIVO.1.S.C
1685	2895	371	568	0	18	8417	54	1176	2801
2497	1470	5350	252	1	8555	155	1490	4253	2503
2307	3002	611	7719	0	0	1	57	1451	2123
2084	1206	2241	34	8572	0	0	6972	1693	1146
>FOS.H14INVIVO.2.S.C
101	295	10	14	480	0	0	0	0	507	0	45	287	98
116	18	4	25	1	500	0	0	507	0	2	420	53	174
179	177	17	422	25	0	507	0	0	0	0	14	130	105
111	17	476	46	1	7	0	507	0	0	505	28	37	130
>FOSB.H14INVIVO.0.P.B
427	8	6	921	187	25	45	980	47
229	4	20	13	0	17	944	5	373
276	9	875	3	816	17	13	4	188
71	982	102	66	0	944	1	14	395
>FOSB.H14INVIVO.1.M.C
1581	3077	1656	521	0	10	8242	0	1546	3402	1638
1889	1426	4440	284	0	8349	117	502	5068	1730	2900
2542	2717	473	7552	0	0	0	8	668	2575	1491
2347	1139	1790	2	8359	0	0	7849	1077	652	2330
>FOSB.H14INVIVO.2.M.C
110	110	385	37	21	476	4	11	0	0	548	0	60	302	80	114
141	89	26	11	46	14	489	0	0	548	0	0	445	47	202	162
147	224	111	24	409	57	2	537	0	0	0	0	20	191	81	120
150	125	26	476	72	1	53	0	548	0	0	548	23	8	185	152
>FOSL1.H14INVIVO.0.P.B
467	1	0	990	0	0	12	995	24	248	231
225	0	0	3	0	0	987	3	336	329	331
276	3	948	1	945	0	1	1	166	180	281
32	996	52	6	55	1000	0	1	474	243	157
>FOSL2.H14INVIVO.0.P.B
97	141	260	0	0	493	51	2	3	499	12	108
95	67	79	0	1	2	0	2	496	0	176	189
187	191	149	1	479	0	449	2	1	0	57	69
121	101	12	499	20	5	0	494	0	1	255	134
>FOXA1.H14INVIVO.0.P.B
29	308	8	11	7	794	14	390	72	423	188	114
12	16	12	0	5	8	814	149	323	44	163	306
17	621	8	69	146	136	11	9	138	72	427	273
894	7	924	872	794	14	113	404	419	413	174	259
>FOXA1.H14INVIVO.1.S.C
1238	1942	1235	6	1219	0	2	3	6144	2	2470	76	5217	3205	526	1459
1856	564	366	25	3	3	0	2	10	6213	233	1183	61	231	1846	1336
1913	697	413	11	5328	1	10	26	396	11	74	107	134	2684	2542	2822
1543	3347	4536	6508	0	6546	6538	6519	0	324	3773	5184	1138	430	1636	933
>FOXA2.H14INVIVO.0.PSM.A
130	126	132	11	204	5	2	0	871	3	424	66	541	229
417	377	259	1	6	3	0	0	5	907	128	344	24	150
219	234	223	5	772	2	44	226	98	1	9	100	40	464
216	245	368	965	0	972	936	756	8	71	421	472	377	139
>FOXA2.H14INVIVO.1.SM.B
230	202	41	371	805	869	0	779	0	0	0	656	6	286	93	312
214	118	307	479	54	13	0	0	0	0	0	0	911	231	441	149
225	529	60	65	25	9	0	188	0	0	127	311	2	120	78	183
298	118	559	52	83	76	967	0	967	967	840	0	48	330	355	323
>FOXA3.H14INVIVO.0.PS.A
112	121	211	1	262	1	2	0	924	5	379	44	507	168
478	448	178	1	0	0	0	0	0	896	141	297	7	93
194	230	145	0	741	1	32	250	77	1	4	79	28	612
219	204	469	1001	0	1001	969	753	2	101	479	583	461	130
>FOXA3.H14INVIVO.1.M.C
1154	658	263	2310	3045	3134	15	3200	1	1	32	3118	44	1690	220	2667	1692	526	966
1023	698	1994	1357	576	422	559	416	337	24	464	456	4088	627	1853	535	903	1938	1328
890	2540	367	330	150	111	6	722	1	8	709	760	22	282	97	136	1164	998	1359
1271	442	1714	341	567	671	3758	0	3999	4305	3133	4	184	1739	2168	1000	579	876	685
>FOXB1.H14INVIVO.0.SM.D
1570	1409	348	4131	6078	6494	0	6664	0	1	26	5069	234	3376	302	4692	2860	1075	1593
1518	1067	3046	2268	447	237	93	0	0	1	2	3	5843	590	2324	73	739	2369	1980
1281	3771	385	424	275	144	1	590	0	12	1415	2175	164	968	331	329	2539	2393	2388
2885	1007	3475	431	454	379	7160	0	7254	7240	5811	7	1013	2320	4297	2160	1116	1417	1293
>FOXC1.H14INVIVO.0.S.D
2217	2639	1429	2968	5979	5841	7	5972	1	2	19	8288	11	4084	264	5300	4092	1195	1937
1975	1094	1106	2975	251	180	18	8	9	4	1	29	7013	749	1443	137	640	2191	2060
1319	3371	484	1421	372	172	11	2619	0	3	1873	172	66	552	168	295	2790	3523	2652
3089	1496	5581	1236	1998	2407	8564	1	8590	8591	6707	111	1510	3215	6725	2868	1078	1691	1951
>FOXC1.H14INVIVO.1.S.D
215	174	385	344	1	340	0	0	0	896	4	175	62	385
262	437	280	65	119	92	30	0	99	70	700	198	276	149
118	170	66	68	0	629	0	0	0	43	9	163	88	144
466	280	330	584	941	0	1031	1061	962	52	348	525	635	383
>FOXC2.H14INVIVO.0.SM.D
1771	2008	3000	1774	16	1462	3	2	10	8690	32	2728	501	5006	3304	1458	1855
1266	1722	804	419	28	3	2	0	1	12	5421	962	1033	247	1504	2745	2455
1405	3371	960	537	13	7772	0	0	309	477	83	960	482	518	2060	2270	1935
4795	2136	4473	6507	9180	0	9232	9235	8917	58	3701	4587	7221	3466	2369	2764	2992
>FOXD2.H14INVIVO.0.S.D
3152	2386	2346	2092	5622	8942	8887	1	5515	0	1	1320	6582	1	1976	81	5427	3718	833	1791
969	1631	355	563	1457	34	24	1796	0	0	0	0	18	5396	1005	932	26	1258	4513	3328
3731	2717	6250	144	35	9	1	0	3555	0	0	803	1030	391	1146	51	119	2598	2211	2004
1218	2336	119	6271	1956	85	158	7273	0	9070	9069	6947	1440	3282	4943	8006	3498	1496	1513	1947
>FOXD2.H14INVIVO.1.SM.D
2627	99	3788	3	3	6382	1504	6	1170	316	4873	4161	1136	1712	2237
1724	795	21	27	7	1	11	2553	1173	1098	135	557	2119	2086	1890
2098	49	5869	23	77	881	2047	1111	4485	407	580	3930	4399	4064	3150
3230	8736	1	9626	9592	2415	6117	6009	2851	7858	4091	1031	2025	1817	2402
>FOXD3.H14INVIVO.0.P.C
196	152	177	36	61	43	50	324	16	274	93	438	233	135
196	269	10	75	72	89	7	167	600	196	234	29	165	308
303	242	44	880	29	63	180	253	53	40	80	115	436	326
302	334	766	6	835	802	760	253	328	487	590	415	163	228
>FOXD3.H14INVIVO.1.S.B
1436	899	1006	905	1152	2298	2293	5	1711	2	17	253	2048	6	945	80	1559	1310	544	611
185	476	290	196	311	13	8	264	3	3	0	0	3	1900	230	479	11	147	524	482
500	363	1007	20	29	4	2	0	675	0	2	294	106	97	252	29	49	752	883	840
268	651	86	1268	897	74	86	2120	0	2384	2370	1842	232	386	962	1801	770	180	438	456
>FOXE1.H14INVIVO.0.SM.D
2415	1158	21	70	2	13	2027	1578	30	2337	67	6077	3616	328	1105	1534
1063	433	101	3	138	9	2	13	1170	232	439	16	54	1729	1252	2050
2225	959	22	7676	16	205	2165	1777	1165	999	151	123	3833	3983	4530	2197
2047	5200	7606	1	7594	7523	3556	4382	5385	4182	7093	1534	247	1710	863	1969
>FOXE1.H14INVIVO.1.S.D
1072	396	1365	95	0	0	0	0	1353	1821	1271
1049	1361	623	0	0	0	0	0	0	498	1143
1561	1824	2498	15	0	6146	0	0	317	929	1354
2464	2565	1660	6036	6146	0	6146	6146	4476	2898	2378
>FOXF1.H14INVIVO.0.P.C
123	143	139	5	28	2	10	4	966	14	470	196
330	355	384	3	2	3	5	0	16	382	138	165
216	182	218	4	980	0	31	10	26	38	134	131
341	330	269	998	0	1005	964	996	2	576	268	518
>FOXG1.H14INVIVO.0.PSM.A
115	134	110	7	33	0	1	2	343	27	484	182	445	225	390
341	192	253	0	1	7	7	7	83	579	223	385	148	405	256
257	224	353	1	973	2	83	203	308	173	87	162	182	216	143
294	457	291	999	0	998	916	795	273	228	213	278	232	161	218
>FOXH1.H14INVIVO.0.P.B
113	1	5	7	1	973	42	5	96
31	0	18	1	2	8	18	65	393
47	1003	6	872	773	1	31	2	412
813	0	975	124	228	22	913	932	103
>FOXI1.H14INVIVO.0.SM.D
403	200	626	443	1	3	0	0	0	2006	0	879	98	347	1083	1091	936	408
467	723	286	199	6	0	0	0	0	0	1909	66	226	136	167	338	501	840
478	508	431	58	0	2003	0	0	0	0	0	714	811	93	95	160	318	315
658	575	663	1306	1999	0	2006	2006	2006	0	97	347	871	1430	661	417	251	443
>FOXJ2.H14INVIVO.0.PSM.A
56	38	10	6	4	40	85	4	240	81	75	94
169	35	0	18	15	6	273	238	73	26	20	57
64	64	431	8	26	258	5	13	46	75	288	207
160	312	8	417	404	145	86	194	90	267	66	91
>FOXJ2.H14INVIVO.1.SM.B
2188	59	4185	40	84	117	9948	0	9892	9829	126	9732	5932	3753
2307	64	60	22	53	5	0	9945	17	43	8251	97	1152	2081
1321	58	5657	38	12	167	0	0	26	23	40	54	1242	1161
4134	9769	48	9850	9801	9661	2	5	15	55	1533	67	1624	2955
>FOXJ2.H14INVIVO.2.S.B
1689	1687	1675	1364	992	1102	456	1470	2640	2757	47	1585	6	443	501	6827	69	1922	1209	1633
2729	2613	1933	939	668	556	542	719	498	629	240	28	104	44	47	190	4308	833	1095	1239
2064	2235	1736	2303	2513	3618	995	2056	1569	619	62	7149	11	64	1353	742	555	2420	1811	1744
2284	2231	3422	4160	4593	3490	6773	4521	4059	4761	8417	4	8645	8215	6865	1007	3834	3591	4651	4150
>FOXJ3.H14INVIVO.0.SM.D
1770	1673	0	36	0	0	0	7053	0	949	655	1880
1250	852	305	0	0	0	0	1	5726	859	1564	1410
1629	872	0	7269	0	0	1004	251	13	4802	818	1393
2656	3908	7000	0	7305	7305	6301	0	1566	695	4268	2622
>FOXK1.H14INVIVO.0.PS.A
83	146	21	83	8	5	4	671	2	379
428	275	4	11	5	4	4	144	687	201
292	225	8	909	9	36	280	15	49	194
204	361	974	4	985	962	719	177	269	233
>FOXK2.H14INVIVO.0.P.B
99	60	131	9	51	4	9	4	716	4	397	148
355	471	256	3	12	5	7	3	138	742	237	189
284	254	163	6	933	3	48	212	12	16	148	153
262	215	450	982	4	988	936	781	134	238	218	510
>FOXL1.H14INVIVO.0.S.D
1225	1487	1182	278	1359	641	308	0	2961	0	9	11	6521	279	2406	1377	2538	1211	1543	1377
1327	1068	788	370	422	103	25	1	1	19	3	2	30	2599	496	555	522	2296	2435	2704
2811	2359	2048	482	4915	183	39	1	4175	0	3	171	449	88	572	500	547	760	1205	1284
1774	2223	3119	6007	441	6210	6765	7135	0	7118	7122	6953	137	4171	3663	4705	3530	2870	1954	1772
>FOXL2.H14INVIVO.0.PSM.A
18	93	2	0	3	809	6	577	194	239
1	4	8	2	1	74	589	132	158	65
13	891	1	5	83	8	38	58	103	48
958	2	979	983	903	99	357	223	535	638
>FOXM1.H14INVIVO.0.P.B
31	328	33	8	6	483	42	272	48	439	225	201
13	17	28	25	7	41	754	132	316	24	138	261
15	663	30	54	106	434	12	9	130	16	377	281
951	2	919	923	891	52	202	597	516	531	270	267
>FOXO1.H14INVIVO.0.PS.A
82	57	5	42	2	3	9	703	8
428	428	12	9	34	3	11	130	786
337	260	7	944	5	66	316	32	41
155	257	978	7	961	930	666	137	167
>FOXO3.H14INVIVO.0.PS.A
111	60	10	49	2	5	0	839	5	387
414	384	1	6	7	7	10	50	848	245
306	170	1	943	14	35	148	14	8	57
170	387	989	3	978	954	843	98	140	312
>FOXO4.H14INVIVO.0.SM.D
1768	1468	94	418	0	1	18	5674	273	1773	1759
2061	998	176	1	0	0	146	422	4045	1342	1536
2586	1488	99	7989	0	134	2124	643	1215	3314	2467
1993	4454	8039	0	8408	8273	6120	1669	2875	1979	2646
>FOXO6.H14INVIVO.0.S.D
2740	1301	3046	60	138	6	0	6	8604	74	2336	2306
2108	4001	758	144	66	30	3	77	179	7195	1645	2054
1834	2882	1430	47	9494	1	6	1427	112	287	3850	1603
3019	1517	4467	9450	3	9664	9692	8191	806	2145	1870	3738
>FOXP1.H14INVIVO.0.PS.A
84	56	22	24	5	6	5	481	8
213	290	5	13	34	5	13	88	539
317	242	8	835	12	118	304	39	51
268	294	847	10	831	753	560	274	284
>FOXP2.H14INVIVO.0.P.B
104	71	8	39	8	4	0	796	6
319	405	8	8	23	9	8	65	757
266	224	12	951	7	87	150	39	25
311	300	972	2	962	900	842	100	212
>FOXP3.H14INVIVO.0.P.B
110	50	49	5	37	9	8	19	352	14
190	296	319	10	48	33	13	11	124	497
273	223	123	22	888	19	86	118	248	80
424	428	506	960	24	936	890	849	273	406
>FOXR2.H14INVIVO.0.M.D
3727	1014	5854	303	2227	327	9153	43	3821	0	4729	68	8490	162	4353	858	3194
1164	3185	982	444	509	328	17	1761	39	793	665	59	95	2461	663	2053	1797
2223	1464	1769	530	948	92	403	1126	5774	8	118	78	974	853	4128	791	1990
2616	4067	1125	8453	6046	8983	157	6800	96	8929	4218	9525	171	6254	586	6028	2749
>FWCH1.H14INVIVO.0.PSGB.A
25	142	1	1	2	16	197	28	18	24	20	161	32	13	9
283	58	28	13	478	60	88	167	115	365	211	85	94	176	353
70	25	12	5	5	245	132	24	46	26	76	57	34	37	77
119	272	456	478	12	176	80	278	318	82	190	194	337	271	58
>FXL19.H14INVIVO.0.PSGIB.A
60	185	167	480	189	103	335	198	132	393	221	133	208	252	158	279	135	76	302	245	220
22	132	84	477	42	26	356	49	88	483	86	28	425	99	71	508	52	101	321	75	193
763	667	737	8	677	834	252	718	771	78	617	814	326	532	715	129	723	800	320	615	549
154	15	11	34	91	36	56	34	8	45	75	24	40	116	55	83	89	22	56	64	37
>GABPA.H14INVIVO.0.PSM.A
137	207	343	458	74	90	1	3	998	986	108	24	158	314
245	254	274	172	753	905	1	0	2	1	17	155	128	260
486	453	257	319	172	6	999	998	0	0	875	19	583	341
133	87	127	52	2	0	0	0	1	14	1	803	132	86
>GATA1.H14INVIVO.0.P.B
135	90	125	169	188	188	182	206	286	95	640	0	1000	2	941	849	99	281
231	164	279	282	309	250	263	303	178	506	57	0	0	2	7	14	175	205
224	514	440	313	354	429	418	359	362	320	3	1000	0	5	4	118	685	458
410	232	156	236	149	133	137	132	174	79	300	0	0	991	48	19	41	56
>GATA1.H14INVIVO.1.PSM.A
279	101	646	3	1018	6	946	846	97	291
188	482	50	0	1	4	14	18	197	202
367	337	14	1018	2	2	19	114	675	450
188	102	312	1	1	1010	43	44	53	79
>GATA2.H14INVIVO.0.PSM.A
285	189	662	0	997	0	897	743	142	419
173	402	25	0	2	6	17	35	275	219
345	300	11	997	0	3	10	176	533	297
196	108	301	2	0	990	75	45	49	64
>GATA2.H14INVIVO.1.P.B
134	106	136	225	296	205	214	186	305	172	701	1	974	2	925	845	133	345
238	95	215	214	187	183	213	241	133	379	10	1	1	3	6	9	136	210
168	452	423	302	301	366	351	258	347	341	9	975	0	8	13	92	639	353
437	324	203	236	193	223	199	292	192	85	257	0	2	964	33	31	69	69
>GATA3.H14INVIVO.0.PS.A
191	697	1	997	2	879	697	179	462	431	161	212
395	21	0	2	12	13	37	305	209	115	326	379
326	9	999	1	1	10	214	445	279	192	173	166
88	273	0	0	985	98	52	71	50	262	340	243
>GATA3.H14INVIVO.1.SM.B
111	148	372	0	436	0	436	436	0	321	50
73	191	0	0	0	0	0	0	31	51	39
84	64	0	436	0	0	0	0	405	56	46
168	33	64	0	0	436	0	0	0	8	301
>GATA4.H14INVIVO.0.PSM.A
338	183	691	0	998	8	906	797	70	434
170	378	10	0	2	2	5	5	273	166
330	292	6	1000	0	4	5	182	617	335
162	147	293	0	0	986	84	16	40	65
>GATA5.H14INVIVO.0.SM.D
2342	3755	0	8780	0	8780	8780	1423	3013	2853
2071	1531	0	0	0	0	0	2383	2167	1896
2817	773	8780	0	0	0	0	4006	2476	1818
1550	2721	0	0	8780	0	0	968	1124	2213
>GATA6.H14INVIVO.0.PSM.A
254	245	317	180	653	1	999	2	953	951	68	426
260	290	174	399	24	0	3	3	5	5	146	184
293	239	280	310	1	1003	4	6	6	41	779	367
200	233	236	118	329	3	1	996	43	10	14	30
>GBX1.H14INVIVO.0.S.D
2043	1611	2081	813	16	9505	9537	0	6	3899	1098	1664
2304	3401	2247	4429	119	0	0	1	339	67	3308	2538
2835	2626	4417	1522	0	32	0	7	252	5486	4069	2410
2355	1899	792	2773	9402	0	0	9529	8940	85	1062	2925
>GBX1.H14INVIVO.1.S.D
84	130	11	0	618	618	0	0	476	55	24	70	226	245	216	329	377	195	68	165
305	165	490	56	0	0	0	2	0	183	289	216	196	137	62	13	14	55	106	146
138	260	89	0	0	0	0	0	142	367	116	256	86	48	18	10	14	38	145	176
91	63	28	562	0	0	618	616	0	13	189	76	110	188	322	266	213	330	299	131
>GBX2.H14INVIVO.0.SM.D
2236	1620	1985	341	0	8831	8831	0	1	3908	1070	1389
2059	3692	2376	4695	0	0	0	0	56	0	3470	2504
2433	2149	4120	1397	0	0	0	0	89	4864	3308	2475
2103	1370	350	2398	8831	0	0	8831	8685	59	983	2463
>GBX2.H14INVIVO.1.S.D
2394	3243	314	0	9258	9258	0	0	6530	892	776	1643	3033	3483	4291	4997	4444	3154	2712	2302
3474	2807	6459	1299	0	0	0	0	0	2297	3191	3582	2789	1677	952	378	122	306	611	1352
1819	2375	1580	0	0	0	0	0	2728	5873	1580	2508	1241	833	321	92	182	666	1993	2733
1571	833	905	7959	0	0	9258	9258	0	196	3711	1525	2195	3265	3694	3791	4510	5132	3942	2871
>GCM1.H14INVIVO.0.S.D
1611	1233	5057	0	0	219	6	2	7604	218	1989
2051	1740	269	7684	7686	7456	0	7014	11	1190	1847
2495	979	1928	0	0	0	7559	5	32	592	2523
1529	3734	432	2	0	11	121	665	39	5686	1327
>GCM2.H14INVIVO.0.SM.D
1660	4300	0	0	0	0	0	6405	187	1781
1850	368	6405	6405	6405	0	5662	0	795	1691
949	1226	0	0	0	6405	0	0	300	1605
1946	511	0	0	0	0	743	0	5123	1328
>GCR.H14INVIVO.0.PS.A
380	72	341	776	7	680	202	504	364	115	11	29	166	37	71
12	9	114	18	815	23	190	0	200	80	2	16	191	712	363
350	712	203	17	9	48	296	334	192	21	824	10	131	11	18
96	45	180	27	7	87	150	0	82	622	1	783	350	78	386
>GCR.H14INVIVO.1.S.B
2962	4323	350	0	21	3633	65	758	1811
2389	1244	638	8	36	809	9174	3908	2711
1676	2431	149	9486	0	152	38	1152	2115
2478	1507	8368	11	9448	4911	228	3687	2868
>GFI1.H14INVIVO.0.PSM.A
163	67	339	9	358	1	891	1	1	43
83	820	120	315	3	5	20	16	1	96
635	29	7	579	7	990	84	8	4	160
117	82	532	95	630	2	3	973	992	699
>GFI1B.H14INVIVO.0.PSM.A
290	181	77	368	16	383	0	901	4	2	65
95	77	781	133	405	1	0	33	7	2	119
307	604	55	6	476	20	1005	72	2	0	135
315	145	94	500	110	603	2	1	994	1003	688
>GFI1B.H14INVIVO.1.S.C
1779	6339	1492	926	1122	3515	3062	2039	1479	819	137	6412	6	78	0	8816	0	2	98	4345	1869
1688	447	790	619	1050	2614	1515	1789	1021	92	8364	1309	2243	3	0	0	2	0	102	1507	1710
3651	1000	5053	1233	5879	1957	2891	2957	1107	7738	67	26	6496	4	8816	0	2	3	1053	1685	1364
1698	1030	1481	6038	765	730	1348	2031	5209	167	248	1069	71	8731	0	0	8812	8811	7563	1279	3873
>GLI1.H14INVIVO.0.P.C
100	37	65	32	4	0	58	4	4	1	45	90
429	438	53	10	0	3	6	1	2	243	923	411
145	416	8	929	798	999	8	997	982	104	14	58
328	111	876	31	200	0	930	0	14	654	20	443
>GLI2.H14INVIVO.0.PSM.A
55	36	66	16	3	1	114	2	5	3	44	86
428	464	136	47	1	6	60	1	3	218	892	407
237	412	20	912	856	991	25	994	976	159	41	137
280	88	778	25	140	2	801	3	16	620	23	370
>GLI3.H14INVIVO.0.PS.A
81	43	77	15	13	7	132	7	10	14	87	126
375	425	100	25	4	27	35	8	19	299	709	315
265	440	23	916	738	953	30	966	918	212	82	193
274	87	795	39	240	8	798	14	48	470	117	361
>GLI3.H14INVIVO.1.M.C
1220	1175	0	0	0	0	0	0	0	1464	1482	1564
1192	1185	0	0	0	0	0	5897	5023	817	1047	1300
2278	2311	5897	0	5897	5897	0	0	0	1337	1203	1393
1207	1226	0	5897	0	0	5897	0	874	2279	2165	1640
>GLI4.H14INVIVO.0.P.C
58	85	313	128	34	240	42	103	60	30	525	26	19	18	474	577	74	25	56	84	176	164	100
208	154	178	216	445	329	239	72	305	834	225	190	154	895	253	132	103	47	818	688	459	304	251
117	439	257	309	334	129	114	464	505	54	104	62	17	50	188	227	632	614	36	39	100	116	295
615	320	250	345	185	300	603	359	128	80	144	720	808	35	83	62	189	312	88	187	263	414	352
>GLIS1.H14INVIVO.0.P.B
97	213	40	175	8	15	329	8	1	475	9	114	14	205
693	143	729	335	414	593	4	2	1	4	2	14	479	483
196	217	111	59	558	16	493	925	992	457	987	825	162	182
14	427	120	431	20	376	174	65	6	64	2	47	345	130
>GLIS1.H14INVIVO.1.P.B
68	43	16	64	11	6	18	421	119	148	51
579	679	803	50	5	5	11	3	8	62	380
109	141	136	7	965	907	960	494	854	671	302
245	138	46	880	20	83	12	83	20	120	268
>GLIS1.H14INVIVO.2.SM.B
2099	2601	1562	296	2686	2130	1655	38	36	252	0	1	156	2	38	15	3928	2498	1752
1582	1616	625	7363	339	2639	4292	92	572	0	1	0	0	0	5	414	2927	979	1496
2589	1959	4302	789	643	289	660	8406	35	8298	8493	8564	8395	8562	8496	561	1577	3387	3139
2297	2391	2078	119	4899	3509	1960	31	7924	17	73	2	16	3	28	7577	135	1703	2180
>GLIS2.H14INVIVO.0.SM.D
2303	881	2826	2059	358	1857	316	1950	7	1	9	1	4	2	3144	2429
1239	6476	982	2502	5932	224	4131	14	1	0	1	0	4	566	4490	1673
3471	1587	832	553	535	7180	288	6325	9180	9329	9322	9327	9268	773	1383	2778
2320	389	4693	4219	2508	72	4598	1044	145	3	1	5	57	7992	316	2453
>GLIS3.H14INVIVO.0.P.C
107	47	20	36	2	10	22	397	65	131	61	203	212
489	778	891	19	4	8	1	2	2	102	460	447	218
154	104	49	9	983	890	971	541	891	643	252	213	300
250	71	40	936	11	92	6	60	42	124	227	137	270
>GLIS3.H14INVIVO.1.S.C
149	22	132	116	49	37	16	4	1	0	1	0	3	12	252	221	172
143	608	42	252	340	42	239	0	0	0	0	0	3	54	312	87	128
233	50	230	61	52	605	65	685	677	692	691	686	654	64	93	170	176
167	12	288	263	251	8	372	3	14	0	0	6	32	562	35	214	216
>GLYR1.H14INVIVO.0.B.D
203	562	562	562	0	187	176
83	0	0	0	0	93	108
133	0	0	0	0	70	136
143	0	0	0	562	212	142
>GMEB1.H14INVIVO.0.P.C
19	138	274	14	5	3	61	468	52
376	3	9	976	8	1	439	340	315
343	150	709	4	978	5	487	114	473
262	709	8	6	9	991	13	78	160
>GMEB1.H14INVIVO.1.P.C
68	121	393	28	9	10	78	507	31	92	213	55	36	36
327	80	38	933	18	10	509	311	351	424	62	810	151	458
247	339	540	6	944	27	382	60	451	181	645	42	720	147
357	459	28	32	28	952	30	121	166	302	79	92	92	358
>GMEB1.H14INVIVO.2.SM.B
1644	801	397	6340	0	0	0	6074	7909	1016	868	2674	1948	1342	1289
2652	1290	535	0	8164	0	1	1844	128	2599	2481	1950	3237	2339	2371
1731	2173	802	1824	0	8164	0	246	127	2475	3104	1429	1453	3284	2246
2137	3900	6430	0	0	0	8163	0	0	2074	1711	2111	1526	1199	2258
>GMEB2.H14INVIVO.0.P.C
69	123	369	14	9	28	64	504	38	70	204	45	51	54
363	73	15	960	20	5	503	320	351	466	61	784	191	494
225	360	606	9	962	56	423	72	465	166	631	50	661	168
344	445	11	18	10	912	11	105	147	299	105	122	98	285
>GMEB2.H14INVIVO.1.P.C
37	103	315	9	7	2	50	493	33
411	12	6	987	3	1	466	393	317
244	315	674	4	978	3	480	77	518
309	571	6	1	13	995	5	38	133
>GMEB2.H14INVIVO.2.SM.B
1781	2437	1065	291	343	6156	0	0	0	4060	5798	419	572	975	2106
1254	980	2989	408	429	0	7056	0	84	908	23	3341	604	1622	1293
2215	2773	2175	3959	2004	912	12	7068	5	1528	1206	2554	5636	1490	2094
1818	878	839	2410	4292	0	0	0	6979	572	41	754	256	2981	1575
>GRHL1.H14INVIVO.0.PSM.A
185	273	404	546	838	939	0	273	229	0	172	141	224	271	403	1	363	437	6	244	147
124	362	297	89	5	2	998	489	26	0	189	360	231	55	36	897	359	11	238	199	224
599	189	210	327	134	52	1	12	559	1000	8	29	182	439	373	37	85	480	756	60	68
92	176	89	38	23	7	1	226	186	0	631	470	363	235	188	65	193	72	0	497	561
>GRHL1.H14INVIVO.1.PS.A
326	471	693	797	3	461	36	0	122	91	129	161	258
350	112	4	3	994	126	10	3	91	218	222	94	93
204	329	277	172	4	18	945	998	7	12	149	397	402
121	89	27	29	0	396	10	0	781	680	501	349	248
>GRHL2.H14INVIVO.0.P.B
2	163	231	2	24	32	67	119	290	7	267	465	21
954	551	18	9	126	212	233	96	74	914	430	12	220
25	17	430	968	1	3	114	368	312	22	27	370	733
4	254	306	6	834	738	571	402	309	42	261	138	11
>GRHL2.H14INVIVO.1.P.B
51	77	83	5	35	2	2	8	9	9	6	31	12
24	8	1	104	16	0	3	9	19	13	2	3	85
31	20	24	5	6	108	106	2	15	8	63	42	5
10	11	8	2	59	6	5	97	73	86	45	40	14
>GRHL3.H14INVIVO.0.SB.D
185	28	110	70	19	96	112	167	335	435	0	50	6	0	28	35	100	107
69	338	206	46	32	116	110	84	11	0	453	397	0	0	18	76	116	121
102	43	36	195	382	43	58	83	76	8	0	0	417	452	6	18	64	109
97	44	101	142	20	198	173	119	31	10	0	6	30	1	401	324	173	116
>GSC.H14INVIVO.0.SM.D
1939	1219	300	8276	0	38	8620	2387	1007	1655
2602	1434	237	424	0	640	2	1518	3484	2397
2682	4586	8149	0	0	1	17	3204	2545	2581
1477	1461	14	0	8700	8021	61	1591	1664	2067
>GSC2.H14INVIVO.0.SM.D
2462	1781	1414	8392	0	0	8286	2927	1574
2473	1802	764	529	0	95	106	1100	2281
2640	4151	6553	43	51	149	234	3331	2635
1389	1230	233	0	8913	8720	338	1606	2474
>GSX1.H14INVIVO.0.SM.D
2375	221	0	8378	8383	0	1050	3828	1237
1945	3084	0	5	0	0	434	1148	2930
2183	1108	0	0	0	0	2487	2653	2484
1880	3970	8383	0	0	8383	4412	754	1732
>GSX2.H14INVIVO.0.SM.D
2123	1652	2633	47	0	8821	8821	0	77	4885	1566	1758
2196	3803	2204	5137	0	0	0	0	92	55	3136	2507
2375	1795	3463	429	0	0	0	0	1956	3711	2805	2501
2127	1571	521	3208	8821	0	0	8821	6696	170	1314	2055
>GTD2A.H14INVIVO.0.PS.A
360	648	9	0	7	377	239	3510	1040	2702
59	5112	0	0	0	5946	5544	149	2009	493
5797	475	6453	6469	6483	0	642	2674	1621	2788
274	255	28	21	0	167	65	157	1820	507
>HAND1.H14INVIVO.0.P.B
241	113	141	42	10	8	5	9	255	194	237	201	55	202	15	36	588
123	205	198	406	975	17	10	221	225	232	185	264	379	274	50	862	159
453	513	536	78	10	3	979	625	173	121	143	237	99	396	84	40	25
188	174	130	479	10	977	11	150	352	458	440	303	472	133	856	67	233
>HAND1.H14INVIVO.1.P.B
324	115	40	21	8	1	0	1	213	176	162
40	72	171	506	985	2	0	117	347	216	128
482	689	730	27	2	4	999	760	81	101	205
155	125	60	447	6	994	2	123	360	508	506
>HAND2.H14INVIVO.0.P.B
155	230	116	213	30	15	10	4	6	251	179	309	178	57	241	21	27	607
264	182	310	180	346	987	4	0	246	216	284	120	243	356	240	43	905	116
438	430	421	483	142	10	2	1006	601	184	123	78	276	69	412	24	8	19
165	180	175	146	504	10	1006	12	169	371	436	515	325	540	129	934	82	280
>HAND2.H14INVIVO.1.P.B
187	320	112	43	28	12	2	1	3	268	255	216	58	56
286	39	117	286	480	970	1	2	107	361	277	56	275	365
392	455	631	625	45	15	0	995	840	169	97	166	383	147
135	186	140	46	447	3	997	2	50	202	371	562	284	432
>HAND2.H14INVIVO.2.S.C
90	127	244	274	0	594	0	0	0	0	0	388	122	118	104	128
228	104	174	44	594	0	594	594	0	0	559	33	295	243	197	175
107	220	22	274	0	0	0	0	0	594	16	128	68	104	75	153
169	143	154	2	0	0	0	0	594	0	19	45	109	129	218	138
>HEN1.H14INVIVO.0.S.D
1760	996	162	6304	14	96	1	31	880	255	1287	1041	1264	1506
2765	1239	6004	54	589	6209	0	24	4667	359	2122	4101	3328	2365
1187	3337	104	32	5379	184	0	6335	325	3437	961	319	631	1164
778	918	220	100	508	1	6489	100	618	2439	2120	1029	1267	1455
>HEN2.H14INVIVO.0.SM.D
2549	2070	1026	622	5135	1327	182	0	9991	0	142	0	1	1067	185	1631
1762	703	342	157	916	8517	137	9988	0	43	9653	1	0	6893	402	2681
3411	5671	6858	8214	2626	91	9372	1	0	9912	197	0	9987	1297	6864	2844
2270	1548	1766	999	1315	57	301	3	1	37	0	9991	4	735	2541	2836
>HES1.H14INVIVO.0.S.D
319	455	406	61	168	0	1221	0	0	0	0	48	130	561	150	219	73	782	126	68	60	40	184
345	182	73	33	254	1296	0	1295	0	263	0	592	796	128	257	232	1076	115	1052	116	496	94	350
318	347	226	1148	846	0	74	1	1296	0	1287	311	228	161	708	738	113	358	64	1087	139	1047	357
314	312	591	54	28	0	1	0	0	1033	9	345	142	446	181	107	34	41	54	25	601	115	405
>HES1.H14INVIVO.1.S.D
2089	2082	20	172	0	7858	0	0	1	0	786	1106	2113
1667	953	34	2383	7858	0	7858	0	3415	2	2802	3721	1968
2308	906	7788	5303	0	0	0	7858	0	7830	807	1902	1625
1794	3917	16	0	0	0	0	0	4442	26	3463	1129	2152
>HES2.H14INVIVO.0.S.D
2226	2993	2184	295	525	7	9895	0	0	30	24	616	1186	2509
2748	1324	1603	90	188	9893	1	9901	1	669	15	4925	5188	2329
2531	3039	1158	9394	9090	1	5	0	9900	1	9806	1006	1782	2832
2396	2545	4956	122	98	0	0	0	0	9201	56	3354	1745	2231
>HES5.H14INVIVO.0.SM.D
1049	2379	1372	362	488	3	6631	1	122	7	27	66	362	1717
1946	919	2187	40	129	6627	0	6617	4	327	18	2354	4465	1547
1538	1394	847	6182	6010	1	0	2	6502	4	6459	809	865	2167
2098	1939	2225	47	4	0	0	11	3	6293	127	3402	939	1200
>HES7.H14INVIVO.0.S.D
530	350	655	101	2156	0	29	124	325	337
601	279	116	2043	0	2155	2	134	159	574
404	1275	1355	12	0	0	2113	86	1434	538
621	252	30	0	0	1	12	1812	238	707
>HESX1.H14INVIVO.0.SM.D
3041	1824	773	9351	9426	0	0	9126	3797	1587	2994
1213	2102	3339	18	1	0	0	0	1362	4314	2308
1862	1818	1000	57	0	0	0	301	2964	1597	1884
3311	3683	4315	1	0	9427	9427	0	1304	1929	2241
>HESX1.H14INVIVO.1.S.D
307	408	219	178	340	332	17	0	652	652	0	0	652	295	71	157
37	62	6	29	27	7	209	127	0	0	0	0	0	62	355	183
71	13	16	45	108	138	59	0	0	0	0	0	0	233	94	153
237	169	411	400	177	175	367	525	0	0	652	652	0	62	132	159
>HEY1.H14INVIVO.0.S.D
474	214	65	1	1826	0	0	0	0	177	163	524
328	142	88	1825	0	1826	0	13	0	434	915	449
574	979	1610	0	0	0	1826	0	1824	294	370	478
450	491	63	0	0	0	0	1813	2	921	378	375
>HEY2.H14INVIVO.0.S.D
436	111	47	0	1695	0	0	0	0	0	72	491	373
348	193	86	1695	0	1695	0	0	0	347	1237	373	465
538	1124	1534	0	0	0	1695	0	1695	200	56	269	421
373	267	28	0	0	0	0	1695	0	1148	330	562	436
>HIC1.H14INVIVO.0.PSM.A
50	33	40	5	9	39	24	100	81	13
118	58	85	5	3	217	211	132	49	151
38	82	128	1	242	3	3	18	62	58
56	89	9	251	8	3	24	12	70	40
>HIC2.H14INVIVO.0.P.B
96	228	29	9	7	3	216	85
212	182	15	12	459	462	60	78
130	33	23	274	0	0	1	268
33	28	404	176	5	6	194	40
>HIF1A.H14INVIVO.0.P.B
24	40	54	35	189	0	3	0	0	82	43
30	45	51	9	5	212	0	0	0	103	112
107	89	102	55	19	1	214	0	218	10	29
57	44	11	119	5	5	1	218	0	23	34
>HIF1A.H14INVIVO.1.P.B
158	144	856	4	32	2	0	272	178	175	248	228	218	240	177	103	539	136	244
278	104	13	939	30	1	0	589	404	243	185	257	287	223	194	638	162	384	156
490	237	129	21	934	2	998	43	203	228	374	255	280	320	369	182	190	253	488
74	515	2	36	4	995	2	96	215	354	193	260	215	217	260	77	109	227	112
>HIF3A.H14INVIVO.0.P.C
154	729	1	22	7	1	245	166	153	212	189	162	200	157	82	595	90	205
123	39	949	13	2	2	545	383	244	188	264	299	264	166	717	133	465	125
296	217	1	961	3	996	74	272	265	431	286	339	301	468	154	209	242	580
427	15	49	4	988	1	136	179	338	169	261	200	235	209	47	63	203	90
>HIF3A.H14INVIVO.1.P.C
194	170	761	1	16	0	2	272
228	133	26	964	15	1	0	566
528	285	199	2	966	1	997	52
50	412	14	33	3	998	1	110
>HINFP.H14INVIVO.0.P.B
24	14	2	3	116	4	4	16	42	47	16	45	0	73	40	51	71	16	54	8
32	99	6	3	3	111	94	48	21	4	9	11	0	4	9	8	26	103	17	16
61	6	114	117	4	8	12	35	49	62	82	16	123	42	72	63	24	3	9	88
6	4	1	0	0	0	13	24	11	10	16	51	0	4	2	1	2	1	43	11
>HINFP.H14INVIVO.1.P.B
35	17	27	6	1	112	15	5	7	20	37
25	40	73	0	3	0	63	72	50	29	6
40	54	2	106	109	0	33	15	37	54	59
13	2	11	1	0	1	2	21	19	10	11
>HINFP.H14INVIVO.2.S.B
530	219	39	6	3	2487	16	104	280	530	656
1049	108	2395	1	4	0	2434	716	837	391	470
439	2079	39	2474	2481	1	15	1549	371	657	995
473	85	18	10	3	3	26	122	1003	913	370
>HLF.H14INVIVO.0.P.B
223	0	0	944	1	324	0	976	983	25
195	2	0	0	282	3	865	10	0	553
550	1	41	42	1	654	3	0	3	167
18	983	945	0	702	5	118	0	0	241
>HLF.H14INVIVO.1.SM.B
310	201	258	28	25	1302	0	253	37	1320	1265	262
301	310	176	6	0	7	1008	0	71	63	58	293
521	563	1059	77	1	195	14	1263	14	82	78	498
384	442	23	1405	1490	12	494	0	1394	51	115	463
>HM20A.H14INVIVO.0.SB.D
162	147	62	2	0	0	0	714	3	34	61	224
179	120	100	419	714	699	0	0	3	115	418	183
136	114	138	186	0	0	0	0	427	562	74	133
237	333	414	107	0	15	714	0	281	3	161	174
>HMBX1.H14INVIVO.0.PSM.A
376	404	36	7	644	7	4	84	877
108	168	695	5	3	3	7	281	8
353	368	42	12	352	990	19	91	53
163	60	227	976	1	0	970	544	62
>HME1.H14INVIVO.0.PSM.A
1918	1055	111	7091	7278	0	0	7278	1879	703	1858	1976
1551	1744	2973	56	0	0	0	0	749	3127	2141	2260
2245	2969	99	131	0	0	0	0	4342	1474	2096	1439
1564	1510	4095	0	0	7278	7278	0	308	1974	1183	1603
>HME2.H14INVIVO.0.SM.D
2190	628	6380	8931	0	0	8162	1658	997	2155
2668	4276	1258	142	9	689	364	2550	3019	2242
2119	791	1287	80	1	0	578	4305	3140	2938
2176	3458	228	0	9143	8464	49	640	1997	1818
>HMGA1.H14INVIVO.0.P.B
180	610	525	976	966	2	724	320	981	441	613
14	118	10	12	3	1	8	89	3	16	14
16	86	165	1	23	9	240	149	3	34	7
782	178	292	3	0	980	20	434	5	501	358
>HMX1.H14INVIVO.0.SM.D
779	98	16	2168	2169	0	0	12	524	279	482
454	111	117	0	0	0	73	0	778	585	599
478	71	1	1	0	691	0	2157	417	233	296
458	1889	2035	0	0	1478	2096	0	450	1072	792
>HMX2.H14INVIVO.0.SM.D
2413	951	432	8820	9309	383	0	315	1677	1195	1769
1655	565	800	0	0	51	1447	20	2610	2680	2699
2905	579	102	487	0	4707	2	8919	3551	1563	1871
2336	7214	7975	2	0	4168	7860	55	1471	3871	2970
>HMX3.H14INVIVO.0.S.D
114	217	204	2	0	674	674	0	0	0	150	56	166
212	163	247	18	2	0	0	0	10	0	281	235	210
151	211	155	2	0	0	0	161	0	674	155	85	109
197	83	68	652	672	0	0	513	664	0	88	298	189
>HNF1A.H14INVIVO.0.PS.A
342	180	23	104	980	934	51	339	784	41	7	750	795	71	228
64	35	91	70	0	49	11	0	17	14	39	47	74	702	362
387	728	66	46	15	2	1	661	48	122	0	91	90	42	66
207	57	820	780	5	15	937	0	151	823	954	112	41	185	344
>HNF1B.H14INVIVO.0.PS.A
326	163	25	133	969	941	41	397	778	63	13	699	825	71	235
78	29	83	72	2	44	12	0	14	24	40	59	83	704	361
347	733	69	35	23	3	4	603	49	113	1	137	61	39	86
249	75	823	760	6	12	943	0	159	800	946	105	31	186	318
>HNF1B.H14INVIVO.1.P.D
195	26	0	36	493	467	40	128	407	19	8
6	2	21	15	0	23	15	129	1	12	24
187	465	4	6	6	2	4	174	17	57	2
112	7	475	443	1	8	441	69	75	412	466
>HNF4A.H14INVIVO.0.PSM.A
285	446	77	152	133	6	960	929	920	4	6	48	5	711
205	37	41	44	342	920	5	7	1	5	5	658	892	70
389	430	818	392	263	7	34	53	74	982	177	66	9	106
121	87	64	412	262	67	1	11	5	9	812	228	94	113
>HNF4G.H14INVIVO.0.P.B
380	334	490	55	111	95	1	885	842	883	1	3	27	1	726
186	133	22	15	36	363	857	0	3	0	1	0	703	863	32
158	366	337	796	352	171	7	19	56	21	901	111	34	1	73
181	72	56	39	406	276	40	1	4	1	2	791	141	40	74
>HNF6.H14INVIVO.0.PM.A
155	60	989	7	4	1	992	5	3	149
205	239	4	2	221	0	0	29	342	135
235	114	0	9	1	992	1	10	15	225
398	580	0	975	767	0	0	949	633	484
>HNF6.H14INVIVO.1.S.B
1596	897	8723	3	0	0	9146	9	165	1716	2794
2250	1343	18	0	8747	0	0	236	3283	931	1871
2995	2586	303	0	0	9146	0	10	180	4834	2907
2305	4320	102	9143	399	0	0	8891	5518	1665	1574
>HNF6.H14INVIVO.2.S.B
77	134	100	92	251	0	0	0	251	0	26	56	182	5	84	81	86	38	51	59
87	49	48	0	0	0	250	0	0	0	141	8	17	21	32	58	50	55	48	52
48	28	26	10	0	0	0	251	0	0	0	175	23	10	48	82	41	55	95	73
39	40	77	149	0	251	1	0	0	251	84	12	29	215	87	30	74	103	57	67
>HNF6.H14INVIVO.3.M.B
123	44	15	341	0	0	0	341	0	0	81	260	26	70
62	87	7	0	0	0	0	0	0	81	1	31	84	89
78	112	26	0	0	0	341	0	0	0	247	40	37	58
78	98	293	0	341	341	0	0	341	260	12	10	194	124
>HOMEZ.H14INVIVO.0.S.D
3213	3287	3474	5664	0	0	0	31	570	998	1146	1210
655	605	1382	396	0	6103	0	0	5	126	894	1344
783	498	642	0	0	0	6103	152	8	172	911	1243
1452	1713	605	43	6103	0	0	5920	5520	4807	3152	2306
>HSF1.H14INVIVO.0.PSM.A
235	140	548	6	945	903	258	180	88	37	1	11	650	0	909	783
440	272	40	1	21	16	267	254	68	31	992	322	24	2	33	55
203	198	378	989	18	46	283	372	26	87	2	43	319	991	30	97
120	388	32	2	14	33	190	192	816	843	3	622	5	5	26	63
>HSF1.H14INVIVO.1.P.B
36	16	5	1	5	124	2	331	301
118	18	2	387	4	20	1	25	25
141	8	14	0	3	242	385	16	29
93	346	367	0	376	2	0	16	33
>HSF1.H14INVIVO.2.P.B
26	16	126	62	7	4	5	211	176	4	20	33	87	5	46	141
5	15	9	65	17	142	11	5	11	183	192	169	17	67	24	62
197	205	77	28	17	46	214	15	38	52	9	19	106	161	170	11
12	4	28	85	199	48	10	9	15	1	19	19	30	7	0	26
>HSF2.H14INVIVO.0.PSM.A
380	3	609	575	169	159	55	33	3	8	443	4	572	509
26	6	18	19	173	160	58	18	647	217	19	2	29	55
227	642	12	31	189	203	24	59	5	27	190	641	35	63
23	5	17	31	125	134	519	546	1	404	4	9	20	29
>HSF4.H14INVIVO.0.SM.D
430	417	179	1105	17	2098	2123	144	768	81	69	4	3	1825	3	1983	1842	293	598
558	1202	394	463	24	100	32	1056	322	48	5	2313	323	167	9	136	115	809	522
618	474	416	716	2254	32	66	334	1118	26	84	0	141	324	2305	71	124	546	811
711	224	1328	33	22	87	96	783	109	2162	2159	0	1850	1	0	127	236	669	386
>HSF5.H14INVIVO.0.M.D
1566	806	5746	6872	47	6997	0	0	0	0	5078	2149
2426	3260	700	112	7981	0	0	0	8117	4651	43	1686
1985	2218	679	1112	65	1120	0	0	0	2	2939	1460
2140	1833	992	21	24	0	8117	8117	0	3464	57	2822
>HSF5.H14INVIVO.1.S.D
1690	1012	4629	6658	54	1759	0	0	5	17	7035	3140
2725	3495	1789	269	8657	9	1	0	8962	3220	446	1757
2197	2115	835	1810	69	7200	0	0	1	2590	1098	1272
2356	2346	1715	231	188	0	8967	8968	0	3141	389	2799
>HSFY1.H14INVIVO.0.S.D
2821	3559	383	3264	0	0	0	0	8448	7393	3334	2318
1755	1023	7081	11	0	0	8508	87	1	135	1332	2452
1457	2557	577	5233	1	0	0	8090	15	73	905	1694
2475	1369	467	0	8507	8508	0	331	44	907	2937	2044
>HSFY1.H14INVIVO.1.S.D
2962	1007	3584	154	68	11	12	9477	7962	4819	940	2996	325	309	161	442	7393	4141
2005	6818	457	225	15	9950	520	54	198	1353	6435	349	583	418	9148	1413	673	1913
3481	1451	5857	51	17	18	8827	113	62	1010	1830	6245	310	306	482	6269	668	797
1536	708	86	9554	9884	5	625	340	1762	2802	779	394	8766	8951	193	1860	1250	3133
>HSFY1.H14INVIVO.2.M.D
732	235	1210	45	46	29	14	1936	1403	952	265	1042	159	171	144	185	1483	790	611
448	1610	105	130	51	2373	826	151	237	414	1567	204	211	199	1984	814	281	590	611
876	344	1118	10	66	44	802	84	78	372	396	1052	100	171	202	575	241	173	518
411	278	34	2282	2304	21	825	296	749	729	239	169	1997	1926	137	893	462	914	727
>HTF4.H14INVIVO.0.PSM.A
369	207	467	155	4	996	4	63	2	1	31
134	368	119	248	991	0	3	475	2	5	330
351	330	246	588	4	1	990	456	10	989	278
146	95	168	9	1	3	3	6	986	5	361
>HXA1.H14INVIVO.0.SM.D
2020	2001	1520	183	0	9142	9142	0	1	7605	1043	1832
1819	3429	2760	3680	0	0	0	220	1017	5	3315	2742
2455	2353	4655	1954	0	0	0	0	2606	1522	2707	2392
2848	1359	207	3325	9142	0	0	8922	5518	10	2077	2176
>HXA1.H14INVIVO.1.S.D
664	436	795	1064	487	331	793	363	42	0	1693	1696	0	0	1608	433	396
230	120	68	82	135	358	334	598	728	2	0	0	0	29	0	639	530
188	77	144	158	172	313	329	652	408	0	3	0	0	6	88	557	307
614	1063	689	392	902	694	240	83	518	1694	0	0	1696	1661	0	67	463
>HXA10.H14INVIVO.0.S.D
1876	463	4	3938	8626	0	0	5948	354	1891
1344	145	2	2	0	2246	44	59	4581	2656
1505	521	44	35	31	1	6418	2350	2068	2156
3932	7528	8607	4682	0	6410	2195	300	1654	1954
>HXA10.H14INVIVO.1.M.D
465	235	24	842	2176	1	0	2140	5	305	488
382	29	8	6	0	1793	4	5	1335	960	534
397	124	5	0	0	0	2148	28	217	543	333
932	1788	2139	1328	0	382	24	3	619	368	821
>HXA11.H14INVIVO.0.PS.A
98	3	3	204	935	11	82	398	23	96	144	146	181	178
64	10	6	17	30	54	10	21	457	416	229	195	252	209
76	7	4	21	8	43	639	494	342	157	68	276	144	127
742	960	967	738	7	872	249	67	158	311	539	363	403	466
>HXA11.H14INVIVO.1.SM.B
3336	1613	349	67	1396	9575	1	24	9327	60	1331	2262
1666	977	109	41	12	1	8949	5	61	6533	4769	1720
2393	1119	267	25	5	0	7	9490	124	962	1636	1387
2182	5868	8852	9444	8164	1	620	58	65	2022	1841	4208
>HXA13.H14INVIVO.0.P.B
540	299	34	0	5	101	1005	1	41	522	16
66	71	10	0	0	0	0	105	0	0	112
157	215	40	0	1	0	0	1	437	474	873
243	421	922	1006	1000	905	1	899	528	10	5
>HXA13.H14INVIVO.1.SM.B
2210	1634	277	113	864	8689	0	84	8495	52	1582	1773
1675	862	46	11	21	0	7522	2	36	695	3233	1896
2790	1873	280	15	8	0	0	8559	118	7338	2662	2155
2018	4324	8090	8554	7800	4	1171	48	44	608	1216	2869
>HXA2.H14INVIVO.0.SM.D
1862	1341	2175	205	0	8198	8198	0	0	7558	420	1310	1792
2556	4106	2721	5450	0	0	0	0	92	8	5246	3297	2736
1905	1458	2996	600	0	0	0	0	1784	612	1775	2470	1753
1875	1293	306	1943	8198	0	0	8198	6322	20	757	1121	1917
>HXA4.H14INVIVO.0.SM.D
2585	1992	2371	439	10	9562	9562	0	10	7011	1103	1606
2337	3814	2436	3497	13	0	0	926	106	163	3193	2922
2497	1989	4179	951	0	0	0	1	6180	2130	2075	2799
2143	1767	576	4675	9539	0	0	8635	3266	258	3191	2235
>HXA5.H14INVIVO.0.SM.D
3005	1916	2103	426	0	9703	9703	0	23	6016	973	2114
1931	3817	3117	3891	1	0	0	42	303	242	4578	2818
2337	1950	4118	1852	2	0	0	0	4778	3072	2229	2513
2430	2020	365	3534	9700	0	0	9661	4599	373	1923	2258
>HXA6.H14INVIVO.0.SM.D
2282	3165	1029	6	9530	9530	0	75	4910	696	1528	2404
3019	2268	1817	8	0	0	166	152	81	5144	3637	2678
2098	2975	1506	0	0	0	0	4758	4249	2293	2083	2011
2131	1122	5178	9516	0	0	9364	4545	290	1397	2282	2437
>HXA7.H14INVIVO.0.SM.D
2472	1858	2275	930	10	9116	9116	0	82	4103	771	1535	2290
2051	3539	2792	2426	17	0	0	179	174	171	4587	3398	2439
2546	1938	3315	1961	0	0	0	0	5135	4454	2147	2234	1933
2047	1781	734	3799	9089	0	0	8937	3725	388	1611	1949	2454
>HXA9.H14INVIVO.0.P.B
404	221	150	827	28	26	79	973	10	145	296	76
132	18	17	25	15	10	80	14	112	8	49	522
273	79	771	18	49	48	169	13	21	572	512	209
191	682	62	130	908	916	672	0	857	275	143	193
>HXA9.H14INVIVO.1.SM.B
1907	753	24	6467	8730	0	7	5218	202	1448	2181
2450	244	1	0	0	3681	12	42	4633	3324	2371
2865	1763	0	4	0	0	8306	3028	2035	2610	2073
1508	5970	8705	2259	0	5049	405	442	1860	1348	2105
>HXA9.H14INVIVO.2.P.B
296	358	4	15	88	819	2	75	195	20	106	176
130	118	12	20	52	20	30	2	15	547	327	127
357	118	7	18	57	159	9	678	696	142	42	242
217	406	977	947	803	2	959	245	94	291	525	455
>HXB1.H14INVIVO.0.SM.D
1683	1517	1559	8	0	7459	7459	0	0	5798	1161	1696
1716	2515	2270	3155	0	0	0	0	1020	24	3130	1915
1757	2169	3416	1536	0	0	0	0	841	1609	2182	1801
2303	1258	214	2760	7459	0	0	7459	5598	28	986	2047
>HXB13.H14INVIVO.0.PS.A
118	2	5	67	982	7	216	322	65	234	226
83	3	8	49	6	109	5	7	259	355	264
107	4	4	12	10	10	316	630	577	194	93
694	993	985	874	4	876	465	43	101	219	419
>HXB13.H14INVIVO.1.SM.B
2070	1417	85	29	447	7712	0	53	7496	32	1146	1574
1289	608	24	7	3	0	7027	2	35	459	2585	1701
2795	2032	132	9	1	0	0	7603	148	6859	3021	2108
1558	3655	7471	7667	7261	0	685	54	33	362	960	2329
>HXB2.H14INVIVO.0.SM.D
2192	1478	2175	92	0	8768	8768	0	3	6547	739	1621
2212	3845	2301	5010	0	0	0	1	181	140	4186	2570
2387	1973	3923	810	0	0	0	1	4089	1893	2455	2657
1977	1472	369	2856	8768	0	0	8766	4495	188	1388	1920
>HXB3.H14INVIVO.0.S.D
2919	960	58	9605	9604	0	274	4176	2168
2232	3855	82	0	0	52	504	1334	2541
2694	1540	107	0	1	10	4501	2458	2185
1760	3250	9358	0	0	9543	4326	1637	2711
>HXB4.H14INVIVO.0.P.B
91	218	934	18	156	419	720	44	101
7	9	48	166	9	22	270	39	81
25	760	14	60	300	511	5	32	613
877	13	4	756	535	48	5	885	205
>HXB4.H14INVIVO.1.PSM.A
648	28	146	682	1000	0	41	462	15
134	327	11	7	0	25	69	6	691
163	64	117	295	0	0	664	474	262
55	581	726	16	0	975	226	58	32
>HXB5.H14INVIVO.0.SM.D
1908	2427	316	0	9369	9369	0	17	5756	931	1851
3457	2313	3598	0	0	0	69	123	141	4018	2658
1945	4050	1269	0	0	0	0	4609	3185	2766	2643
2059	579	4186	9369	0	0	9300	4620	287	1654	2217
>HXB6.H14INVIVO.0.SM.D
1754	1151	2026	619	0	6765	6765	0	2	4460	90	838	1817
1643	3047	1483	1148	1	0	0	1741	0	3	4255	2813	1650
1541	1036	2681	224	0	0	0	0	4161	2283	1351	1466	1266
1827	1531	575	4774	6764	0	0	5024	2602	19	1069	1648	2032
>HXB7.H14INVIVO.0.P.C
110	30	10	198	4	17	4	194	1	24	57	20	39	37
27	3	2	4	20	4	41	7	0	10	7	101	66	43
48	12	195	3	5	55	150	8	12	116	119	63	29	43
25	165	3	5	181	134	15	1	197	60	27	26	76	87
>HXB7.H14INVIVO.1.SM.B
83	49	197	0	0	319	319	0	0	256	33	28	68
101	239	40	40	0	0	0	0	0	0	241	142	78
42	21	79	7	0	0	0	0	79	61	33	102	64
93	10	3	272	319	0	0	319	240	2	12	47	109
>HXB8.H14INVIVO.0.PSM.A
185	76	81	676	922	6	32	210	102	331
281	142	28	27	15	4	3	22	744	193
108	26	98	30	52	16	736	735	104	5
419	749	786	260	4	967	222	26	43	464
>HXB9.H14INVIVO.0.S.D
1518	186	0	3395	8055	0	2	4419	419	1555
1516	169	5	0	0	2472	29	260	4404	2761
1678	860	15	28	0	23	6619	3012	1789	2143
3343	6840	8035	4632	0	5560	1405	364	1443	1596
>HXB9.H14INVIVO.1.M.D
1612	736	16	3090	6950	0	0	5953	73	1206	1698
1550	268	58	21	0	5340	2	123	3941	2422	1485
1443	699	55	26	1	11	6944	614	807	2237	1281
2346	5248	6822	3814	0	1600	5	261	2130	1086	2487
>HXC10.H14INVIVO.0.P.B
154	80	940	83	64	28	967	19	184	319	157
4	5	17	21	7	42	10	138	35	57	444
54	884	16	51	52	125	36	38	563	551	249
814	57	53	871	903	831	13	831	244	99	176
>HXC10.H14INVIVO.1.S.B
710	581	511	525	147	11	1312	2436	5	0	1486	41	319	418	473
649	735	727	345	32	2	2	0	470	9	8	1149	794	515	636
538	531	529	355	150	3	7	0	1	2250	861	896	651	554	474
540	590	670	1212	2108	2421	1116	1	1961	178	82	351	673	950	854
>HXC10.H14INVIVO.2.SM.B
2319	1543	268	12	857	8890	1	1	8703	13	1068	1821
1999	833	29	6	0	0	7526	4	11	5664	4599	1902
2851	1209	131	4	0	0	0	8633	149	959	1908	1660
1724	5308	8465	8871	8036	3	1366	255	30	2257	1318	3510
>HXC11.H14INVIVO.0.SM.D
2033	723	104	2910	9376	0	10	8889	53	1521	1953
1812	258	58	15	0	8496	12	105	5637	3784	2500
1884	731	29	1	1	0	9287	204	981	2494	1653
3648	7665	9186	6451	0	881	68	179	2706	1578	3271
>HXC11.H14INVIVO.1.S.D
1894	873	194	4513	8778	325	96	5090	649	1587
1684	405	32	0	0	3278	441	555	2755	2348
1671	714	180	29	31	0	7161	2014	2908	2359
3560	6817	8403	4267	0	5206	1111	1150	2497	2515
>HXC12.H14INVIVO.0.SM.D
376	178	67	4	103	1598	0	2	1502	16	207
355	149	4	0	0	0	1321	34	7	803	566
403	271	11	0	0	0	0	1487	86	410	411
464	1000	1516	1594	1495	0	277	75	3	369	414
>HXC13.H14INVIVO.0.SM.D
2156	1568	180	93	650	9143	0	69	8966	37	1570	1840
1842	875	39	4	5	1	8035	1	27	678	3507	2177
3223	2059	187	2	2	0	1	9027	120	7905	2949	2391
1924	4643	8739	9046	8488	1	1109	48	32	525	1119	2737
>HXC4.H14INVIVO.0.SM.D
3225	1718	2434	401	0	9636	9636	0	3	8584	597	1490	2272
2077	4318	2516	3988	0	0	0	220	6	10	4375	3734	2741
2113	1786	4328	276	0	0	0	0	5098	1039	1748	2569	2199
2221	1814	358	4971	9636	0	0	9416	4529	3	2916	1843	2424
>HXC8.H14INVIVO.0.SM.D
2063	1828	2818	1070	10	9037	9037	1	33	5991	289	1424	2417
2473	4214	2667	1267	2	0	0	2266	8	24	5826	3712	2349
2268	1329	2739	879	0	0	0	0	5743	2903	1751	2323	1758
2233	1666	813	5821	9025	0	0	6770	3253	119	1171	1578	2513
>HXC9.H14INVIVO.0.P.B
258	179	830	45	34	49	968	30	192	172	97	178
15	21	36	6	6	53	5	205	21	60	538	400
127	697	24	17	6	43	17	34	483	672	174	153
593	96	103	925	947	848	3	724	297	89	184	262
>HXC9.H14INVIVO.1.S.C
2768	1892	399	20	3171	9246	3	19	6064	175	1296	1991
2052	1150	31	3	0	0	3420	36	43	5577	3786	2207
2391	1419	224	2	2	0	3	7910	2858	1713	1871	2093
2035	4785	8592	9221	6073	0	5820	1281	281	1781	2293	2955
>HXC9.H14INVIVO.2.M.C
2103	1407	325	12	1885	7484	0	0	7120	8	996	1443	1762
1970	1225	21	4	0	0	5864	0	2	5397	3423	1914	2208
1811	1155	135	2	1	0	0	7428	330	687	1865	1392	1562
1600	3697	7003	7466	5598	0	1620	56	32	1392	1200	2735	1952
>HXD1.H14INVIVO.0.SM.D
639	653	931	3	1	2442	2447	0	0	2232	92	460	567
519	902	614	1080	45	0	0	0	16	0	1408	976	607
549	650	892	385	0	5	0	0	25	213	815	661	431
740	242	10	979	2401	0	0	2447	2406	2	132	350	842
>HXD10.H14INVIVO.0.SM.D
1848	1911	322	19	2599	8067	1	1	7064	81	1146	1726
2434	1079	82	5	3	0	5247	15	70	4571	3795	2050
2294	1771	326	4	2	0	2	7437	831	1167	1954	1773
1491	3306	7337	8039	5463	0	2817	614	102	2248	1172	2518
>HXD11.H14INVIVO.0.PS.A
448	256	289	9	16	472	964	6	38	397	108	88	93
61	70	153	38	30	54	17	52	11	17	346	484	500
219	565	261	58	10	56	15	21	812	517	381	266	133
272	109	297	895	944	418	4	921	139	69	165	162	274
>HXD11.H14INVIVO.1.SM.B
2201	2206	2881	3251	2560	5322	6294	5117	3556	1853	494	121	2400	9787	18	65	8678	92	1578	2119
2887	3591	3337	1057	765	1001	1321	1800	1831	1301	110	29	13	8	7419	41	120	5388	4278	2270
2433	1470	1645	2166	713	792	799	1184	1998	1414	359	11	33	2	13	9407	780	1921	2185	2154
2287	2541	1945	3334	5770	2693	1394	1707	2423	5240	8845	9647	7362	11	2358	295	230	2407	1767	3265
>HXD12.H14INVIVO.0.SM.D
2018	968	218	2513	7191	0	7	6665	75	880	1762
1438	258	110	6	0	5613	103	103	3505	2850	1691
1781	630	51	28	0	0	6387	359	1654	2222	1765
1954	5335	6812	4644	0	1578	694	64	1957	1239	1973
>HXD13.H14INVIVO.0.PS.A
218	88	2	1	113	976	22	207	347	129	138	200
174	95	3	1	37	13	82	6	2	218	399	333
362	154	8	2	8	6	3	467	551	602	275	123
246	663	987	996	842	5	893	320	100	51	188	344
>HXD13.H14INVIVO.1.SM.B
2049	1433	248	92	906	8318	0	249	7523	224	1602
1589	875	47	24	48	0	6632	10	77	993	2692
2738	1923	298	22	6	0	1	7841	658	6407	2757
1942	4087	7725	8180	7358	0	1685	218	60	694	1267
>HXD3.H14INVIVO.0.SM.D
2135	966	2241	43	0	8662	8662	0	0	7937	317	1223	1540
2016	4865	1943	6967	0	0	0	18	6	4	5432	4175	3257
2481	1323	4313	147	0	0	0	0	1951	709	2369	2107	1605
2030	1508	165	1505	8662	0	0	8644	6705	12	544	1157	2260
>HXD4.H14INVIVO.0.SM.D
2389	1930	2177	371	2	9383	9383	0	3	6632	1086	1774
2152	3726	2471	3692	4	0	0	870	136	171	3433	2748
2473	2014	4298	1061	1	0	0	0	6304	2353	1997	2853
2369	1713	437	4259	9376	0	0	8513	2940	227	2867	2008
>HXD8.H14INVIVO.0.SM.D
1934	2443	1221	1	9480	9480	0	16	3286	1071	2102
3250	2699	1319	12	0	0	68	79	333	4684	2850
2021	3337	1838	5	0	0	0	5843	5027	2218	2188
2275	1001	5102	9462	0	0	9412	3542	834	1507	2340
>HXD9.H14INVIVO.0.SM.D
615	513	278	19	0	272	2002	0	0	1903	0	230	491
602	457	163	1	0	0	0	1504	0	0	1507	1140	450
404	663	218	3	0	0	0	0	1981	98	216	295	395
381	369	1343	1979	2002	1730	0	498	21	1	279	337	666
>IRF1.H14INVIVO.0.P.B
395	439	166	171	77	655	665	659	27	95	16	648	647	658	14	88	276	307	242
107	64	180	130	11	5	4	6	267	120	5	3	8	5	259	251	107	105	139
88	75	217	121	589	19	9	6	379	15	657	27	11	17	402	39	231	204	174
91	103	118	259	4	2	3	10	8	451	3	3	15	1	6	303	67	65	126
>IRF2.H14INVIVO.0.PSM.A
847	370	88	40	1534	1498	1618	50	7	2	1620	1573	1618	38	132	481	567
215	380	1032	49	13	3	0	517	1086	0	0	1	0	695	573	163	384
249	556	147	1501	66	1	1	1010	20	1622	3	2	2	862	202	829	371
313	318	357	34	11	122	5	47	511	0	1	48	4	29	717	151	302
>IRF3.H14INVIVO.0.PS.A
1570	648	1217	4231	4770	4933	1383	266	7	5603	5551	5491	370	765	957	3914	3627	3763	1264
1473	1301	375	241	180	274	2306	1977	2	25	0	64	3582	2129	268	665	469	780	2259
1530	3161	3881	928	391	145	1440	3016	5817	122	24	44	1574	1471	4223	749	706	590	1338
1253	716	353	426	485	474	697	567	0	76	251	227	300	1461	378	498	1024	693	965
>IRF3.H14INVIVO.1.SM.B
258	371	218	134	386	78	49	85	121	123	234	325	48	12	1255	1267	1288	0	77	62	983	899	976	250	220
198	163	118	941	212	98	59	22	45	1090	665	363	540	1	1	0	2	1213	827	10	167	173	210	567	402
442	174	462	51	590	1071	81	94	50	35	352	418	665	1290	43	5	6	86	176	1209	76	115	54	330	320
407	597	507	179	117	58	1116	1104	1089	57	54	199	52	2	6	33	9	6	225	24	79	118	65	158	363
>IRF4.H14INVIVO.0.P.B
438	583	700	563	243	552	182	21	985	963	52	46	27	882	712	919	153	185
133	74	57	52	113	101	2	7	2	3	443	54	3	5	27	35	478	330
298	165	90	116	578	324	809	969	10	3	481	4	964	104	234	20	336	67
131	178	153	269	66	23	7	3	3	31	24	896	6	9	27	26	33	418
>IRF4.H14INVIVO.1.S.B
1536	1510	3431	4264	5365	1109	288	55	7824	7485	7357	429	913	2633
3070	1798	1712	1362	970	4906	6107	120	129	56	335	6491	3434	2146
1913	3791	1980	924	532	988	295	7820	57	108	160	786	588	1762
1528	948	924	1497	1180	1044	1357	52	37	398	195	341	3112	1506
>IRF4.H14INVIVO.2.SM.B
1774	624	1258	5228	4800	6947	208	27	12	7189	6690	7251	132	477	2887	2374
2252	2984	572	580	108	94	4993	2703	0	51	1	1	6075	2746	703	1626
1658	702	5081	1172	294	11	1946	18	7241	13	52	1	964	198	2870	1849
1569	2943	342	273	2051	201	106	4505	0	0	510	0	82	3832	793	1404
>IRF5.H14INVIVO.0.SM.B
4010	1895	1055	1062	6720	6141	8541	481	149	105	9812	8526	9826	58	538	3883	3885
2360	3105	4739	1036	1086	1194	407	7367	7981	3	12	2	6	9153	3987	1297	2097
2323	3017	874	6294	792	919	654	1654	6	9728	15	166	2	590	264	3557	2157
1148	1824	3173	1449	1243	1587	239	339	1705	5	2	1147	7	40	5052	1104	1702
>IRF5.H14INVIVO.1.S.B
2151	3204	1372	266	0	7010	6513	5373	755	1274	1978
1721	1395	2502	4534	0	0	0	597	4181	2175	1721
1782	1179	2475	1765	7010	0	53	392	1483	1297	1683
1356	1232	661	445	0	0	444	648	591	2264	1628
>IRF6.H14INVIVO.0.SM.D
2674	4600	738	17	0	8044	5572	8044	0	146	2234
2213	1488	5091	7973	0	0	0	0	8044	3112	1894
1208	1130	875	0	8044	0	0	0	0	197	2621
1949	826	1340	54	0	0	2472	0	0	4589	1295
>IRF6.H14INVIVO.1.S.D
300	492	202	80	99	928	656	1126	1	3	1	1142	827	1142	0	36	359
341	361	480	831	121	84	101	12	1090	1116	0	0	0	0	1135	442	300
190	186	291	63	868	82	20	3	14	1	1141	0	0	0	7	41	306
311	103	169	168	54	48	365	1	37	22	0	0	315	0	0	623	177
>IRF7.H14INVIVO.0.S.D
2123	595	4782	7103	7117	2592	62	0	7773	7393	6831	3347	289	1739
2486	4456	658	156	300	2370	7628	0	6	4	39	1057	1703	3491
1866	977	2025	148	65	1101	54	7780	0	42	37	1323	329	1586
1305	1752	315	373	298	1717	36	0	1	341	873	2053	5459	964
>IRF7.H14INVIVO.1.SM.D
1531	4172	6237	6351	2554	139	26	8887	8910	8754	2659	222	598	5809	6805	6411	2499	1280	2305
3358	1425	506	969	2783	8148	31	52	24	27	2366	5187	1807	477	643	792	2237	2750	1914
2200	2575	735	296	1446	161	8849	3	6	0	3238	222	5881	1966	511	401	2325	1063	2326
1861	778	1472	1334	2167	502	44	8	10	169	687	3319	664	698	991	1346	1889	3857	2405
>IRF8.H14INVIVO.0.P.B
373	547	647	593	228	539	170	50	1003	993	77	69	14	782	546	738	171	170	327
171	94	76	25	124	111	0	1	3	2	289	64	1	8	53	135	412	329	165
338	206	130	156	625	333	838	959	2	5	638	14	993	186	352	84	366	123	265
128	163	157	236	33	27	2	0	2	10	6	863	2	34	59	53	61	388	253
>IRF8.H14INVIVO.1.SM.B
5418	2740	917	305	9441	9386	9801	79	45	126	9633	9138	9737	177	678	4113	3496
1382	2399	3880	140	208	55	59	7040	3492	2	212	33	101	7671	3132	1080	2348
1018	2786	744	9445	216	100	11	2827	45	9860	79	213	32	1976	294	3515	2086
2175	2068	4452	103	128	452	122	47	6411	5	69	609	123	169	5889	1285	2063
>IRF8.H14INVIVO.2.SM.B
1969	5762	6678	8443	1454	141	82	9779	9621	9768	109	550	4219	3716
1523	1143	785	419	4509	7877	32	55	31	41	8347	3150	1219	2417
5379	2137	1075	216	1910	69	9774	34	35	30	1370	171	3267	2145
1049	878	1382	842	2047	1833	32	52	233	81	94	6049	1215	1642
>IRF9.H14INVIVO.0.PSM.A
307	175	778	988	934	336	252	52	930	983	988	33	77
83	3	8	1	16	304	184	2	3	0	0	608	270
504	789	206	4	20	208	88	935	50	7	2	348	16
100	27	2	1	24	146	470	5	11	4	4	5	631
>IRX1.H14INVIVO.0.S.D
2298	116	5725	0	0	0	4319	2843	1931
1611	6169	0	0	0	0	494	2751	1920
2060	1104	81	0	7594	0	1	1363	1633
1625	205	1788	7594	0	7594	2780	637	2110
>IRX2.H14INVIVO.0.S.D
2206	511	3737	6682	0	6682	63	0	1901	1619
1393	1161	0	0	6682	0	0	0	1262	1901
1422	2086	108	0	0	0	0	6682	835	1054
1661	2924	2837	0	0	0	6619	0	2684	2108
>IRX3.H14INVIVO.0.M.D
509	784	1	580	0	0	0	905	1321	341	346
387	52	1034	0	1362	0	0	0	145	701	405
253	286	51	843	0	1473	0	0	7	229	493
324	351	387	50	111	0	1473	568	0	202	229
>IRX3.H14INVIVO.1.S.D
2426	1000	6038	22	3	9	3917	3057
1619	6141	113	5	4	33	756	2939
3150	1535	1849	63	9757	52	161	2205
2581	1100	1776	9686	12	9682	4942	1575
>IRX3.H14INVIVO.2.S.D
495	884	2027	195	2028	714	318	897	1038	1269	1143	1168	1434	20	2095	1	1	15	1427	1173	740
419	129	167	2029	143	410	354	483	371	238	255	289	153	2164	0	2	0	12	308	677	549
665	412	103	98	96	161	1571	584	445	372	331	323	339	113	207	3	2421	7	6	354	363
843	997	125	100	155	1137	179	458	568	543	693	642	496	125	120	2416	0	2388	681	218	770
>IRX5.H14INVIVO.0.M.D
392	844	0	433	0	0	0	725	999	328	360
360	67	1332	0	1107	0	0	40	363	691	340
255	250	0	942	0	1393	0	0	31	266	450
386	232	61	18	286	0	1393	628	0	108	243
>IRX5.H14INVIVO.1.SM.D
2297	421	5295	1	0	1	3613	3188
1682	7196	20	6	0	59	1272	2733
2703	1279	1004	0	9539	0	130	1951
2857	643	3220	9532	0	9479	4524	1667
>ISL1.H14INVIVO.0.PSM.A
2363	1643	2808	486	26	9834	9840	0	11	1804	3061	2531
2028	4010	2215	3837	4	0	0	2	56	1028	3423	2441
2786	2024	4058	1279	10	6	0	2782	4730	6696	2393	2036
2663	2163	759	4238	9800	0	0	7056	5043	312	963	2832
>ISL2.H14INVIVO.0.SM.D
1955	2863	556	109	9713	9712	0	17	1600	2394	2440
3607	2299	3429	4	0	1	0	3	669	4243	2521
2311	3617	1468	35	0	0	4277	3270	7333	2210	2079
1840	934	4260	9565	0	0	5436	6423	111	866	2673
>ISX.H14INVIVO.0.SM.D
1944	1707	245	0	7723	7723	0	0	2816	1403	1498	1411
1799	1316	2801	2	0	0	0	0	0	861	1643	1616
2353	3623	1979	0	0	0	0	0	4907	5030	1939	1637
1627	1077	2698	7721	0	0	7723	7723	0	429	2643	3059
>ISX.H14INVIVO.1.S.D
1454	1222	358	0	4776	4776	0	0	3861	1118	2825	301	1054	4139	2200	783	1346
1167	633	2228	114	0	0	0	0	0	178	934	640	322	184	564	1237	672
1151	2605	693	1	0	0	0	0	915	3474	408	330	141	82	705	472	774
1004	316	1497	4661	0	0	4776	4776	0	6	609	3505	3259	371	1307	2284	1984
>ISX.H14INVIVO.2.SM.D
295	341	102	22	425	450	6	0	697	697	0	0	579	128	102	163	205
99	97	103	145	141	60	203	22	0	0	0	0	0	76	324	206	144
135	136	165	108	104	184	17	0	0	0	0	0	118	493	133	228	115
168	123	327	422	27	3	471	675	0	0	697	697	0	0	138	100	233
>ITF2.H14INVIVO.0.S.B
80	24	146	23	18	18	17	0	270	0	0	0	0	0	37	60
61	143	15	19	10	88	2	270	0	114	114	0	0	86	32	62
80	58	66	142	177	1	251	0	0	156	156	0	270	11	72	60
49	45	43	86	65	163	0	0	0	0	0	270	0	173	129	88
>ITF2.H14INVIVO.1.PSM.A
169	15	967	32	168	115	12	85
269	912	6	9	366	15	11	245
475	66	9	946	434	22	897	310
88	8	19	14	33	849	81	361
>JDP2.H14INVIVO.0.SM.D
1651	1980	442	628	6761	0	0	7039	0	285	5	1923	5503	390
1986	1414	2212	607	24	0	0	0	6893	4	1509	5082	352	2953
2001	2540	1124	5263	254	0	7039	0	12	5263	0	27	144	730
1401	1105	3261	541	0	7039	0	0	134	1487	5525	7	1040	2966
>JERKY.H14INVIVO.0.PSGB.A
69	11	0	6	221	92	78	83	384	184	38	15	128	31	319	272
270	347	228	477	63	129	115	117	21	56	428	440	3	32	77	77
64	4	13	2	160	203	88	5	12	24	19	6	369	409	65	89
97	138	259	15	56	76	219	295	83	236	15	39	0	28	39	62
>JUN.H14INVIVO.0.P.B
111	168	302	1	17	635	23	0	2	664	5	95
132	131	105	1	0	20	0	0	662	0	266	307
280	265	213	16	642	2	641	0	0	0	75	120
141	100	44	646	5	7	0	664	0	0	318	142
>JUN.H14INVIVO.1.S.C
19	25	103	5	2	125	0	0	0	1	136	0	3	25	12	30
36	40	13	1	5	4	140	10	0	133	4	21	116	68	50	34
50	56	22	0	105	11	0	130	0	0	0	1	13	29	11	35
35	19	2	134	28	0	0	0	140	6	0	118	8	18	67	41
>JUNB.H14INVIVO.0.PM.A
440	11	9	948	174	16	41	991	42	266
239	3	21	23	0	11	951	2	360	351
270	10	887	11	828	13	5	7	165	140
53	978	85	20	0	962	5	2	435	245
>JUNB.H14INVIVO.1.S.C
120	399	14	3	534	0	1	0	8	548	2	26	138	88	75
134	44	15	16	7	555	3	1	545	7	151	411	176	210	176
152	101	7	479	15	0	552	0	0	1	2	71	177	74	143
150	12	520	58	0	1	0	555	3	0	401	48	65	184	162
>JUND.H14INVIVO.0.PM.A
173	292	441	1	3	983	45	4	9	994	5	182
202	170	180	4	3	2	0	6	987	0	422	430
464	379	370	3	970	2	955	3	2	2	143	144
161	159	9	992	24	13	0	987	2	4	430	244
>JUND.H14INVIVO.1.SM.B
1616	398	867	1556	16	0	106	3767	34	392	933
465	640	50	2291	553	0	3187	80	1258	1805	1241
897	210	2767	0	3278	0	0	0	57	1050	820
869	2599	163	0	0	3847	554	0	2498	600	853
>KAISO.H14INVIVO.0.P.B
106	297	102	19	98	14	21	905	6	803	293
265	540	222	961	7	955	3	6	15	55	176
116	113	131	7	886	10	971	82	964	116	306
512	49	544	12	8	20	4	6	14	25	224
>KAISO.H14INVIVO.1.P.B
15	86	106	69	7	48	3	1	3	0	2	167	6	160	76
88	22	17	52	30	121	20	177	0	175	2	3	4	2	25
59	56	53	35	7	9	5	0	175	0	174	7	156	14	44
16	14	2	22	134	0	150	0	0	3	0	1	12	2	33
>KDM2A.H14INVIVO.0.PSGB.A
64	25	42	118	21	16	19	13	37	36	7	13	48	20	16	36	26	16	11	5	26
267	127	353	118	145	332	122	299	239	195	252	397	128	168	407	124	151	424	7	273	393
37	233	77	87	247	28	81	72	105	134	196	49	148	232	20	159	241	26	16	140	7
132	115	28	177	87	124	278	116	119	135	45	41	176	80	57	181	82	34	466	82	74
>KLF1.H14INVIVO.0.P.B
302	454	9	10	9	88	7	38	108	41	61	97	101
334	36	3	2	10	586	8	48	14	28	670	494	337
242	250	970	984	977	2	965	513	768	843	63	181	385
121	259	17	3	3	323	19	400	109	87	205	227	176
>KLF10.H14INVIVO.0.P.C
163	195	366	173	98	155	8	6	60	23	7	39	63	101	123
162	213	206	20	12	7	8	8	650	17	54	6	25	725	431
555	482	233	747	736	812	953	960	4	908	595	890	746	90	169
98	88	173	38	132	4	9	4	264	30	322	43	144	62	255
>KLF10.H14INVIVO.1.PSM.A
1735	1768	2109	2315	2325	1776	1805	0	3	68	29	32	95	1322	1058	2915	1730	1716	507	322	407	355	328	353	985	1114
1344	1301	1179	1692	386	130	18	14	4	8713	1	55	54	220	5467	809	451	208	224	233	5851	1188	477	414	584	3530
3694	4225	3876	3771	6332	5990	7896	9758	9774	7	9741	283	9562	4035	2198	4868	5194	7224	8648	8865	2184	7704	2360	7443	4957	3080
3010	2489	2619	2005	740	1887	64	11	2	995	12	9413	72	4206	1060	1191	2408	635	404	363	1341	536	6618	1573	3257	2059
>KLF11.H14INVIVO.0.P.B
159	404	291	91	183	6	3	10	13	5	59	136	104	68	167
221	201	39	8	4	1	8	947	8	9	3	68	825	499	154
542	290	628	843	804	988	986	1	969	956	931	776	22	142	360
78	105	42	58	9	5	3	42	10	30	7	20	49	291	319
>KLF11.H14INVIVO.1.SM.B
457	485	547	591	546	447	354	8	10	45	17	18	94	359	387	606	457	416	234	179	195	164	152	206	320	370
364	367	294	454	114	37	4	4	0	2388	3	16	42	83	995	317	164	132	105	103	1164	553	142	263	275	629
980	1059	1017	904	1603	1118	2115	2478	2483	3	2466	140	2297	1284	704	1199	1068	1611	1967	2047	902	1607	1012	1434	1359	982
694	584	637	546	232	893	22	5	2	59	9	2321	62	769	409	373	806	336	189	166	234	171	1189	592	541	514
>KLF12.H14INVIVO.0.P.C
274	235	90	0	2	148	46	25	104	46	107	156	162	117	107	178	150	106	120	132
345	33	2	5	5	702	4	25	5	24	707	379	84	57	98	255	187	182	123	97
240	458	793	900	898	1	840	672	782	823	45	223	413	689	681	400	489	492	573	623
48	181	22	2	2	56	17	185	16	14	48	149	248	44	21	74	81	127	91	55
>KLF12.H14INVIVO.1.PSM.A
250	197	67	3	5	124	36	20	81	52	107
321	75	3	5	0	665	4	20	10	22	585
229	433	789	862	864	2	811	614	737	763	87
70	165	11	0	1	79	19	216	42	33	91
>KLF13.H14INVIVO.0.PSM.A
50	187	231	65	82	19	6	3	76	5	3	29	46	10	42	24
122	57	32	6	2	0	3	0	267	3	5	36	26	294	136	170
176	116	100	301	199	303	374	380	0	374	162	263	245	32	73	150
35	23	20	11	100	61	0	0	40	1	213	55	66	47	132	39
>KLF13.H14INVIVO.1.P.C
447	216	110	154	41	26	186	34	11	146	149	135	190	223	174	159	201	186	185	150
91	14	14	26	12	13	642	10	10	31	34	506	305	150	173	133	128	162	114	125
267	739	588	780	858	933	2	899	653	748	622	281	182	473	469	587	469	524	443	587
179	15	272	24	73	12	154	41	310	59	179	62	307	138	168	105	186	112	242	122
>KLF14.H14INVIVO.0.PSM.A
2182	2732	3051	1605	624	590	21	0	33	1	75	859	1091	1166
1311	989	692	237	106	40	26	1	8185	0	76	129	641	2740
2745	2666	3059	5839	4462	7559	8234	8295	4	8295	730	5663	3353	1497
2060	1911	1496	617	3106	109	17	2	76	2	7417	1647	3213	2895
>KLF14.H14INVIVO.1.P.C
161	219	393	352	266	211	218	57	48	174	34	74	146	214	144	173	184	172	213	236	130	231	144
147	164	137	77	20	16	18	17	24	543	19	11	24	62	520	341	165	150	141	121	139	106	124
512	572	353	380	676	454	717	804	902	1	924	578	759	571	242	177	527	450	586	430	588	460	630
177	42	114	188	35	316	44	119	23	279	20	334	68	150	91	306	121	225	57	210	140	200	99
>KLF15.H14INVIVO.0.S.B
1176	1115	1029	1085	1201	1343	1364	1209	1112	302	0	0	100	8	329	1187	1290	1148
1010	793	711	733	717	693	540	112	18	0	15	0	6405	0	75	176	588	1438
3156	3326	3513	3784	3660	3619	4008	4842	3138	6540	6841	6856	0	6848	1474	4010	3405	2359
1514	1622	1603	1254	1278	1201	944	693	2588	14	0	0	351	0	4978	1483	1573	1911
>KLF15.H14INVIVO.1.P.C
228	231	284	8	7	409	26	34	437	131	273	381	217	171	256	144	108	338	77	96
122	17	10	4	10	461	3	5	13	20	386	166	61	24	38	149	119	187	79	26
584	625	702	979	973	4	958	895	499	824	282	282	663	763	676	683	732	360	775	798
64	125	2	7	8	124	11	64	49	23	57	169	57	40	28	22	39	113	67	78
>KLF16.H14INVIVO.0.SM.B
2248	2236	1891	1551	0	0	122	2	99	1801	2080
1295	522	189	7	4	0	8660	0	134	217	1102
3731	5177	4251	7555	9245	9252	0	9250	1120	5967	3830
1978	1317	2921	139	3	0	470	0	7899	1267	2240
>KLF16.H14INVIVO.1.P.B
137	179	198	113	163	389	208	129	313	43	20	265	140	39	227	86	249	219	122	192	245	262	114
247	263	183	90	244	183	79	73	42	9	52	646	25	10	33	32	573	288	153	118	224	90	159
566	515	503	718	540	294	658	773	598	929	916	11	782	917	702	850	148	306	606	654	459	603	670
49	42	115	78	52	133	54	24	46	18	11	77	52	33	37	31	29	186	118	35	71	44	56
>KLF17.H14INVIVO.0.M.C
2229	1685	3127	6648	613	0	0	543	6	7	144	784	729	2721
1209	1305	484	381	0	1	0	6410	0	18	7	225	5060	1400
2350	1769	1556	279	7666	8287	8288	1	8282	545	8097	3952	751	1921
2500	3529	3121	980	9	0	0	1334	0	7718	40	3327	1748	2246
>KLF17.H14INVIVO.1.P.C
244	187	667	67	21	34	745	60	121	258	201
45	184	49	4	11	25	63	6	15	41	38
431	563	181	910	934	930	5	911	759	658	658
280	66	103	19	34	11	187	23	105	43	103
>KLF2.H14INVIVO.0.S.D
2357	3106	534	0	0	25	0	228	996	1173	1220
1235	463	0	75	0	8172	0	283	367	1143	3065
3776	2157	8942	9423	9499	0	9500	701	6757	5460	2657
2132	3774	24	2	1	1303	0	8288	1380	1724	2558
>KLF3.H14INVIVO.0.PS.A
238	241	293	360	59	4	2	59	9	20	66	72	71	200	168	202	206	197
199	211	307	43	1	0	8	407	4	15	13	31	622	372	258	292	235	240
349	359	205	213	936	989	986	2	978	487	874	800	56	149	370	296	309	344
213	188	194	383	3	6	3	531	8	477	46	96	250	278	203	209	249	218
>KLF3.H14INVIVO.1.M.C
2054	2415	22	0	0	56	32	112	198	177	140	572	1134
620	507	0	1	2	5328	0	725	2474	156	2396	3235	2277
1662	870	6179	6204	6203	0	2781	2776	3279	5635	2044	641	1306
1869	2413	4	0	0	821	3392	2592	254	237	1625	1757	1488
>KLF4.H14INVIVO.0.PSM.A
241	275	401	33	4	9	12	3	6	59	41	31	97	112
217	323	28	1	5	8	459	2	41	29	62	628	473	379
389	235	147	955	975	973	3	983	401	824	771	70	149	354
144	158	415	2	7	1	517	3	543	79	117	262	272	146
>KLF5.H14INVIVO.0.PM.A
260	410	72	2	10	152	18	24	36	214	93	252	172
337	34	3	3	11	302	7	28	13	57	671	344	256
204	182	903	989	974	3	957	314	916	597	85	104	395
197	372	20	4	3	541	16	632	33	130	149	298	175
>KLF6.H14INVIVO.0.P.B
209	237	365	453	27	4	10	242	90	13	104	69	227	222	98	120	149	300
244	127	251	29	4	2	4	532	21	41	68	41	493	432	215	188	255	190
368	533	300	276	860	975	970	3	869	628	690	831	166	171	428	554	501	382
170	94	75	233	100	10	7	214	11	309	129	50	105	166	250	129	86	119
>KLF6.H14INVIVO.1.SM.B
1705	2431	3151	846	0	0	40	1	33	244	334	689	2023
1505	885	548	0	1	0	8993	0	44	132	108	4521	2471
4189	4044	2350	8472	9324	9325	0	9324	692	8826	8120	1713	3248
1926	1965	3276	7	0	0	292	0	8556	123	763	2402	1583
>KLF7.H14INVIVO.0.P.B
22	18	1	0	2	6	2	2	14	14
18	4	0	0	1	61	0	5	3	4
29	31	72	71	71	0	71	53	53	45
5	21	1	3	0	7	1	14	4	11
>KLF8.H14INVIVO.0.P.C
334	409	190	79	10	16	197	24	12	186	24	179	56
98	70	9	5	5	5	695	2	1	4	1	636	409
454	470	663	911	958	975	2	959	825	785	954	57	335
111	48	135	2	24	1	103	12	159	22	18	125	197
>KLF8.H14INVIVO.1.P.C
257	237	188	30	24	284	30	40	209	138	202	254	174	217	273	321	134	264	177	177	259	253	154
114	24	9	4	12	553	11	7	11	9	546	267	117	48	47	92	125	112	78	66	126	125	102
535	546	787	939	958	2	932	786	750	802	205	273	578	651	633	503	688	436	652	663	553	496	670
92	191	14	25	4	159	25	165	28	49	45	204	129	82	45	82	51	186	91	92	60	124	72
>KLF9.H14INVIVO.0.P.B
307	396	167	46	12	0	0	16	0	0	3	52	26	147
137	125	43	0	0	0	1	648	0	21	1	97	797	455
445	377	771	525	988	1000	999	0	1000	189	990	648	52	196
111	102	19	429	0	0	0	336	0	790	6	203	125	202
>KLF9.H14INVIVO.1.P.B
140	118	92	199	467	221	54	45	2	4	66	4	3	20	25	101	92	149	167	118	169
241	154	139	196	133	46	3	9	4	5	887	3	10	8	14	765	492	170	181	143	209
562	626	716	537	290	716	792	943	993	989	1	984	763	968	938	83	277	528	600	686	595
57	102	53	68	110	17	151	3	1	2	46	9	224	4	23	51	139	153	52	53	27
>KMT2A.H14INVIVO.0.P.B
24	56	40	112	33	17	29	27	23	56	35	6	35	45	27	97	18	10	41	35	17	27	87
796	501	621	534	32	827	656	358	786	598	189	813	781	161	886	700	95	892	752	167	850	722	434
112	342	300	257	831	79	94	535	113	270	723	109	85	692	52	101	795	49	49	533	101	164	355
63	96	34	92	99	72	216	75	73	71	48	67	94	97	30	97	87	44	153	260	27	82	119
>KMT2B.H14INVIVO.0.P.B
2	43	7	4	29	17	4	14
0	950	1	3	957	4	4	976
984	0	938	987	1	897	987	4
12	5	52	4	11	80	3	4
>LBX2.H14INVIVO.0.S.D
2577	2875	2664	73	2	8825	8874	0	0	8872	4391	295	1686	3398
1674	1748	2564	8003	3532	45	0	0	0	0	193	3594	1050	2004
2451	3181	2327	317	0	4	0	0	0	2	3987	1067	3290	1723
2172	1070	1319	481	5340	0	0	8874	8874	0	303	3918	2848	1749
>LBX2.H14INVIVO.1.S.D
651	617	560	64	3	2455	2477	0	0	2474	1807	26	315	1494	680	435	668
662	793	991	1878	819	27	0	0	0	0	80	1009	280	408	680	977	606
668	734	733	128	1	1	7	0	0	10	562	191	659	345	699	426	570
503	340	200	414	1661	1	0	2484	2484	0	35	1258	1230	237	425	646	640
>LBX2.H14INVIVO.2.M.D
525	264	278	27	1029	1203	1	0	1823	1464	31	231	950	566
329	803	1278	185	804	9	1	3	3	92	535	292	297	371
547	498	128	28	1	630	0	0	16	234	247	467	297	340
441	277	158	1602	8	0	1840	1839	0	52	1029	852	298	565
>LEF1.H14INVIVO.0.PSM.A
92	74	18	16	5	18	12	894	209	17	73	77	141
298	509	851	18	54	3	141	34	6	406	140	215	194
310	218	45	1	19	6	819	9	13	572	13	403	392
302	201	88	967	924	975	30	65	774	7	776	307	275
>LEF1.H14INVIVO.1.P.B
96	38	39	20	35	3	7	21	737	519	385	46	44	68	435
197	258	625	764	27	38	5	213	35	35	191	107	272	360	165
86	195	102	10	1	8	6	749	22	127	320	33	443	64	67
621	509	234	206	937	951	982	17	206	319	104	814	241	508	333
>LEUTX.H14INVIVO.0.PSGB.A
172	170	49	691	19	13	679	264
186	67	4	26	9	69	7	131
228	469	675	9	8	7	10	183
152	32	10	12	702	649	42	160
>LHX1.H14INVIVO.0.S.D
2424	2089	793	0	9612	9612	3	155	4936	1730	2314
2872	2881	2508	96	0	0	42	1498	606	3384	2230
2300	3886	2957	0	0	0	0	1561	3538	2732	2687
2016	756	3354	9516	0	0	9567	6398	532	1766	2381
>LHX1.H14INVIVO.1.M.D
1516	624	398	0	4814	4814	0	0	3428	1049
1229	2308	1209	0	0	0	3322	13	718	936
1076	1725	1917	0	0	0	0	4494	472	1619
993	157	1290	4814	0	0	1492	307	196	1210
>LHX2.H14INVIVO.0.PS.A
238	196	148	12	974	997	1	18	652	52	177
210	239	338	4	10	4	2	25	0	217	338
178	281	22	3	15	1	2	364	349	674	195
377	287	495	984	4	1	998	596	2	60	293
>LHX2.H14INVIVO.1.S.C
570	517	1097	1351	553	391	1051	711	577	87	0	2010	2014	0	1	1697	607	305	553
462	492	314	81	59	110	161	439	387	1193	2	4	0	0	1	1	282	566	388
292	121	104	121	103	167	285	502	873	200	0	0	0	0	20	315	1031	484	489
690	884	499	461	1299	1346	517	362	177	534	2012	0	0	2014	1992	1	94	659	584
>LHX3.H14INVIVO.0.P.B
702	339	18	24	773	938	2	4	960	300
132	19	176	355	199	52	3	94	1	141
37	155	262	6	23	4	2	2	6	526
130	488	545	616	6	7	994	901	34	34
>LHX4.H14INVIVO.0.SM.D
1846	1061	164	7396	8107	0	0	8107	4186	380	1414	2374
2156	2385	2181	21	0	0	0	0	914	3008	1977	1983
1961	3071	78	690	0	0	0	0	2954	1512	2904	1871
2144	1590	5684	0	0	8107	8107	0	53	3207	1812	1879
>LHX5.H14INVIVO.0.PSM.D
2168	2730	3234	195	0	9144	9144	0	0	6273	1331	2113
2164	2943	2088	2858	0	0	0	0	10	28	3763	2388
2450	2194	3411	1537	0	0	0	0	17	2780	2678	2384
2362	1277	411	4554	9144	0	0	9144	9117	63	1372	2259
>LHX6.H14INVIVO.0.P.B
65	33	822	878	0	0	881	223	282	232
274	391	64	3	1	792	1	103	227	233
405	8	1	2	1	18	0	503	238	293
144	456	1	5	886	78	6	59	141	130
>LHX6.H14INVIVO.1.S.B
2406	2143	1265	14	0	8421	8423	0	0	8423	2379	64	1226	2323
1814	1720	3129	3907	1498	2	0	0	2639	0	647	3692	1864	2184
2194	2872	2962	4245	0	0	0	0	0	0	5256	1952	3643	1784
2009	1688	1067	257	6925	0	0	8423	5784	0	141	2715	1690	2132
>LHX6.H14INVIVO.2.M.C
1544	1429	2028	171	1	6706	6706	0	0	6703	74	515	1603
1583	2986	1476	3877	3	0	0	4539	406	0	636	3038	1718
1736	1458	3011	365	0	0	0	0	4713	3	5683	2285	1397
1843	833	191	2293	6702	0	0	2167	1587	0	313	868	1988
>LHX8.H14INVIVO.0.S.D
1593	1905	3295	24	0	6766	7700	0	0	6491	400	1354	2081
1582	2733	1416	4290	0	0	0	0	0	1	3595	2734	2074
1908	2142	2926	279	0	934	0	0	0	1207	3410	2147	1609
2617	920	63	3107	7700	0	0	7700	7700	1	295	1465	1936
>LHX8.H14INVIVO.1.M.D
520	379	161	0	556	696	0	0	1936	970	36	221	681
488	613	1606	1	1296	0	0	0	0	156	844	412	425
455	767	146	1	99	1255	0	0	15	775	300	745	431
488	192	38	1949	0	0	1951	1951	0	50	771	573	414
>LHX9.H14INVIVO.0.PS.A
131	126	11	970	975	8	5	625	182
193	284	7	2	12	8	46	3	152
350	115	26	22	7	9	501	322	539
329	478	959	9	9	978	451	53	130
>LHX9.H14INVIVO.1.M.B
316	358	42	0	909	904	0	0	887	63	106	220
247	94	251	1	0	1	497	0	3	78	371	172
166	400	56	5	2	6	6	542	21	621	260	224
182	59	562	905	0	0	408	369	0	149	174	295
>LMX1A.H14INVIVO.0.SM.D
2078	2598	3197	216	0	9172	9172	0	11	6545	2684	3006
2208	2531	2196	2000	0	0	0	0	33	206	2182	1871
1976	1803	1985	1172	0	0	0	0	69	2147	2613	1795
2910	2240	1794	5784	9172	0	0	9172	9059	274	1693	2500
>LMX1B.H14INVIVO.0.P.C
148	783	989	8	194	977	957	874
227	130	12	8	40	4	15	43
12	36	6	27	361	21	34	67
621	59	1	965	413	6	2	24
>LMX1B.H14INVIVO.1.SM.B
2497	461	14	9774	9784	0	0	9784	9665	1015	859	2852
2027	1872	129	6	0	1	0	0	18	837	849	1748
2009	811	2	4	0	1	0	0	101	390	1048	2095
3251	6640	9639	0	0	9782	9784	0	0	7542	7028	3089
>LMX1B.H14INVIVO.2.S.B
2821	3159	270	4	9923	9966	0	0	9705	5926	845	1900	4762	3927	2485	3866	5317	4561	3509	2889
3647	3865	4027	609	25	1	7	19	1	1447	2420	1819	1750	1529	1234	848	541	515	647	826
1799	1751	1408	3	25	6	1	11	265	2501	1495	1582	1452	1170	803	485	451	959	1392	2178
1706	1198	4268	9357	0	0	9965	9943	2	99	5213	4672	2009	3347	5451	4774	3664	3938	4425	4080
>LRRF1.H14INVIVO.0.P.B
118	139	9	4	0	4	4	7	34	58
45	7	2	245	19	272	3	204	152	63
116	136	263	5	9	5	243	67	63	87
6	3	11	31	257	4	35	7	36	77
>LYL1.H14INVIVO.0.P.C
271	284	157	476	54	1	3	2	22	149	151	144	96
245	369	533	101	165	859	4	26	350	193	157	323	403
264	132	45	98	256	29	0	860	209	185	200	191	175
136	131	181	241	441	27	909	28	335	389	408	258	242
>LYL1.H14INVIVO.1.P.C
282	183	655	88	201	110	61	22	65	11	9	11	60	43	176
366	650	106	177	566	86	119	496	31	35	925	995	94	277	339
255	95	93	450	149	69	795	58	21	72	21	8	52	547	93
129	104	178	317	116	767	57	456	915	914	77	18	826	165	424
>MAD4.H14INVIVO.0.P.C
145	524	67	124	7	4	42	193
697	74	842	158	2	6	256	307
119	309	59	688	13	952	559	160
33	87	26	24	972	32	137	334
>MAF.H14INVIVO.0.PM.A
303	341	485	541	364	149	99	16	101	34	13	902	65	229	213	508	202	127
197	199	115	84	102	278	47	21	876	3	12	28	488	116	485	149	50	507
285	327	219	107	125	281	32	960	9	3	931	37	310	128	116	144	579	237
222	140	188	275	416	299	829	10	21	967	51	40	144	534	193	206	176	136
>MAF.H14INVIVO.1.PSM.A
87	116	115	141	98	1	0	0	0	0	322	1	38	44	91
87	52	41	51	44	42	0	322	0	0	0	275	44	130	67
104	89	52	38	70	0	322	0	0	322	0	20	176	47	98
44	65	114	92	110	279	0	0	322	0	0	26	64	101	66
>MAFA.H14INVIVO.0.PSM.A
3255	4243	4394	3927	2609	357	78	126	60	96	9648	145	1979	1611	3842	2231	1519	3701
2115	1099	738	1197	1825	2287	132	9671	200	31	107	7810	1137	4736	1867	1342	4834	2231
2384	2004	882	831	2237	123	9648	56	73	9529	38	1173	2838	1311	2494	4599	2155	2426
2146	2554	3886	3945	3229	7133	42	47	9567	244	107	772	3946	2242	1697	1728	1392	1542
>MAFA.H14INVIVO.1.M.C
347	487	514	482	288	19	1	0	0	0	1055	1	58	60	847	86	18	569	326
218	116	66	116	186	227	0	1055	0	0	0	852	18	882	72	34	896	105	242
266	210	75	55	214	4	1054	0	0	1055	0	188	133	18	102	874	107	263	240
224	242	400	402	367	805	0	0	1055	0	0	14	846	95	34	61	34	118	247
>MAFB.H14INVIVO.0.PS.A
82	2	42	21	8	933	38	240	188	456	209	135
23	6	950	3	10	8	547	159	439	121	57	466
12	980	0	0	931	17	302	122	156	198	604	269
880	9	5	973	48	39	110	476	214	222	127	127
>MAFB.H14INVIVO.1.P.B
409	205	90	15	37	36	12	852	51	213
147	294	38	30	944	5	19	18	505	185
115	203	45	921	6	2	891	47	309	137
318	287	816	23	2	946	67	72	124	454
>MAFF.H14INVIVO.0.PSM.A
343	358	249	159	75	26	59	104	115	707	53	13	40	891	5	6	721	184	181	142	111	143
125	100	117	260	74	81	790	126	59	46	341	6	866	2	12	861	35	240	82	150	253	241
141	68	106	143	78	791	22	27	632	103	506	14	13	21	792	34	72	177	84	51	45	117
318	401	455	365	700	29	56	670	121	71	27	894	8	13	118	26	99	326	580	584	518	426
>MAFF.H14INVIVO.1.PSM.A
533	1336	208	1	4	2486	0	0	1850	848	1053	854	547	442
293	583	1063	3	2489	0	1	2491	1	443	206	258	498	605
1268	235	1177	2	0	7	2491	2	601	363	217	245	358	618
399	339	45	2487	0	0	1	0	41	839	1017	1136	1090	828
>MAFG.H14INVIVO.0.PSM.A
356	438	529	446	205	40	0	39	15	9	905	15	53	71	682	61	19	641
132	51	25	43	255	69	15	875	18	10	1	500	42	687	3	10	806	55
250	183	70	32	181	15	904	1	1	886	1	382	37	60	156	725	82	102
182	248	296	399	279	796	1	5	886	15	13	23	788	102	79	124	13	122
>MAFG.H14INVIVO.1.PSM.A
4207	3724	2955	346	67	83	10	46	9807	190	1919	2257	3380	2226	1973
1026	1054	1298	2212	124	9802	132	5	31	7163	1119	3847	1515	1608	3926
1155	822	1546	150	9719	32	68	9746	48	1118	2103	1409	2835	3851	2125
3565	4353	4154	7245	43	36	9743	156	67	1482	4812	2440	2223	2268	1929
>MAFK.H14INVIVO.0.PS.A
3428	4434	5067	4787	4347	3429	518	200	222	122	171	9435	378	649	1260	6927	1517	530	4463	3021
2156	1484	794	524	769	1425	1746	266	9425	248	98	204	5894	444	6283	1314	387	6680	2002	1939
2284	1986	1406	757	554	1574	171	9238	97	132	9142	79	2935	1758	375	847	7015	1882	1960	2077
1964	1928	2565	3764	4162	3404	7397	128	88	9330	421	114	625	6981	1914	744	913	740	1407	2795
>MAFK.H14INVIVO.1.P.B
479	409	172	55	6	16	38	23	900	43	78	89	752
98	149	388	50	14	981	38	16	31	304	112	726	47
107	136	167	17	977	3	5	923	24	608	59	93	135
321	311	278	883	8	5	924	43	50	50	756	97	71
>MAFK.H14INVIVO.2.S.B
326	335	370	35	3	0	0	0	912	62	129	216
130	125	136	188	1	921	0	0	5	430	108	315
208	166	210	18	917	0	1	921	3	296	237	165
257	295	205	680	0	0	920	0	1	133	447	225
>MAX.H14INVIVO.0.PS.A
194	355	151	32	969	1	102	99	6	88	177
242	314	191	962	2	913	8	150	5	107	449
496	235	581	5	18	29	880	3	969	719	170
67	95	76	0	10	56	9	747	19	85	203
>MAX.H14INVIVO.1.M.C
1383	2003	3284	1687	0	6199	0	0	1	0	1248	639	1606	1864
1385	866	1028	2416	6199	0	611	0	256	1	2720	1223	1625	1436
1504	1321	1031	1973	0	0	0	6199	0	6119	1183	941	769	1459
1927	2009	856	123	0	0	5588	0	5942	79	1048	3396	2199	1440
>MAX.H14INVIVO.2.S.C
73	40	70	168	3	9	9	10	60	70	112	115	14	0	267	0	0	0	0	59	29	59	60	63	60
68	127	165	54	185	9	31	17	86	50	42	45	149	267	0	267	0	1	0	77	55	77	92	103	84
74	54	21	34	62	195	46	208	53	40	33	59	68	0	0	0	267	0	266	108	31	37	47	49	61
52	46	11	11	17	54	181	32	68	107	80	48	36	0	0	0	0	266	1	23	152	94	68	52	62
>MAZ.H14INVIVO.0.P.B
184	188	226	301	247	144	28	76	497	2	4	68	247	175
177	196	168	124	131	39	14	15	327	1	2	20	19	267
475	465	465	409	465	693	866	830	0	842	913	833	646	430
87	74	64	89	80	47	15	2	99	78	4	2	11	51
>MAZ.H14INVIVO.1.P.B
356	189	344	279	46	16	509	36	18	284	108	190	264	302	196	313	294	254	270	241	199
102	77	73	22	18	24	391	3	16	33	49	395	319	75	102	108	121	144	154	126	207
405	646	516	682	904	951	6	938	951	654	825	356	306	533	654	533	533	556	474	553	534
137	88	67	17	32	9	94	23	15	29	18	59	111	90	48	46	52	46	102	80	60
>MBD1.H14INVIVO.0.PSIB.A
110	195	3	0	0	275	212	300	340	303	147
136	305	64	694	0	309	232	56	112	167	220
264	15	499	0	694	0	0	132	68	134	162
184	179	128	0	0	110	250	206	174	90	165
>MBD3.H14INVIVO.0.P.B
40	40	182	29	42	65	31	139	22	63	61	88	34	65	99	68	81	101	103	85	88
5	29	55	9	177	19	116	14	13	86	56	18	29	85	25	54	33	65	17	81	14
204	185	8	198	18	151	100	96	203	99	84	111	184	95	109	130	134	77	123	85	121
5	0	9	18	17	19	7	5	16	6	53	37	7	9	21	2	6	11	11	3	31
>MBNL2.H14INVIVO.0.B.D
146	0	0	0	0	0	166	154
193	297	0	581	204	0	212	200
80	0	581	0	0	0	51	93
162	284	0	0	377	581	152	134
>MCR.H14INVIVO.0.S.D
2172	3651	82	4812	9426	20	8682	2119	6788	6517	233	26	16	2887	34	849	2799
1678	488	20	553	21	9425	22	3450	0	526	325	7	8	1630	9370	4548	3050
3405	4604	9345	1522	16	17	594	954	2696	1415	29	9444	6	345	14	447	1734
2229	741	37	2597	21	22	186	2961	0	1026	8897	7	9454	4622	66	3640	1901
>MCR.H14INVIVO.1.SM.D
2401	3674	749	654	0	2822	30	923	1608
2271	1180	2292	56	1	700	9110	4108	3456
1729	2697	343	8465	3	514	47	1711	1623
3003	1853	6020	229	9400	5368	217	2662	2717
>MEF2A.H14INVIVO.0.P.B
272	93	29	2	947	76	80	37	202	91	617	102	359
83	81	790	40	11	13	15	49	109	28	3	32	437
279	438	36	0	14	4	11	5	7	75	380	773	100
367	389	146	959	29	908	895	910	683	807	1	94	105
>MEF2B.H14INVIVO.0.PS.A
266	109	27	3	869	111	102	30	145	219	278	62	323
65	99	800	121	27	6	5	45	198	49	1	39	378
256	429	26	1	34	3	6	6	24	121	717	773	129
412	362	146	874	69	879	886	918	632	610	3	125	169
>MEF2B.H14INVIVO.1.SM.B
2536	1263	563	1371	892	5892	17	6	6393	3680	8005	2161	2783	1263	1761	565	3653	3792
2233	3839	943	607	379	403	9850	9271	1054	488	48	281	1746	1634	161	404	3233	2152
2982	1054	7865	1220	380	1462	21	37	717	476	47	110	1209	2864	7787	7392	1329	1647
2144	3739	524	6697	8244	2138	7	581	1731	5251	1795	7343	4157	4134	186	1534	1680	2304
>MEF2C.H14INVIVO.0.P.B
252	68	47	5	943	56	70	51	245	123	606	114	371	251
79	74	734	43	12	13	6	75	132	32	5	39	397	260
352	490	49	7	14	7	10	2	23	95	363	739	106	125
308	359	161	936	22	915	905	863	591	741	17	99	117	355
>MEF2C.H14INVIVO.1.SM.B
1986	1083	2307	95	3209	3248	6662	509	1967	2725	1624	5	4125	5413	3400	1630	2543
1631	833	5712	6638	2672	1367	33	3	15	37	1	13	1652	859	2828	3745	1803
2286	3174	250	74	1608	2180	161	21	37	86	7107	8648	975	796	1133	1959	2548
2830	3643	464	1926	1244	1938	1877	8200	6714	5885	1	67	1981	1665	1372	1399	1839
>MEF2D.H14INVIVO.0.PS.A
260	315	107	33	4	1001	88	111	74	329	85	797	103	344	315
149	53	59	816	17	1	2	7	54	77	21	2	23	457	296
391	316	528	42	0	6	0	3	6	13	62	218	809	89	109
222	338	328	131	1001	14	932	901	888	603	854	5	87	132	302
>MEF2D.H14INVIVO.1.M.C
1190	1328	223	2562	2787	4540	709	1989	3122	354	1	3446	4295	2508	1218	1747
1215	4112	4344	1758	1109	94	28	5	20	5	1	894	435	2028	2368	1221
1935	511	269	1150	1262	386	67	73	0	6111	6468	623	640	1000	1899	1939
2130	519	1634	1000	1312	1450	5666	4403	3328	0	0	1507	1100	934	985	1563
>MEIS1.H14INVIVO.0.P.B
466	189	63	989	53	106	165	973	20	144	285	116
100	3	2	2	55	7	41	7	98	34	58	410
249	20	920	7	58	87	241	13	31	523	461	246
185	788	15	2	834	800	553	7	851	299	196	228
>MEIS1.H14INVIVO.1.PS.A
141	300	67	102	1	734	8	772	57	176	178
198	177	345	15	6	0	813	2	75	288	174
308	246	294	46	848	121	6	8	600	284	150
208	132	149	692	0	0	28	73	123	107	353
>MEIS2.H14INVIVO.0.P.C
390	222	51	963	45	142	235	956	13	151	310	93	181
138	5	4	6	112	13	39	12	153	51	65	462	338
278	43	916	24	114	110	303	29	88	581	485	274	151
194	730	29	7	729	735	423	3	746	217	140	171	330
>MEIS2.H14INVIVO.1.PSM.A
2482	2526	28	0	9675	0	8987	910	786	1066	1359	1793
2361	1443	1149	0	0	9680	0	991	3866	2236	1842	1919
2531	1752	24	9680	5	0	693	6726	4245	1178	4132	3133
2306	3959	8479	0	0	0	0	1053	783	5200	2347	2835
>MEIS2.H14INVIVO.2.SM.B
346	333	0	0	1448	0	1448	0	6	6	148	321	229	669
315	147	0	0	0	1448	0	0	1068	152	68	128	826	347
331	99	0	1448	0	0	0	1447	373	13	863	373	151	199
456	869	1448	0	0	0	0	1	1	1277	369	626	242	233
>MEIS3.H14INVIVO.0.SM.D
2096	0	0	8090	0	8090	1449	1619
1979	0	0	0	8090	0	1540	2294
1648	0	8090	0	0	0	3428	2682
2367	8090	0	0	0	0	1673	1495
>MEIS3.H14INVIVO.1.S.D
707	720	76	2	2092	0	2233	50	36	32	103	129	262	1380	1125	875	527	449	417	423
604	671	130	0	1	2234	0	167	1603	230	91	116	1327	478	436	469	693	489	513	536
496	235	27	2234	10	0	3	1992	552	41	1421	516	242	157	368	555	597	540	620	662
429	610	2003	0	133	2	0	27	45	1933	621	1475	405	221	307	337	419	758	686	615
>MEOX1.H14INVIVO.0.SM.D
2632	2015	2256	447	0	9686	9750	0	0	8184	791	1225	2249
2390	4404	2667	4327	3	0	0	179	361	55	4675	3336	2734
2595	1893	4422	1680	0	64	0	0	2905	1430	2516	3321	2305
2133	1438	405	3296	9747	0	0	9571	6484	81	1768	1868	2462
>MEOX2.H14INVIVO.0.SM.D
2218	1885	456	0	9051	9087	0	6	6737	963	1666
2990	2555	2613	2	0	0	177	1267	152	4075	2700
2235	4177	2505	0	36	0	1	3219	2043	1884	2509
1644	470	3513	9085	0	0	8909	4595	155	2165	2212
>MESP1.H14INVIVO.0.S.D
459	460	317	1360	158	34	87	88	76	420	469
345	308	986	49	17	92	0	25	469	238	613
707	947	461	535	1823	1879	0	1845	708	673	475
494	290	241	61	7	0	1918	47	752	674	448
>MESP2.H14INVIVO.0.S.D
438	399	156	1233	1202	2	1751	84	1738	2	3	13	64	404
277	242	946	11	444	1742	0	1	0	0	1	9	782	183
552	842	336	496	105	7	3	5	11	1	1750	1315	69	911
487	271	316	14	3	3	0	1664	5	1751	0	417	839	256
>MGAP.H14INVIVO.0.PSG.A
396	26	0	0	0	29	0	479	313
3	15	7	8	0	3	9	0	22
73	423	493	1	500	3	477	20	116
28	36	0	491	0	465	14	1	49
>MITF.H14INVIVO.0.P.B
330	74	10	578	5	139	7	0	953	5	156
187	261	983	104	674	72	1	3	18	845	402
366	255	4	88	65	788	28	995	15	34	107
117	410	3	230	256	1	964	2	14	116	335
>MIXL1.H14INVIVO.0.SM.D
2279	1978	887	58	7762	7953	0	0	6819	1460	7417	2	23	7721	3037	1240
2229	1517	2687	56	2	0	10	65	148	407	42	18	301	29	1450	3007
1749	3439	1263	13	185	0	0	39	847	6084	447	15	13	86	2385	1620
1696	1019	3116	7826	4	0	7943	7849	139	2	47	7918	7616	117	1081	2086
>MIXL1.H14INVIVO.1.S.D
2208	1488	179	8266	8791	0	0	8791	3300	1443	1077	2298
1870	1878	1426	51	0	0	0	0	455	2908	1745	1887
1956	2268	149	473	0	0	0	0	5022	1521	2322	1625
2757	3157	7037	1	0	8791	8791	0	14	2919	3647	2981
>MKX.H14INVIVO.0.PSGIB.A
110	68	329	34	3	3	18	39	43	85
285	612	210	6	8	4	39	448	450	567
205	163	182	14	977	2	3	75	267	136
400	157	279	946	12	991	940	438	240	212
>MLX.H14INVIVO.0.PM.A
84	558	11	16	5	8	383	179	170
725	197	484	102	1	4	145	340	454
18	71	24	656	2	854	249	72	84
49	50	357	102	868	10	99	285	168
>MLX.H14INVIVO.1.SM.B
677	367	22	2439	0	6	0	0	1415	298	445	786	503
652	799	2417	0	2375	0	0	0	907	835	1360	647	878
534	472	1	1	0	2436	1	2432	81	101	189	525	515
579	804	2	2	67	0	2441	10	39	1208	448	484	546
>MLXPL.H14INVIVO.0.S.D
644	429	354	1339	147	3	2494	1	1	7	75	656	762	819
535	427	185	140	103	2489	1	2491	0	11	14	679	518	747
581	400	1332	626	332	1	1	1	2491	8	2369	344	292	338
736	1240	625	391	1914	3	0	3	4	2470	38	817	924	592
>MNT.H14INVIVO.0.PS.A
348	147	13	861	7	85	15	6	28
228	246	975	8	968	3	17	2	59
333	449	10	98	9	906	7	977	760
90	157	1	32	15	5	960	14	152
>MNX1.H14INVIVO.0.SM.D
2499	1834	2711	521	0	9170	9170	0	1	6694	802	1722
2254	3984	2188	5113	0	0	0	0	179	21	4822	2769
2350	1837	3885	969	0	0	0	0	327	2397	2337	2405
2067	1515	386	2567	9170	0	0	9170	8663	58	1209	2274
>MRFL.H14INVIVO.0.PSG.A
20	22	152	53	28	420	29	13	51	178	13	86	66	254	14	270	16	16	96	136	37
6	25	11	353	425	10	122	185	326	42	59	75	27	208	345	18	15	281	219	296	305
469	35	327	43	14	26	289	232	51	120	422	84	392	22	27	156	224	165	50	30	67
2	415	7	48	30	41	57	67	69	157	3	252	12	13	111	53	242	35	132	35	88
>MSD1.H14INVIVO.0.PSGIB.A
157	755	23	2	6	970	970	344	555	64
392	39	937	6	8	8	3	73	95	154
194	142	18	0	8	13	27	533	99	441
257	64	22	992	978	9	0	50	251	341
>MSD4.H14INVIVO.0.SGIB.D
586	878	163	1	0	1545	0	0	1126	221	388	530	256	204	590
328	378	629	305	0	0	1545	0	419	1320	56	710	620	421	369
277	159	543	2	0	0	0	0	0	1	224	114	636	384	159
354	130	210	1237	1545	0	0	1545	0	3	877	191	33	536	427
>MSGN1.H14INVIVO.0.PSM.A
288	270	283	476	463	0	1006	778	983	68	1	2	66
178	148	104	21	386	1005	0	0	15	9	0	28	402
375	411	472	507	153	2	1	166	7	1	998	933	122
166	178	148	3	5	0	0	63	2	929	8	44	417
>MSX1.H14INVIVO.0.SM.D
2484	1186	44	8858	8860	0	0	8854	2583	745	2012
2446	3256	5159	2	0	0	0	0	2498	4150	2289
2044	3240	8	0	0	0	0	6	3038	2209	2581
1886	1178	3649	0	0	8860	8860	0	741	1756	1978
>MSX1.H14INVIVO.1.S.D
2926	2675	3533	841	14	8699	8742	0	0	8411	3310	1973	2556	3125	2026	2075	5329	5401	2045	2412	4850	2890
1428	1912	1613	3733	5179	17	0	0	22	2	1628	2887	1716	2124	2903	3169	976	625	508	552	709	1589
1899	2711	2349	3138	19	26	1	0	1	325	3004	1856	2188	1693	1805	742	705	482	471	580	1013	1950
2490	1445	1248	1031	3531	1	0	8743	8720	5	801	2027	2283	1801	2009	2757	1733	2235	5719	5199	2171	2314
>MSX2.H14INVIVO.0.SM.D
666	274	67	2295	2283	0	0	2122	773
667	1147	1390	3	17	22	9	61	564
558	695	167	3	1	0	87	110	584
410	185	677	0	0	2279	2205	8	380
>MSX2.H14INVIVO.1.SM.D
90	303	355	148	118	301	213	156	187	162	39	0	556	556	0	0	491	63	52	95
241	118	73	46	40	47	86	112	133	128	328	208	0	0	0	0	0	167	226	143
106	53	55	32	37	70	109	115	110	189	108	0	0	0	0	0	65	303	169	232
119	82	73	330	361	138	148	173	126	77	81	348	0	0	556	556	0	23	109	86
>MTF1.H14INVIVO.0.SM.D
1947	2096	932	1582	654	14	5	5	0	0	0	5	6506	6411	6431	4279	1387
1695	778	1609	206	4958	5863	9	4	0	2	0	6508	1	43	52	312	1645
1626	2884	2936	4229	184	636	6492	17	6490	17	6517	4	10	33	19	1647	2684
1250	760	1041	501	722	5	12	6492	28	6499	1	1	1	31	16	280	802
>MUSC.H14INVIVO.0.SM.D
2359	2116	189	6652	0	5166	40	0	143	118	1801	1624
871	2978	6449	2	2	1476	0	1	104	1206	887	1655
2567	1298	80	60	1632	87	0	6727	4229	106	3503	1908
932	337	11	15	5095	0	6689	1	2253	5299	538	1542
>MXI1.H14INVIVO.0.P.B
395	202	15	932	9	98	21	14	96	98	179
256	291	967	12	944	17	53	9	66	463	286
81	478	16	45	8	879	8	917	625	276	164
268	29	2	11	39	6	918	60	213	163	371
>MYB.H14INVIVO.0.P.B
213	207	186	290	8	481	2	8	1	357	270
205	191	16	32	980	293	5	9	0	4	202
427	120	663	480	6	139	990	37	4	485	375
155	482	135	198	6	87	3	946	995	154	153
>MYBA.H14INVIVO.0.P.B
361	103	128	128	216	19	423	2	2	3	317	168	348	186	325
187	202	288	38	21	956	291	5	7	2	29	329	250	215	213
322	586	146	792	717	14	264	985	8	5	542	463	245	496	336
126	105	434	38	42	7	18	4	979	986	108	36	153	99	122
>MYBA.H14INVIVO.1.PS.A
49	41	4	50	3	0	0	45	34
7	3	133	53	2	0	0	6	23
77	87	3	38	135	0	0	82	72
9	11	2	1	2	142	142	9	13
>MYBA.H14INVIVO.2.S.B
534	218	666	812	0	572	0	0	0	1364	1396	231	77	84	264	280	323
269	307	2	0	1421	698	0	0	0	0	0	1160	439	72	311	355	307
241	131	714	554	0	149	1421	0	0	57	16	6	715	1112	270	128	351
377	765	39	55	0	2	0	1421	1421	0	9	24	190	153	576	658	440
>MYBB.H14INVIVO.0.S.D
192	103	502	586	0	0	0	0	0	654	492	154	91	83	131
173	203	6	0	662	559	0	0	0	0	41	440	190	132	200
147	120	151	48	0	103	662	0	0	8	35	14	270	396	147
150	236	3	28	0	0	0	662	662	0	94	54	111	51	184
>MYBB.H14INVIVO.1.S.D
3208	3761	402	785	0	0	0	5853	2756
1138	943	7453	6927	0	0	0	459	2045
3053	2131	438	845	8567	0	0	1498	1937
1168	1732	274	10	0	8567	8567	757	1829
>MYC.H14INVIVO.0.P.B
165	151	44	807	6	9	18	2	22	129	109
138	711	949	6	802	11	90	10	518	124	435
530	90	3	114	4	971	14	974	341	303	225
164	45	1	70	185	6	875	11	116	441	228
>MYCN.H14INVIVO.0.PS.A
102	76	14	789	1	26	20	1	48	105	57
175	772	985	2	885	18	74	4	446	176	525
582	64	0	103	4	954	1	986	383	343	269
141	88	1	106	110	2	905	9	123	376	149
>MYCN.H14INVIVO.1.M.C
132	148	446	0	0	0	0	0	180	110	154
185	184	38	711	15	714	0	396	98	270	152
129	21	1	0	699	0	707	0	332	66	201
268	361	229	3	0	0	7	318	104	268	207
>MYF5.H14INVIVO.0.P.B
292	105	0	1003	2	0	1	1	0	2	133	118
135	258	1007	0	53	1005	0	0	331	347	347	452
186	587	0	1	944	0	1	1006	3	68	296	163
394	57	0	3	8	2	1005	0	673	590	231	274
>MYF6.H14INVIVO.0.SM.D
1644	5047	5629	16	9891	1010	67	3	3	4521	19	3414	1618	2161
3397	819	1210	9896	6	3525	9821	0	0	159	6321	1856	4337	2856
2488	3666	1191	16	65	5423	81	0	9972	36	27	4026	1657	2828
2446	443	1945	47	13	17	6	9972	0	5259	3608	679	2363	2130
>MYNN.H14INVIVO.0.P.B
226	250	129	451	10	4	32	18	6	682	198	46	100	73	84	402	462	440
152	65	33	39	776	32	219	56	8	49	121	108	129	83	65	88	143	57
315	360	560	274	11	13	67	22	7	57	24	91	78	56	554	211	55	204
108	126	79	37	4	752	483	705	780	13	458	556	494	589	98	100	141	100
>MYOD1.H14INVIVO.0.P.B
233	2	990	6	8	4	0	0	5	128	97	151	204	106	171
233	996	1	155	981	2	2	359	306	338	486	230	148	312	452
425	0	3	814	3	0	998	35	68	349	128	192	433	243	174
109	2	6	25	8	994	0	606	621	185	289	427	215	339	203
>MYOD1.H14INVIVO.1.PSM.A
163	11	912	11	15	23	6	12	8	229
236	932	17	220	942	4	21	246	369	293
439	29	7	685	7	5	947	44	162	279
149	15	51	71	23	955	13	685	448	186
>MYOG.H14INVIVO.0.PSM.A
202	134	1	995	7	3	0	2	2	0	166	109
291	243	996	1	132	987	1	5	358	452	427	445
242	508	2	1	843	2	1	992	18	92	273	157
265	115	1	3	18	8	998	1	622	456	134	289
>MYPOP.H14INVIVO.0.PSGB.A
127	58	395	51	89	631	167	48	243	26	37	612	102	287	214
197	179	521	3	755	59	27	153	631	26	814	87	36	444	196
495	742	23	937	141	189	705	764	51	892	127	137	838	180	514
180	20	60	8	14	120	100	34	74	55	21	163	23	88	75
>MYSM1.H14INVIVO.0.P.B
31	59	1	0	4	17	8	5	4	3	6	61	0	0	0	9	6
21	4	1	62	47	6	30	31	15	46	58	0	0	64	48	12	31
4	0	2	0	8	31	14	11	33	10	1	0	0	0	9	25	18
9	2	61	3	6	11	13	18	13	6	0	4	65	1	8	19	10
>MYT1.H14INVIVO.0.SG.D
4534	3310	722	1618	4576	8587	8735	0	0	1	249	1166	1102	1912	3520	5008	5493	4487
756	916	1206	1364	515	26	0	8549	0	0	395	1732	2710	2459	2110	1627	1685	1914
1270	2933	4208	1393	638	0	0	187	0	0	7	1974	2071	2609	1789	1074	832	1040
2176	1577	2600	4361	3007	123	1	0	8736	8735	8085	3864	2853	1756	1317	1027	726	1295
>MYT1L.H14INVIVO.0.P.C
352	560	965	973	4	6	39	138
149	119	7	1	0	7	21	231
382	274	21	7	989	2	110	215
111	41	1	13	1	979	824	410
>MZF1.H14INVIVO.0.P.B
407	327	325	90	7	6	1	988	121	14	222	231
129	152	21	0	1	1	2	5	69	234	158	166
292	281	157	903	988	992	996	4	155	182	270	373
172	240	497	7	4	1	1	3	655	570	350	230
>NACC2.H14INVIVO.0.PSGIB.A
37	19	15	6	22	82	4	128	3	11	1	30	31	14	16
4	6	3	7	14	5	130	4	2	1	13	7	8	16	12
16	69	36	70	46	47	1	3	4	125	1	98	2	98	13
81	44	84	55	56	4	3	3	129	1	123	3	97	10	97
>NANOG.H14INVIVO.0.P.B
129	36	83	345	18	62	79	386	211	755	76	15	36	679	623	791	131
241	516	541	54	61	9	287	26	254	36	12	21	613	19	62	56	126
308	205	64	51	45	31	583	31	201	70	54	812	116	13	264	60	202
321	242	311	549	875	897	50	556	333	138	857	151	234	288	50	92	540
>NANOG.H14INVIVO.1.P.B
71	42	67	182	481	12	6	48	27	22	43
164	145	9	5	8	3	3	7	287	157	166
163	86	22	313	2	7	370	432	113	19	128
102	227	402	0	9	478	121	13	73	302	163
>NANOG.H14INVIVO.2.M.C
2406	2401	701	12	8313	8853	1	20	3992	1255	1687	2363
1283	647	256	13	0	0	1386	38	371	780	726	807
2063	4675	1050	0	545	5	1552	6946	2875	2235	2689	2577
3106	1135	6851	8833	0	0	5919	1854	1620	4588	3756	3111
>NDF1.H14INVIVO.0.P.B
189	421	474	1	1001	0	725	4	0	2	72
153	58	212	1000	0	1	228	2	0	24	408
382	482	315	0	0	965	46	0	994	815	133
277	40	0	0	0	35	2	995	7	160	388
>NDF1.H14INVIVO.1.S.C
850	1587	1941	282	4676	23	4842	97	0	0	433	1179
1315	477	922	4251	25	9	0	0	3	370	1409	1064
1655	2661	1974	654	525	552	402	0	5241	3638	993	2202
1424	519	407	57	18	4660	0	5147	0	1236	2409	799
>NDF2.H14INVIVO.0.P.B
461	320	0	999	1	672	83	0	8	143	349
91	184	1000	0	9	288	5	0	40	434	184
394	487	0	0	946	32	1	955	900	213	296
54	9	0	1	44	8	911	45	52	210	171
>NDF2.H14INVIVO.1.S.B
308	294	31	958	2	949	6	0	0	112	270
168	197	941	0	0	0	0	0	65	129	243
367	437	9	27	34	36	0	985	605	144	326
142	57	4	0	949	0	979	0	315	600	146
>NF2L1.H14INVIVO.0.P.B
421	458	589	499	195	53	0	37	28	23	862	9	2	0	924	1
95	47	33	95	204	41	4	880	21	16	8	90	0	926	2	219
269	245	59	41	138	11	918	1	1	844	0	827	2	3	1	1
144	179	248	294	392	824	7	11	879	46	59	3	925	0	2	708
>NF2L2.H14INVIVO.0.P.B
20	4	49	73	360	23	0	13	463	6	79	80	46	53	242
24	432	100	48	17	75	3	458	2	180	89	165	84	85	73
396	28	5	292	21	361	4	0	1	33	158	163	45	263	86
32	8	318	59	74	13	465	1	6	253	146	64	297	71	71
>NF2L2.H14INVIVO.1.P.B
470	582	504	200	48	7	28	41	29	945	18	1	6	1000	4
73	57	94	249	55	19	963	43	22	15	87	1	988	0	248
251	83	57	155	15	971	3	6	906	2	883	0	6	0	18
206	278	345	396	882	3	6	910	43	38	12	998	0	0	730
>NFAC1.H14INVIVO.0.P.B
178	10	1	879	879	734	462	382	321	56	46	709	122	95	163	646
48	1	1	19	2	53	171	65	230	45	64	49	307	95	587	76
65	915	925	29	36	87	210	103	230	43	659	72	424	71	91	99
637	2	1	1	11	54	85	378	147	784	159	98	75	667	87	107
>NFAC1.H14INVIVO.1.PS.A
3171	4423	67	0	0	6892	6892	6553	3604	2183	1751
1218	383	1906	0	0	0	0	176	1038	582	1168
1145	1463	0	6892	6892	0	0	44	1130	526	1151
1358	623	4919	0	0	0	0	119	1120	3601	2822
>NFAC1.H14INVIVO.2.SM.B
2438	1433	1369	1208	915	737	2334	2212	1301	2971	7325	6	0	0	9289	9289	8966	4617	2975	2596
1616	1397	1108	770	3190	5203	3260	2311	4017	2550	106	781	0	0	0	0	304	2602	745	1586
2063	1869	1167	970	809	775	1316	1650	1484	1317	1759	0	9289	9289	0	0	4	1373	484	1933
3172	4590	5645	6341	4375	2574	2379	3116	2487	2451	99	8502	0	0	0	0	15	697	5085	3174
>NFAC1.H14INVIVO.3.SM.B
2503	4835	3	0	0	8589	8589	5785	2393	915	789	784	1455	2488
2477	179	6101	0	0	0	0	1787	1021	400	2641	6243	4230	1570
1644	3341	0	8589	8589	0	0	140	1765	311	675	640	1991	2653
1965	234	2485	0	0	0	0	877	3410	6963	4484	922	913	1878
>NFAC2.H14INVIVO.0.P.B
180	174	525	483	240	8	2	949	927	797	499	478	379	166	149	648	201	165	226	589
268	266	137	135	53	0	4	20	7	45	157	46	187	119	83	77	300	98	488	106
416	424	251	283	71	992	994	26	58	96	198	115	218	61	567	110	411	112	150	155
136	136	87	99	636	0	0	5	8	62	146	361	216	654	201	165	88	625	136	150
>NFAC2.H14INVIVO.1.PS.A
166	200	518	468	252	37	56	917	882	715	399	502
246	245	143	151	65	3	14	43	16	51	235	64
440	412	243	298	48	954	927	33	101	113	238	125
156	151	104	91	643	14	11	15	9	129	136	317
>NFAC2.H14INVIVO.2.S.C
2334	1559	1434	1301	945	831	2653	3000	978	4206	6752	1	0	0	9609	9608	8847	3862	2588	2106
1743	1656	1180	843	3325	6303	4026	1999	3359	1638	46	558	0	0	0	1	283	2433	554	2429
2130	2079	1427	845	921	841	1405	2026	1461	924	2771	0	9609	9609	0	0	14	981	394	1360
3402	4315	5568	6620	4418	1634	1525	2584	3811	2841	40	9050	0	0	0	0	465	2333	6073	3714
>NFAC2.H14INVIVO.3.M.C
345	750	1320	0	0	0	1801	1801	1490	544	447
568	485	14	1236	0	0	0	0	216	453	344
434	125	457	0	1801	1801	0	0	2	603	365
454	441	10	565	0	0	0	0	93	201	645
>NFAC2.H14INVIVO.4.M.B
377	236	205	175	163	340	440	281	1071	1669	0	0	0	2149	2149	2060	1054	707	667
352	203	119	764	1578	1012	409	574	306	4	1677	0	0	0	0	67	495	124	388
394	304	140	112	97	509	724	321	104	429	0	2149	2149	0	0	2	266	120	350
1026	1406	1685	1098	311	288	576	973	668	47	472	0	0	0	0	20	334	1198	744
>NFAC3.H14INVIVO.0.SM.B
483	387	616	1524	0	0	0	2084	2084	1999	850	616	597
533	706	690	25	21	0	0	0	0	64	567	228	376
546	684	290	532	0	2084	2084	0	0	1	376	239	475
522	307	488	3	2063	0	0	0	0	20	291	1001	636
>NFAC3.H14INVIVO.1.P.C
497	446	501	109	34	974	730	887	538	544
129	216	22	2	19	5	16	19	88	105
288	301	99	877	937	15	246	89	346	157
86	37	378	12	10	6	8	5	28	194
>NFAC4.H14INVIVO.0.P.D
8	0	0	19	19	19	12	4	3	6
3	0	0	0	0	0	3	5	3	0
4	18	19	0	0	0	3	2	4	4
4	1	0	0	0	0	1	8	9	9
>NFAC4.H14INVIVO.1.SM.D
1967	3973	7206	1	0	0	9555	9555	9253	3565	3505	2416
2533	2208	99	5993	0	0	0	0	218	3194	852	1614
2582	1212	1997	0	9555	9555	0	0	2	1579	952	2249
2473	2162	253	3561	0	0	0	0	82	1217	4246	3276
>NFAT5.H14INVIVO.0.SM.B
2400	4362	107	0	0	6656	6656	5967	3124	1295	968	3373	753
1601	224	3905	0	0	0	0	36	664	873	1198	1534	4264
1127	1806	40	6656	6656	0	0	295	1704	1495	515	579	738
1528	264	2604	0	0	0	0	358	1164	2993	3975	1170	901
>NFAT5.H14INVIVO.1.PS.A
29	63	53	10	1	1	132	132	122	74	29	5	55	0
41	20	26	2	0	0	0	0	0	6	5	22	62	121
43	24	51	0	131	131	0	0	6	23	15	3	2	1
19	25	2	120	0	0	0	0	4	29	83	102	13	10
>NFE2.H14INVIVO.0.P.B
682	0	0	984	15	61	52	867	8	5	866	261	286	295	355
32	1	2	2	825	9	872	12	0	969	11	163	101	112	211
279	2	984	6	126	34	35	71	971	16	71	407	165	71	109
1	991	8	2	28	890	35	44	15	4	46	163	442	516	319
>NFE2.H14INVIVO.1.SM.B
447	762	1826	11	8	2471	7	3	84	2480	2	242	1296	180	274	1521	435	410	688
581	829	81	45	4	20	1166	2	2408	1	375	793	571	450	262	329	863	476	796
794	582	558	6	2389	3	1304	7	1	13	67	1062	551	200	1211	363	682	545	499
673	322	30	2433	94	1	18	2483	2	1	2051	398	77	1665	748	282	515	1064	512
>NFIA.H14INVIVO.0.P.B
67	4	2	1	1	18	510	163
523	466	1	0	1	980	181	360
144	6	14	999	994	2	9	347
266	524	983	0	4	0	300	130
>NFIA.H14INVIVO.1.PS.A
98	28	31	0	15	178	343	122	0	198	237	8	4	0	866	426	197
448	459	7	1	3	773	219	392	530	307	95	25	978	992	106	41	233
226	41	106	995	976	35	98	264	0	257	253	755	3	4	4	490	457
227	471	855	3	5	13	339	221	469	237	414	211	14	3	23	42	112
>NFIB.H14INVIVO.0.PSM.A
1720	350	22	11	19	1005	5496	2754	3703	1768	1844	56	12	4	9724	6839	2098
3303	2792	34	16	23	8881	1335	2917	6296	1722	1842	42	9958	9970	207	289	3204
2893	297	260	9953	9937	52	1648	1699	0	4586	971	8864	1	12	34	2550	2979
2083	6560	9683	19	20	61	1520	2629	0	1923	5342	1037	28	13	34	321	1718
>NFIB.H14INVIVO.1.PS.A
144	97	2	1	0	999	539	246	307
264	6	0	1000	1001	1	1	243	192
499	23	998	0	0	1	460	434	86
94	875	1	0	0	0	1	78	416
>NFIC.H14INVIVO.0.PSM.A
92	22	6	1	9	95	532	183	281	301	313	64	61	67	541	525	221
420	458	3	0	6	892	169	304	339	270	150	132	808	877	349	53	184
194	22	18	995	981	11	10	349	202	278	239	441	28	16	26	274	450
294	498	973	4	4	2	289	164	178	151	298	363	103	40	84	148	145
>NFIC.H14INVIVO.1.PSM.A
148	222	2	8	4	965	572	250	386
257	9	13	973	978	12	8	210	147
445	104	958	6	1	2	405	465	136
141	656	18	4	8	12	6	66	322
>NFIL3.H14INVIVO.0.P.B
346	0	2	905	22	41	20	923	997	15
167	2	1	4	77	8	308	76	1	441
447	2	198	71	37	946	1	0	1	121
40	996	799	20	864	5	671	1	1	423
>NFIL3.H14INVIVO.1.S.B
1893	1568	4217	5	0	9288	0	755	0	8544	9645	35	3048	2683	1748	1724	1721	1957
1752	1374	743	2	0	0	8640	0	221	1101	1	2805	2950	2064	2950	3346	3424	3178
4062	4469	4627	1	1570	358	0	8891	0	1	0	1657	1907	2989	2718	2507	2500	2390
1939	2235	59	9638	8076	0	1006	0	9425	0	0	5149	1741	1910	2230	2069	2001	2121
>NFIX.H14INVIVO.0.SM.D
1727	688	108	62	80	917	5954	2841	0	2146	1516	96	36	37	9426	6323	1834
3500	2712	103	64	83	8835	979	2847	6425	1280	1824	93	9809	9861	334	521	3241
2988	457	362	9827	9766	104	1698	1814	0	4600	999	8915	64	41	117	2490	3238
1770	6128	9412	32	56	129	1354	2483	3560	1959	5646	881	76	46	108	651	1672
>NFIX.H14INVIVO.1.S.D
1548	1044	0	0	0	7712	7489	1795
1465	1095	0	7712	7712	0	0	2223
3171	84	7712	0	0	0	223	2522
1528	5489	0	0	0	0	0	1172
>NFKB1.H14INVIVO.0.PS.A
379	25	90	17	603	775	815	114	119	53	99	50
67	13	3	6	10	15	1	114	275	775	743	742
193	781	752	831	243	67	44	229	33	26	6	42
224	44	18	9	7	6	3	406	436	9	15	29
>NFKB2.H14INVIVO.0.PSM.A
420	81	27	33	616	850	960	150	91	73	29	64	257
141	21	5	15	9	83	33	122	453	875	945	902	231
237	804	955	938	363	60	7	314	11	25	16	8	152
202	94	13	14	12	7	0	414	445	27	10	26	360
>NFYA.H14INVIVO.0.P.B
333	150	108	519	353	3	8	984	976	2	155	657	256	621	478
186	316	359	96	41	979	981	1	6	9	546	43	173	178	33
240	173	163	334	481	2	2	1	10	0	253	288	509	128	387
237	357	366	47	121	12	5	10	4	985	42	8	58	69	98
>NFYB.H14INVIVO.0.P.B
141	87	563	355	1	1	992	984	1	139	685	189	571	418
310	376	66	24	995	994	0	8	5	579	29	181	227	33
181	161	352	522	2	2	0	6	0	241	278	563	129	424
369	377	20	100	3	4	9	3	995	42	9	68	74	126
>NFYC.H14INVIVO.0.P.B
368	125	83	572	336	0	2	988	984	0	116	708	181	596	452
194	335	402	84	32	989	991	0	1	6	614	40	154	191	32
236	187	140	289	526	1	3	0	10	0	235	245	604	133	412
200	351	373	53	104	8	2	10	3	992	33	5	59	78	102
>NGN1.H14INVIVO.0.SM.D
2379	2553	141	3393	7968	8	9909	2	9918	8	14	35	220	2831
2876	826	3969	103	980	9898	4	6	4	13	17	2399	3745	2548
2666	5495	683	6392	944	33	23	15	9	10	9899	2161	398	2896
2018	1065	5146	51	47	0	3	9916	8	9908	9	5344	5576	1664
>NGN2.H14INVIVO.0.P.B
310	257	170	419	454	0	1000	0	721	12	0	9	104
169	189	159	39	105	1000	0	1	271	2	0	101	412
379	449	337	538	440	0	0	984	7	0	1000	777	205
142	105	334	4	1	0	0	15	1	986	0	113	279
>NGN2.H14INVIVO.1.SM.B
2589	2246	242	6733	0	6753	0	0	62	178	2050
926	1840	6443	5	1	162	0	0	373	2514	1872
2604	2476	123	100	258	0	0	6915	765	375	1552
796	353	107	77	6656	0	6915	0	5715	3848	1441
>NKX21.H14INVIVO.0.P.B
132	221	111	174	949	25	325	108	54	167	169
407	117	86	65	1	11	3	15	326	325	283
234	42	290	757	13	963	94	842	411	148	134
227	620	513	4	37	1	578	35	209	360	414
>NKX22.H14INVIVO.0.P.B
139	100	132	385	963	15	317	64	29	169
335	206	211	97	1	20	8	12	390	295
256	80	253	509	6	934	92	913	383	184
269	613	403	8	29	30	582	10	197	351
>NKX23.H14INVIVO.0.SM.D
1706	1741	185	9626	9973	0	49	1116	615	2162
3023	1160	2708	0	0	0	1	3	3885	2787
3129	1156	720	347	0	9971	44	8847	3967	2140
2115	5916	6360	0	0	2	9879	7	1506	2884
>NKX25.H14INVIVO.0.PSM.A
122	181	116	210	976	9	317	62	68	100	174
309	233	81	61	2	63	4	9	286	321	205
303	49	210	715	7	906	53	917	404	230	154
255	526	582	3	4	11	615	1	231	338	456
>NKX25.H14INVIVO.1.P.B
444	320	85	83	21	239	55	31	943	173	819	145	195
98	91	265	32	41	333	10	7	17	547	4	24	295
334	439	584	50	933	124	67	963	20	252	38	730	398
126	152	68	837	7	306	870	1	22	30	141	103	114
>NKX28.H14INVIVO.0.SM.D
1512	1788	407	7265	9479	0	0	1321	363	1863
3380	912	3552	0	0	0	0	0	3862	2103
2172	957	1486	2214	0	9479	0	8155	3445	2742
2415	5822	4034	0	0	0	9479	3	1809	2771
>NKX31.H14INVIVO.0.PSM.A
229	108	244	761	977	1	67	139	15	79	145
188	286	100	24	2	7	0	9	481	273	126
271	161	122	200	10	988	13	841	258	26	102
312	445	534	15	11	4	920	11	246	622	627
>NKX32.H14INVIVO.0.PSM.A
154	134	946	1196	20	62	101	102	290
238	54	57	6	12	7	12	372	240
168	63	222	23	1192	47	1110	358	176
677	986	12	12	13	1121	14	405	531
>NKX32.H14INVIVO.1.S.B
281	186	24	1553	1559	0	3	57	13	174	651	555	273	226	929	955	314	249	323	388
605	249	44	0	0	0	0	0	456	876	502	695	385	32	39	56	201	176	248	352
339	101	31	7	0	1559	3	1503	1034	156	73	76	23	108	81	319	681	561	697	531
335	1024	1461	0	1	1	1554	0	57	354	334	234	879	1194	511	230	364	574	292	289
>NKX61.H14INVIVO.0.PS.A
243	691	160	297	608	973	51	33	382	126	349	398	382	285	119	630	981	110	163	380
80	86	247	51	48	8	37	81	67	351	215	95	45	48	83	95	0	38	53	83
528	135	126	141	268	9	98	567	405	420	135	121	48	40	38	248	12	62	376	425
146	85	464	508	73	7	811	316	143	100	298	383	522	624	757	24	4	787	405	109
>NKX61.H14INVIVO.1.P.B
131	80	843	989	4	1	623	124
224	17	15	1	3	9	16	300
68	11	126	3	3	899	298	418
574	889	13	4	987	88	60	155
>NKX61.H14INVIVO.2.S.B
2278	1434	2748	4655	365	0	7775	7785	1	1	7395	103	824	1742
1613	2669	2315	878	92	5	0	0	0	2	0	4161	3124	2101
1971	1430	1422	1126	197	0	10	0	0	4430	388	3001	2391	1326
1923	2252	1300	1126	7131	7780	0	0	7784	3352	2	520	1446	2616
>NKX62.H14INVIVO.0.SM.D
2478	4145	1301	3	9722	9850	0	316	7180	947	1278	2189
2673	1796	434	383	0	0	5	726	20	4210	3322	2806
2323	2623	1189	0	127	0	1	3804	2632	3268	3295	2313
2376	1286	6926	9464	1	0	9844	5004	18	1425	1955	2542
>NKX63.H14INVIVO.0.SM.D
1670	2986	4849	149	0	7231	7231	0	0	6845	48	673	919	1894
2106	1979	585	13	2	0	0	1	26	0	4366	3173	2545	1802
1170	1142	716	37	0	0	0	0	3882	386	2624	2152	1080	1077
2285	1124	1081	7032	7229	0	0	7230	3323	0	193	1233	2687	2458
>NOTO.H14INVIVO.0.SM.D
2871	1869	1039	1169	4133	9583	0	1	9533	3402	662	1510	2208
2686	3969	5719	2117	5357	0	5	206	22	1984	4511	2934	3234
2281	2340	1374	528	0	251	0	34	105	4030	2519	3283	1951
1996	1656	1702	6020	344	0	9829	9593	174	418	2142	2107	2441
>NPAS2.H14INVIVO.0.M.D
154	70	194	39	124	37	35	45	143	190	208	284	1	357	0	48	1	2	7	78
63	208	21	101	14	80	17	49	63	17	49	19	376	0	72	0	128	0	74	104
119	76	134	76	216	93	294	145	97	110	97	76	2	22	0	331	0	374	97	89
43	25	30	163	25	169	33	140	76	62	25	0	0	0	307	0	250	3	201	108
>NPAS2.H14INVIVO.1.M.D
2474	3382	5061	0	7743	0	15	5	1	101	1871
1222	1376	436	7766	0	307	0	3168	9	1475	2234
2341	1940	2266	1	24	0	7752	2	7677	1841	1486
1730	1069	4	0	0	7460	0	4592	80	4350	2176
>NPAS2.H14INVIVO.2.S.D
2698	732	7191	151	615	153	148	625	2728	2827	2639	4685	0	8714	0	0	0	0	84	2535	2489
2051	7639	244	7589	216	826	171	2950	2051	1457	1230	2052	8715	0	8712	0	5	1	2091	3480	2339
3062	146	1040	268	7657	357	7818	2075	1475	1802	2760	1859	0	1	0	8712	2	8700	1858	822	1701
904	198	240	707	227	7379	578	3065	2461	2629	2086	119	0	0	3	3	8708	14	4682	1878	2186
>NPAS3.H14INVIVO.0.P.C
162	168	755	46	37	3	1	339	98	99	198
188	75	39	843	6	2	0	533	444	327	148
579	396	182	12	941	0	994	55	189	220	401
67	357	20	95	12	991	1	69	265	350	249
>NPAS4.H14INVIVO.0.P.B
258	374	301	58	1	14	2	0	576	88	186
148	250	130	61	987	4	1	3	251	472	208
435	256	331	199	6	979	1	992	15	197	191
157	118	236	680	4	1	994	3	156	241	413
>NR1D1.H14INVIVO.0.P.B
611	681	82	56	512	35	22	25	26	971	170	195	284	198	169
250	20	363	79	2	0	10	178	892	11	289	193	121	101	152
49	31	439	79	463	874	952	142	20	4	433	190	458	501	548
90	268	116	786	23	91	16	655	62	14	108	422	137	200	131
>NR1D1.H14INVIVO.1.SM.B
3765	1356	155	4594	18	21	19	18	7954	494	22	4860	4	46	149	11	7086	2144
236	1667	1183	132	2	3	83	5856	2	1027	90	39	3	18	301	7491	27	1786
336	3090	832	3243	7724	7967	387	14	29	6227	190	3089	7624	7921	478	84	850	2053
3668	1892	5835	36	261	14	7516	2117	20	257	7703	17	374	20	7077	419	42	2022
>NR1D2.H14INVIVO.0.P.B
272	302	607	602	106	31	392	262	28	59	29	977	135	308	290	232	245	232
91	63	222	18	293	28	3	4	28	53	888	9	293	166	173	154	164	213
523	386	100	67	533	84	589	672	929	115	54	3	399	216	412	407	407	293
114	249	71	313	68	857	16	62	15	773	29	11	173	310	125	207	184	262
>NR1D2.H14INVIVO.1.SM.B
146	362	93	91	105	237	588	68	3	466	1	0	0	1	745	38	14	415	25	21	27	27	531	195	113	163
127	89	79	66	36	308	0	48	8	0	0	0	1	633	0	43	23	11	21	25	33	597	25	136	137	132
229	213	494	521	130	28	10	565	15	286	747	752	9	0	7	653	32	296	679	681	98	52	171	305	241	289
250	88	86	74	481	179	154	71	726	0	4	0	742	118	0	18	683	30	27	25	594	76	25	116	261	168
>NR1H2.H14INVIVO.0.P.C
252	315	202	177	436	317	683	14	3	6	23	986	177	196	236	291	390	126
225	207	332	364	197	68	2	1	3	13	782	1	476	194	177	259	256	239
243	291	205	186	113	560	304	973	958	41	10	1	91	140	401	250	231	529
272	179	253	265	246	47	3	4	28	932	177	4	248	462	178	192	115	98
>NR1H2.H14INVIVO.1.P.C
178	395	286	547	43	14	24	72	920	111	135	255	285	553	75	45	110	75	730
396	226	97	7	2	10	63	574	9	568	221	216	222	166	126	76	155	739	84
228	139	529	429	907	870	70	34	25	52	91	293	316	221	745	648	173	66	96
190	232	80	9	40	98	835	312	38	261	545	228	169	52	46	223	554	112	82
>NR1H3.H14INVIVO.0.P.B
299	505	88	13	28	136	862	81	107	302	223	650	59	24	117	17	882
141	29	5	13	118	392	23	656	262	261	219	85	7	13	110	867	20
464	444	836	820	135	53	45	39	96	184	334	215	901	768	168	21	73
95	21	70	153	718	418	69	223	534	252	223	49	32	194	604	94	24
>NR1H3.H14INVIVO.1.P.B
164	126	462	323	695	8	4	26	20	974	140	261	222
411	413	200	73	10	3	5	50	771	11	498	161	195
166	161	67	549	286	979	844	72	11	2	153	147	411
259	300	271	55	9	10	147	852	198	13	209	431	172
>NR1H4.H14INVIVO.0.P.B
478	78	77	30	16	735	357	38	65	497	70	84	49	171	179	298	92	73	135	47
19	12	19	72	674	54	224	128	34	105	790	758	347	372	208	227	30	70	209	613
394	788	690	262	136	102	211	60	816	222	29	4	224	185	368	315	676	649	258	92
27	40	132	554	92	27	126	692	3	94	29	72	298	190	163	78	120	126	316	166
>NR1H4.H14INVIVO.1.P.B
606	68	72	90	27	760	366	21	18	830	190	74	35	119	220	285	174	189
64	4	20	173	732	51	229	20	40	70	798	903	382	433	141	159	136	165
274	850	771	257	104	133	169	24	940	79	7	0	55	137	293	397	457	452
58	80	139	482	139	58	238	937	4	23	7	25	530	313	348	161	235	196
>NR1H4.H14INVIVO.2.P.B
583	262	13	13	783	97	73
118	376	17	20	41	864	872
219	224	3	937	124	8	2
51	109	938	1	23	2	24
>NR1I2.H14INVIVO.0.M.D
468	324	595	2149	38	3	32	8	1290	398	291	595	1649	146	180	162	149	1047	493
482	617	231	12	4	41	6	2405	16	474	380	376	126	140	99	145	1858	195	703
891	460	1485	315	2441	246	373	12	1169	203	599	1281	562	2038	495	527	209	1031	397
642	1082	172	7	0	2193	2072	58	8	1408	1213	231	146	159	1709	1649	267	210	890
>NR1I2.H14INVIVO.1.S.D
117	79	202	557	0	0	0	0	407	57	84	109
110	153	26	5	0	0	0	597	0	185	76	169
230	128	359	26	599	70	7	1	192	77	256	178
142	239	12	11	0	529	592	1	0	280	183	143
>NR1I3.H14INVIVO.0.P.B
352	524	122	74	51	122	666	241	166	484	269	736	8	26	80	24	860
169	20	15	21	211	607	70	208	470	119	129	5	0	20	144	841	38
363	375	758	560	204	119	92	372	184	113	553	144	954	359	210	33	38
93	58	82	322	511	129	149	156	157	261	26	92	15	572	543	79	41
>NR1I3.H14INVIVO.1.PSM.A
444	318	822	1	6	33	2	867	138
204	169	0	3	2	25	922	72	203
138	459	124	947	528	49	11	1	364
167	7	7	2	417	846	18	13	248
>NR1I3.H14INVIVO.2.M.C
148	83	475	400	705	0	0	0	0	214	41	106	198	379	488	283	65	38	76	131
186	263	47	2	0	0	0	0	706	2	296	156	171	40	80	148	126	100	245	215
201	150	84	129	1	706	0	0	0	490	42	237	214	190	91	190	163	57	61	207
171	210	100	175	0	0	706	706	0	0	327	207	123	97	47	85	352	511	324	153
>NR2C1.H14INVIVO.0.S.C
2608	3774	5869	0	0	0	0	8074	2590	2043	1663	1703
2065	765	65	0	0	0	8766	2	2176	1482	1442	1816
1963	3227	2843	8805	8806	0	2	730	1290	3931	4303	3507
2170	1040	29	1	0	8806	38	0	2750	1350	1398	1780
>NR2C1.H14INVIVO.1.PM.A
42	32	49	523	272	534	20	7	10	17	870	315	467	118	132
274	99	502	378	265	3	9	15	24	884	7	159	97	108	173
506	140	107	64	442	459	966	918	138	68	105	455	338	661	539
178	729	342	35	21	4	5	60	828	31	18	71	98	113	156
>NR2C2.H14INVIVO.0.SM.B
1729	3680	4663	6774	1	0	1	3	6809	2609	2590	2411
2697	1576	591	6	0	0	0	8445	5	2493	1329	1590
2372	1875	2859	2671	9454	9411	8	50	2633	1120	4050	3815
2659	2326	1344	6	2	46	9448	959	10	3235	1488	1641
>NR2C2.H14INVIVO.1.PS.A
240	33	24	5	375	231	395	13	36	20	22	676
95	369	30	380	590	495	1	5	10	36	765	58
601	446	66	59	27	262	604	967	843	225	122	230
66	154	882	558	10	14	2	17	113	721	93	38
>NR2E1.H14INVIVO.0.SM.D
4148	4597	8305	9168	3	2	4	9158	5191	2826
1657	922	330	216	0	131	9202	110	1460	1975
1830	2165	759	325	9835	53	53	384	997	1792
2203	2154	444	129	0	9652	579	186	2190	3245
>NR2E1.H14INVIVO.1.S.D
120	241	275	3	0	0	303	219	109	303	309	0	0	0	304	160	56
52	41	9	0	0	306	5	28	14	0	1	0	1	308	0	45	68
88	26	19	308	5	0	3	21	50	2	1	311	0	0	7	42	80
51	3	8	0	306	5	0	43	138	6	0	0	310	3	0	64	107
>NR2F6.H14INVIVO.0.P.C
275	410	145	175	142	151	708	440	833	14	11	1	5	973	353	371	286
156	90	163	211	278	568	78	44	0	0	5	42	917	7	207	156	173
396	336	535	475	192	153	92	485	165	987	970	54	39	17	334	350	380
175	166	159	141	390	130	124	33	4	1	16	905	41	5	108	125	163
>NR2F6.H14INVIVO.1.PSM.A
1692	4152	4021	5677	2	4	6	47	6460	2975	2803	1944
2993	1237	637	142	7	5	17	7364	238	1212	911	1160
1795	1429	2612	1902	7991	7981	26	290	1050	1241	2403	3049
1533	1195	743	292	13	23	7964	312	265	2585	1896	1860
>NR2F6.H14INVIVO.2.SM.B
482	683	130	77	60	79	1149	1165	1407	0	1	0	4	1195	440	290	348	366
273	175	131	134	180	974	124	12	3	0	0	11	1334	10	331	216	212	338
476	528	1085	1108	275	145	103	149	73	1483	1480	24	49	258	196	648	714	535
254	99	139	166	970	287	109	159	2	2	4	1450	98	22	518	331	211	246
>NR2F6.H14INVIVO.3.SM.B
1061	1695	2261	0	1	0	0	2050	1121	664	251	1390	141	181	543	559
466	101	1	0	0	0	2405	2	411	527	155	191	1453	1896	485	660
387	460	205	2468	2467	4	9	414	443	281	1985	753	176	156	296	444
554	212	1	0	0	2464	54	2	493	996	77	134	698	235	1144	805
>NR4A1.H14INVIVO.0.PSM.A
868	963	999	3	4	8	0	974
0	6	0	0	2	84	961	9
97	17	0	848	979	84	7	6
34	13	0	148	14	823	31	10
>NR4A2.H14INVIVO.0.SM.D
1848	6208	8764	9614	0	7	21	52	7782	2140
2150	110	10	1	0	0	172	8311	135	3062
2401	1657	113	32	8797	9641	575	309	1526	1636
3250	1674	762	2	852	1	8881	977	206	2811
>NR5A2.H14INVIVO.0.PSM.A
66	51	4	980	944	4	1	104	15	741
297	421	933	10	2	1	1	396	834	38
274	27	57	5	36	990	987	39	8	120
359	497	2	1	14	1	7	457	139	97
>NR6A1.H14INVIVO.0.P.C
211	594	608	181	57	31	10	965	891	67	31	56	32	773
467	81	99	66	96	343	949	15	18	11	25	245	761	39
191	188	166	591	445	37	21	5	33	879	557	148	33	86
128	134	124	159	399	586	17	12	55	40	384	548	171	99
>NR6A1.H14INVIVO.1.P.C
208	73	30	28	968	906	72	18	42	18	879	346
99	155	356	913	10	14	5	18	251	855	15	171
498	411	39	43	6	32	883	572	115	23	44	253
192	358	572	13	13	45	37	389	589	101	59	227
>NR6A1.H14INVIVO.2.SM.B
3261	1524	1311	737	617	8931	9099	8	34	3	3	9482	8930	118	246	420	247	6424	3014
1935	1460	1227	1416	7287	66	164	7	7	80	9395	0	280	134	115	735	7372	536	2295
2635	4835	4414	1059	1032	379	157	9425	4649	26	41	11	69	9020	5322	1441	556	1962	1755
1671	1683	2550	6290	566	126	82	62	4812	9393	63	9	223	230	3819	6906	1327	580	2438
>NRF1.H14INVIVO.0.PS.A
128	283	94	33	81	1	3	0	994	62	14	16	4	4	487	183
442	264	453	141	0	993	0	997	1	103	20	899	35	802	184	228
196	231	281	43	916	1	994	0	1	292	955	5	846	15	223	398
231	219	169	780	0	2	0	0	1	540	8	77	112	176	103	188
>NRL.H14INVIVO.0.SM.D
3933	4289	3732	3000	323	15	70	1	14	9948	49	1461	1631
1347	946	1395	1629	1119	41	9894	16	2	14	8794	1311	3037
2402	1211	1071	2433	80	9918	15	6	9684	13	189	5680	1584
2302	3538	3786	2922	8462	10	5	9961	284	9	952	1532	3732
>NRL.H14INVIVO.1.SM.D
189	307	402	350	276	174	3	0	0	0	0	576	0	9	10	137	411	50	89
128	74	25	12	17	67	19	0	576	0	0	0	574	1	60	335	41	81	333
141	104	42	21	12	107	2	576	0	0	574	0	0	558	14	46	68	356	102
118	91	107	193	271	228	552	0	0	576	2	0	2	8	492	58	56	89	52
>OLIG1.H14INVIVO.0.S.D
707	737	843	817	1132	2086	1258	0	2239	0	2239	0	0	3	88	613
438	421	412	394	341	11	877	2239	0	0	0	0	0	259	590	503
565	656	593	517	508	128	104	0	0	0	0	0	2239	1154	70	476
529	425	391	511	258	14	0	0	0	2239	0	2239	0	823	1491	647
>OLIG2.H14INVIVO.0.P.B
247	120	905	7	182	30	0	8	75	125	186	67	274	439	86	211	186	93	97
555	875	5	15	799	8	2	365	182	234	282	668	473	79	210	494	234	148	277
176	2	18	646	13	5	954	277	101	246	258	148	80	298	497	190	103	513	341
21	2	71	331	5	956	43	349	641	394	273	116	172	183	206	104	476	245	284
>OLIG2.H14INVIVO.1.P.B
231	221	747	24	132	4	6	14	80
622	735	29	15	795	2	23	363	253
92	27	106	583	57	5	937	245	77
53	15	116	376	14	987	32	376	588
>OLIG2.H14INVIVO.2.SM.B
3166	2086	2084	8338	2	8827	57	0	34	696	2487
1540	4960	6997	21	170	476	238	1	1259	957	1937
2252	1302	180	517	556	22	2	9314	2801	538	1653
2367	977	64	449	8597	0	9028	10	5231	7134	3248
>OLIG3.H14INVIVO.0.SM.D
1724	5441	1023	0	7969	0	7969	0	0	0	0	612	1447
2540	142	6596	7969	0	0	0	0	0	0	4	3064	2623
1953	2022	350	0	0	0	0	0	7969	3115	0	1079	1732
1752	364	0	0	0	7969	0	7969	0	4854	7965	3214	2167
>ONEC2.H14INVIVO.0.S.B
2952	1917	599	7974	1	0	4	8116	107	55	1429	1765
1094	753	502	48	4	7441	2	10	199	3411	1193	1552
2097	1627	440	26	5	0	8126	5	65	107	2134	1707
1989	3835	6591	84	8122	691	0	1	7761	4559	3376	3108
>ONEC2.H14INVIVO.1.PM.A
2985	1768	249	9883	1	0	0	9851	30	52	2618	2894	1862	2215
1457	1158	335	1	2	88	0	3	192	2251	1038	1678	2549	2110
2406	2499	268	2	1	0	9890	35	24	122	2337	2013	1360	2201
3042	4465	9038	4	9886	9802	0	1	9644	7465	3897	3305	4119	3364
>ONEC2.H14INVIVO.2.S.B
2269	1134	823	9457	0	0	0	9457	0	10	481	4267	1375
2318	1585	191	0	0	9415	0	0	4	8166	612	1083	1827
2855	3033	751	0	0	0	9457	0	0	4	7898	3106	1754
2015	3705	7692	0	9457	42	0	0	9453	1277	466	1001	4501
>ONEC2.H14INVIVO.3.P.B
29	3	324	0	1	0	324	0	0	23	217	15	12	15	242	23	13	29	221	23	34	33
33	18	0	0	0	0	0	3	12	13	23	19	16	17	20	23	12	17	29	29	29	32
40	103	0	0	0	323	0	0	0	170	27	8	9	234	27	20	25	219	42	35	23	201
222	200	0	324	323	1	0	321	312	118	57	282	287	58	35	258	274	59	32	237	238	58
>ONEC3.H14INVIVO.0.S.D
2441	1328	781	8742	6	0	1	8834	1	91	2243	1701	1298	1595
1678	1380	413	35	38	4145	0	0	29	250	190	1018	1850	1852
1795	1606	424	29	5	0	8840	5	19	39	887	1402	1454	2199
2927	4527	7223	35	8792	4696	0	2	8792	8461	5521	4720	4239	3195
>ONEC3.H14INVIVO.1.S.D
1111	750	7023	0	0	0	7023	0	0	1717	2283
1586	766	0	0	6686	0	0	0	2480	605	1731
2553	1960	0	0	0	7023	0	0	0	3817	1934
1773	3547	0	7023	337	0	0	7023	4543	884	1075
>ONEC3.H14INVIVO.2.M.D
241	107	24	782	0	0	0	781	0	0	186	445	97
162	158	19	0	0	0	0	1	1	162	25	95	183
233	270	31	0	0	0	782	0	0	0	468	125	118
146	247	708	0	782	782	0	0	781	620	103	117	384
>OSR1.H14INVIVO.0.SM.D
2411	145	0	1	9785	0	0	99	679	2214	1795
2256	81	9869	6	0	9869	4605	17	724	1117	3170
1398	9639	0	0	0	0	0	9628	803	2416	1684
3804	4	0	9862	84	0	5264	125	7663	4122	3220
>OSR2.H14INVIVO.0.PSM.A
141	300	140	36	17	324	104	40	14
334	71	147	741	171	224	876	69	70
161	225	601	11	7	192	4	1	678
364	404	112	212	805	260	16	890	238
>OSR2.H14INVIVO.1.M.C
334	137	190	0	0	0	1058	0	0	0	525	554	31	102	623	86	99	416
196	147	150	2	1058	0	0	1058	3	0	19	1	126	136	158	167	760	199
287	371	93	1056	0	0	0	0	0	1022	19	219	562	225	191	697	70	184
241	403	625	0	0	1058	0	0	1055	36	495	284	339	595	86	108	129	259
>OTX1.H14INVIVO.0.SM.D
3909	1844	1476	891	0	8704	0	2	8915	4142	1632	2154
1624	1713	4578	943	2	272	0	0	0	1108	2410	1885
1700	2947	2068	6941	8974	0	0	0	7	2042	2716	2701
1743	2472	854	201	0	0	8976	8974	54	1684	2218	2236
>OTX1.H14INVIVO.1.S.D
321	1231	1368	68	48	16	0	1607	0	0	1660	920	231	354
159	152	67	176	1548	258	0	54	0	0	0	175	358	457
132	115	93	631	36	1379	1661	0	0	0	0	348	567	441
1049	163	133	786	29	8	0	0	1661	1661	1	218	505	409
>OTX2.H14INVIVO.0.PSM.A
422	290	350	335	38	768	2	47	822	347	267
170	142	123	2	29	198	7	28	6	68	331
252	362	407	586	916	2	5	17	14	263	229
152	202	116	73	13	28	982	904	154	318	169
>OVOL1.H14INVIVO.0.SM.D
1962	4840	2767	8260	2	9850	9850	0	2	1	411	2820	1760	2057
2732	405	2239	649	4	0	0	9850	5	1	62	3019	3970	2691
3052	3559	2561	860	3	0	0	0	9842	9846	195	534	428	1646
2104	1046	2283	81	9841	0	0	0	1	2	9182	3477	3692	3456
>OVOL2.H14INVIVO.0.PSM.A
2336	4381	2277	5324	6	9714	9708	0	0	0	3656	4126	2929
2201	991	2195	1844	36	0	0	9714	0	5	543	1367	1939
2372	2452	2312	1788	7	0	6	0	9714	9689	581	1322	1477
2805	1890	2930	758	9665	0	0	0	0	20	4934	2899	3369
>OZF.H14INVIVO.0.P.B
126	13	1	1	0	2	20	936	27	12	21	1	6	30	155	850	0	976	149	1	976	0	1	2	2
841	215	0	15	1	1	307	20	41	6	1	945	25	6	730	9	0	1	31	3	0	44	0	974	963
4	2	0	16	1	2	24	16	28	921	958	16	1	942	4	127	2	6	802	0	9	4	2	0	2
15	756	985	954	984	981	635	14	890	47	6	24	954	8	97	0	984	3	4	982	1	938	983	10	19
>P53.H14INVIVO.0.P.B
163	335	184	551	20	519	152	10	18	34	66	376	193	548	0	859	22	7	21	46	86
190	71	52	83	807	67	18	5	584	860	486	109	31	2	1020	14	8	6	411	617	560
461	406	630	279	32	50	28	990	3	27	10	401	670	428	1	12	7	1009	4	37	56
208	210	156	109	163	386	824	17	417	101	460	136	128	44	1	137	985	0	586	322	320
>P53.H14INVIVO.1.S.C
119	137	116	201	145	577	0	655	0	0	6	174	131
233	257	240	2	0	0	655	0	0	0	61	165	220
109	130	124	384	500	78	0	0	0	655	0	31	127
194	131	175	68	10	0	0	0	655	0	588	285	177
>P5F1B.H14INVIVO.0.S.D
1423	1922	4015	5338	17	7470	1	1	0	6024	6847	7332	404	678	3905	1956	1609
866	570	2653	110	53	0	24	3	7348	0	2	3	148	1019	1191	1170	1820
648	4390	286	788	9	0	0	6703	14	6	24	119	177	1247	741	3405	2180
4541	596	524	1242	7399	8	7453	771	116	1448	605	24	6749	4534	1641	947	1869
>P63.H14INVIVO.0.PS.A
302	303	441	5	725	351	1	108	139	16	510	236	466	0	554	84	12	72	217
174	84	21	978	96	12	0	384	429	734	201	56	5	1002	141	102	3	479	365
374	407	448	5	106	132	1002	3	130	186	43	593	405	0	15	85	986	16	98
153	209	93	15	76	508	0	508	305	67	249	118	127	1	293	732	2	436	323
>P63.H14INVIVO.1.PS.A
164	80	494	195	515	2	499	8	0	16	190	106
547	501	47	33	4	997	119	6	1	459	330	397
91	145	261	756	439	0	8	7	998	3	49	247
198	274	198	16	42	1	374	979	1	522	431	250
>P66A.H14INVIVO.0.SG.D
7	4	0	0	446	0	0	79	35	83	79	75	96	116	126	83	262	187	14	35	67
188	345	0	5	0	1	448	2	181	70	142	89	102	117	105	102	55	21	232	187	78
42	87	0	3	1	0	0	2	88	80	62	55	37	39	58	168	113	10	6	11	44
212	13	449	441	2	448	1	366	145	216	166	230	214	177	160	96	19	231	197	216	260
>P73.H14INVIVO.0.PS.A
221	425	9	726	347	2	77	155	57	654	255	588	5	575	134	37	84	157	140
70	33	937	91	13	6	449	519	722	131	35	9	985	106	69	15	450	497	398
511	438	21	68	107	987	8	76	160	34	650	345	5	16	88	942	22	65	109
198	104	33	115	533	5	466	250	61	181	60	58	5	303	709	6	444	281	353
>P73.H14INVIVO.1.P.B
150	127	523	63	411	14	637	116	5	48	143
517	453	6	8	7	958	57	14	15	313	349
58	124	327	883	552	9	37	29	958	4	74
259	280	128	30	14	3	253	825	6	619	418
>PATZ1.H14INVIVO.0.P.B
282	74	118	120	155	456	18	19	85	286	190	61	173	55	292	281	175	87	174	306	260	178	64
176	62	211	13	65	396	6	10	23	40	215	422	220	169	149	134	102	60	118	80	185	172	327
377	649	568	807	726	4	717	921	825	613	524	246	400	673	448	506	500	738	606	541	482	431	490
124	174	62	19	13	103	218	9	26	20	30	230	166	62	70	38	182	74	61	32	32	178	78
>PATZ1.H14INVIVO.1.P.C
298	258	163	17	6	581	164	9	48	93
116	46	10	5	1	340	9	8	4	9
462	621	713	926	948	1	757	841	883	831
84	35	74	12	5	38	30	102	25	27
>PAX1.H14INVIVO.0.SM.D
2508	2190	518	1541	4508	2465	201	458	6906	6464	1	3	1191	36	1790	7280	1129	1207
1307	2257	1994	4995	1294	1720	1872	4344	45	191	1486	8689	8	167	70	273	6963	2858
3551	1995	2265	499	2495	2765	464	3064	1385	187	7223	17	7479	238	6500	353	226	3316
1350	2274	3939	1681	419	1766	6179	850	380	1874	6	7	38	8275	356	810	398	1335
>PAX2.H14INVIVO.0.SM.D
2932	3518	266	473	5697	2924	43	467	8264	6805	13	26	1681	195	2786	7816	1813	1420	2861
1173	1921	2905	6578	540	2580	2374	5867	24	239	1905	9778	44	707	179	681	7203	3353	2032
5081	2187	2377	301	3559	2780	237	3317	1565	116	8016	89	8039	888	6190	651	424	3936	3125
770	2330	4408	2604	160	1672	7302	305	103	2796	22	63	192	8166	801	808	516	1247	1938
>PAX3.H14INVIVO.0.PS.A
420	219	272	309	5	56	2	983	22	157	3	129	47	181
223	113	190	81	4	101	983	7	557	6	460	169	281	350
155	177	47	217	677	31	1	5	30	831	533	28	329	325
203	492	492	394	315	813	15	6	392	7	5	675	344	145
>PAX3.H14INVIVO.1.SM.B
4449	6454	1286	604	5302	195	126	54	9211	88	163	78	875	2425	3477
1288	957	841	1477	1563	37	86	9371	112	9511	65	5754	1316	1861	2109
3009	1325	1021	596	2431	9437	60	52	525	35	9591	3957	464	1280	2219
1138	1148	6736	7207	588	215	9612	407	36	250	65	95	7229	4318	2079
>PAX3.H14INVIVO.2.P.C
233	177	154	258	606	819	13	18	41	569	128	98
123	101	283	21	197	28	43	45	102	90	82	76
301	344	294	22	40	6	60	225	660	123	98	74
200	235	126	556	14	4	741	569	54	75	549	609
>PAX3.H14INVIVO.3.S.B
646	381	70	2484	2486	0	0	535	2490	1	6	2394	1051	296	565	954	733	666	840	800
377	598	35	3	0	0	1939	0	1	0	6	13	536	768	561	454	532	680	646	692
895	594	15	4	1	1	0	1956	0	1	3	55	713	376	466	532	487	416	399	414
573	918	2371	0	4	2490	552	0	0	2489	2476	29	191	1051	899	551	739	729	606	585
>PAX4.H14INVIVO.0.SM.D
2024	3685	7027	0	25	6219	2533	932	1586
1340	1875	399	6	0	1212	946	2633	1702
1663	1567	2	0	7	0	3406	1842	2017
2404	304	3	7425	7399	0	546	2024	2126
>PAX4.H14INVIVO.1.S.D
197	130	4	2	609	667	0	0	655	268	22	26	514	606	98	133
120	126	500	3	53	0	0	0	12	27	286	38	70	18	79	90
146	246	50	151	0	0	0	0	0	349	47	123	29	22	60	99
204	165	113	511	5	0	667	667	0	23	312	480	54	21	430	345
>PAX5.H14INVIVO.0.PS.A
164	270	278	328	228	15	53	733	171	31	149	586	518	1	13	266	91	286	666	224
370	234	106	54	203	224	788	68	233	514	448	30	59	292	812	29	50	29	53	707
252	387	311	594	379	479	14	144	501	97	380	371	203	697	21	666	240	678	197	42
214	109	305	24	190	282	145	55	95	358	23	13	220	10	154	39	619	7	84	27
>PAX6.H14INVIVO.0.PSM.A
146	77	76	30	443	81	253	20	259	27	30	795	151	32	202	392	313	37	373
290	285	62	425	443	480	19	672	266	162	504	23	301	98	18	340	290	588	289
188	60	100	38	46	12	703	293	57	18	438	159	276	29	647	254	206	35	72
377	579	763	508	69	428	26	16	419	794	29	24	273	842	134	15	192	341	267
>PAX7.H14INVIVO.0.P.B
435	263	215	284	5	45	8	949	67	323	7	127	133
232	144	216	46	5	220	972	10	573	8	393	239	246
139	154	69	186	695	60	4	6	22	630	590	26	219
188	433	494	478	289	669	10	29	332	33	4	602	396
>PAX7.H14INVIVO.1.S.B
2025	1750	7136	7380	113	21	2006	8385	0	1	8015	2419	595	1719
1780	932	365	309	359	6701	29	0	0	21	155	1577	3404	2212
2109	913	573	335	266	83	6354	5	0	0	120	3678	2123	2518
2476	4795	316	366	7652	1585	1	0	8390	8368	100	716	2268	1941
>PAX7.H14INVIVO.2.PM.A
2674	1681	5995	6027	557	258	5909	9735	18	101	8933	1693	533	1426	3775	1560	2795	1701	2022
2454	1957	1245	1499	1492	4505	181	19	66	224	213	1483	4151	3545	1518	3515	1591	4250	2490
2172	1326	1715	1464	856	255	3773	104	16	80	533	5784	1506	3466	1600	2812	3908	2328	2217
2581	4917	926	891	6976	4863	18	23	9781	9476	202	921	3691	1444	2988	1994	1587	1602	3152
>PAX8.H14INVIVO.0.PSM.A
22	25	37	31	40	28	10	14	133	31	13	14	87	62	0	7	50	7	27	87	32
37	25	16	10	4	27	19	107	0	32	18	52	2	2	27	89	0	11	0	18	84
61	28	72	26	93	22	72	4	1	45	34	51	52	14	113	2	91	18	116	4	24
24	66	19	77	7	67	43	19	10	36	79	27	3	66	4	46	3	108	1	35	4
>PAX9.H14INVIVO.0.SM.D
495	1663	5655	1847	109	355	7224	5956	5	2	686	22	1349	8148	720	506	1736
2527	5532	959	2009	1852	4957	39	345	1432	8832	4	15	57	106	7833	2293	1768
2705	340	1861	3179	376	3217	1386	239	7402	6	8136	260	7333	315	142	5358	4107
3118	1310	370	1810	6508	316	196	2305	6	5	19	8548	106	276	150	688	1234
>PBX1.H14INVIVO.0.P.B
142	18	984	39	69	19	699	4	544	111	127	211
53	20	3	216	21	11	6	745	8	64	384	369
96	956	3	187	128	855	288	3	293	715	350	126
705	2	6	554	778	111	3	244	151	106	135	290
>PBX1.H14INVIVO.1.P.B
115	132	59	12	1020	12	37	23	476	38
231	423	106	147	7	145	10	1	2	694
289	256	39	836	4	128	63	959	554	18
398	222	829	38	2	748	923	50	1	283
>PBX1.H14INVIVO.2.P.B
570	191	45	4	862	15	902	88	226	210
108	314	15	20	15	982	2	57	331	274
216	210	39	984	138	10	38	765	327	130
124	303	919	10	3	11	76	108	134	404
>PBX2.H14INVIVO.0.P.B
105	10	982	14	51	46	720	8	588	61	106
76	22	4	193	52	3	0	842	16	77	411
66	960	11	338	152	924	279	2	288	755	388
753	8	3	455	745	27	1	148	108	107	95
>PBX2.H14INVIVO.1.P.C
109	115	24	10	988	5	3	4	339	57	388
244	475	190	180	1	68	0	2	0	823	186
276	199	32	750	11	141	26	993	662	21	119
373	213	756	62	2	788	973	3	1	101	309
>PBX2.H14INVIVO.2.P.C
615	122	164	10	917	6	902	27	247
54	249	27	10	5	949	2	8	291
229	428	60	978	61	32	34	925	401
102	201	749	2	17	13	62	40	61
>PBX3.H14INVIVO.0.P.B
108	114	39	15	988	11	7	3	366	50	367	115
260	455	201	192	2	99	2	0	0	783	152	126
287	226	39	744	6	157	33	992	633	12	166	641
345	205	721	49	4	733	958	5	1	155	315	118
>PBX3.H14INVIVO.1.P.B
130	40	963	41	66	17	599	29	527	68
109	27	9	239	77	1	3	878	59	105
119	908	14	296	154	970	386	16	300	687
633	16	5	415	694	3	3	68	105	131
>PDX1.H14INVIVO.0.P.B
178	31	1000	7	176	496	1000	7	42	414
0	0	0	58	3	5	0	23	38	35
6	966	0	16	44	484	0	40	629	477
816	3	0	919	777	15	0	930	291	74
>PDX1.H14INVIVO.1.PSM.A
259	13	43	423	484	13	4	327	41
21	80	6	14	4	3	4	8	143
98	63	3	57	9	39	195	149	123
120	342	446	4	1	443	295	14	191
>PF21A.H14INVIVO.0.B.D
185	210	0	253	318	370	313	416	106	579	145
128	171	284	195	102	1	6	21	253	0	164
127	197	175	131	159	110	69	53	0	0	146
139	1	120	0	0	98	191	89	220	0	124
>PHX2A.H14INVIVO.0.PS.A
15	46	124	129	6	1	7	104	113	0	3	110	41	30
51	14	3	4	7	80	63	8	5	0	6	0	25	61
26	2	8	5	10	28	7	9	10	1	2	2	52	27
46	76	3	0	115	29	61	17	10	137	127	26	20	20
>PHX2A.H14INVIVO.1.SM.B
3028	1588	830	349	6708	7535	0	0	7535	2463	470	1287
1583	2581	2860	2891	61	0	0	0	0	1445	3722	1913
1655	1376	2525	301	764	0	0	0	0	3431	1768	2326
1269	1990	1320	3994	2	0	7535	7535	0	196	1575	2009
>PHX2B.H14INVIVO.0.PSM.A
46	966	1002	5	8	813	689	863	4	60	886	527
12	2	0	6	65	0	57	25	4	31	4	105
8	25	2	7	26	191	225	52	3	14	22	125
938	11	0	986	905	0	33	64	993	899	92	247
>PHX2B.H14INVIVO.1.SM.B
1967	1629	134	0	7097	7097	0	0	3509	1571	2088
2117	2244	2753	0	0	0	0	522	610	2584	1712
1780	2638	1293	0	0	0	0	16	2468	1982	1697
1233	586	2917	7097	0	0	7097	6559	510	960	1600
>PIT1.H14INVIVO.0.SM.D
1492	798	75	5026	5039	0	4	5025	59	4809	76	122	131	1461
1101	816	26	7	0	4	3	1	96	51	73	76	4686	353
1749	675	9	5	0	4	4052	4	4300	111	43	4279	107	2855
697	2750	4929	1	0	5031	980	9	584	68	4847	562	115	370
>PIT1.H14INVIVO.1.S.D
1275	991	1839	5862	0	1	5113	6215	0	4369	4328	999	942	3214	2956
2149	614	3020	97	21	0	1104	2	0	16	187	376	1725	1292	885
1036	1211	479	189	3	4210	0	0	0	189	73	1194	984	514	828
1757	3401	879	69	6193	2006	0	0	6217	1643	1629	3648	2566	1197	1548
>PITX1.H14INVIVO.0.PSM.A
338	98	31	706	1	21	947	441	259
12	1	3	316	1	41	0	65	281
530	924	1001	7	2	14	8	448	325
157	14	2	8	1033	961	82	83	172
>PITX1.H14INVIVO.1.S.B
741	524	138	74	1773	0	0	1717	1626	324	318	195	836	430	476	1012	893	654	502	360
266	296	6	1	14	0	70	70	30	466	223	195	79	20	16	40	186	444	593	660
534	527	1561	1712	0	0	0	0	109	606	977	1167	609	443	137	16	147	193	262	302
246	440	82	0	0	1787	1717	0	22	391	269	230	263	894	1158	719	561	496	430	465
>PITX2.H14INVIVO.0.SM.D
2004	838	33	7751	0	0	8395	3773	1123	1813
1866	472	178	960	0	312	77	1354	2721	1834
2980	6794	8487	10	0	5	77	2479	3046	2944
1871	617	23	0	8721	8404	172	1115	1831	2130
>PITX3.H14INVIVO.0.SM.D
2095	652	1	8237	0	0	9395	4942	1510
2353	57	26	1244	0	272	3	1189	2852
2608	8414	9454	0	0	0	7	2441	3250
2425	358	0	0	9481	9209	76	909	1869
>PITX3.H14INVIVO.1.S.D
82	85	86	142	147	215	162	139	181	149	50	11	1	429	0	0	440	203	43	72
123	101	61	20	15	26	48	81	106	103	105	9	1	17	0	2	2	44	86	91
176	195	218	170	122	23	20	45	92	113	208	419	444	0	0	1	0	166	200	205
65	65	81	114	162	182	216	181	67	81	83	7	0	0	446	443	4	33	117	78
>PKNX1.H14INVIVO.0.P.B
128	100	109	22	18	985	3	4	1	231	88	303	167
408	225	482	232	240	2	52	0	0	1	741	200	157
145	258	188	39	668	7	97	15	991	765	27	108	547
319	417	221	707	74	6	848	981	8	3	144	389	129
>PKNX1.H14INVIVO.1.P.B
121	40	911	47	85	19	556	44	505	88
107	43	12	223	56	7	5	809	61	102
112	849	28	237	156	914	392	10	273	627
617	25	6	450	660	17	4	94	118	140
>PKNX1.H14INVIVO.2.SM.B
416	25	18	2337	33	2271	101	288	337	425
437	289	0	0	2275	3	355	719	462	433
945	118	2337	39	63	92	1557	1076	543	1155
579	1945	22	1	6	11	364	294	1035	364
>PKNX1.H14INVIVO.3.SM.B
164	203	111	0	0	681	0	681	0	49	19	53	129	65
148	84	80	25	0	0	680	0	18	247	56	32	61	387
228	186	251	0	681	0	1	0	622	374	68	542	111	118
141	208	239	656	0	0	0	0	41	11	538	54	380	111
>PKNX2.H14INVIVO.0.SM.D
425	440	367	1	0	1516	0	1519	0	36	9	124	262	100	703
276	193	106	30	0	0	1519	0	17	826	88	46	129	1050	188
486	457	373	4	1519	2	0	0	1467	625	17	1232	215	166	401
332	429	673	1484	0	1	0	0	35	32	1405	117	913	203	227
>PKNX2.H14INVIVO.1.SM.D
2126	243	0	9598	0	9328	282	1280	461	1578	1854
2412	359	0	0	9614	0	629	3790	2694	1141	1819
2139	43	9614	16	0	286	7848	4013	963	5236	2735
2937	8969	0	0	0	0	855	531	5496	1659	3206
>PO2F1.H14INVIVO.0.PS.A
430	99	981	4	4	151	954	618	996	23	184
190	195	10	2	1	733	9	3	0	24	68
97	8	6	1	990	10	0	54	0	15	456
283	698	3	993	5	106	37	325	4	938	292
>PO2F2.H14INVIVO.0.PSM.A
459	142	979	4	4	60	974	676	971	100	211
142	281	6	3	2	852	2	15	8	71	146
184	40	5	5	963	10	0	71	7	80	382
215	537	10	988	31	78	24	238	14	749	261
>PO2F2.H14INVIVO.1.M.C
475	515	1386	1854	2	2277	1	0	1	394	529	1874	281	1286	705
658	90	615	11	5	0	8	0	2269	0	1372	50	170	199	498
239	1402	87	45	0	0	0	1956	0	1847	50	258	112	352	322
905	270	189	367	2270	0	2268	321	7	36	326	95	1714	440	752
>PO2F2.H14INVIVO.2.S.B
3156	800	2465	285	17	2061	6028	198	6029	901	500	736	2274
714	1005	321	159	0	3968	0	0	0	273	321	2905	1025
819	467	349	62	6012	0	0	0	0	103	1024	482	999
1340	3757	2894	5523	0	0	1	5831	0	4752	4184	1906	1731
>PO2F3.H14INVIVO.0.PS.A
486	135	958	37	9	12	968	968	974	76
150	229	9	6	2	866	6	6	8	43
154	43	4	40	936	47	3	7	5	102
198	581	17	905	41	63	11	7	1	767
>PO2F3.H14INVIVO.1.S.C
168	256	295	282	20	457	61	26	2	255	565	574	0	4	372	38	46	116	120
103	29	123	12	36	15	27	47	569	0	1	0	0	9	15	31	313	205	200
76	210	77	72	18	41	42	491	2	0	1	0	0	24	0	485	109	104	110
227	79	79	208	500	61	444	10	1	319	7	0	574	537	187	20	106	149	144
>PO3F1.H14INVIVO.0.P.B
456	139	251	537	487	212	970	11	5	10	844	411	471	333	178
127	52	142	165	67	136	10	2	3	930	32	26	66	112	223
95	146	312	162	114	59	7	16	666	35	3	215	389	154	402
321	662	294	135	331	592	12	970	325	24	120	347	73	400	196
>PO3F1.H14INVIVO.1.PS.A
299	98	281	89	828	6	88	492	852	27	797	385	87	7	513
120	474	89	662	4	2	5	360	6	4	8	14	10	386	325
171	75	68	10	6	3	765	5	3	1	8	7	247	290	20
278	221	430	107	30	857	10	11	7	836	55	462	524	185	10
>PO3F1.H14INVIVO.2.S.C
2326	14	8687	9368	1	23	7097	2862	1569
1843	45	0	2	160	0	1160	1463	3025
2866	43	712	29	283	3343	464	4406	2615
2364	9297	0	0	8955	6033	678	668	2190
>PO3F1.H14INVIVO.3.M.C
1235	1818	632	194	3442	34	225	155	770	3778	3778	0	3	3646	567	473	661
979	549	114	264	57	226	159	3063	0	0	0	0	14	39	378	1032	902
934	731	573	69	222	172	3390	97	3	0	0	0	1110	29	2638	1411	750
630	680	2459	3251	57	3346	4	463	3005	0	0	3778	2651	64	195	862	1465
>PO3F2.H14INVIVO.0.P.B
23	111	16	499	1	11	359	558	0	523	156	37	12	423	195	139
306	81	457	32	1	3	202	4	0	3	35	3	334	131	4	24
138	26	27	6	8	549	0	0	1	13	1	105	147	4	24	218
96	345	63	26	553	0	2	1	562	24	371	418	70	5	340	182
>PO3F2.H14INVIVO.1.S.B
148	159	260	387	10	76	587	664	0	0	661	157	41	193	276
148	67	214	59	134	0	76	0	0	0	1	71	228	265	83
151	284	72	167	50	75	1	1	0	32	3	179	282	74	87
218	155	119	52	471	514	1	0	665	633	0	258	114	133	219
>PO3F2.H14INVIVO.2.SM.B
1927	836	197	106	2604	5427	0	5	4253	515	9	4918	101	4431	3212	1017
1508	2737	4382	87	2787	2	1	4	8	301	5121	216	274	213	1044	1230
1085	1161	363	90	36	1	0	8	0	4458	176	198	76	448	270	978
910	696	488	5147	3	0	5429	5413	1169	156	124	98	4979	338	904	2205
>PO3F3.H14INVIVO.0.P.C
124	204	143	927	6	39	350	827	401	913	211	39
388	91	554	48	1	16	551	17	11	31	22	52
245	177	84	2	10	908	42	2	59	14	39	336
239	524	215	19	979	33	53	150	525	38	724	569
>PO3F3.H14INVIVO.1.P.C
145	409	48	471	89	34	382	970	43	670	301	122	268	680	353	120	389	368
457	153	442	129	9	33	603	14	10	54	131	117	341	217	29	106	185	224
249	75	89	33	44	922	6	3	15	96	30	156	148	33	87	455	268	303
147	361	419	365	856	9	7	11	930	178	536	603	241	68	529	317	156	103
>PO3F3.H14INVIVO.2.S.B
1672	855	2360	2209	0	6777	6799	0	0	4961	3983	1979
995	1094	2369	2323	0	22	0	0	29	803	903	1360
1063	2673	1904	301	0	0	0	0	1267	51	1486	1181
3069	2177	166	1966	6799	0	0	6799	5503	984	427	2279
>PO3F4.H14INVIVO.0.SM.D
1583	429	242	4365	7792	0	17	4940	332	6	7710	42	7274	4945	1588
2822	5636	108	3265	11	9	10	77	75	7748	23	61	83	1011	1548
2035	644	137	111	10	5	66	0	7402	17	48	23	203	228	1453
1377	1108	7330	76	4	7803	7724	2800	8	46	36	7691	257	1633	3228
>PO4F1.H14INVIVO.0.S.D
2136	4154	5725	329	3681	9444	0	5	3122	9322	391	1344	2793
1942	3103	1158	112	1214	7	32	0	5974	27	1301	1297	2758
2644	1233	864	484	192	0	11	4830	88	108	854	4789	1940
2740	972	1715	8537	4375	11	9419	4627	278	5	6916	2032	1971
>PO4F1.H14INVIVO.1.SM.D
1484	2167	5319	58	930	6915	6393	109	2402	7407	127	33	896	6317	654	1517	2534
1373	3491	743	59	579	337	54	37	164	12	75	29	5816	163	1556	1185	1725
1343	948	850	68	761	25	29	86	86	11	80	3828	265	909	1123	3075	1493
3248	842	536	7263	5178	171	972	7216	4796	18	7166	3558	471	59	4115	1671	1696
>PO4F2.H14INVIVO.0.S.D
2177	1264	984	2147	7427	9	505	7762	7803	132	3227	7974	377	235	1888	6206	1859
1817	2442	831	4282	202	10	30	146	3	34	24	29	52	93	4688	581	1740
2238	1806	1389	603	246	7	1152	1	18	37	61	15	90	2281	339	626	1473
1865	2585	4893	1065	222	8071	6410	188	273	7894	4785	79	7578	5488	1182	684	3025
>PO4F3.H14INVIVO.0.SM.D
1757	1780	5041	38	2298	7575	8064	58	9360	9675	469	277	2990	9322	930	1300	3390
2350	5074	1579	155	1523	2046	154	30	482	37	46	49	4245	142	2337	1792	2490
2379	1817	2266	124	3627	100	46	32	0	17	111	2995	952	305	1517	5022	2267
3356	1171	956	9525	2394	121	1578	9722	0	113	9216	6521	1655	73	5058	1728	1695
>PO5F1.H14INVIVO.0.P.B
116	66	53	533	13	52	113	344	160	950	9	1	18	776	573	829	169
257	490	606	33	38	14	300	9	258	11	6	5	824	20	98	42	136
285	232	59	30	33	130	562	35	110	27	11	926	65	45	201	93	161
364	234	304	426	938	826	47	634	494	34	996	90	115	181	150	58	556
>PO5F1.H14INVIVO.1.P.B
172	188	390	195	921	5	3	16	830	659	878
46	271	46	183	5	1	5	777	5	76	35
149	412	45	79	28	20	845	74	14	190	66
626	122	512	536	39	967	140	126	144	68	14
>PO5F1.H14INVIVO.2.SM.B
3639	4811	2370	33	9622	0	0	1	2737	9613	9627	4	23	8012	3592	770	1434
2149	1427	92	9	2	2	1	8665	0	1	1	1	54	185	1264	2759	2902
2509	1836	805	5	1	1	9629	0	0	7	1	3	3211	633	4326	4009	2263
1333	1556	6363	9583	5	9627	0	964	6893	9	1	9622	6342	800	448	2092	3031
>PO6F1.H14INVIVO.0.SM.D
1601	1134	2351	39	6707	6711	0	3	6689	212	915	1625
1550	2651	1270	34	0	0	0	3	12	658	1956	1339
2030	2455	1495	15	0	0	6	5298	3	5573	2811	1694
1530	471	1595	6623	4	0	6705	1407	7	268	1029	2053
>PO6F2.H14INVIVO.0.S.D
105	73	69	3	402	403	0	0	402	132	39	68	118
76	68	74	0	1	0	0	0	1	5	133	70	108
119	196	144	16	0	0	0	41	0	259	99	115	73
103	66	116	384	0	0	403	362	0	7	132	150	104
>POGK.H14INVIVO.0.SI.D
117	119	105	86	126	155	97	38	4	0	63	270	24	75	76	76	269	130	6	0	0	0	333	19	135	55
105	128	131	122	63	43	60	30	72	267	5	52	304	139	28	37	4	12	0	0	334	0	0	274	132	100
77	54	16	30	50	55	121	161	3	63	266	7	3	4	11	40	5	158	324	0	0	332	1	24	8	37
35	33	82	96	95	81	56	105	255	4	0	5	3	116	219	181	56	34	4	334	0	2	0	17	59	142
>PPARA.H14INVIVO.0.P.B
515	565	152	145	479	83	91	113	117	899	686	847	51	52	53	54	798
237	81	385	118	26	5	35	162	551	44	42	6	4	17	108	637	54
107	124	287	148	461	816	841	339	231	42	228	142	920	761	208	179	73
152	241	187	600	45	107	44	397	112	26	55	16	36	181	642	141	86
>PPARA.H14INVIVO.1.P.B
80	870	623	890	24	28	28	17	883
602	41	71	1	4	14	70	756	28
220	28	273	85	942	769	199	125	39
86	49	21	12	18	177	691	90	38
>PPARD.H14INVIVO.0.PSM.A
107	111	495	78	111	121	60	941	751	879	65	38	42	73	763
393	105	21	7	16	157	554	15	33	1	5	11	92	638	70
374	88	456	809	838	363	279	33	185	114	914	761	242	140	86
128	698	30	108	37	361	109	13	33	8	18	192	626	151	83
>PPARG.H14INVIVO.0.P.B
546	541	99	94	407	70	109	121	73	918	669	852	77	30	29	82	755
167	31	385	118	23	4	20	191	543	13	40	4	3	7	94	597	62
116	90	352	103	500	780	817	318	243	46	238	134	896	793	241	140	102
171	338	164	685	70	146	54	370	141	23	53	10	24	170	636	181	81
>PPARG.H14INVIVO.1.P.B
193	170	80	944	624	896	78	60	47	84	781
51	185	648	24	50	2	5	11	123	601	90
681	410	191	13	313	83	892	764	289	168	52
73	233	79	17	11	17	23	163	539	145	75
>PRD10.H14INVIVO.0.PSGI.A
218	227	274	0	2	2	60	305	2	213	62	5	0	5	280
128	96	2	1	0	0	6	66	241	125	27	182	496	418	24
95	127	94	0	496	496	7	15	20	129	221	22	0	4	96
57	48	128	497	0	0	425	112	235	31	188	289	2	71	98
>PRD13.H14INVIVO.0.PSGI.A
315	77	8	492	3	4	6	83	61	86
71	25	970	10	1	7	1	35	287	496
379	891	7	104	995	989	1	835	538	259
235	7	15	394	1	0	992	47	114	159
>PRD14.H14INVIVO.0.P.B
205	330	355	100	150	11	976	96	643	75	628	214	58	151	288
214	156	67	225	61	9	3	65	14	55	206	623	700	357	176
388	287	401	597	56	14	11	833	300	837	37	54	161	105	275
189	223	173	74	729	962	6	2	39	29	125	105	77	383	257
>PRD15.H14INVIVO.0.P.B
210	114	916	940	714	630	81	144	134	6	43	546	279	191	166	130	408	268
187	284	21	4	23	121	642	669	369	2	7	207	213	349	155	118	114	144
460	444	53	49	228	162	117	161	8	986	935	147	394	155	485	648	397	378
138	153	5	2	30	82	155	21	484	1	10	95	109	300	189	99	76	205
>PRD16.H14INVIVO.0.P.B
72	12	16	33	42	362	21	172	16	666	261
271	910	594	727	725	7	4	6	54	101	382
39	38	3	21	28	5	962	768	927	142	245
619	41	388	220	206	627	14	55	4	92	113
>PRDM1.H14INVIVO.0.S.B
1283	1584	219	146	20	2211	2194	2210	16	33	347	804
292	163	159	325	6	1	2	0	10	108	191	430
319	257	1615	332	2181	1	14	2	2170	148	1252	476
320	210	221	1411	7	1	4	2	18	1925	424	504
>PRDM1.H14INVIVO.1.PS.A
330	617	684	831	71	217	36	958	890	958	47	6	131	404
98	125	92	5	51	71	1	12	6	2	10	80	128	187
474	150	119	123	817	152	943	5	82	16	918	72	542	208
78	88	85	21	41	540	0	5	2	4	5	822	179	181
>PRDM4.H14INVIVO.0.PSM.A
258	299	311	104	504	11	1	5	7	20	441	660	146	171	208	195	169	137	121	246
157	50	41	556	24	17	25	34	1	880	170	83	54	94	296	349	490	561	612	396
174	545	496	175	243	943	4	23	6	4	31	96	591	402	229	162	116	101	99	136
411	106	152	165	229	29	970	938	986	96	358	161	209	333	267	294	225	201	168	222
>PRDM5.H14INVIVO.0.PSGI.A
488	246	5	106	32	148	357	18	17	181	2	2	388	9	67	125
165	690	986	571	258	71	303	376	932	108	995	997	148	303	431	405
219	53	1	45	287	701	157	170	1	10	3	1	264	351	235	164
128	11	8	278	423	80	183	436	50	701	0	0	200	337	267	306
>PRDM6.H14INVIVO.0.P.B
336	430	382	598	1	870	974	952	783	538	371	457
145	76	128	3	6	106	10	13	61	192	330	168
328	308	413	316	988	2	4	20	130	202	135	182
191	186	77	83	5	22	12	15	26	68	164	193
>PRDM9.H14INVIVO.0.P.B
406	544	244	435	248	96	184	21	744	54	13	819	142	4	538	49	29	194	85	176
213	77	120	61	69	5	14	483	0	2	484	8	220	867	53	314	785	141	159	124
117	179	300	236	243	706	661	9	114	813	5	43	437	0	4	192	22	40	365	399
140	76	212	144	316	69	17	363	18	7	374	6	77	5	281	321	40	501	267	177
>PRGR.H14INVIVO.0.P.B
508	83	547	960	0	747	96	0	262	95	28	22	229	60	119
10	7	96	8	969	19	188	282	315	74	25	10	188	841	377
367	851	177	7	11	75	241	0	168	20	941	11	111	7	24
115	59	180	25	20	159	475	718	255	811	6	957	472	92	480
>PRGR.H14INVIVO.1.P.B
571	76	575	967	13	957	176	336
4	8	144	14	988	8	108	159
362	925	178	30	8	12	331	194
82	10	122	8	10	42	404	330
>PROP1.H14INVIVO.0.PSM.A
170	912	991	27	84	511	506	774	16	45	754
53	1	0	57	123	0	137	13	1	73	36
31	43	1	60	160	481	300	135	1	1	45
738	36	0	848	625	0	49	70	974	873	157
>PROP1.H14INVIVO.1.P.C
451	138	167	12	983	982	1	30	333	545
149	243	373	2	2	1	3	108	175	180
168	233	81	0	3	4	3	198	330	214
223	377	370	977	3	4	984	655	153	52
>PROX1.H14INVIVO.0.SM.D
629	328	876	101	331	0	0	0	0	704	778	470	493
432	493	260	1584	0	139	2121	0	3	231	569	532	427
543	745	740	75	1641	0	0	0	0	1175	565	836	718
517	555	245	361	149	1982	0	2121	2118	11	209	283	483
>PRRX1.H14INVIVO.0.S.D
2408	2583	1430	3	9611	9613	0	4	5846	3740	3238	1279	2181
3052	2674	4879	36	0	0	2	379	314	2197	2291	1970	2059
2186	3300	862	0	2	0	0	45	3122	3443	1742	1628	1800
1967	1056	2442	9574	0	0	9611	9185	331	233	2342	4736	3573
>PRRX1.H14INVIVO.1.S.D
1008	1241	109	0	5328	5328	0	0	4022	1228	2012	417	2254	4313	1638	1055	2033
1964	1683	3087	77	0	0	0	0	0	224	1181	761	461	192	380	634	557
1465	1944	881	0	0	0	0	0	1306	3875	583	448	363	145	760	469	1049
891	460	1251	5251	0	0	5328	5328	0	1	1552	3702	2250	678	2550	3170	1689
>PRRX2.H14INVIVO.0.SM.D
1877	1834	790	0	9196	9196	0	138	4417	2049
3232	2763	3834	8	0	0	1	1602	691	2724
2152	3964	1413	0	0	0	0	854	3583	2808
1935	635	3159	9188	0	0	9195	6602	505	1615
>PRRX2.H14INVIVO.1.S.D
117	83	174	44	0	632	632	0	0	589	348	265	18	130	411	185
164	259	137	322	2	0	0	0	0	0	16	62	83	85	65	120
163	131	231	94	0	0	0	0	0	42	267	48	48	111	109	182
188	159	90	172	630	0	0	632	632	1	1	257	483	306	47	145
>PTF1A.H14INVIVO.0.P.B
378	19	962	7	52	9	2	92	143	165	338	308	337	76	189	64	215	240	472
283	977	4	266	819	5	2	233	198	297	287	235	135	283	191	634	524	519	182
254	2	0	628	121	2	990	217	315	193	168	153	146	50	55	133	57	106	176
85	2	34	99	8	984	6	458	344	345	207	304	382	591	565	169	204	135	170
>PTF1A.H14INVIVO.1.PS.A
62	910	29	31	10	3	43	128
888	33	421	955	1	4	262	190
29	10	424	4	1	976	257	306
17	43	122	6	984	13	434	372
>PURB.H14INVIVO.0.B.D
225	270	242	383	0	0	189	486	76	188
187	168	164	0	706	706	364	15	629	313
110	65	69	144	0	0	70	124	1	52
184	203	231	179	0	0	83	81	0	153
>RARA.H14INVIVO.0.PSM.A
2765	4890	8663	0	0	0	0	8296	2346	1477	2616
1970	459	14	0	0	0	9706	0	3208	1157	1800
2206	3508	1067	9748	9719	23	5	1452	1148	6019	3430
2807	891	4	0	29	9725	37	0	3046	1095	1902
>RARA.H14INVIVO.1.P.B
424	334	521	35	30	22	18	849	239	273	164	353	251	574	67	58	146	83	695
186	107	4	10	18	29	791	58	239	243	271	138	152	53	41	34	138	691	82
195	503	444	907	682	86	106	58	298	304	306	263	478	274	807	663	245	89	82
172	33	8	25	247	840	62	12	201	157	236	223	96	76	62	222	448	114	118
>RARA.H14INVIVO.2.P.B
240	321	764	33	13	22	5	968	149	316	205	218	203	423	148	161	127
403	356	6	2	17	17	930	16	365	247	274	152	97	248	591	616	296
163	169	225	855	934	62	49	10	306	257	365	103	645	146	93	71	127
197	157	8	113	39	902	19	9	183	183	159	530	58	186	171	155	453
>RARA.H14INVIVO.3.P.B
152	277	110	125	494	367	380	723	45	10	27	20	916	615	167	87	173	95	635	117	103
163	88	149	538	199	86	42	4	9	6	33	863	13	76	77	85	189	563	45	114	308
551	440	202	165	156	363	492	215	883	480	48	49	12	198	649	687	134	189	153	500	361
78	139	483	116	95	128	30	2	7	448	836	12	3	55	51	85	448	97	111	213	172
>RARB.H14INVIVO.0.SM.B
4002	5588	8431	0	1	5	51	8118	2580	1914
1762	564	119	7	0	4	9668	92	3458	1973
1915	2934	1290	9945	9689	69	168	1685	1114	4164
2288	881	127	15	277	9889	80	72	2815	1916
>RARB.H14INVIVO.1.P.B
179	628	367	683	18	50	132	18	960	407	405	191
475	119	89	7	12	45	217	946	12	68	76	73
267	135	475	242	969	698	198	49	45	494	445	673
107	146	97	96	29	235	481	15	11	59	102	91
>RARG.H14INVIVO.0.P.B
111	169	251	700	5	17	22	0	884	123	232	178	176	139	363	66	101	94
355	429	383	11	1	13	4	853	11	332	285	290	158	89	266	650	606	343
219	152	155	200	816	843	105	59	15	352	289	324	62	640	149	71	34	109
235	170	131	9	98	47	789	8	10	113	114	128	524	52	142	133	179	374
>RARG.H14INVIVO.1.PSM.A
147	383	740	3	4	14	6	996	51
540	297	2	2	2	51	972	1	324
138	228	256	979	910	64	19	2	418
175	92	2	16	84	871	3	1	207
>RARG.H14INVIVO.2.SM.B
2951	4880	6515	9229	0	0	2	1	9869	3214	2680	5108	2459	1949	1456	1228	3483
2426	1667	309	129	0	0	2	9912	1	2296	1338	1386	2209	2417	1067	3519	1917
2078	979	2178	584	9943	9632	18	8	69	422	4494	2074	4038	4481	3110	2674	2198
2489	2418	942	2	1	312	9922	23	5	4012	1432	1376	1238	1097	4311	2523	2346
>RARG.H14INVIVO.3.S.B
1055	946	1205	106	272	487	471	1588	1721	1785	2242	6	1	18	22	2113	755
335	217	143	279	440	371	1572	301	163	53	28	17	20	27	2311	91	617
719	1036	788	1597	1283	113	155	236	164	486	153	2405	2151	35	43	147	235
321	231	294	448	435	1459	232	305	382	106	7	2	258	2350	54	79	823
>RAX2.H14INVIVO.0.S.D
3710	6696	3560	216	169	9238	9650	0	0	9656	2256	662	1392	2339
1614	688	1345	3465	2454	71	2	0	0	0	945	3583	2344	2365
1696	1461	1968	1300	111	347	6	0	1	2	6181	1937	3630	2367
2638	813	2785	4677	6924	2	0	9658	9657	0	276	3476	2292	2587
>RBAK.H14INVIVO.0.P.C
98	85	251	206	497	12	269	443	291	106	283	133	45	75	10	69
128	41	36	4	0	233	7	19	18	244	30	66	189	311	454	291
217	357	69	290	3	249	225	19	195	68	166	214	216	47	20	67
61	21	148	4	4	10	3	23	0	86	25	91	54	71	20	77
>REL.H14INVIVO.0.P.B
168	16	7	6	181	266	195	28	6	30	14	210	64	98	75
6	0	0	0	10	23	13	34	56	241	276	35	67	23	46
91	310	344	342	152	41	25	51	61	22	22	27	195	161	185
90	29	4	7	12	25	122	242	232	62	43	83	29	73	49
>RELB.H14INVIVO.0.P.B
2	0	2	458	300	110	4	26	4	12	561	251
1	2	0	3	393	15	27	116	951	914	111	214
988	995	851	491	263	9	2	7	2	3	117	388
9	3	147	48	44	866	967	851	43	71	211	147
>REST.H14INVIVO.0.P.B
49	74	678	64	106	783	56	46	469	119	22	11	850	17	952	27	124	212	155	113	225
241	731	90	126	537	58	810	743	180	262	7	8	80	830	9	5	714	13	636	738	448
123	61	137	754	235	84	64	107	177	70	946	955	20	120	13	947	64	378	150	25	97
570	117	78	39	105	58	53	87	157	532	8	9	33	16	9	4	81	380	42	107	213
>RFX1.H14INVIVO.0.PM.A
63	94	3	0	26	106	1	0	822	119	61	106
469	242	2	7	65	7	881	697	30	32	5	116
184	380	961	4	3	783	3	0	60	208	894	739
252	252	2	957	874	72	83	271	56	609	8	7
>RFX1.H14INVIVO.1.PSM.A
30	96	1	1	20	37	3	0	619	130	36	81	176	428	601	42
438	160	0	23	56	1	705	561	32	20	1	21	299	31	91	612
114	257	761	2	4	674	1	0	40	122	724	646	151	248	53	24
180	249	0	736	682	50	53	201	71	490	1	14	136	55	17	84
>RFX1.H14INVIVO.2.S.C
207	183	28	0	0	3	3	0	2	305	154
147	113	317	0	0	0	0	698	154	117	146
241	255	311	731	5	0	728	32	81	133	190
136	180	75	0	726	728	0	1	494	176	241
>RFX2.H14INVIVO.0.PS.A
38	69	2	0	3	29	1	0	803	137	66	150
572	216	0	3	60	8	930	741	56	25	1	32
146	395	994	3	3	931	1	1	47	194	927	811
242	318	2	992	932	30	66	256	92	642	4	5
>RFX2.H14INVIVO.1.PSM.A
53	113	7	6	25	105	1	0	748	165	39	140	277	454	687	73	177
545	355	0	19	91	10	943	693	70	50	5	78	371	50	190	753	345
196	392	991	4	11	834	0	2	104	269	950	777	207	435	86	95	387
206	140	2	971	873	51	56	305	78	516	6	5	145	61	37	79	91
>RFX3.H14INVIVO.0.PSM.A
7	5	16	75	0	6	663	138	38	117	239	431	596	70
5	33	84	7	803	620	47	40	9	68	292	54	171	621
849	4	13	728	3	3	76	207	805	663	199	309	62	69
1	820	749	52	56	233	76	477	10	14	132	68	33	102
>RFX3.H14INVIVO.1.PS.A
73	93	6	0	25	65	2	0	787	131	68	130
493	258	6	9	67	23	920	744	50	40	6	62
179	378	985	2	4	828	1	2	62	236	919	793
255	271	3	989	904	84	77	254	101	593	7	15
>RFX3.H14INVIVO.2.S.B
90	130	35	39	13	16	4	505	0	0	17	119	326	36	28	93	216	94	74	96
78	57	25	28	8	5	1	2	1	0	7	18	7	7	5	43	46	19	35	62
234	220	408	109	177	488	164	10	532	531	210	88	164	477	491	342	211	290	289	198
133	128	67	359	337	26	366	18	2	4	301	310	38	15	11	57	62	132	137	179
>RFX4.H14INVIVO.0.SM.D
1123	160	80	994	1644	5	19	8345	871	739	1582	2241	4871	6492	736	1769
3601	109	371	223	29	8544	7207	239	373	161	1235	2772	420	2009	6854	2985
3160	9323	92	68	7756	23	90	461	1381	8642	6384	762	1794	542	926	3468
1788	80	9129	8387	243	1100	2356	627	7047	130	471	3897	2587	629	1156	1450
>RFX5.H14INVIVO.0.PSG.A
52	37	27	0	0	3	23	1	1	359	31	20	41	80	247	372	30	87	30
106	132	84	0	4	26	2	384	341	13	17	2	18	225	13	15	296	110	128
227	173	158	425	4	1	375	4	1	29	56	401	365	61	131	19	18	181	238
40	83	156	0	417	395	25	36	82	24	321	2	1	59	34	19	81	47	29
>RFX6.H14INVIVO.0.P.C
110	101	3	24	38	80	0	2	594	171	13
421	73	2	105	30	46	968	612	51	9	4
229	425	994	9	4	744	3	2	181	611	977
240	401	1	862	928	130	29	384	174	209	6
>RFX7.H14INVIVO.0.SM.D
1334	460	95	119	735	1622	281	380	2809	921	827	932
1462	3004	1	0	818	69	3990	2022	476	1580	1114	1851
1758	1101	5710	0	33	3794	558	1288	1700	1146	3358	1682
1253	1242	1	5688	4221	322	978	2117	822	2160	508	1342
>RHXF1.H14INVIVO.0.SM.D
2833	3425	1644	97	0	7110	0	761	8008	3580	1662	1538	2136
2930	1966	1785	5	0	2227	0	3227	318	1275	4424	3603	2310
1643	2673	3164	9186	9334	0	0	1	62	1936	2174	2206	2340
1931	1273	2744	49	3	0	9337	5348	949	2546	1077	1990	2551
>RHXF2.H14INVIVO.0.SM.D
2953	2091	491	0	9460	0	0	9421	4386	831	1760
1721	1578	198	0	8	0	0	7	1256	3462	2450
3089	3849	8526	9467	0	0	0	3	3061	3193	3254
1705	1950	253	1	0	9468	9468	37	765	1982	2004
>RLF.H14INVIVO.0.PSGI.A
8	5	25	13	15	115	12	4	19	8	3	33	6	0	23
74	465	326	31	446	307	19	457	395	6	458	363	1	474	257
369	12	24	438	33	23	439	20	7	422	28	36	442	9	13
45	14	121	14	2	51	26	15	75	60	7	64	47	13	203
>RORA.H14INVIVO.0.P.C
517	461	136	114	496	26	15	106	14	869	263	224	133
249	76	280	104	10	4	17	136	845	13	126	67	85
43	60	284	143	379	824	846	114	19	3	358	392	546
89	301	198	537	13	44	20	542	20	13	151	215	134
>RORB.H14INVIVO.0.SM.D
3329	1751	1900	2285	6044	6162	1359	235	8260	0	0	4	0	9527	2057	1206	2516
2233	2267	1756	1078	2098	409	3063	462	12	1	1	51	9896	5	2949	1963	2117
2662	4293	4355	1964	479	577	3315	1331	1720	9988	9993	71	2	457	2145	4819	3144
1771	1684	1984	4668	1374	2847	2258	7967	3	6	1	9869	97	6	2844	2007	2218
>RORG.H14INVIVO.0.M.C
2044	760	393	2674	174	169	330	1055	4519	482	34	3833	0	1	10	2	3904	1110	643	1002
417	1116	647	147	191	127	112	2859	0	893	124	1	0	0	18	4732	3	1320	739	767
775	1690	886	1798	4165	4317	472	13	34	2865	219	981	4808	4815	156	6	903	1317	2346	2017
1580	1250	2890	197	286	203	3902	889	263	576	4439	1	8	0	4632	76	6	1069	1088	1030
>RORG.H14INVIVO.1.PS.A
311	492	924	716	96	12	650	43	10	47	9	945
142	78	27	8	328	54	5	2	20	74	926	7
397	204	14	15	449	73	329	922	960	104	19	32
150	226	35	261	127	861	16	33	10	775	46	16
>RUNX1.H14INVIVO.0.P.B
90	82	2	0	9	3	1	1	18	308
292	514	15	1	350	3	2	42	240	50
324	46	7	998	2	993	998	39	68	188
296	360	978	3	641	3	1	920	676	456
>RUNX2.H14INVIVO.0.P.B
157	129	65	17	4	29	1	0	4	46	370
236	254	543	7	15	352	1	1	98	301	51
367	310	60	20	980	5	997	996	41	79	218
240	307	332	956	1	614	1	3	857	574	361
>RUNX2.H14INVIVO.1.S.B
1593	964	129	1	13	0	0	5	473	2631	1542
1176	1026	364	0	5605	0	0	0	909	489	1379
1525	873	123	6831	0	6833	6833	49	628	1214	2055
2539	3970	6217	1	1215	0	0	6779	4823	2499	1857
>RUNX2.H14INVIVO.2.M.C
565	157	197	143	222	377	525	1137	392	55	8	26	1	0	3	278	2522	1161
1602	366	503	260	244	306	292	339	699	2574	2	270	0	0	50	879	171	1456
1662	4131	1663	4792	4306	907	497	245	241	48	5881	3	5893	5893	63	146	560	1781
2065	1240	3531	699	1122	4304	4580	4173	4562	3217	3	5595	0	1	5778	4591	2641	1496
>RUNX3.H14INVIVO.0.P.B
150	95	119	24	7	19	3	3	5	64	295
221	237	524	10	12	265	1	0	139	231	53
390	359	73	5	966	17	983	983	37	89	235
228	298	273	950	4	688	2	3	808	605	406
>RUNX3.H14INVIVO.1.S.B
280	248	106	2	0	1	0	0	0	22	237	91	32	25	17	7	45	164	221
379	336	298	24	0	1372	0	0	0	69	42	180	471	319	516	85	111	130	282
359	251	98	1	1490	0	1490	1490	3	7	19	522	382	994	837	940	664	217	279
472	655	988	1463	0	117	0	0	1487	1392	1192	697	605	152	120	458	670	979	708
>RUNX3.H14INVIVO.2.S.B
1312	769	60	0	0	0	0	0	414	2387	1555
1486	1429	199	0	5575	0	0	0	954	429	1296
1361	534	10	6921	0	6921	6921	0	371	889	2058
2762	4189	6652	0	1346	0	0	6921	5182	3216	2012
>RX.H14INVIVO.0.SM.D
3044	1309	2857	6050	3781	17	39	9875	9994	0	0	9649	2447	576	2378	2480
2452	2021	2231	1523	1613	4227	2237	26	2	1	43	4	1949	4470	2171	2678
1957	1398	1534	1990	2118	1193	133	97	2	0	0	333	4707	2516	4002	2459
2545	5270	3376	435	2486	4561	7589	0	0	9997	9955	12	895	2436	1447	2381
>RXRA.H14INVIVO.0.PS.A
184	479	395	670	31	6	26	5	996
437	165	77	4	1	4	21	951	6
196	121	488	326	970	881	74	21	5
197	249	54	14	12	123	893	37	7
>RXRA.H14INVIVO.1.S.C
543	923	864	1681	13	5	1	0	2389	1553	1805	454	277	267
908	667	341	27	13	9	3	2425	0	225	78	114	309	503
467	387	1031	744	2406	2377	25	11	77	65	509	1765	1575	753
549	490	231	15	35	76	2438	31	1	624	75	134	306	944
>RXRA.H14INVIVO.2.SM.B
3241	4558	787	895	731	999	8285	7963	8631	61	105	144	232	8566	3332
1429	659	621	564	874	6597	531	196	57	50	64	86	8213	155	2190
3897	3971	7684	6553	849	903	474	1266	1173	9764	8711	270	493	1097	1347
1407	786	882	1962	7520	1475	684	549	113	99	1094	9474	1036	156	3105
>RXRA.H14INVIVO.3.P.B
96	96	52	53	29	15	160	59	47	95	100	93	207	3	1	7	6	279	93	62	71
36	22	14	6	14	143	10	40	101	65	47	52	5	0	1	24	263	0	46	53	39
124	161	206	181	97	97	84	78	94	79	75	121	73	283	200	30	12	2	109	143	139
30	7	14	46	146	31	32	109	44	47	64	20	1	0	84	225	5	5	38	28	37
>RXRB.H14INVIVO.0.P.C
435	188	261	188	102	637	633	799	13	46	101	32	927	208
49	97	92	190	554	249	42	13	3	23	160	834	12	247
337	615	539	368	142	37	311	161	959	730	129	74	37	429
180	101	109	255	203	78	15	28	26	202	611	61	25	117
>RXRB.H14INVIVO.1.SM.B
884	901	1262	73	82	52	98	2295	2233	2278	0	1	7	15	2183	753	547
519	225	114	87	63	128	2068	32	9	2	0	2	11	2215	19	647	499
490	1028	951	2154	2048	95	90	28	88	103	2377	2344	29	45	174	254	1001
491	230	57	70	191	2109	128	29	54	1	7	37	2337	109	8	730	337
>RXRB.H14INVIVO.2.PS.A
542	607	862	7	13	33	14	965	216
280	59	0	0	8	127	931	6	261
86	308	136	985	862	70	36	12	395
92	26	2	8	117	770	19	17	128
>RXRG.H14INVIVO.0.P.B
47	70	1	1	1	0	100	48	13	19
8	2	1	1	2	101	2	4	10	3
43	24	100	72	8	2	0	37	72	70
5	7	1	29	92	0	1	14	8	11
>RXRG.H14INVIVO.1.SM.B
3316	4456	618	475	313	823	8515	7837	8555	9	45	26	251	8470	2947	2518
1541	824	588	543	1042	6709	504	177	31	30	12	83	7948	186	2744	2110
3693	4107	8126	7436	1268	1092	445	1272	1355	9868	9476	481	630	1158	1260	4151
1399	562	617	1495	7326	1325	485	663	8	42	416	9359	1120	135	2998	1170
>RXRG.H14INVIVO.2.P.B
44	14	19	15	13	52	22	11	34	48	37	76	1	0	1	0	99	50	20	19	18	19
16	13	5	13	36	4	17	42	23	7	6	1	3	3	7	96	2	16	13	9	34	54
33	62	51	29	45	30	11	34	26	18	50	21	96	61	4	4	0	25	59	60	13	11
8	12	26	44	7	15	51	14	18	28	8	3	1	37	89	1	0	10	9	13	36	17
>S2A4R.H14INVIVO.0.PSG.A
96	22	1	1	0	1	0	8	1	0
76	16	303	309	2	3	286	294	8	50
57	265	4	0	308	304	19	3	300	260
81	7	2	0	0	2	5	5	1	0
>SALL1.H14INVIVO.0.P.C
228	225	248	145	93	376	57	12	42	366	39	106	95	127	175	311
158	138	121	108	257	10	1	18	209	49	5	29	20	26	336	268
447	413	432	457	533	381	923	937	733	34	919	648	813	812	317	271
167	224	199	290	117	233	19	33	16	551	37	217	72	35	172	150
>SALL3.H14INVIVO.0.PSG.A
513	578	578	9	991	1	0	922	793	283	421	564	57	414	634	376	572	384	254
44	109	1	11	3	2	22	18	1	3	58	7	84	84	50	86	21	53	99
207	213	7	3	3	2	538	31	12	2	26	19	101	307	47	28	45	32	93
235	99	413	976	2	994	439	28	193	711	494	409	757	194	268	509	361	530	553
>SALL4.H14INVIVO.0.P.B
157	440	59	7	21	291	13	113	203	115	118
355	27	2	3	91	56	10	14	7	21	403
260	201	923	964	878	9	953	584	749	771	263
227	331	15	25	9	643	23	288	40	92	215
>SATB1.H14INVIVO.0.P.B
531	310	502	636	242	446	722	348	245	642	3	0	997	990	0	914	718	188	353
91	109	86	44	94	16	37	159	72	84	593	1	0	0	0	3	69	205	105
12	31	3	17	44	46	126	108	110	174	14	1	3	0	0	76	152	62	48
366	550	409	303	620	492	115	385	573	100	390	998	0	10	1000	7	61	545	494
>SATB1.H14INVIVO.1.P.B
191	519	0	0	751	750	0	666	499	119	241	484
59	66	471	1	0	0	2	0	57	147	51	93
67	65	2	0	0	1	0	81	145	28	25	64
434	101	278	750	0	0	749	4	50	457	434	110
>SCRT1.H14INVIVO.0.PSM.A
568	317	5	1	898	988	1	993	117	6	4	89	142	144
100	93	36	986	67	1	1000	1	4	4	19	70	184	344
217	112	433	2	18	8	0	0	877	980	3	710	413	208
116	479	527	12	18	4	0	7	3	11	975	132	262	305
>SCRT2.H14INVIVO.0.PSM.A
401	426	58	18	842	969	1	994	143	11	10	105	144
196	106	86	920	91	1	999	3	6	8	35	74	232
268	189	586	12	24	22	0	0	848	965	9	699	402
136	280	271	51	44	9	1	4	4	17	947	123	223
>SETBP.H14INVIVO.0.B.D
119	267	0	61	137	229	284	441	408	250	254	268	400	199
130	0	519	56	126	64	19	0	0	12	31	48	0	43
125	252	0	274	183	163	102	0	0	30	54	46	0	65
145	0	0	128	73	63	114	78	111	227	180	157	119	212
>SHOX.H14INVIVO.0.SM.D
2217	1642	1958	505	7	9881	9887	0	1	6255	3636	2312	883	3393	5888	3323	2216	3304	3111
2351	3611	2723	4924	121	2	0	1	11	19	1349	2461	2028	1511	1050	1136	1348	990	1568
3075	2864	4550	1982	1	4	0	0	29	3583	4790	2019	1564	1546	1346	1600	1457	2253	2573
2244	1770	656	2476	9758	0	0	9886	9846	30	112	3095	5412	3437	1603	3828	4866	3340	2635
>SHOX.H14INVIVO.1.S.D
2675	2114	1674	301	0	9555	9555	0	0	5497	3806	2398	1844
2249	3541	3905	4813	0	0	0	0	32	60	1664	2470	1830
2265	2777	3367	2196	0	0	0	0	28	3947	3622	1127	1695
2366	1123	609	2245	9555	0	0	9555	9495	51	463	3560	4186
>SHOX2.H14INVIVO.0.S.D
2612	3066	3597	3354	1819	1239	1937	2289	31	0	6592	6592	0	0	5978	1144	805	1645
943	259	25	60	212	549	928	947	3658	1919	0	0	0	0	0	1346	2803	2210
572	151	107	265	919	1783	2470	2675	910	0	0	0	0	0	614	4067	1626	1653
2465	3116	2863	2913	3642	3021	1257	681	1993	4673	0	0	6592	6592	0	35	1358	1084
>SHOX2.H14INVIVO.1.S.D
2076	2053	151	0	5733	5733	0	0	5733	2227	159	642	1480
1002	715	4141	2380	0	0	0	0	0	552	1513	1396	1329
1271	1824	615	0	0	0	0	0	0	2954	2273	2235	1498
1384	1141	826	3353	0	0	5733	5733	0	0	1788	1460	1426
>SIX1.H14INVIVO.0.P.B
207	6	508	919	1003	34	192	94	116	1000	64	532	83	98
20	3	43	50	2	544	430	106	10	0	183	402	590	412
209	991	43	8	2	49	65	105	837	6	278	20	56	238
571	7	413	30	0	380	320	702	44	1	482	53	278	259
>SIX1.H14INVIVO.1.SM.B
893	1060	528	564	14	2	2482	6	2461	1	140	384	563
673	600	1204	716	1172	1	0	23	35	2191	1190	945	638
396	328	279	800	109	2491	0	1	0	39	1006	510	565
534	508	485	416	1201	2	14	2466	0	265	160	657	730
>SIX2.H14INVIVO.0.P.B
196	7	479	888	997	38	162	99	166	996	63	501	101	148
7	1	43	61	1	546	415	118	12	1	180	411	587	423
261	981	70	4	2	57	63	104	764	3	309	23	75	193
536	11	408	47	0	359	360	679	58	0	448	65	237	236
>SIX2.H14INVIVO.1.M.C
42	31	84	178	259	18	59	2	3	329	2	321	3	10	62
135	23	41	40	31	242	88	168	0	0	11	9	251	157	89
70	246	15	27	17	36	153	4	331	2	0	4	26	137	84
87	34	194	89	27	38	34	160	0	3	321	0	54	30	99
>SIX2.H14INVIVO.2.SM.B
782	594	693	46	3	1944	27	2348	25	211	404
486	1008	424	1138	56	8	69	83	2106	1062	801
479	412	931	265	2372	1	0	0	136	1010	489
684	417	383	982	0	478	2335	0	164	148	737
>SIX3.H14INVIVO.0.SM.D
2555	458	45	9784	5	9455	133	1129	1512
1869	3205	4	0	23	328	6550	3855	3576
3586	611	9715	0	0	0	1386	3840	2554
1775	5511	21	1	9757	2	1716	961	2143
>SIX4.H14INVIVO.0.P.B
54	2	171	419	431	3	105	9	10	433	26	285	17	24
7	0	19	8	2	258	215	47	1	3	223	114	348	280
52	432	8	1	2	6	12	13	420	0	97	18	6	51
324	3	239	9	2	170	105	368	6	1	91	20	66	82
>SIX4.H14INVIVO.1.M.C
163	205	33	69	513	0	570	0	38	58	138	206	201	192	142
210	115	247	81	25	169	4	574	280	275	96	213	203	216	210
100	178	73	417	0	0	0	0	245	25	144	51	83	93	121
101	76	221	7	36	405	0	0	11	216	196	104	87	73	101
>SIX6.H14INVIVO.0.SM.D
2828	425	23	9671	36	8657	666	1261	2019
1423	3144	1	8	22	994	6020	3743	2689
3287	879	9669	4	1	48	1302	3277	2385
2164	5254	9	19	9643	3	1714	1421	2609
>SKOR1.H14INVIVO.0.M.D
1764	1402	1588	1458	6877	3466	1203	1351	0	0	9219	9219	0	0	9219	5686	3903	2279
2390	3258	1318	2655	643	1669	5759	392	0	0	0	0	0	0	0	3518	3205	1598
2533	2778	1304	2342	509	2338	1192	3625	4201	0	0	0	0	0	0	3	815	3426
2532	1781	5009	2764	1190	1746	1065	3851	5018	9219	0	0	9219	9219	0	12	1296	1916
>SKOR1.H14INVIVO.1.S.D
625	1103	714	269	657	10	0	2490	2494	4	0	2483	1056	841	269	528
584	478	548	1471	373	4	4	8	2	2	8	3	1344	919	637	639
509	392	832	267	1225	248	3	0	2	3	1	7	27	423	901	558
780	525	404	491	243	2236	2491	0	0	2489	2489	5	71	315	691	773
>SKOR2.H14INVIVO.0.SM.D
1509	3872	2115	857	1362	0	0	7328	7328	0	0	7328	7239	1196	2215
1721	938	1493	4700	423	0	0	0	0	0	0	0	67	2618	1773
1932	951	2409	1205	2796	3417	0	0	0	0	0	0	0	2132	2318
2166	1567	1311	566	2747	3911	7328	0	0	7328	7328	0	22	1382	1022
>SMAD2.H14INVIVO.0.P.B
131	16	25	1	1	50	91	29	244	17	49	60
37	14	20	345	2	69	47	295	33	291	212	94
16	329	23	10	1	238	144	21	24	37	23	45
183	8	299	11	363	10	85	22	66	22	83	168
>SMAD2.H14INVIVO.1.P.B
98	43	110	1	12	1	5	55	74	169
244	686	15	10	52	904	0	39	266	486
315	115	1	981	77	14	2	897	441	201
343	156	874	8	859	81	993	9	219	144
>SMAD3.H14INVIVO.0.S.B
948	889	33	0	6936	0	6936	0	5076	639	1310
512	552	6848	1125	0	0	0	6936	7	735	1647
4873	717	28	4	0	6936	0	0	1701	2245	1894
603	4778	27	5807	0	0	0	0	152	3317	2085
>SMAD3.H14INVIVO.1.P.B
139	123	10	985	13	890	6	877	93
318	625	840	2	12	62	975	4	179
187	129	14	7	975	45	14	24	595
356	123	136	6	0	3	5	95	133
>SMAD3.H14INVIVO.2.P.C
216	669	167	52	288	19	313	61	977	33	642	54	637	199
431	59	46	278	27	33	289	598	2	28	206	791	56	221
228	146	700	661	66	955	242	254	12	948	129	104	83	450
152	153	114	36	646	20	183	114	36	18	50	78	251	157
>SMAD4.H14INVIVO.0.P.B
156	6	20	2	4	23	56	223
248	29	50	969	5	24	290	303
29	948	234	20	3	945	532	347
569	19	698	11	990	10	124	129
>SMAD4.H14INVIVO.1.P.B
207	256	22	43	4	6	141	221	34	743	69	134	136
438	125	20	52	997	6	210	134	907	36	762	607	251
226	48	968	146	11	2	632	381	52	95	150	71	102
150	592	11	780	9	1007	38	285	28	147	40	209	532
>SMAD5.H14INVIVO.0.M.D
1540	94	34	0	0	0	2110	814	1479	1203
1390	4040	67	166	5632	0	788	2501	2932	1890
1576	42	5531	0	0	0	2440	1929	546	1515
1126	1456	0	5466	0	5632	294	388	675	1024
>SNAI1.H14INVIVO.0.PSM.A
158	70	1	278	5	0	2	1	12
14	1	280	1	1	3	2	1	173
84	205	0	1	273	278	0	275	49
25	5	0	1	2	0	277	4	47
>SNAI2.H14INVIVO.0.PSM.A
418	440	0	995	6	1	1	1	27	381	111
49	0	995	0	0	0	1	0	594	234	234
426	550	0	1	990	995	0	992	165	192	309
103	6	1	0	0	0	994	3	210	189	342
>SNAI3.H14INVIVO.0.S.D
973	2293	2914	28	4989	0	0	0	12	381	2107
1063	538	0	4921	0	0	0	0	0	1882	738
1536	1356	2021	40	0	4989	4989	0	4977	1364	1231
1417	802	54	0	0	0	0	4989	0	1362	913
>SOLH2.H14INVIVO.0.S.D
1725	763	6996	1	0	0	0	962	2813	2271	2054
2551	7574	714	9207	0	0	2	7816	1385	2364	2345
2766	167	642	2	9210	0	9206	399	2219	1402	2318
2168	706	858	0	0	9210	2	33	2793	3173	2493
>SOX1.H14INVIVO.0.S.D
236	117	10	418	408	1	276	152	0	454	0	0	0	295	36	111	104
60	27	116	26	27	5	9	114	452	1	0	0	363	38	116	92	95
77	13	320	8	5	4	68	78	0	0	0	0	90	25	31	57	78
82	298	9	3	15	445	102	111	3	0	455	455	2	97	272	195	178
>SOX1.H14INVIVO.1.S.D
686	88	2205	0	0	23	876	297	481
605	2087	139	1	0	1874	582	840	558
394	20	46	0	0	524	423	235	456
743	233	38	2427	2428	7	547	1056	933
>SOX10.H14INVIVO.0.PSM.A
341	903	757	402	268	211	311	260	26	46	447	3	2	65	39	100	82
392	68	46	30	83	247	264	235	318	802	30	70	27	20	0	176	377
179	12	99	224	582	469	263	240	355	24	2	33	3	913	6	179	117
88	17	98	344	67	73	162	265	301	128	521	894	968	2	955	545	424
>SOX10.H14INVIVO.1.PSM.A
278	202	124	9	10	286	5	1	6	2	26	56
311	261	272	445	965	17	60	0	28	3	177	365
304	227	247	273	1	1	29	0	964	2	229	96
107	310	357	273	24	696	906	999	2	993	568	483
>SOX10.H14INVIVO.2.S.C
548	1470	162	20	21	5	12	53	81	152	236	290	359	446
651	197	403	35	17	6	2	2358	104	338	192	272	373	424
564	485	378	72	2427	22	36	38	2228	1648	743	1415	1152	910
711	322	1531	2347	9	2441	2424	25	61	336	1303	497	590	694
>SOX11.H14INVIVO.0.P.B
38	3	1	92	0	0	3	0	12	22	130	135
343	535	916	0	3	0	13	2	319	681	316	415
264	132	0	0	0	2	982	0	94	64	121	215
355	330	83	908	997	998	2	998	575	233	433	235
>SOX11.H14INVIVO.1.S.B
347	622	148	43	20	0	3	48	31	62	202	293	347
439	226	201	64	7	0	0	1473	52	190	139	206	205
411	341	660	84	1486	84	82	2	1431	1133	456	758	638
342	350	530	1348	26	1455	1454	16	25	154	742	282	349
>SOX12.H14INVIVO.0.SM.D
2090	1136	1283	8812	14	3	4	0	91	1322	1155	1421	1798	2028
2224	4017	5259	93	75	1	0	5	707	6412	2154	2352	2073	2124
2972	2568	580	255	124	0	9995	3	412	903	4638	3761	2668	3318
2713	2278	2877	839	9786	9995	0	9991	8789	1362	2052	2465	3460	2529
>SOX13.H14INVIVO.0.P.B
123	33	23	464	1	3	3	35	20	91	184	179
284	560	761	8	15	1	12	17	242	439	246	358
282	170	10	1	13	5	986	34	107	81	120	180
315	241	210	531	975	995	3	918	635	393	454	287
>SOX14.H14INVIVO.0.SM.D
110	173	50	237	189	10	69	41	12	245	0	0	0	4	11	103	49	27	56
39	54	184	2	1	1	11	86	181	0	0	0	0	0	49	111	77	80	55
44	3	7	1	2	15	139	68	0	0	0	0	245	0	21	15	80	69	78
52	15	4	5	53	219	26	50	52	0	245	245	0	241	164	16	39	69	56
>SOX15.H14INVIVO.0.P.B
23	1	116	10	4	14	28	39
179	306	24	26	5	57	9	79
85	16	5	30	6	339	12	133
124	88	266	345	396	1	362	160
>SOX17.H14INVIVO.0.PS.A
114	40	36	772	2	3	6	15	231	67	82	112
285	621	678	20	24	8	33	14	228	302	194	441
276	181	27	12	14	4	913	4	106	23	370	201
313	146	247	184	948	973	36	955	423	596	342	234
>SOX17.H14INVIVO.1.P.B
137	42	53	668	1	1	24	30	447	49	46	69	428	440	532
340	595	631	4	15	0	60	9	161	117	104	454	90	137	146
170	155	66	5	26	6	914	4	95	26	428	220	157	241	148
356	211	253	326	961	996	5	960	300	811	425	260	328	185	177
>SOX17.H14INVIVO.2.S.C
182	365	556	6	579	572	0	216	105	16	579	0	0	0	10	60	156	169
114	91	9	571	0	0	0	11	100	522	0	0	0	0	4	61	103	123
133	62	10	1	0	1	0	32	170	1	0	30	0	579	6	98	156	171
150	61	4	1	0	6	579	320	204	40	0	549	579	0	559	360	164	116
>SOX18.H14INVIVO.0.SM.D
1458	652	680	7556	0	0	0	31	1138
1824	2583	4537	0	0	0	0	37	1904
2468	3146	259	0	0	0	7556	0	1795
1806	1175	2080	0	7556	7556	0	7488	2719
>SOX2.H14INVIVO.0.P.B
71	13	11	497	1	2	17	14	71	386	93	120
250	703	618	9	4	0	44	1	296	365	145	171
313	147	13	1	4	2	941	2	87	84	63	539
373	144	365	500	998	1003	5	990	553	172	706	177
>SOX2.H14INVIVO.1.P.B
100	35	24	524	2	12	39	136	124	560	57	50	66	558	543	650	210
243	636	632	6	2	1	138	3	258	238	79	95	604	124	101	131	161
281	166	26	4	12	5	803	4	120	70	42	694	147	68	190	86	157
378	165	320	468	986	984	22	859	500	134	824	163	185	252	168	135	474
>SOX2.H14INVIVO.2.S.B
1801	787	5743	0	0	0	2157	1129
1295	4219	26	379	0	4851	929	2231
842	0	0	0	0	1163	1043	949
2076	1008	245	5635	6014	0	1885	1705
>SOX2.H14INVIVO.3.S.B
1052	998	82	706	530	18	1366	0	0	2	835	340
95	98	41	76	228	1342	0	0	0	1014	75	350
115	87	78	167	185	0	0	0	0	341	125	225
104	183	1165	417	423	6	0	1366	1366	9	331	451
>SOX21.H14INVIVO.0.S.D
2095	3305	3610	1163	4879	3271	825	3489	2132	1079	7479	1	1	563	1882	791	1497	1866
1903	1726	1391	4241	1454	2456	1015	1118	2735	6421	391	243	68	2838	1355	1722	2761	2247
1656	1222	747	1393	640	679	726	1484	896	11	42	20	6	4498	511	939	1096	1464
2290	1691	2196	1147	971	1538	5378	1853	2181	433	32	7680	7869	45	4196	4492	2590	2367
>SOX3.H14INVIVO.0.PM.A
61	15	19	384	1	0	24	19	13	204	103	121
325	728	679	6	4	0	29	7	324	458	298	304
359	118	7	2	2	3	961	8	159	121	154	374
271	155	311	624	1009	1013	2	982	520	233	461	217
>SOX3.H14INVIVO.1.S.C
831	1477	1266	309	518	344	535	2485	1	2	6	564	217	673	381	492
970	280	187	264	314	1149	1640	9	1	1	10	130	828	877	881	703
322	288	318	513	1129	555	7	5	4	1	2482	15	475	545	508	637
376	454	728	1413	538	451	317	0	2493	2495	1	1790	979	404	729	667
>SOX30.H14INVIVO.0.P.C
40	6	6	125	1	3	8	1	14	149	5
56	141	199	11	98	6	27	4	28	22	148
44	63	14	12	3	5	187	3	169	22	35
87	17	8	79	125	213	5	219	16	34	39
>SOX30.H14INVIVO.1.SM.B
1796	378	679	8638	0	0	17	4	466	1704
2209	4419	5283	14	3	3	18	23	2931	3195
2547	2332	1662	13	0	0	8799	4	912	1804
2282	1705	1210	169	8831	8831	0	8803	4525	2131
>SOX4.H14INVIVO.0.PSM.A
44	7	3	142	3	2	8	3	17	33	89
371	496	881	7	15	10	27	10	280	653	324
284	174	7	9	7	8	961	11	135	75	213
308	330	116	849	982	987	11	983	575	246	381
>SOX5.H14INVIVO.0.P.B
5	2	53	0	0	1	0	1	6
44	47	0	0	1	3	0	9	36
12	1	0	0	3	61	0	5	7
4	15	12	65	61	0	65	50	16
>SOX6.H14INVIVO.0.P.B
45	57	623	2	5	4	3	10	107	136
534	701	28	17	2	33	5	307	447	254
181	18	8	36	5	938	5	118	116	117
233	217	334	938	981	18	980	558	323	486
>SOX7.H14INVIVO.0.PS.A
17	16	880	5	9	9	6	14	33
745	733	17	8	5	17	8	242	611
88	9	3	18	2	883	9	36	39
135	227	85	954	969	76	962	693	302
>SOX7.H14INVIVO.1.SM.B
716	965	1377	1657	803	2006	1558	406	736	448	566	2480	3	0	4	84	231	562	537
547	427	431	562	1425	95	121	130	143	957	1834	0	2	0	14	18	691	1076	878
763	700	451	60	97	73	111	254	280	593	0	0	11	0	2461	10	273	405	528
454	388	221	201	155	306	690	1690	1321	482	80	0	2464	2480	1	2368	1285	437	537
>SOX8.H14INVIVO.0.PSM.A
531	403	763	736	450	357	290	292	158	63	56	499	8	2	23	8	51
179	336	154	59	54	98	172	257	293	453	775	45	129	14	30	8	226
77	143	46	135	227	408	430	298	307	214	36	9	59	4	942	7	230
212	117	36	69	268	136	107	152	241	269	132	446	803	979	4	976	492
>SOX8.H14INVIVO.1.PS.A
1770	578	250	9013	0	0	0	0	656	1256	1634
2824	5225	6548	55	0	0	0	0	1322	5447	2088
2837	2254	283	12	0	0	9695	0	578	655	2867
2264	1638	2614	615	9695	9695	0	9695	7139	2337	3106
>SOX9.H14INVIVO.0.PS.A
308	858	817	391	180	303	308	180	52	17	379	2	0	21	10	38	55
492	114	12	26	81	214	236	266	449	868	65	139	0	11	2	117	633
162	22	111	287	642	432	330	345	259	34	7	82	2	968	2	211	52
38	6	60	296	97	51	126	209	240	81	549	777	998	0	986	634	260
>SOX9.H14INVIVO.1.PS.A
97	33	5	332	2	0	15	4	50	73	204
328	514	918	67	81	1	5	4	131	591	270
330	194	8	3	30	2	984	2	241	68	148
249	263	73	602	891	1001	0	994	582	272	382
>SOX9.H14INVIVO.2.S.B
2117	3507	1489	1425	5613	5256	182	23	658	6	5741	2	7	142	4183	328	1810
1023	883	185	2112	33	29	38	29	592	5138	16	15	20	2301	18	841	942
1236	743	265	2018	21	53	273	753	2604	8	10	5591	20	2290	38	929	1566
1433	676	3870	254	142	471	5316	5004	1955	657	42	201	5762	1076	1570	3711	1491
>SP1.H14INVIVO.0.P.B
369	263	116	124	0	2	24	4	6	149	62	39	58	222
154	48	4	0	1	1	891	4	4	4	13	849	538	70
218	626	610	844	967	965	0	959	753	798	866	10	93	236
230	34	241	3	3	3	56	4	208	20	30	73	282	443
>SP1.H14INVIVO.1.SM.B
2142	1942	938	834	28	5	63	1	8	1060	559	737	1332	2523
1716	1181	193	6	20	0	9365	0	27	67	291	5590	3830	1926
3132	5120	4039	8607	9427	9488	6	9493	2257	8093	7062	486	1511	1891
2506	1253	4326	49	21	3	62	2	7204	276	1584	2683	2823	3156
>SP1.H14INVIVO.2.P.B
360	258	102	133	3	3	56	11	3	142	72	46	62	251	184	212	203	147	194	176	171
165	69	4	1	2	3	862	0	2	4	27	836	472	112	221	200	198	229	168	186	203
244	601	649	840	970	972	1	960	790	815	838	20	145	251	465	467	461	487	468	486	513
209	50	223	4	3	0	59	7	183	17	41	76	299	364	108	99	116	115	148	130	91
>SP100.H14INVIVO.0.PSGI.A
290	401	470	745	595	0	0	0	2	240	1375	882	336
322	217	180	12	388	1554	0	0	354	322	7	138	461
400	220	179	321	342	0	1554	1554	0	3	21	235	422
542	716	725	476	229	0	0	0	1198	989	151	299	335
>SP140.H14INVIVO.0.PSGIB.A
124	17	0	0	0	234	351	75	263	379	176
149	364	672	0	86	232	52	241	2	83	157
234	23	0	672	184	58	173	81	2	64	148
165	268	0	0	402	148	96	275	405	146	191
>SP14L.H14INVIVO.0.PSGIB.A
158	53	786	0	0	142	106	558	273
208	261	7	793	0	59	434	1	150
156	40	0	0	793	82	127	157	141
271	439	0	0	0	510	126	77	229
>SP2.H14INVIVO.0.P.D
224	129	75	178	2	1	79	11	3	49	114	119
41	16	3	0	2	2	385	6	1	10	17	320
172	333	368	320	494	493	0	470	483	410	345	39
61	20	52	0	0	2	34	11	11	29	22	20
>SP2.H14INVIVO.1.P.B
142	161	103	186	385	251	105	281	23	11	78	14	16	128	214	147	145	213	227	194	214
253	284	196	193	210	64	14	20	8	12	857	16	6	17	86	677	398	144	215	210	169
556	484	579	511	309	638	828	693	964	972	2	959	957	822	677	103	250	381	482	553	568
49	71	122	110	96	47	53	6	5	5	63	11	21	33	23	73	207	262	76	43	49
>SP3.H14INVIVO.0.P.B
152	171	138	93	158	356	255	96	131	5	1	16	3	4	196	16	28	33	216
334	295	306	239	296	176	88	2	1	6	5	958	1	5	4	20	908	598	87
392	457	461	522	420	291	621	694	861	983	987	0	988	872	786	950	9	82	136
118	73	91	142	122	173	32	204	3	2	3	22	4	115	10	10	51	283	557
>SP3.H14INVIVO.1.S.B
1949	2435	2967	2301	1056	657	11	4	92	3	44	1011	1250	1173
1892	1987	971	252	10	4	16	0	9632	0	19	115	642	4072
4054	3343	3947	6479	4147	9038	9701	9726	0	9727	1339	7893	6395	2031
1837	1967	1847	700	4519	33	4	2	8	2	8330	713	1445	2456
>SP4.H14INVIVO.0.P.C
347	267	142	162	33	108	103	47	33	241	154	96	86	195	135
167	116	42	50	60	28	703	5	23	41	54	531	494	100	183
252	431	526	569	758	723	9	781	659	516	587	101	123	284	429
102	54	158	87	17	9	53	35	153	70	73	140	165	289	121
>SP4.H14INVIVO.1.S.B
429	432	274	150	19	1	28	21	63	154	341	307
248	154	55	15	106	0	1480	0	3	10	70	412
454	704	463	1263	1359	1504	0	1487	138	1238	808	362
377	218	716	80	24	3	0	0	1304	106	289	427
>SP4.H14INVIVO.2.P.B
410	225	206	261	12	8	329	57	23	335	92	227	196	245	170	243	275	202	224	181	216
94	47	15	4	4	4	586	3	6	23	26	482	354	76	60	74	86	128	136	129	101
279	644	602	683	949	954	4	893	839	556	825	173	230	398	642	620	573	557	468	559	580
187	54	147	22	5	4	51	17	102	56	27	88	190	251	98	33	36	83	142	101	73
>SP5.H14INVIVO.0.P.B
366	212	148	154	3	2	278	21	1	356	81	244	363	144
161	133	27	2	1	9	593	3	1	13	38	616	226	208
287	579	526	839	987	982	2	965	948	599	834	55	213	550
183	73	296	2	6	4	124	8	47	29	44	82	195	95
>SP5.H14INVIVO.1.P.B
227	249	322	224	203	347	187	221	272	144	278	441	236	234	245	28	19	587	58	16	473	51	247	428	216
155	96	78	74	73	129	105	103	58	75	155	105	91	27	4	2	26	275	1	7	3	24	533	146	138
478	457	507	607	636	409	579	558	558	682	457	270	576	532	731	958	930	4	912	911	501	891	120	179	525
134	192	87	89	82	109	123	112	106	93	104	178	91	201	14	6	19	128	23	60	17	28	94	241	115
>SP7.H14INVIVO.0.P.B
347	901	997	38	100	755	51	734	91	62	24	44	240	89
13	4	2	13	39	33	466	31	22	150	214	127	77	241
17	92	4	25	163	201	82	115	754	716	343	16	172	336
627	7	1	928	702	15	405	124	137	76	423	817	515	338
>SP8.H14INVIVO.0.SM.D
1912	1676	824	126	0	0	0	0	0	1105	1670	1472
769	184	0	0	0	0	6915	0	0	60	222	2059
2642	4318	1728	6789	6915	6915	0	6915	25	5319	3130	1907
1592	737	4363	0	0	0	0	0	6890	431	1893	1477
>SP9.H14INVIVO.0.P.B
227	888	979	41	52	784	74	603	118	49	79	154	134	89
29	10	1	21	80	14	551	57	47	232	331	96	84	250
22	86	6	18	125	174	121	85	744	489	294	52	323	195
712	6	4	910	733	18	244	245	81	220	286	688	449	456
>SP9.H14INVIVO.1.S.C
310	304	353	424	531	521	331	71	0	0	1	0	0	241	362	327
313	259	278	307	238	55	14	0	0	0	2024	0	0	15	100	429
998	1029	963	942	927	1296	797	1954	2025	2025	0	2025	4	1605	1148	635
404	433	431	352	329	153	883	0	0	0	0	0	2021	164	415	634
>SPDEF.H14INVIVO.0.PSM.A
2910	5739	3469	210	201	0	0	9910	1157	2397	712	2947
1976	475	3696	9202	9728	0	0	2	107	1458	3264	1677
2827	635	1558	514	8	9941	9939	6	12	5641	271	3096
2228	3092	1218	15	4	0	2	23	8665	445	5694	2221
>SPDEF.H14INVIVO.1.SM.B
252	504	342	34	222	0	0	840	17	126	4	286	241	290	301	154	135	77	81	203
169	46	267	748	616	0	1	0	4	17	209	87	261	230	154	304	463	354	195	162
251	88	106	56	2	840	839	0	0	696	7	256	228	182	140	109	89	274	464	321
168	202	125	2	0	0	0	0	819	1	620	211	110	138	245	273	153	135	100	154
>SPI1.H14INVIVO.0.P.B
430	689	648	673	96	722	41	0	1000	1000	15	44	11	342
133	48	49	7	66	66	0	1	1	0	146	30	144	251
338	159	225	111	826	208	960	1000	0	0	840	6	836	306
100	105	79	210	13	5	0	0	0	1	0	921	10	102
>SPI1.H14INVIVO.1.S.B
906	761	348	453	12	1	2300	2228	153	284	774	657
263	200	248	654	80	0	0	3	218	271	293	486
636	633	1277	1111	2216	2307	11	69	1862	337	715	656
506	717	438	93	3	3	0	11	78	1419	529	512
>SPIB.H14INVIVO.0.P.B
518	745	747	683	163	641	75	0	1001	995	31	19	2	589	477	628	218
95	34	24	19	57	77	0	0	0	1	177	8	29	111	110	95	355
301	116	150	92	770	278	924	1000	0	1	790	8	967	266	295	140	267
87	106	80	207	11	5	2	1	0	4	3	966	3	35	119	138	161
>SPIB.H14INVIVO.1.S.C
6443	7796	8013	6478	235	3196	3	0	8799	8799	6	128	3820
467	168	38	50	210	5510	0	0	0	0	413	165	754
1117	277	79	49	8349	93	8796	8799	0	0	8379	56	1783
772	558	669	2222	5	0	0	0	0	0	1	8450	2442
>SPIB.H14INVIVO.2.SM.B
566	539	798	1543	1902	927	140	1814	12	3	2491	2478	6	19	1002	523
580	438	208	118	77	96	106	151	11	2	3	11	31	35	96	701
967	1192	1194	467	163	209	2143	488	2461	2481	2	2	2453	41	935	894
384	328	297	369	355	1265	108	44	13	11	1	6	7	2402	464	379
>SRBP1.H14INVIVO.0.P.B
30	51	54	3	1	73	0	1	5	0	120	0
40	22	18	1	70	0	33	7	1	0	1	35
48	45	51	4	53	43	89	116	0	124	0	12
6	6	1	116	0	8	2	0	118	0	3	77
>SRBP1.H14INVIVO.1.S.C
197	457	299	200	566	0	0	0	18	1101	81	247
299	175	23	832	0	1233	0	0	0	11	307	311
515	477	255	205	753	94	1327	0	1277	199	344	616
316	218	750	90	8	0	0	1327	32	16	595	153
>SRBP2.H14INVIVO.0.S.B
1363	2952	778	430	2184	8	5	10	13	6147	182	1328
1161	443	204	3043	20	6233	5	79	4	32	1075	1563
2780	3099	610	3133	4545	419	6793	0	6772	492	1187	2573
1499	309	5211	197	54	143	0	6714	14	132	4359	1339
>SRBP2.H14INVIVO.1.P.B
610	406	494	350	50	122	411	260	678	59	1638	369	371
578	707	387	114	78	13	517	538	351	184	47	440	491
878	965	1332	144	2129	2202	1149	1515	26	2042	526	865	1055
276	264	129	1734	85	5	265	29	1287	57	131	668	425
>SRBP2.H14INVIVO.2.M.C
2181	5461	549	674	5214	26	230	72	57	9015	86	2072
1689	549	396	4804	54	2248	476	51	112	70	1500	3021
3510	3475	429	4163	4109	5598	9117	7	9592	561	669	2446
2449	344	8455	188	452	1957	6	9699	68	183	7574	2290
>SRF.H14INVIVO.0.PSM.A
142	73	218	10	0	267	100	682	17	594	100	92	8	117	176	409	262
163	134	155	921	906	143	31	16	28	20	12	0	10	276	539	88	129
85	200	292	11	0	17	20	39	10	9	15	855	919	279	92	114	163
558	541	283	6	42	521	797	211	893	325	821	1	11	276	141	337	394
>SRY.H14INVIVO.0.S.D
489	198	743	294	13	1439	0	0	34	139	102	294
378	299	376	315	1426	28	1	0	748	166	436	444
267	181	124	192	2	58	0	0	740	390	256	309
400	856	291	733	93	9	1533	1534	12	839	740	487
>SRY.H14INVIVO.1.S.D
240	291	53	316	272	19	289	138	5	426	1	0	2	6	15	66	81
98	72	317	42	34	25	54	106	416	1	0	0	29	15	45	200	122
39	21	20	18	30	27	39	25	0	0	0	0	396	14	42	30	112
50	43	37	51	91	356	45	158	6	0	426	427	0	392	325	131	112
>STA5A.H14INVIVO.0.P.B
2	38	5	62	580	483	9	936	991	402	199
21	11	1000	418	0	21	1	9	1	233	292
0	10	0	19	427	474	989	17	13	221	139
984	948	2	508	0	29	8	45	2	151	377
>STA5B.H14INVIVO.0.P.B
402	161	1	55	8	28	0	574	4	930	983	418	271
117	182	9	15	980	421	429	11	2	8	1	207	206
244	195	4	5	1	21	0	359	983	9	14	178	129
237	462	986	925	11	530	571	56	11	53	2	197	394
>STAT1.H14INVIVO.0.P.B
168	215	81	56	44	110	430	102	3	3	26	11	65	345	78	717	885	477	136	166
309	169	211	304	462	449	171	190	3	8	900	720	424	72	32	180	46	146	336	353
367	150	208	148	93	241	164	95	2	4	3	3	63	427	560	34	23	230	129	283
142	452	486	478	387	186	221	599	978	971	57	252	434	142	316	55	32	133	385	184
>STAT1.H14INVIVO.1.P.B
48	36	76	222	4	2	1	2	0	127	64	2	0	2	5	11	31	79
64	32	117	4	70	3	2	8	296	32	61	7	1	93	234	190	130	84
37	31	45	64	227	2	2	4	1	103	62	3	0	0	5	23	31	57
156	206	67	15	4	298	300	291	8	43	118	293	304	210	61	81	113	85
>STAT2.H14INVIVO.0.P.B
373	327	185	691	982	938	381	187	81	941	965	975	23	78	232	655	493	402
137	55	14	4	4	22	248	283	9	17	7	5	713	239	136	115	141	167
391	547	772	296	8	28	168	136	907	36	17	15	250	22	402	118	220	270
99	71	29	9	6	12	203	394	3	6	11	5	14	661	230	112	146	161
>STAT3.H14INVIVO.0.P.B
103	390	117	7	13	140	2	12	236	50	719	887	356
456	221	313	8	5	818	820	592	23	30	250	47	176
257	241	157	6	31	8	6	0	722	709	6	33	346
184	148	413	979	951	34	172	396	19	211	25	33	122
>STAT4.H14INVIVO.0.P.B
75	11	14	82	52	0	308	40	779	896	400
309	15	13	876	697	503	61	23	159	25	143
148	7	74	9	10	0	557	728	14	53	355
468	967	899	33	241	497	74	209	48	26	102
>STAT6.H14INVIVO.0.P.B
4	13	55	88	17	448	292	7	993	986	376	211	207
7	4	833	382	507	137	3	1	1	0	195	190	288
9	2	3	21	229	10	665	965	0	9	265	173	380
978	979	107	507	245	403	38	25	4	3	162	424	123
>STF1.H14INVIVO.0.PSM.A
388	141	58	30	5	952	945	10	6	95	11	770
156	189	335	375	943	30	6	3	11	395	898	30
213	477	224	22	43	11	36	980	978	22	12	118
240	190	380	570	6	4	10	4	2	485	76	79
>SUH.H14INVIVO.0.P.B
218	45	14	66	9	0	66	3	580	500	215
110	217	355	178	8	1	3	2	0	5	181
185	233	76	330	3	583	490	580	4	72	69
72	90	140	11	565	1	26	0	1	8	120
>TAF1.H14INVIVO.0.P.B
79	395	408	143	463	60	40	1	81	55	34	88	83	77	76
270	29	61	78	53	54	7	5	482	42	71	386	112	147	287
173	144	70	330	45	30	507	567	6	419	449	47	294	296	119
55	9	38	26	16	433	23	4	8	61	23	56	88	57	95
>TAL1.H14INVIVO.0.P.B
87	65	31	84	179	213	208	209	210	335	153	663	2	991	2	942	852	121	342
499	207	57	218	253	234	259	277	281	172	426	13	0	4	15	5	16	229	227
241	154	632	505	309	297	357	312	278	347	322	17	999	2	6	8	117	593	390
174	575	281	194	260	257	177	203	232	147	100	308	0	4	978	46	16	58	42
>TAL1.H14INVIVO.1.P.B
347	206	467	397	409	78	803	1	560	289	429	442	117	408
89	249	192	116	102	730	4	37	312	32	36	48	198	210
404	458	153	314	417	198	11	969	136	9	527	284	497	288
175	102	203	188	87	9	197	8	7	685	23	241	203	109
>TAL1.H14INVIVO.2.P.B
277	604	210	295	606	687	496	16	969	22	372	90	73	86
452	128	67	178	139	75	103	971	10	116	441	35	29	241
190	128	660	519	116	169	393	21	10	811	164	48	817	370
101	160	83	28	159	89	28	12	31	71	43	847	101	323
>TBP.H14INVIVO.0.P.B
132	67	841	25	922	685	959	830	279	135
568	34	7	14	1	1	6	5	19	299
219	24	10	18	2	9	28	63	652	515
78	872	139	940	72	302	4	99	47	48
>TBR1.H14INVIVO.0.PS.A
245	566	442	2	2	214	63	6	934	693
69	57	15	48	7	4	24	19	11	44
267	253	318	706	17	774	44	558	42	208
419	124	225	244	974	8	869	417	13	55
>TBX1.H14INVIVO.0.S.D
1683	2086	3390	219	5	74	4	40	11	4387	3825	2711	1827	1506	1363
894	572	97	64	1	136	0	134	4	712	105	253	188	511	913
1470	1560	1738	5008	5385	8	5388	1486	5295	129	1017	1983	1926	1549	1932
1345	1174	167	101	1	5174	0	3732	82	164	445	445	1451	1826	1184
>TBX15.H14INVIVO.0.SM.D
1788	3336	6703	99	1	0	0	754	140	7027	3423	2219	1869
1680	677	66	291	0	2046	0	570	1882	31	1372	1664	1152
2260	2375	1054	8000	8403	0	8404	52	3916	1172	1573	3113	2856
2676	2016	581	14	0	6358	0	7028	2466	174	2036	1408	2527
>TBX18.H14INVIVO.0.M.D
1741	3065	5807	108	0	0	0	455	120	5897	3736	2395
1218	512	76	372	1	1434	0	286	750	81	675	1194
1897	1957	725	6311	6816	12	6816	105	4315	644	1273	1946
1961	1283	209	26	0	5371	1	5971	1632	195	1133	1282
>TBX19.H14INVIVO.0.PS.A
53	304	331	60	569	144	204	245	313	228	133	33	8	194	58	733	596	357	244
35	214	50	624	43	287	218	190	195	165	211	39	2	153	119	3	59	93	76
16	197	303	55	120	277	241	159	144	234	407	14	796	47	390	66	103	137	117
704	93	124	69	76	100	145	214	156	181	57	722	2	414	241	6	50	221	371
>TBX19.H14INVIVO.1.SM.B
3372	9111	468	100	0	0	455	85	9714	5336	4569	2262	1723
997	59	765	3	399	0	2465	637	3	1387	859	745	1691
2394	539	8164	9739	5	9850	36	6946	128	1037	1363	1423	1577
3087	141	453	8	9446	0	6894	2182	5	2090	3059	5420	4859
>TBX2.H14INVIVO.0.SM.D
3486	6871	664	36	7	33	1421	1096	4918	3180
1344	501	810	38	358	5	691	2038	1202	1926
2478	1483	8021	9611	17	9634	529	3172	1835	2221
2386	839	199	9	9312	22	7053	3388	1739	2367
>TBX20.H14INVIVO.0.P.C
277	208	52	61	21	178	23	30	753	127	711	88	109	225
114	95	193	86	7	232	17	3	13	580	5	23	272	207
242	376	476	17	751	142	66	741	18	61	25	584	347	85
160	114	72	629	14	241	687	19	9	25	52	98	65	276
>TBX20.H14INVIVO.1.M.C
3083	5309	821	1	7	3	755	393	6761	4105	2496
1421	438	1624	21	2276	0	605	534	337	848	1632
1986	1625	5414	8254	37	8273	385	4990	732	1598	2339
1786	904	417	0	5956	0	6531	2359	446	1725	1809
>TBX20.H14INVIVO.2.SM.B
1819	3463	5814	799	26	12	9	763	355	8559	4355	1489	818	604	842	1289	906	5342
1693	860	341	807	84	2282	3	607	1390	41	809	1398	530	3461	396	1562	2335	890
3613	3576	2759	7841	9649	43	9785	453	5447	1019	3048	6130	6887	928	8073	1535	4381	2418
2675	1901	886	353	41	7463	3	7977	2608	181	1588	783	1565	4807	489	5414	2178	1150
>TBX21.H14INVIVO.0.PSM.A
60	65	106	33	1	1	0	19	1	139	82
22	21	14	5	3	0	0	5	27	8	26
80	60	37	128	171	5	174	15	118	18	48
15	31	20	11	2	171	3	138	31	12	21
>TBX3.H14INVIVO.0.PSM.A
1788	3391	8590	29	0	0	0	236	130	7478	3635	2147
1693	653	22	191	0	909	0	449	2142	59	1601	1443
3541	3696	894	9451	9672	0	9672	18	5333	1899	2828	4433
2650	1932	166	1	0	8763	0	8969	2067	236	1608	1649
>TBX4.H14INVIVO.0.PS.A
272	823	34	6	6	2	161	62	508
161	3	1	417	1	7	178	186	38
493	168	965	579	7	996	135	419	309
81	13	7	5	993	2	533	340	152
>TBX4.H14INVIVO.1.S.B
193	303	628	4	0	0	0	9	3	574	240	281	163	144	91	172	345	101	367	28	44	62	130
117	39	0	3	0	2	0	5	59	8	106	53	70	139	115	252	123	481	138	498	331	103	176
173	170	3	622	631	0	631	1	403	39	117	105	79	126	82	147	75	27	82	29	82	61	124
148	119	0	2	0	629	0	616	166	10	168	192	319	222	343	60	88	22	44	76	174	405	201
>TBX5.H14INVIVO.0.PS.A
306	677	183	6	13	7	134	13	508
159	23	27	131	78	4	170	418	50
385	219	738	858	9	986	74	304	263
151	82	53	6	901	4	623	266	180
>TBX5.H14INVIVO.1.P.B
329	335	74	167	23	213	37	21	828	144	884	109	228
122	93	308	43	33	355	6	4	18	720	4	26	269
342	423	542	47	923	226	50	971	80	101	29	740	395
207	149	76	743	21	206	907	4	74	35	83	125	108
>TBX5.H14INVIVO.2.S.B
46	77	22	93	162	264	0	0	0	0	5	1	244	76	157	92	62	46	97	175	36	183	21	7	25	59
64	49	66	27	4	0	1	0	0	0	2	11	6	52	24	10	28	37	98	30	199	33	201	165	41	80
98	89	118	66	61	5	268	269	1	269	9	164	8	57	47	46	75	30	49	34	23	37	23	42	31	46
61	54	63	83	42	0	0	0	268	0	253	93	11	84	41	121	104	156	25	30	11	16	24	55	172	84
>TBX6.H14INVIVO.0.PSM.A
327	748	109	10	37	3	118	57	856	632
125	11	22	50	35	2	414	359	10	78
409	170	853	919	13	981	116	279	117	217
135	67	12	17	911	10	348	301	13	69
>TBXT.H14INVIVO.0.PS.A
146	40	395	285	50	625	131	151	355	423	246	60	61	7	126	32	793	586	335	138
117	95	159	59	660	36	320	206	106	77	109	179	42	6	124	113	8	56	96	130
131	58	205	385	86	120	332	231	229	281	376	555	26	827	60	536	37	150	182	150
451	652	86	116	49	64	62	257	155	64	114	51	716	5	535	164	7	53	232	427
>TBXT.H14INVIVO.1.PSM.A
2013	2037	6909	768	450	1	0	332	72	9747	5490	4120	1916	1833
2561	1383	280	912	59	274	1	2676	407	14	954	1136	1107	2303
3527	2757	2152	7423	9306	0	9872	47	7888	80	1638	2059	1568	2360
1772	3696	532	770	58	9598	0	6818	1506	32	1791	2558	5282	3377
>TCF20.H14INVIVO.0.B.D
145	0	702	269	0	367	334	363	82	171
188	116	0	92	0	0	2	22	49	131
200	419	0	120	0	0	0	0	0	133
169	167	0	221	702	335	366	317	571	267
>TCF21.H14INVIVO.0.PS.A
372	381	557	516	1	995	24	64	8	3	8	401
126	191	197	200	998	0	13	920	3	1	192	192
355	299	200	227	1	2	878	10	1	983	642	247
147	129	46	57	0	3	85	6	988	13	158	160
>TCF21.H14INVIVO.1.SM.B
816	1825	1873	0	4453	0	4361	0	0	0	124	1099
1072	452	1383	4519	0	0	158	0	0	0	1427	853
1306	1545	1088	0	66	178	0	0	4519	3667	48	1785
1325	697	175	0	0	4341	0	4519	0	852	2920	782
>TCF7.H14INVIVO.0.PSM.A
320	309	238	285	732	15	651	107	58	960	869	940	102	280	277
225	254	362	388	35	584	35	21	773	8	48	5	51	208	290
290	267	258	254	141	372	13	53	156	9	80	43	830	429	344
164	169	141	72	91	28	300	818	12	22	2	11	16	82	88
>TDIF1.H14INVIVO.0.PSG.A
98	404	302	185	269	59	20	137	153	14	157	166	390	133	192	161	248	278	126
273	303	39	57	25	35	10	780	20	23	17	143	432	302	74	168	173	141	120
541	140	593	563	680	723	933	3	721	779	796	653	146	228	559	507	516	357	630
81	146	59	188	19	176	30	73	99	177	23	31	25	330	168	157	56	217	117
>TEAD1.H14INVIVO.0.PSM.A
153	179	544	148	996	0	74	1	1	519	148	110	239
419	384	11	839	2	0	1	990	931	43	71	311	428
150	171	389	12	2	0	15	4	0	29	648	495	252
278	266	56	1	0	1000	910	5	68	409	133	84	81
>TEAD1.H14INVIVO.1.P.C
587	329	989	0	35	3	24	388	178	297	311	768	113
21	626	6	10	11	944	764	45	111	117	484	82	104
357	37	4	7	63	10	1	13	485	479	165	52	97
35	8	1	983	891	43	211	554	226	107	40	98	686
>TEAD1.H14INVIVO.2.S.C
51	150	59	292	1	8	0	4	101	64	148	67	297	0	13	1	4	133	99
69	8	231	1	5	3	286	254	23	71	8	229	0	0	0	294	263	51	82
75	132	3	0	0	6	3	2	32	73	136	3	2	0	6	0	0	40	42
104	9	6	6	293	282	10	39	143	91	7	0	0	299	280	4	32	75	76
>TEAD2.H14INVIVO.0.PSM.A
590	196	963	6	85	3	4	536	163	148	265	397
10	727	9	11	6	961	913	52	62	232	335	250
367	42	8	5	37	12	8	17	676	528	277	178
20	22	7	965	859	11	62	382	86	79	110	162
>TEAD3.H14INVIVO.0.PS.A
151	147	499	103	956	4	58	1	2	486	112	187	187
402	405	19	862	14	1	7	975	933	45	136	364	483
177	131	424	35	22	9	33	9	0	40	634	331	247
270	317	58	0	8	986	902	15	65	429	118	118	83
>TEAD3.H14INVIVO.1.S.B
468	1220	274	2467	6	160	4	14	1006	633	928	528	1879	258	429	243	254	847
815	85	2178	5	3	5	2439	2204	144	626	258	1607	212	233	238	1791	1634	450
438	1101	35	19	3	20	25	25	359	553	999	244	220	153	260	178	159	450
772	87	6	2	2481	2308	25	250	984	681	308	114	182	1849	1566	281	446	746
>TEAD4.H14INVIVO.0.PS.A
157	494	204	991	2	48	4	0	530	100	125	201
381	2	756	2	0	4	982	934	35	83	265	362
212	494	40	4	1	35	12	0	35	731	553	355
250	10	0	3	997	913	2	66	400	86	57	82
>TEAD4.H14INVIVO.1.P.B
539	243	1023	0	78	3	5	375	152	246	267	659	117	248	115	101
13	661	0	4	7	988	878	65	128	166	502	163	149	113	482	472
443	128	6	1	55	29	1	39	628	511	234	95	146	264	232	159
37	0	3	1027	892	12	148	553	124	109	29	115	620	407	203	300
>TEF.H14INVIVO.0.SM.D
1943	2252	12	23	9924	0	41	20	9725	9835	317	2134	2580
2591	1327	49	12	0	5207	9	1379	119	34	3887	3633	2485
2444	6234	5	436	26	4	9899	1	65	28	1889	2821	2701
2972	137	9884	9479	0	4739	1	8550	41	53	3857	1362	2184
>TERF1.H14INVIVO.0.PSGB.A
186	78	141	84	45	150	201	65	95	32	34	57	171	6	108	15	71	32	213	68	67
76	31	56	23	105	135	14	20	35	34	107	235	19	59	40	22	173	46	63	30	47
205	377	274	355	241	54	265	402	345	411	221	24	249	414	342	457	100	224	208	382	368
31	12	27	36	107	159	18	11	23	21	136	182	59	19	8	4	154	196	14	18	16
>TET3.H14INVIVO.0.PSGIB.A
177	26	75	90	47	10	289	59	32	131	118	291	168	78	111	80	144	64	138	89	96
101	19	95	56	27	22	190	17	17	24	5	86	45	110	103	112	81	157	72	78	56
137	443	315	347	413	453	0	393	442	314	374	103	246	292	251	266	237	267	237	303	297
85	12	15	7	13	15	21	31	9	31	3	20	41	20	35	42	38	12	53	30	51
>TF2L1.H14INVIVO.0.PSM.A
341	568	423	2	144	339	2	203	120	320	222	734	507	0	92	348	4	218	142	155
128	60	36	942	537	3	33	298	363	15	66	38	3	965	571	5	37	280	291	263
387	253	319	53	7	590	962	46	91	252	693	165	292	31	0	581	956	49	116	170
142	117	220	1	310	66	1	451	424	411	17	61	196	2	335	64	1	451	449	410
>TF2L1.H14INVIVO.1.P.B
419	751	526	1	20	685	2	137	84
109	29	11	975	955	2	10	311	340
404	147	222	11	2	204	982	34	45
62	67	235	7	17	103	0	512	525
>TF2LX.H14INVIVO.0.SM.D
1152	0	14	3685	13	3073	445	891
657	0	0	0	3625	0	617	980
819	204	3671	0	47	612	1519	950
1057	3481	0	0	0	0	1104	864
>TF2LX.H14INVIVO.1.SM.D
647	796	576	4	0	2232	0	2234	0	42	40	269	407	234	1063	447
575	364	298	71	0	0	2234	0	5	1840	226	173	211	1418	297	528
491	436	370	0	2234	0	0	0	2218	333	183	1484	295	245	521	616
521	638	990	2159	0	2	0	0	11	19	1785	308	1321	337	353	643
>TF2LY.H14INVIVO.0.SM.D
2958	2545	65	0	9912	0	9931	95	664	598	1764	2121	1882	3583
2072	1740	46	0	0	9969	0	99	6165	2042	1371	1647	4477	2045
2478	2194	9	9969	0	0	38	9442	2669	1354	4813	2178	1679	2287
2461	3490	9849	0	57	0	0	333	471	5975	2021	4023	1931	2054
>TF2LY.H14INVIVO.1.SM.D
467	406	4	0	1378	0	1378	0	39	3	109	207	121	607
276	228	71	0	0	1378	0	0	996	83	60	113	951	180
341	306	0	1378	0	0	0	1375	331	61	1096	148	124	385
294	438	1303	0	0	0	0	3	12	1231	113	910	182	206
>TF65.H14INVIVO.0.P.B
174	79	16	20	661	476	0	4	9	6	7	256	362
360	83	4	4	19	222	37	43	272	973	969	566	169
169	558	971	908	287	160	0	37	14	4	5	69	285
296	279	8	67	32	141	962	915	704	16	18	108	183
>TF7L1.H14INVIVO.0.PM.A
120	94	11	6	2	13	44	867	325	73	154	100
294	406	810	16	51	4	137	15	4	403	134	282
278	230	38	2	14	8	768	9	18	481	43	267
308	270	141	976	933	975	51	109	653	43	669	351
>TF7L1.H14INVIVO.1.P.C
11	78	0	15	15	686	351	551	43	32	59	470
856	22	41	1	131	32	60	175	23	83	498	73
27	2	16	14	808	56	76	216	21	710	127	81
110	902	947	974	50	230	517	62	917	179	320	380
>TF7L1.H14INVIVO.2.S.C
316	53	804	31	6	2	2	0	2	0	0	886	0	81	140	214
60	746	53	26	885	29	808	841	401	828	0	0	0	24	100	175
78	23	10	820	5	879	0	1	0	6	911	0	0	777	20	228
457	89	44	34	15	1	101	69	508	77	0	25	911	29	651	294
>TF7L2.H14INVIVO.0.P.B
81	83	4	17	1	12	26	862	301	27	100	98
325	565	883	35	41	1	147	10	8	508	182	331
369	184	39	0	9	3	802	23	25	451	56	235
226	169	75	949	950	985	26	106	667	15	663	337
>TFAP4.H14INVIVO.0.PSM.A
287	0	986	2	7	3	3	494	48	141
517	999	2	16	966	1	1	56	149	355
126	0	4	978	23	0	995	177	377	160
70	1	8	4	4	996	1	273	426	344
>TFCP2.H14INVIVO.0.SM.D
180	266	770	250	547	369	514	912	1622	1369	4	77	720	26	485	292	442	1165	1838	1704	0	16	521	1	635	459
1633	1303	243	234	606	590	637	303	89	48	2326	1801	30	73	382	328	689	271	52	4	2456	1971	5	26	184	340
322	213	1174	1814	245	243	478	848	406	297	114	10	1665	2375	27	106	336	691	267	150	17	6	1928	2447	17	157
339	692	287	176	1076	1272	845	411	357	760	30	586	59	0	1580	1748	1007	347	317	616	1	481	20	0	1638	1518
>TFCP2.H14INVIVO.1.SM.D
121	177	306	295	0	8	117	3	81	50	99	169	384	327	0	0	78	0	107	69	103
122	65	14	6	449	330	4	11	104	77	43	6	0	1	448	404	0	20	61	49	143
95	161	68	49	2	2	330	439	7	19	106	239	29	0	6	0	374	434	0	32	79
116	51	66	104	3	114	3	1	262	308	206	40	41	126	0	50	2	0	286	304	129
>TFCP2.H14INVIVO.2.S.D
583	1663	1231	2422	2388	0	0	76	0	878	530	506	573
531	212	224	11	0	2475	2416	0	7	111	317	785	674
605	275	664	9	0	0	0	2399	2468	9	112	274	394
756	325	356	33	87	0	59	0	0	1477	1516	910	834
>TFDP1.H14INVIVO.0.P.B
274	136	102	4	46	38	16	73	717	551	345
186	139	232	49	925	12	171	83	88	129	231
334	551	651	931	3	924	798	815	143	253	290
198	166	7	8	18	18	7	21	44	59	126
>TFE2.H14INVIVO.0.PS.A
352	29	716	5	14	5	4	25	201	187
213	758	44	389	800	7	5	382	191	218
183	26	9	295	10	2	812	244	222	249
81	16	60	140	5	815	8	178	215	175
>TFE3.H14INVIVO.0.PSM.A
317	105	0	0	998	0	109	32	1	778	23
31	3	4	1005	4	953	4	3	0	74	414
510	894	11	1	2	10	893	9	1005	121	116
148	4	991	0	2	43	0	962	0	33	453
>TFEB.H14INVIVO.0.SM.B
3267	2803	2567	0	0	9973	0	3121	102	10	7261	419
1685	2146	34	3	9971	1	9774	64	69	8	983	3550
2262	3324	7372	40	4	0	3	6790	25	9934	825	1193
2761	1702	2	9932	0	1	198	0	9779	23	906	4813
>TFEB.H14INVIVO.1.P.C
489	356	51	0	939	9	715	135	1	536	135
101	72	72	1000	20	894	38	13	8	161	435
250	551	146	4	1	76	238	84	989	234	147
165	26	736	1	45	26	14	773	7	74	288
>TFEC.H14INVIVO.0.M.D
2264	3480	2303	1270	0	0	9647	0	977	7	1	8740	118	2312
2526	1126	1684	3	3	9648	1	8099	1	1	1	324	3452	1803
2790	2933	4651	8368	15	0	0	20	8670	1	9645	406	644	3264
2068	2109	1010	7	9630	0	0	1529	0	9639	1	178	5434	2269
>TFEC.H14INVIVO.1.SM.D
2029	2953	3104	2258	0	0	9113	0	0	0	0	8566	159
2202	1291	346	2	0	9113	0	9113	0	0	0	245	3651
2590	2360	4737	6853	0	0	0	0	9113	0	9113	223	549
2292	2509	926	0	9113	0	0	0	0	9113	0	79	4754
>TGIF1.H14INVIVO.0.PSM.A
55	2	931	11	950	108	174	177
17	22	6	984	10	157	380	270
29	995	79	21	32	665	268	228
919	1	4	4	28	90	198	345
>TGIF1.H14INVIVO.1.S.B
156	155	166	0	0	494	0	511	6	78	19	50	43	41	360	152	171
98	73	110	0	0	0	511	0	11	227	56	27	44	347	26	151	111
121	143	57	0	511	0	0	0	440	169	26	380	30	51	63	56	102
136	140	178	511	0	17	0	0	54	37	410	54	394	72	62	152	127
>TGIF2.H14INVIVO.0.S.B
816	820	897	19	0	2472	2	2493	3	114	133	270	308	170	1296	535
517	415	343	8	0	0	2497	1	36	1870	191	151	231	1790	359	759
645	569	269	6	2499	6	0	5	2394	427	114	1866	241	222	403	592
521	695	990	2466	0	21	0	0	66	88	2061	212	1719	317	441	613
>TGIF2.H14INVIVO.1.PSM.A
68	26	0	1	233	1	234	24	29	49	51
31	62	1	3	0	238	0	11	113	59	53
53	55	2	235	5	0	2	200	73	25	113
87	96	236	0	1	0	3	4	24	106	22
>THA.H14INVIVO.0.P.B
284	521	91	45	32	30	807	162	171	38	226	745	0	7	469	44	836
196	22	4	12	109	720	54	235	381	304	267	5	0	9	167	794	48
393	441	866	830	230	126	79	292	224	70	427	241	995	966	71	92	61
127	16	39	113	629	124	60	311	224	588	80	9	5	18	293	70	55
>THA.H14INVIVO.1.PS.A
97	243	685	8	14	322	9	903
233	141	3	1	4	56	913	26
55	521	244	930	904	27	16	9
558	38	11	4	21	538	5	5
>THA.H14INVIVO.2.S.B
700	112	114	82	105	827	4	874	1357	0	0	41	1	1335	253	290
137	1091	1131	284	482	101	119	69	0	0	0	0	1358	1	601	289
143	65	51	49	253	276	7	408	6	1363	1363	0	2	27	82	569
383	95	67	948	523	159	1233	12	0	0	0	1322	2	0	427	215
>THAP1.H14INVIVO.0.P.B
45	39	63	36	12	18	268	27	28	28	15	45	82	74	53	84	105	27	24	4	35	216	105
76	237	221	53	332	360	66	63	209	73	110	81	96	131	66	147	180	25	56	63	319	18	80
243	86	97	274	57	10	35	46	96	46	8	137	189	79	65	134	22	276	307	317	29	117	182
45	47	28	46	8	21	40	273	76	262	276	146	42	125	225	44	102	81	22	25	26	58	42
>THB.H14INVIVO.0.P.B
295	511	71	105	17	55	777	169	171	34	227	733	4	6	297	64	809
171	25	15	16	106	694	54	310	395	304	232	12	1	3	164	763	51
429	455	871	746	167	127	105	237	200	82	477	250	985	957	94	96	84
106	10	44	134	711	125	65	285	235	581	65	6	11	35	446	78	57
>THB.H14INVIVO.1.PSM.A
157	282	787	23	6	225	2	985	141	266
244	133	2	1	5	44	991	3	245	211
66	576	210	971	968	23	5	5	481	387
533	9	1	5	21	708	2	7	133	136
>THB.H14INVIVO.2.SM.B
4296	464	326	266	379	8999	8287	9223	2	5	6	56	8058	2472
695	593	464	571	8151	202	72	8	4	2	31	8547	117	2549
4270	8242	8092	652	451	329	837	547	9771	9423	341	213	1487	1593
518	480	897	8290	798	249	583	1	2	349	9401	963	117	3165
>THB.H14INVIVO.3.S.C
205	115	91	120	225	208	227	7	51	192	218	398	4	489	682	0	0	0	1	672	115	99
171	91	116	81	28	184	368	453	336	61	224	71	7	11	0	1	0	0	680	1	266	182
123	249	155	223	196	264	50	8	18	80	113	166	1	171	0	681	682	0	1	9	58	230
183	227	320	258	233	26	37	214	277	349	127	47	670	11	0	0	0	682	0	0	243	171
>TIGD3.H14INVIVO.0.PSGIB.A
193	108	920	13	33	54	397	57	135	167	959	579	327	237	589
221	146	2	9	197	886	400	502	148	18	13	51	295	552	51
106	63	12	21	359	7	75	357	165	7	24	80	332	132	326
480	683	66	957	411	53	128	84	552	808	4	290	46	79	34
>TIGD4.H14INVIVO.0.SGI.D
4740	7631	115	2	3	1	23	1948	0	9248	4579	64	6718	1109	724	7279	5433	1360
906	1037	9112	8714	8671	7884	219	58	2	1	865	966	16	5170	2678	1068	2630	5814
2508	547	3	0	4	1309	8996	22	0	2	3285	323	2526	981	5831	634	486	927
1113	52	37	551	589	73	29	7239	9265	16	538	7914	7	2007	34	286	718	1166
>TIGD5.H14INVIVO.0.PSGI.A
294	129	104	79	70	136	245	54	830	29	894	673	63	72	77	123
253	466	505	479	404	195	175	20	6	18	1	96	787	40	740	148
189	141	76	89	237	343	120	20	44	1	2	130	50	779	43	309
174	174	225	263	199	236	370	816	30	862	13	11	10	19	50	330
>TIGD7.H14INVIVO.0.SGIB.D
117	209	57	39	4	1	151	79	5	482	419	31	8	6	51	14	375	142	110
180	56	235	172	186	414	80	194	83	0	2	20	29	465	20	65	89	319	121
81	50	71	26	24	31	78	105	20	0	3	4	3	4	426	315	11	17	52
122	185	137	263	286	54	191	122	392	18	76	445	460	25	3	106	25	22	217
>TLX2.H14INVIVO.0.SM.D
2139	771	304	6696	8661	0	0	8661	1920	655	1047	1958
2089	2512	2923	418	0	0	0	0	671	3248	1946	2277
2449	2964	618	1528	0	0	0	0	6054	2671	3093	1929
1984	2414	4816	19	0	8661	8661	0	16	2087	2575	2497
>TLX3.H14INVIVO.0.SM.D
762	418	421	22	0	2243	2244	195	144	1025	550	444
352	1152	450	176	12	0	0	391	195	36	636	624
504	292	1278	41	0	1	0	195	743	1146	696	591
626	382	95	2005	2232	0	0	1463	1162	37	362	585
>TPRX1.H14INVIVO.0.PSGIB.A
168	207	404	383	337	141	6	475	0	7	486	163	217
25	25	5	13	4	1	4	20	0	5	1	31	93
45	24	13	9	83	347	484	2	1	0	1	45	96
262	244	78	95	76	11	6	3	499	488	12	261	94
>TRPS1.H14INVIVO.0.P.B
70	257	0	392	6	296	222	51
129	6	0	2	3	2	12	128
152	4	395	0	1	7	113	188
44	128	0	1	385	90	48	28
>TSH2.H14INVIVO.0.SG.D
36	303	0	0	171	301	296	0	1	5	302	278	4	1	137
261	0	0	301	1	0	1	1	4	0	0	23	2	298	1
4	0	2	1	131	1	5	0	298	298	0	1	0	2	165
2	0	301	1	0	1	1	302	0	0	1	1	297	2	0
>TTF1.H14INVIVO.0.PS.A
375	167	66	50	293	106	941	9	25	973	3	359	484	86	95	146	58	150
130	35	45	74	363	115	48	965	936	4	1	350	66	70	476	561	435	420
283	718	877	388	101	525	5	9	24	3	982	188	102	820	218	29	175	295
211	79	11	487	242	253	5	16	14	19	13	102	347	23	210	263	331	134
>TWST1.H14INVIVO.0.P.B
383	26	684	3	83	2	1	9	205	173	61	47	303	620	0	58	456	173
150	670	3	27	569	0	1	79	81	61	221	266	265	26	22	91	17	80
140	7	8	134	48	0	697	418	45	60	81	74	83	40	36	33	28	331
31	1	9	540	4	702	5	198	373	410	341	317	53	18	646	522	203	120
>TWST1.H14INVIVO.1.P.B
242	231	255	333	479	49	966	17	178	5	1	17	281	288	100	63
229	275	305	265	275	946	6	45	707	3	1	130	75	104	343	351
271	266	224	263	180	2	7	192	107	0	986	559	58	79	90	107
258	228	216	139	66	3	21	746	8	992	12	294	586	529	467	479
>TWST2.H14INVIVO.0.P.B
126	550	152	382	99	70	129	176	278	333	198	4	975	1	602	8	0	23	92
625	88	207	412	153	96	200	309	268	156	574	989	1	128	377	4	4	136	222
143	152	430	161	70	669	521	295	219	256	222	0	3	797	12	0	988	300	415
101	205	206	40	673	160	145	215	230	250	1	2	16	69	4	983	3	536	266
>TWST2.H14INVIVO.1.P.B
272	144	3	987	0	629	1	0	11	43
131	630	992	1	93	356	5	0	111	165
309	213	0	3	891	5	2	995	283	452
283	8	0	4	11	5	987	0	590	335
>TYY1.H14INVIVO.0.PSM.A
200	826	801	265	994	3	2	4	36	40	65	112
509	23	73	213	0	1	0	0	941	136	105	771
171	132	34	466	3	3	995	987	0	699	757	48
118	17	90	54	1	991	1	7	21	123	71	67
>TYY1.H14INVIVO.1.S.B
1895	3688	2964	5528	7771	0	0	0	377	278	1011
2378	682	1275	698	0	0	0	0	6964	1238	1253
1754	2041	483	1208	0	0	7771	7771	11	5393	4195
1744	1360	3049	337	0	7771	0	0	419	862	1312
>TYY2.H14INVIVO.0.PS.A
168	724	643	234	977	2	0	3	21	51	41	84
492	24	135	283	0	2	0	5	945	103	58	822
215	212	68	417	2	1	980	968	0	739	832	25
105	20	134	46	1	975	0	4	14	87	49	49
>TYY2.H14INVIVO.1.SM.B
2361	1366	9230	9370	8673	9792	8	24	52	312	262	334	2678	1900
2357	5570	153	105	109	10	7	25	51	9295	2449	265	4745	3950
1505	1069	380	312	1081	103	43	9872	9759	145	6787	8920	1077	1771
3704	1922	164	140	64	22	9869	6	65	175	429	408	1427	2306
>TZAP.H14INVIVO.0.P.B
336	121	486	179	236	253	21	1	0	0	9	369	529	261
327	356	285	412	36	204	139	983	992	1000	12	24	60	263
132	351	89	143	621	473	29	12	1	0	0	313	398	386
206	173	141	267	108	71	812	5	8	1	980	295	14	91
>UBIP1.H14INVIVO.0.SM.D
1710	3800	6876	7846	0	43	2479	22	2864	1634	1738	3747	6146	5838	34	609	3270	301	3151	2129	2281
2231	1481	329	2	9774	7973	23	349	1355	1669	3327	1697	636	257	9145	6225	261	944	2968	2506	2969
3520	2831	1315	249	28	4	7264	9432	23	442	1316	2685	1688	1746	459	206	5625	8527	287	962	2166
2343	1692	1284	1707	2	1784	38	1	5562	6059	3423	1675	1334	1963	166	2764	648	32	3398	4207	2388
>UNC4.H14INVIVO.0.S.D
1566	1193	4587	6352	1149	184	785	7254	7733	0	0	7367	1908	821	1536
2075	1002	654	384	690	1607	1862	18	0	0	9	25	1543	2932	2175
2034	1056	1579	563	826	890	602	499	39	0	4	259	3675	2429	2465
2097	4521	952	473	5107	5091	4523	1	0	7772	7759	121	646	1590	1596
>UNC4.H14INVIVO.1.S.D
2311	1031	413	8679	9443	0	0	9443	3149	1524	1146	2091
1904	1854	3282	82	0	0	0	0	679	2759	2265	2265
2165	2438	594	672	0	0	0	0	5574	2154	2501	2298
3063	4120	5154	10	0	9443	9443	0	41	3006	3531	2789
>USF1.H14INVIVO.0.PSM.A
258	123	13	0	909	0	138	3	0	339	57	109
103	14	22	911	0	880	3	1	0	114	346	415
413	768	13	0	0	11	770	2	911	373	222	300
137	6	863	0	2	20	0	905	0	85	286	87
>USF2.H14INVIVO.0.PSM.A
137	178	254	107	9	0	927	0	123	1	0	383	48	98	254	135	187	149
308	246	114	13	20	930	1	903	0	3	0	123	408	435	283	303	250	288
280	375	438	810	13	0	0	10	807	1	929	341	233	323	281	345	351	352
205	131	124	0	888	0	2	17	0	925	1	83	241	74	112	147	142	141
>USF3.H14INVIVO.0.PSGIB.A
210	205	124	43	929	17	3	61	3	82	94
206	204	405	938	20	960	7	46	3	23	136
517	510	210	16	42	19	974	12	971	870	664
67	81	261	3	9	4	16	881	23	25	106
>VAX1.H14INVIVO.0.SM.D
2194	1719	370	4453	9907	0	0	9873	3261	663	1648	2434
3160	3349	2524	4906	29	2	19	1	1792	4214	2521	2789
2881	3549	211	471	38	0	2	63	4634	2642	3592	2238
1739	1357	6869	144	0	9972	9953	37	287	2455	2213	2513
>VAX2.H14INVIVO.0.SM.D
2363	1475	984	33	5659	9048	0	0	9048	2564	296	1488	2162
1939	3056	3220	1054	3319	0	0	0	0	920	3930	1857	2401
2905	3294	4165	27	58	0	0	0	0	5459	2209	4066	2161
1841	1223	679	7934	12	0	9048	9048	0	105	2613	1637	2324
>VDR.H14INVIVO.0.PS.A
260	452	43	49	10	36	739	133	248	122	375	44	23	40	15	513
117	19	5	8	146	703	24	284	190	100	33	6	29	125	654	151
461	431	813	664	130	92	121	281	136	662	501	859	344	151	60	169
80	16	57	197	632	87	34	220	344	34	9	9	522	602	189	85
>VDR.H14INVIVO.1.PS.A
265	222	298	1	3	6	5	971	136
292	16	0	0	4	10	964	12	230
102	740	699	998	307	41	4	10	214
341	22	3	1	686	943	27	7	420
>VENTX.H14INVIVO.0.SM.D
2379	884	3139	8772	0	0	9145	3644	785	2710
2797	4114	3754	350	1	2	386	796	4483	1804
2391	767	2417	394	0	1	27	4555	2224	3138
2013	3815	270	64	9579	9577	22	585	2088	1928
>VENTX.H14INVIVO.1.S.D
648	684	317	540	1505	2094	13	575	441	21	33	2390	82	2114	737	424	341	1230
594	748	1046	151	578	68	24	9	3	7	2414	24	29	30	497	246	1011	298
596	580	315	510	223	95	8	3	0	2437	15	35	10	243	83	891	313	379
641	467	801	1278	173	222	2434	1892	2035	14	17	30	2358	92	1162	918	814	572
>VEZF1.H14INVIVO.0.P.C
164	174	241	9	23	447	5	5	70	23	96
52	58	4	2	0	447	1	3	1	2	371
718	757	746	984	974	11	977	978	923	968	497
65	10	8	4	2	94	16	13	5	6	35
>VEZF1.H14INVIVO.1.P.B
193	160	273	194	249	204	43	16	407	41	10	204	75	171	225	196	171	182	157	141	250	210	159
118	184	75	155	92	21	9	10	448	12	8	50	37	224	250	149	130	123	130	110	150	37	95
603	595	540	610	591	742	926	960	16	910	960	717	862	536	433	561	645	628	647	667	516	678	673
80	55	106	35	62	27	16	8	123	31	16	23	20	63	86	88	48	61	60	76	78	69	67
>VSX1.H14INVIVO.0.SM.D
2002	825	60	8437	8621	0	0	8617	482	87	1106	2771
2270	3885	1338	85	0	0	0	0	366	6872	3278	2250
2959	1997	41	99	0	0	0	4	7683	900	1890	1292
1390	1914	7182	0	0	8621	8621	0	90	762	2347	2308
>VSX1.H14INVIVO.1.SM.D
401	357	89	1	1689	1689	0	0	1620	283	32	244	1156	983	301	488	664
532	305	1068	46	0	0	0	0	0	87	1109	618	237	181	178	201	268
496	902	292	0	0	0	0	0	69	1318	68	84	108	81	105	156	380
260	125	240	1642	0	0	1689	1689	0	1	480	743	188	444	1105	844	377
>VSX2.H14INVIVO.0.PSM.A
133	15	995	1014	0	0	1004	8	1	24	244
378	7	6	1	0	1	1	8	1007	364	145
79	2	11	0	5	2	10	998	2	3	165
425	991	3	0	1010	1012	0	1	5	624	461
>VSX2.H14INVIVO.1.S.B
330	317	49	0	1604	1605	0	0	1602	45	24	140	974	989	393	372	687
485	267	1196	13	1	0	0	0	0	11	1282	746	242	259	177	198	187
519	909	158	0	0	0	0	0	3	1547	63	118	78	71	75	102	288
271	112	202	1592	0	0	1605	1605	0	2	236	601	311	286	960	933	443
>WT1.H14INVIVO.0.P.B
5	21	19	3	3	159	4	19	84	52
0	1	1	0	2	4	0	1	17	26
157	72	144	160	160	0	160	115	58	54
3	71	1	2	0	2	1	30	6	33
>WT1.H14INVIVO.1.P.B
184	304	283	178	70	196	34	63	116	2	6	881	22	97	323	298	269	253	177	213	221
200	193	218	135	110	400	4	6	2	6	2	85	5	15	176	124	198	199	180	180	233
515	394	412	322	787	61	930	570	869	984	986	9	953	708	429	431	420	408	527	459	423
96	104	82	360	28	338	27	356	8	3	1	20	15	175	67	142	108	135	111	143	118
>XBP1.H14INVIVO.0.PS.A
177	195	159	51	927	14	28	13	17	55	150
86	345	138	280	14	839	37	25	20	30	661
600	399	126	519	35	61	922	4	937	656	96
132	56	572	145	19	81	8	953	21	254	88
>XBP1.H14INVIVO.1.M.B
915	285	160	1367	6	19	2285	2	119	275	658	498	263	584
279	517	319	377	10	1	0	1813	26	798	311	337	1366	618
804	733	1747	520	38	2250	6	146	1712	75	1072	829	347	748
293	756	65	27	2237	21	0	330	434	1143	250	627	315	341
>YBOX1.H14INVIVO.0.SM.D
1564	1047	347	91	4327	382	0	7086	0	0	1449	1837	1310
2225	3014	606	958	116	6697	7043	0	763	7091	3415	2127	2431
1308	688	5444	29	15	0	0	0	0	1	311	557	1191
1995	2343	695	6014	2634	13	49	6	6329	0	1917	2571	2160
>Z280A.H14INVIVO.0.P.B
148	395	265	268	166	67	922	32	757	860	352	386	225	674	515
283	198	452	21	53	846	1	30	94	6	4	19	275	103	28
168	60	202	190	761	32	17	939	153	123	642	544	385	19	430
415	361	95	535	34	69	74	13	10	25	16	65	129	218	41
>Z286B.H14INVIVO.0.PSG.A
147	45	17	14	221	155	6	4	224	1	29	5	15	22	7	26	78
18	13	13	6	1	21	10	1	0	3	147	83	104	166	194	149	11
20	160	186	67	5	50	22	222	3	219	24	9	27	24	7	10	130
42	9	11	140	0	1	189	0	0	4	27	130	81	15	19	42	8
>Z324A.H14INVIVO.0.P.B
356	241	156	575	43	16	548	804	722	18	21	774	99	10	70	61	53	165	182	209	100	75	125	196
152	101	73	190	90	570	89	120	26	852	857	71	29	936	846	166	151	82	230	644	184	137	388	568
383	334	396	209	40	149	322	41	208	37	25	64	83	34	19	24	67	371	424	65	48	472	364	81
107	322	373	24	825	263	39	33	42	91	95	89	787	18	63	747	727	380	162	80	666	314	121	153
>Z354A.H14INVIVO.0.P.B
51	27	24	475	198	222	54	13	551	26	4	17	570	5	570	10	3	2	574	426	35	81	48
57	33	67	74	14	73	427	619	43	35	11	54	81	502	11	24	13	66	40	19	16	11	77
29	20	32	66	390	96	30	4	39	17	10	8	14	14	64	23	26	10	44	115	5	546	40
539	596	553	61	74	285	165	40	43	598	651	597	11	155	31	619	634	598	18	116	620	38	511
>Z518B.H14INVIVO.0.PSG.A
1757	115	1	8951	0	6676	2104	1207	308	1	7	8898	62
770	0	0	0	0	2	598	1299	1372	8959	214	35	6398
1824	8846	0	12	8963	1940	2617	2199	42	3	111	11	28
4612	2	8962	0	0	345	3644	4258	7241	0	8631	19	2475
>Z585A.H14INVIVO.0.P.C
491	564	522	498	523	523	548	531	623	719	473	699	295	979	471	603	904	116	743	106	847	289	540
126	78	138	156	156	156	113	112	69	50	30	54	12	8	15	84	44	680	47	22	17	234	142
270	222	244	226	197	189	245	220	258	160	254	218	689	13	511	26	31	27	129	866	61	440	169
116	139	99	123	127	135	97	140	53	74	246	32	7	3	6	290	24	180	84	9	78	40	152
>Z585B.H14INVIVO.0.P.C
34	960	21	21	20	18	17	953	43	25	973	25	27	739	850	931	818	995	858	7	13	48	6	19
13	8	2	7	854	867	131	6	0	1	5	0	2	20	111	13	10	3	3	29	1	14	29	15
946	23	970	963	16	13	22	36	956	969	17	967	961	236	14	14	155	2	126	11	982	897	15	18
7	9	7	9	110	102	830	5	1	5	5	8	10	5	25	42	17	0	13	953	4	41	950	948
>Z587B.H14INVIVO.0.SG.D
1509	2965	1200	121	185	7029	1	8110	21	0	32	2228	1057	1301
1249	1807	4471	479	252	242	7979	0	4462	13	7	755	4221	1124
4487	806	1156	7429	7081	799	4	3	3238	0	8073	4359	2728	1616
868	2535	1286	84	595	43	129	0	392	8100	1	771	107	4072
>Z705E.H14INVIVO.0.P.B
20	73	14	434	3	484	10	14	3	484	8	469	6	47	9	454	3	489	3	19	16
3	1	2	2	0	3	5	3	8	0	1	0	0	2	4	4	5	1	19	12	2
473	420	483	63	497	11	476	481	486	12	488	31	494	449	485	40	488	8	475	465	480
4	6	1	1	0	2	9	2	3	4	3	0	0	2	2	2	4	2	3	4	2
>Z705G.H14INVIVO.0.P.C
9	45	18	21	41	2	72	3	7	32	4	2	47	4	2	8	4	37	6	4	10	27
32	7	7	20	18	3	4	3	1	1	0	0	30	2	10	32	34	5	27	14	43	9
22	6	12	7	11	69	2	48	67	1	0	35	0	0	1	13	23	27	10	10	4	28
18	23	44	33	11	7	3	27	6	47	77	44	4	75	68	28	20	12	38	53	24	17
>Z780A.H14INVIVO.0.P.C
192	133	515	62	25	71	938	10	19	122	491	37	76	78	411	192	106	46	413	479	81	76
124	411	71	19	39	856	1	2	114	581	61	70	110	301	108	95	44	255	369	36	30	338
326	140	135	851	866	17	12	933	796	82	285	772	282	108	121	513	784	632	58	416	797	443
315	273	236	25	27	13	6	12	28	172	120	78	489	470	317	157	23	24	117	26	49	100
>Z780B.H14INVIVO.0.PSGI.A
213	206	40	5	1	5	0	52	475	470	378	206
162	135	674	2	1	793	0	8	89	59	89	320
189	407	29	2	796	0	0	562	111	128	154	151
234	50	55	789	0	0	798	176	123	141	177	121
>ZBED1.H14INVIVO.0.S.D
1586	645	3361	64	44	286	1	8	5874	6	5785	162	2570	1533
1924	202	63	92	5745	22	5787	1	4	3645	20	653	775	1906
1441	333	2413	58	34	5572	23	5875	6	8	16	561	1729	1408
933	4704	47	5670	61	4	73	0	0	2225	63	4508	810	1037
>ZBED2.H14INVIVO.0.PSGIB.A
287	34	0	858	817	412	56	85	209
210	824	0	0	1	321	615	327	234
161	0	858	0	3	19	70	61	204
200	0	0	0	37	106	117	385	211
>ZBED4.H14INVIVO.0.SGIB.D
62	113	263	70	2	242	17	366	335	0	19	340	180	182	154	80	95	226	161	95
114	95	43	232	385	23	1	16	92	450	439	19	45	99	145	182	131	58	154	191
241	208	69	33	4	170	442	25	5	0	1	73	205	92	58	141	186	131	107	75
43	44	85	125	69	25	0	53	28	10	1	28	30	87	103	57	48	45	38	99
>ZBED5.H14INVIVO.0.PSGIB.A
117	95	334	142	2	2	457	999	0	41	2	138
529	604	266	469	0	8	450	0	998	959	974	540
182	172	335	184	993	915	36	0	0	0	4	33
172	129	65	205	5	75	57	1	2	0	20	289
>ZBT12.H14INVIVO.0.P.B
379	309	102	48	72	703	6	960	899	21	171	118
144	244	338	787	134	10	2	29	7	962	626	500
385	323	131	61	79	282	991	6	66	11	76	83
92	124	429	104	715	5	1	5	28	6	127	299
>ZBT14.H14INVIVO.0.P.C
39	190	82	160	32	251	8	81	26	49	50	33	17	56	69	62	67
236	482	104	348	219	2	45	887	35	896	14	719	70	586	401	572	208
648	138	747	255	712	99	910	10	913	3	919	88	807	228	498	160	625
63	176	53	223	23	634	23	8	12	38	3	146	92	116	18	192	86
>ZBT14.H14INVIVO.1.S.B
1878	2970	589	135	90	99	34	35	16	76	114	5932	82	263	846	632	2260
2032	490	1569	84	6634	42	6746	8	220	46	6646	561	6229	128	2263	597	1400
1484	2665	620	6572	75	6602	50	6819	136	6417	72	189	104	6347	330	4660	1673
1481	750	4097	84	76	132	45	13	6503	336	43	193	460	137	3436	986	1542
>ZBT16.H14INVIVO.0.P.B
75	104	38	288	4	0	1	8	278	117
132	67	58	27	325	0	4	16	20	120
67	36	50	18	4	5	332	28	16	58
66	133	194	7	7	335	3	288	26	45
>ZBT17.H14INVIVO.0.P.B
260	191	155	265	125	140	119	30	98	434	144	39	249	292	352	257	216	271
208	153	120	299	41	5	14	16	36	374	10	20	86	56	315	151	240	224
381	448	652	33	806	575	835	891	856	7	618	856	597	592	231	314	455	379
149	206	71	401	26	278	30	61	8	183	226	83	66	58	100	276	87	124
>ZBT18.H14INVIVO.0.PSM.A
75	94	5	970	10	483	8	4	104	79	120
162	747	977	3	16	373	13	9	298	67	261
274	156	12	8	898	24	128	968	10	451	432
489	3	6	19	76	120	851	19	588	403	187
>ZBT20.H14INVIVO.0.SM.D
3070	655	1433	5	9251	7	9671	1	4336	157	913	2910	3566	2570
1971	3401	6649	2514	4	0	0	7571	72	37	2136	2023	2619	2330
1970	1843	1573	8	79	0	9	2058	5272	25	176	3427	1908	3117
2669	3781	25	7153	346	9673	0	50	0	9461	6455	1320	1587	1663
>ZBT22.H14INVIVO.0.SM.D
1124	1110	1012	18	0	5234	0	575	5225	8	1221	2741	238	2409	227	169	103	2286
1114	197	787	1	5235	1	5235	287	8	1387	835	445	172	369	232	131	206	1918
1347	2974	80	2085	0	0	0	91	1	536	538	2012	214	798	4596	458	4510	578
1650	954	3356	3131	0	0	0	4282	1	3304	2641	37	4611	1659	180	4477	416	453
>ZBT24.H14INVIVO.0.SG.D
196	20	0	38	23	21	64	341	11	1	318	2	2	3	25
109	121	344	16	14	269	260	1	4	12	10	334	337	58	17
7	65	1	3	114	8	1	1	330	333	3	10	1	1	121
35	141	2	290	196	49	22	4	2	1	16	1	7	285	184
>ZBT26.H14INVIVO.0.PSM.A
11	8	1	15	225	19	963	201	257
219	54	990	5	3	10	8	79	387
39	53	3	9	770	970	28	525	138
731	885	6	971	2	1	1	195	218
>ZBT26.H14INVIVO.1.SM.B
119	121	62	31	94	242	280	295	329	152	35	136	39	0	0	0	552	0	556	303	175	146	98	120
102	80	114	229	212	35	3	12	44	134	180	30	15	0	556	0	0	0	0	13	155	135	177	155
129	71	25	11	28	98	253	224	73	92	52	131	1	0	0	0	4	556	0	72	31	170	165	151
206	284	355	285	222	181	20	25	110	178	289	259	501	556	0	556	0	0	0	168	195	105	116	130
>ZBT37.H14INVIVO.0.M.D
2591	3743	3183	156	354	9250	0	0	639	669	2060
2985	2427	1614	749	6028	0	9432	9432	0	5991	1556
2218	1508	1145	58	0	182	0	0	8793	1503	4934
1638	1754	3490	8469	3050	0	0	0	0	1269	882
>ZBT40.H14INVIVO.0.PSG.A
3078	6099	5134	3126	7416	6230	8315	8337	0	0	0	0	8435	8	64	1904	4299	1152	4441
3199	890	2392	3090	457	1288	37	2	8436	0	0	0	0	3	545	450	349	2880	2283
1021	750	427	263	289	201	40	84	0	0	0	0	1	1	76	5699	2474	1082	771
1138	697	483	1957	274	717	44	13	0	8436	8436	8436	0	8424	7751	383	1314	3322	941
>ZBT41.H14INVIVO.0.PSG.A
201	24	135	80	64	620	63	11	49	21	103	63	429	502	281	20	87	134	372	92
148	75	412	126	96	98	32	911	77	506	257	121	107	256	48	72	620	640	224	598
304	827	328	326	814	224	882	35	121	116	133	225	338	168	552	873	191	134	222	196
339	66	117	460	18	50	15	35	745	349	499	583	118	66	111	27	94	84	174	106
>ZBT42.H14INVIVO.0.P.C
82	119	3	933	1	453	7	2	20	74	119
169	581	997	1	4	509	0	1	330	73	275
320	297	0	1	991	18	97	997	18	511	449
430	4	1	66	5	21	897	1	633	343	158
>ZBT43.H14INVIVO.0.S.D
3245	1904	2033	5	0	0	7191	1249	1728	2437
2491	1124	1	9	9598	9589	964	4620	1431	2093
2127	4684	6	9582	0	0	461	369	4792	2475
1735	1886	7558	2	0	9	982	3360	1647	2593
>ZBT44.H14INVIVO.0.P.C
148	178	104	153	213	181	244	4	4	5	881	91	66	185	104	137	94
373	109	229	331	97	281	515	7	5	992	6	42	383	145	279	221	141
167	197	391	85	254	451	20	3	989	3	12	506	152	146	259	136	315
313	517	277	432	437	88	222	987	3	1	102	362	400	525	359	507	451
>ZBT45.H14INVIVO.0.SM.D
1815	883	1320	3872	11	237	0	7683	2	7015	24	3640	2206
1042	853	5070	2183	7661	7207	0	0	1	0	767	2133	1810
3167	3360	447	1518	1	217	0	0	0	669	4996	1469	1495
1660	2588	847	111	11	23	7684	1	7681	0	1897	442	2173
>ZBT47.H14INVIVO.0.PSG.A
160	123	270	43	175	444	466	212	19	734	894	723	12	87	1	0	0	964	957
417	381	15	14	383	260	215	176	211	91	16	10	9	7	0	0	1	0	8
212	74	599	857	251	181	155	316	478	103	39	192	905	864	964	0	1	1	0
176	387	81	51	156	80	129	261	257	37	16	40	39	7	0	965	963	0	0
>ZBT49.H14INVIVO.0.P.C
8	19	3	59	1	10	41	3	9	7	54	13	7	15	25	49	67	55	52	10	9	25	8
3	4	1	9	72	57	6	5	54	60	9	3	1	51	28	7	1	15	4	1	6	2	20
58	2	67	2	0	4	10	49	8	4	2	40	62	6	15	15	2	1	15	12	56	46	26
4	48	2	3	0	2	16	16	2	2	8	17	3	1	5	2	3	2	2	50	2	0	19
>ZBT7A.H14INVIVO.0.P.B
265	417	1	2	3	18	10	12	21
161	4	0	0	1	0	982	267	572
491	570	943	995	989	269	2	267	111
80	6	53	0	4	710	3	451	293
>ZBT7A.H14INVIVO.1.SM.B
179	139	104	158	100	144	204	89	0	0	0	0	2	21	150	170
89	89	75	92	47	80	9	2	0	0	0	0	824	33	403	190
317	349	490	440	536	433	584	737	580	833	833	11	0	447	62	343
248	256	164	143	150	176	36	5	253	0	0	822	7	332	218	130
>ZBT7B.H14INVIVO.0.SM.D
1264	1456	158	16	2	0	0	0	37	231	2050	1957
916	3345	127	6	1	1	0	0	7764	334	3550	2153
1924	1640	7559	7960	1412	8002	8003	170	22	7058	477	2065
3899	1562	159	21	6588	0	0	7833	180	380	1926	1828
>ZBT7C.H14INVIVO.0.S.D
1623	745	194	27	0	1	4	533	798	1391
2365	694	44	0	2	0	0	4610	964	2709
1949	5431	7176	1008	7499	7462	857	712	4969	1756
1564	631	87	6466	0	38	6640	1646	770	1645
>ZBT8A.H14INVIVO.0.PSGI.A
149	133	1	3	0	1	238	72
107	849	1	994	997	987	2	496
711	0	993	0	0	0	357	308
30	15	2	0	0	9	400	121
>ZBT8B.H14INVIVO.0.PSGI.A
1560	3317	810	796	216	2	0	2	5	6022	243	2570	2108	3548	560	499	295	669
1041	1287	3818	4407	6105	0	1	0	106	24	3214	1123	767	1146	4704	4574	4008	805
970	954	813	420	94	6463	6459	6464	7	57	170	2041	1136	963	689	1115	1812	4209
2895	908	1025	843	51	1	6	0	6348	363	2839	732	2455	809	513	278	351	783
>ZBTB2.H14INVIVO.0.SM.D
2093	1323	929	2010	963	0	0	0	2	6206	4796	2785
2095	2338	2067	2621	8651	9949	1	2	0	38	2192	3433
2985	2163	832	718	2	0	9948	9761	10	1269	1489	1600
2776	4125	6121	4600	333	0	0	186	9937	2436	1472	2131
>ZBTB5.H14INVIVO.0.SGI.D
2558	1612	965	259	8410	2	0	951	4963	427	905	1918
1897	488	2060	3	3	53	8403	3016	834	3361	1893	2019
1918	5394	2942	8150	0	17	13	1838	1592	2764	918	2748
2043	922	2449	4	3	8344	0	2611	1027	1864	4700	1731
>ZBTB6.H14INVIVO.0.P.B
304	140	311	264	40	318	24	220	0	963	5	114	129	287	156
163	63	41	187	181	592	155	7	3	1	2	740	572	147	243
404	671	573	64	618	42	25	616	961	1	958	82	84	334	455
95	92	41	451	127	14	762	123	2	1	1	30	181	198	112
>ZEB1.H14INVIVO.0.P.B
126	59	253	22	999	0	0	2	192	480	155
265	353	358	966	0	2	2	1	1	173	114
491	400	319	10	0	998	997	0	805	124	694
118	188	70	2	1	0	1	997	2	223	37
>ZEB2.H14INVIVO.0.P.B
245	79	994	5	13	68	171	417
337	840	3	5	6	5	8	122
311	73	4	989	982	9	810	271
110	11	2	4	2	921	14	193
>ZF64B.H14INVIVO.0.P.B
255	33	27	51	234	54	58	515	496	86	106	188	10	113	529	35
54	646	710	667	160	13	46	105	255	190	621	12	13	281	66	49
437	112	59	40	261	717	655	197	68	112	91	91	799	123	173	44
84	39	34	72	175	46	71	13	11	442	12	539	8	313	62	702
>ZF64B.H14INVIVO.1.P.B
163	330	265	37	24	56	268	59	49	497	504	100	100	228
192	106	37	715	726	704	131	10	61	123	247	182	632	14
369	276	484	60	37	14	214	736	664	194	67	102	84	61
106	118	44	18	43	56	217	25	56	16	12	446	14	527
>ZF69B.H14INVIVO.0.P.C
442	229	9	141	34	34	10	59	32	13	990	567	671	272	512	411	272	445
155	58	5	33	2	17	973	11	2	0	3	26	169	290	152	135	170	187
267	459	982	87	800	857	2	1	960	987	2	221	139	321	196	316	424	218
136	254	4	739	164	92	15	929	6	0	5	186	21	117	140	138	134	150
>ZFAT.H14INVIVO.0.PSGI.A
642	352	108	1593	2	2160	1	0	0	16	351	282	1485	595
533	200	1684	136	50	0	0	0	2176	7	772	1221	176	777
565	1467	59	49	2118	1	0	0	0	2149	61	288	215	347
436	157	325	398	6	15	2175	2176	0	4	992	385	300	457
>ZFP1.H14INVIVO.0.PSM.A
42	115	47	93	623	72	592	90	41	40	729	67	69	256	504	580	546	148	104	473	212	80	323
180	102	345	302	96	176	141	704	883	853	36	70	759	349	335	184	130	523	146	150	180	681	413
56	71	104	66	183	93	100	88	23	14	53	834	96	75	136	66	195	162	94	265	186	143	61
722	712	504	539	98	659	167	118	53	93	182	29	76	320	25	170	129	167	656	112	422	96	203
>ZFP14.H14INVIVO.0.P.C
81	143	177	7	2	0	72	286	49	131	32	2	3	0	1	12	285	95
39	412	109	148	4	602	473	93	51	11	92	359	607	4	559	538	149	227
435	33	236	35	4	0	5	104	443	192	282	193	0	0	0	2	73	61
59	26	92	424	604	12	64	131	71	280	208	60	4	610	54	62	107	231
>ZFP28.H14INVIVO.0.P.B
13	9	105	600	17	16	7	7	138	37	17	169	68	194	385	98	56	87	831	253	38	49	31
18	806	188	89	132	118	43	826	213	29	756	107	63	64	29	42	37	667	73	48	183	46	266
21	9	34	172	16	16	10	29	13	15	52	38	272	609	188	735	61	156	45	549	28	40	41
948	176	673	139	835	850	940	138	636	919	175	686	597	133	398	125	846	90	51	150	751	865	662
>ZFP3.H14INVIVO.0.P.C
842	6	4	2	12	10	862	34	158	18	842	114	80	19	84	58	34	857	774	620	595	18	32
10	958	9	920	894	5	53	427	78	815	31	135	747	896	199	95	821	29	44	69	38	881	893
115	5	2	4	11	6	55	47	132	28	53	77	58	3	61	91	33	64	137	227	323	37	8
9	7	961	50	59	955	6	468	608	115	50	650	91	58	632	732	88	26	21	60	20	40	43
>ZFP37.H14INVIVO.0.P.C
129	6	144	140	137	6	36	51	63	16	64	69	79	55	65	76	82	24	77	102	91
0	0	2	6	11	1	1	93	21	8	7	8	24	41	87	57	23	1	35	20	21
28	123	12	15	6	20	123	11	3	62	88	80	47	23	4	12	31	66	48	30	32
5	33	4	1	8	135	2	7	75	76	3	5	12	43	6	17	26	71	2	10	18
>ZFP41.H14INVIVO.0.SM.D
3210	3747	1885	20	250	4	9976	9988	4	7	2	3	6	16	2542	267	3862	2677
2867	2333	2658	3	9577	21	16	2	9985	3	9984	8	9983	9973	162	7259	1720	3431
1787	2158	2362	9973	47	16	3	4	3	6	4	4	6	1	7257	173	3073	1623
2134	1760	3093	2	124	9957	3	4	6	9982	8	9983	3	8	37	2299	1343	2267
>ZFP42.H14INVIVO.0.PM.A
117	30	70	374	4	41	1	588	0	18	20	5	119
60	18	380	162	3	532	587	0	0	125	22	55	67
356	519	117	30	526	12	0	0	0	36	11	22	282
55	21	21	22	55	3	0	0	588	409	535	506	120
>ZFP57.H14INVIVO.0.P.B
150	94	14	1	2	0	1	982	392
484	376	8	998	0	1	998	18	302
253	120	977	1	998	999	0	0	247
113	410	1	0	0	0	1	0	59
>ZFP69.H14INVIVO.0.P.C
176	290	134	308	31	304	299	103	986	536	897	59	892	869	146	438	90	662	827
30	45	29	57	852	62	9	3	5	16	14	804	55	21	187	379	184	169	53
777	49	482	628	6	33	678	899	7	60	93	13	21	95	634	161	31	15	99
23	622	361	13	117	607	20	1	8	394	2	130	38	21	39	28	701	160	27
>ZFP82.H14INVIVO.0.P.C
214	37	8	11	103	716	167	52	25	40	645	67	105	568	535	120	177	24	19	88	69	156	15	22	29
423	85	48	683	651	60	55	130	193	475	92	452	96	84	80	58	96	489	148	559	270	536	94	119	530
25	44	19	3	15	30	332	68	46	191	50	63	200	168	42	199	26	37	18	25	21	38	12	37	27
210	706	797	175	103	66	318	622	608	166	85	290	471	52	215	495	573	322	687	200	512	142	751	694	286
>ZFP90.H14INVIVO.0.P.C
229	9	40	26	3	21	9	8	150	28	19	7	22
11	267	16	19	294	63	10	6	11	31	271	9	6
66	10	16	266	6	6	5	12	95	246	13	1	269
10	30	244	5	13	226	292	290	60	11	13	299	19
>ZFP90.H14INVIVO.1.P.C
27	13	6	18	11	50	299	648	344	35	642	8	74	38	11	42	13	6	475	60	25	14	56
417	734	741	51	684	52	53	33	43	491	25	703	37	14	749	132	13	13	19	40	705	21	14
65	7	1	4	26	11	113	60	360	34	90	10	22	716	6	9	10	7	138	659	14	7	682
270	25	31	706	58	666	314	38	32	219	22	58	646	11	13	596	743	753	147	20	35	737	27
>ZFP91.H14INVIVO.0.SGI.D
225	128	150	116	224	114	4	337	2	167	78	1	0	0	1	860	860	71	491	142	197
135	97	100	225	262	315	14	20	234	559	711	858	3	0	0	0	0	12	19	256	240
332	448	365	307	167	396	107	408	251	110	49	1	0	0	0	0	0	765	232	363	232
168	187	245	212	207	35	735	95	373	24	22	0	857	860	859	0	0	12	118	99	191
>ZFTA.H14INVIVO.0.PSGIB.A
80	0	1	1	0	0	0	0	2	77	113
134	7	0	0	0	498	500	500	360	151	97
50	462	99	499	500	0	0	0	9	90	246
236	31	400	0	0	2	0	0	129	182	44
>ZFX.H14INVIVO.0.P.B
28	91	433	1	3	1	5	12	69	111
199	176	0	0	3	432	419	147	259	31
182	14	4	432	431	4	11	167	83	268
29	157	1	5	1	1	3	112	27	28
>ZGLP1.H14INVIVO.0.SGB.D
2844	906	962	5030	6	0	7086	0	0	1585	3883	765	771	2067
1157	2378	1623	310	1467	19	0	0	7085	5	991	440	3610	724
1734	641	3856	1266	6	7067	0	0	0	5480	908	1064	1643	3066
1351	3161	645	480	5607	0	0	7086	1	16	1304	4817	1062	1229
>ZIC1.H14INVIVO.0.P.B
143	96	264	6	701	23	21	524	18	20
112	870	216	983	142	32	930	2	10	8
530	20	288	4	33	939	10	438	860	952
211	10	228	3	120	2	35	32	108	16
>ZIC1.H14INVIVO.1.M.B
2403	2141	2944	7109	70	8104	475	16	7826	7	21	740	459	622	147	2572
2895	808	6526	368	9698	1401	38	9378	0	16	41	71	133	131	2235	3463
2224	3381	441	750	50	320	9475	113	2151	9629	9910	8518	8792	8108	1930	2485
2476	3668	87	1771	180	173	10	491	21	346	26	669	614	1137	5686	1478
>ZIC1.H14INVIVO.2.S.B
561	481	305	1204	7	2103	10	0	248	5	4	261	407	264	130
505	131	1716	143	2216	52	0	2239	0	8	7	7	77	115	637
582	938	208	628	12	7	2246	6	2008	2235	2225	1785	1540	1609	383
608	706	27	281	21	94	0	11	0	8	20	203	232	268	1106
>ZIC2.H14INVIVO.0.P.B
194	107	318	1	756	58	4	801	27	4	291	350	143	56	264
96	853	230	982	119	101	894	3	0	3	80	61	122	521	416
295	33	73	4	22	831	24	150	909	989	406	519	571	189	140
414	6	378	12	102	9	77	45	63	3	222	69	163	233	179
>ZIC3.H14INVIVO.0.P.B
176	55	343	5	844	28	5	716	22	0	321	326	166	55	266
107	890	242	980	66	72	912	4	2	7	69	78	133	511	412
340	48	80	4	20	899	14	208	919	990	390	502	549	210	152
377	7	335	11	70	1	69	72	57	3	220	94	152	224	170
>ZIC3.H14INVIVO.1.S.B
2548	1737	4488	30	7297	460	18	2411	0	8	515	142	336	132	2108	2176	2335	2252
664	5917	846	8223	534	29	8158	0	25	4	8	166	53	2061	4246	1607	1675	1710
2362	462	1962	12	99	7859	18	5935	8299	8324	7302	7515	7399	1366	1230	1661	1645	1842
2775	233	1053	84	419	1	155	3	25	13	524	526	561	4790	765	2905	2694	2545
>ZIC3.H14INVIVO.2.M.B
1642	1358	1784	6413	8	8072	33	3	5847	0	1	301	171	306	76	2022
2391	557	6649	138	8662	417	6	8088	1	2	1	12	62	35	1440	2555
2471	3826	247	617	5	194	8675	63	2860	8630	8708	8136	8145	7644	2303	2792
2212	2975	36	1548	41	33	2	562	8	84	6	267	338	731	4897	1347
>ZIC4.H14INVIVO.0.SM.D
2112	3151	4938	651	5514	1608	263	4541	33	4	817	375	579	210	2478
1263	4422	751	7352	1954	207	6170	1	7	12	85	249	107	1653	3242
3304	1687	1795	349	1483	7877	892	5269	8822	9837	8140	8615	8076	1940	2522
3184	603	2379	1511	912	171	2538	52	1001	10	821	624	1101	6060	1621
>ZIC5.H14INVIVO.0.P.B
216	103	385	2	691	49	3	613	3	1	194	60	36	4	117
103	826	193	987	187	54	946	1	1	3	23	32	28	462	645
457	70	241	3	76	895	1	376	978	995	696	863	878	135	196
224	1	181	8	46	2	50	10	18	1	87	45	58	399	42
>ZIC5.H14INVIVO.1.M.C
1899	1685	1027	7744	4	8837	74	4	6357	1	1	72	22	27	13	1973	1794
2946	410	8201	205	9305	407	6	9070	0	0	1	3	2	3	1259	5995	2496
1851	3306	88	193	1	49	9243	7	2966	9291	9321	9100	9274	8811	703	1054	1932
2627	3922	7	1181	13	30	0	242	0	31	0	148	25	482	7348	301	3101
>ZIC5.H14INVIVO.2.S.C
931	926	630	1527	32	3743	484	14	302	5	27	89	8	9	51	1116	858
981	178	3314	214	4266	195	2	4262	1	9	0	4	7	0	259	2607	1082
1304	1792	468	1826	85	303	3978	74	4161	4436	4435	4287	4441	4408	315	638	1383
1249	1569	53	898	82	224	1	115	1	15	3	85	9	48	3840	104	1142
>ZIK1.H14INVIVO.0.P.C
290	184	379	263	408	479	207	159	126	35	601	562	380	322	57	19	493	282	282	319	158	166	397
103	231	67	67	57	35	30	2	27	564	4	13	68	4	7	551	63	265	111	26	236	89	46
123	77	84	118	97	78	118	378	454	9	3	23	20	278	475	3	9	46	79	172	145	283	66
97	121	83	165	51	21	258	74	6	5	5	15	145	9	74	40	48	20	141	96	74	75	104
>ZIM3.H14INVIVO.0.P.B
141	128	419	20	199	166	3	13	1	6	11	26	3	205	121	117	186	157	149
161	86	33	6	196	51	3	18	998	9	14	9	7	83	485	288	133	184	397
269	241	451	901	403	19	2	79	1	2	939	7	2	449	153	74	200	430	138
430	546	98	74	203	765	993	891	1	984	37	959	989	264	242	522	482	230	317
>ZKSC1.H14INVIVO.0.P.B
260	221	435	333	81	469	8	58	7	960	5	9	397	104	1	19	40	51	253
90	106	188	75	252	190	966	872	136	2	951	9	14	34	12	147	16	754	338
149	558	104	461	477	148	4	1	35	12	18	4	565	46	964	30	877	47	59
482	96	254	112	171	174	3	50	803	7	7	959	5	797	4	785	48	129	331
>ZKSC4.H14INVIVO.0.SG.D
2632	840	4013	319	4373	9016	242	6	6655	4	9418	103	407	17	155	5317	2406	2342
1940	3042	3445	4960	1131	63	9	30	2796	32	37	470	9019	8798	8772	1518	3018	2167
2512	2415	711	215	3613	384	9246	52	20	3	32	648	38	18	61	924	912	1226
2431	3218	1346	4021	398	52	18	9427	44	9476	28	8294	51	682	527	1756	3179	3780
>ZKSC5.H14INVIVO.0.P.C
83	108	145	2	1	746	84	0	2	0	13	171	107
446	389	704	1	994	45	908	907	2	999	900	242	498
115	111	57	1	0	70	0	1	3	0	4	119	201
357	393	95	997	6	140	9	93	994	2	84	469	195
>ZKSC8.H14INVIVO.0.P.B
300	128	411	529	269	63	563	157	277	61	619	101	50	233	677	257	74	560	73	69	161	416	28	48	55	83	448	41	483	210	417
150	437	215	110	250	561	298	322	85	137	226	134	60	65	31	48	579	57	677	620	58	79	843	32	38	90	66	29	49	697	365
389	142	212	187	377	76	72	56	110	97	64	63	120	580	189	652	54	295	191	167	189	412	44	31	863	202	364	55	415	36	46
156	288	157	169	99	295	62	460	523	700	86	697	765	117	98	38	288	83	54	139	587	88	80	884	39	620	117	870	48	52	167
>ZKSC8.H14INVIVO.1.P.B
106	467	50	48	205	381	38	38	36	54	301	21	355	35	337
582	82	753	747	92	151	829	17	74	129	85	39	69	871	395
117	321	116	45	48	306	69	15	876	60	292	43	508	18	48
195	130	81	160	655	162	64	930	14	757	322	897	68	76	220
>ZN100.H14INVIVO.0.P.B
13	10	526	13	14	10	6	10	7	490	5	536	20	3	0	17	83	4	13	94	0	23	408
13	503	7	421	16	10	484	28	14	50	513	1	17	0	0	242	0	1	292	1	4	455	78
506	16	8	21	111	24	3	10	11	3	7	6	9	541	544	6	456	538	3	448	534	48	23
12	15	3	89	403	500	51	496	512	1	19	1	498	0	0	279	5	1	236	1	6	18	35
>ZN100.H14INVIVO.1.P.B
38	88	41	263	86	8	1	75	27	16	29	2	4	14
63	227	191	8	105	1	0	221	0	2	235	7	18	266
117	34	50	68	52	345	352	4	325	331	5	342	323	6
136	5	72	15	111	0	1	54	2	5	85	3	9	68
>ZN101.H14INVIVO.0.P.C
345	220	191	163	73	239	239	145	274	28	746	54	840	4	452	22	11	202	39	1	340	569	29	336	89
89	117	256	324	121	180	158	164	44	13	65	446	24	988	16	1	2	5	14	926	438	56	752	315	206
111	72	138	164	68	279	282	247	269	890	172	115	109	3	168	981	980	735	924	9	28	183	85	78	163
461	597	421	355	744	308	327	450	419	75	23	391	33	11	370	2	13	64	29	70	200	198	140	277	548
>ZN107.H14INVIVO.0.PSGI.A
106	99	172	115	68	59	330	74	127	6	8	19	506	52	64	174	120	487
248	237	247	118	20	845	123	912	467	23	6	884	36	802	415	557	626	221
169	152	451	177	900	8	513	4	1	2	900	15	430	57	69	83	78	161
471	506	124	584	6	82	28	4	399	963	80	76	22	83	446	180	170	125
>ZN112.H14INVIVO.0.P.C
4	6	5	0	142	166	1	2	16	3	12	63	5	10	2	0	7	1	181	183	182	0	154	3
4	0	180	178	27	11	0	5	51	172	82	14	2	1	1	1	0	0	4	4	1	27	8	132
11	180	2	0	16	4	0	21	15	1	3	101	6	174	183	1	180	2	1	2	2	3	17	8
170	3	2	11	4	8	188	161	107	13	92	11	176	4	3	187	2	186	3	0	4	159	10	46
>ZN121.H14INVIVO.0.P.B
87	10	42	2	14	70	9	800	768	28	743	14	801	6	16	459	814	9	818	5	11	8	29
717	824	12	2	11	44	851	42	19	676	19	199	13	8	535	35	19	8	10	756	782	837	530
45	6	60	860	840	753	7	12	71	56	85	199	15	845	18	364	21	848	31	10	11	6	16
20	29	755	5	4	2	2	15	11	109	22	457	40	10	300	11	15	4	10	98	65	18	294
>ZN124.H14INVIVO.0.P.C
23	7	13	14	1	2	6	3	2	27	30	33
669	764	272	37	516	50	214	779	650	258	66	146
73	4	9	33	7	2	13	3	5	22	101	463
37	27	508	718	278	748	569	17	145	495	605	160
>ZN131.H14INVIVO.0.PSGI.A
83	112	1	1	6	498	3	294
383	414	2	984	1	488	993	80
527	102	994	1	988	3	0	461
4	369	0	11	2	8	1	162
>ZN132.H14INVIVO.0.P.C
52	26	17	31	23	12	20	12	12	1	1	11	4	2	3	10	43	12	6	18	5	2	1	10	11
73	116	151	108	74	156	161	62	27	211	231	39	4	228	215	159	56	174	80	108	33	215	215	90	58
34	41	33	20	28	26	25	40	33	8	2	1	10	5	11	4	28	27	6	22	19	3	2	18	38
78	54	36	78	112	43	31	123	165	17	3	186	219	2	8	64	110	24	145	89	180	17	19	119	130
>ZN133.H14INVIVO.0.P.B
363	560	497	167	321	195	237	78	872	837	106	697	148	762	116	229	88	678	153	892	849	55	191	60	107
60	74	104	25	44	134	612	642	23	33	676	88	177	88	309	21	145	97	136	21	22	131	58	31	94
453	274	147	718	535	93	73	37	30	82	43	76	99	75	117	689	89	153	76	27	52	186	126	831	728
94	62	222	60	70	548	48	213	45	18	145	109	546	45	428	31	648	42	605	30	47	598	595	48	41
>ZN134.H14INVIVO.0.P.C
464	199	77	31	542	1019	14	15	992	4	78	54	37	784	551	48	116
204	437	698	307	358	10	52	968	40	7	32	85	10	221	133	74	154
231	110	82	68	79	22	251	8	17	1052	477	153	998	48	171	884	714
166	319	208	659	86	14	748	74	16	2	478	773	20	12	210	59	81
>ZN134.H14INVIVO.1.P.C
48	82	111	79	72	198	119	75	24	260	466	7	5	471	5	25	29	66	363	257	18	56
62	281	263	56	179	89	194	301	144	172	6	14	465	6	4	42	38	6	101	54	40	66
321	62	78	75	160	148	50	42	24	34	22	111	15	17	451	214	94	410	28	69	425	353
69	75	48	290	89	65	137	82	308	34	6	368	15	6	40	219	339	18	8	120	17	25
>ZN135.H14INVIVO.0.P.C
655	103	46	17	30	36	127	816	81	15	25	19	38	59	226	454	27	11	17	16	728	822	37
29	33	511	832	29	653	59	26	748	852	18	856	702	240	24	8	62	804	34	789	42	9	20
173	751	119	14	11	30	699	53	52	9	5	17	6	44	592	427	803	40	12	38	122	50	836
53	23	234	47	840	191	25	15	29	34	862	18	164	567	68	21	18	55	847	67	18	29	17
>ZN136.H14INVIVO.0.P.B
41	16	15	97	21	15	62	87	381	6	635	46	652	128	307	661	15	16	17	21	102	88	28
55	23	68	20	584	29	3	27	16	78	11	192	4	28	35	12	21	27	587	38	33	5	8
33	9	24	524	17	3	604	554	277	12	33	15	37	530	49	24	12	21	9	15	91	567	652
569	650	591	57	76	651	29	30	24	602	19	445	5	12	307	1	650	634	85	624	472	38	10
>ZN140.H14INVIVO.0.P.B
522	118	107	123	658	117	14	827	877	9	8	37	84	451	20	11	8	171	178	458	161	209	131
182	529	589	604	68	43	952	85	55	60	17	942	698	34	875	118	943	688	199	171	214	222	229
151	107	123	97	74	777	14	35	59	11	9	25	3	517	55	12	5	28	85	170	491	410	142
158	259	194	189	213	76	33	66	22	933	979	9	228	11	63	872	57	126	551	214	147	172	511
>ZN140.H14INVIVO.1.SM.B
231	484	364	8	1088	1127	0	0	4	4	28	43	27	53	390
321	190	58	1134	19	13	2	1	1147	1134	48	1045	90	966	349
237	105	716	8	7	14	0	0	1	1	1068	6	88	50	207
366	376	17	5	41	1	1153	1154	3	16	11	61	950	86	209
>ZN141.H14INVIVO.0.P.C
199	114	38	4	3	8	658	1	264	5	134	28	25	56	430	96	98
80	44	3	4	1	62	204	977	2	970	567	902	737	732	359	682	605
443	779	959	716	890	920	130	2	727	11	7	3	55	72	111	109	37
278	63	0	276	106	10	8	20	7	14	292	67	183	140	100	113	260
>ZN142.H14INVIVO.0.PSGI.A
33	25	16	12	20	128	11	0	3	90	93	42
124	912	9	136	40	851	3	10	21	850	109	488
750	15	947	819	861	3	968	972	956	4	693	415
80	35	15	20	66	5	5	5	7	43	92	42
>ZN143.H14INVIVO.0.P.B
99	452	356	255	37	115	513	74	42	122	24	11	17	27	857	501	391	86	78	108	723	76	73
754	82	138	32	39	473	316	193	220	684	184	10	6	17	24	117	133	111	69	103	63	88	71
68	392	409	516	898	359	89	143	435	117	17	974	974	950	51	314	168	126	793	159	165	773	134
85	80	103	203	32	59	88	596	309	83	781	11	9	12	74	74	314	683	66	636	55	69	728
>ZN148.H14INVIVO.0.P.B
164	217	174	185	135	172	2	1	13	4	0	732	179	0	8	21	465	320	178
224	160	124	91	130	52	0	0	1	0	1	138	0	1	5	8	282	93	210
449	500	576	644	600	104	996	999	983	989	999	8	682	998	984	952	151	487	517
163	123	126	80	135	672	2	0	3	7	0	122	139	1	3	19	102	100	95
>ZN154.H14INVIVO.0.P.C
15	6	28	9	7	10	10	24	8	3	35	42	3	46	0	4	2	9	1	2	23	4	41	4	23	38	39	9	46	3	9
19	24	13	9	5	5	4	5	1	4	7	0	0	6	44	41	1	37	51	23	0	1	6	42	4	4	1	4	1	41	19
6	10	6	10	24	28	26	16	38	37	7	10	49	0	0	0	0	0	0	0	29	46	5	0	9	4	8	34	2	2	3
12	12	5	24	16	9	12	7	5	8	3	0	0	0	8	7	49	6	0	27	0	1	0	6	16	6	4	5	3	6	21
>ZN157.H14INVIVO.0.P.B
80	79	36	136	22	83	4	106	17	177	25	25	90	59	236	122	20	26	105	160	189	80	4	402	202	50	239	36	257	86
64	34	313	104	68	39	30	37	382	134	55	4	6	135	36	5	105	146	146	141	57	43	345	34	11	73	75	184	77	224
122	244	59	57	103	133	331	92	31	17	48	392	309	123	87	311	305	274	60	43	29	271	30	6	232	37	123	50	95	81
196	105	54	165	269	207	97	227	32	134	334	41	57	145	103	24	32	16	151	118	187	68	83	20	17	302	25	192	33	71
>ZN160.H14INVIVO.0.SG.D
153	50	434	334	234	16	106	291	448	401	449	390	11	176	38	372	199	36	234	146	368
23	3	9	2	157	7	18	76	7	4	3	21	76	10	354	42	133	60	17	16	39
169	406	9	117	26	27	333	86	7	52	10	39	8	185	10	21	42	34	116	279	29
117	3	10	9	45	412	5	9	0	5	0	12	367	91	60	27	88	332	95	21	26
>ZN165.H14INVIVO.0.P.C
38	41	9	12	3	12	2	13	110	1	2	98	2	17	27	6
121	13	21	245	266	18	14	166	7	200	248	96	223	233	89	95
54	69	214	9	2	46	248	65	121	6	7	10	13	4	14	22
59	149	28	6	1	196	8	28	34	65	15	68	34	18	142	149
>ZN174.H14INVIVO.0.M.D
1328	1035	1727	294	397	35	3426	9142	147	0	22	9167	2	24	74	1571	996
2492	2634	1488	120	1798	9102	106	6	3	33	0	8	945	6364	7	1974	5723
2794	1880	2916	8437	5848	17	5535	30	8858	3	9153	2	7	227	9046	4641	800
2565	3630	3048	328	1136	25	112	1	171	9143	4	2	8225	2564	52	993	1660
>ZN177.H14INVIVO.0.SM.D
3371	5509	1026	905	6264	1031	721	1844	1467	1490	2402	2550	1228	844	670	3077	93	9442	88	225	2408	8230	2805	2426
2792	1438	947	1704	1094	5003	3661	1187	1813	1822	5027	4522	3249	3469	446	6234	160	154	2156	9219	802	627	1935	2607
1566	1377	762	6370	1513	2092	739	2957	2476	3447	1370	1562	3242	415	1558	106	9540	226	72	90	4450	470	3909	2387
2119	1524	7113	869	977	1722	4727	3860	4092	3089	1049	1214	2129	5120	7174	431	55	26	7532	314	2188	521	1199	2428
>ZN180.H14INVIVO.0.P.C
343	72	55	19	303	114	62	107	26	101	58	98	100	12	357	26	23	42	77	37	34	72	224	285	296
83	43	25	56	145	79	99	31	65	126	9	39	55	6	101	366	80	38	174	6	43	389	86	111	67
125	456	504	518	120	359	237	448	489	73	526	450	428	578	90	172	87	495	154	547	510	81	203	162	196
49	29	16	7	32	48	202	14	20	300	7	13	17	4	52	36	410	25	195	10	13	58	87	42	41
>ZN184.H14INVIVO.0.P.B
7	19	2	3	244	6	0	706	284	9	692	3	3	6	96	56	2	300	20	27	160	3	5	195	84	379	10	5	4	5	2
648	564	8	636	23	686	717	7	7	653	18	680	323	9	14	19	16	11	27	15	9	368	497	87	24	48	658	21	20	9	96
4	14	2	5	92	3	1	3	416	10	5	1	1	35	602	183	19	397	28	87	219	11	35	27	568	15	10	0	5	0	2
65	127	712	80	365	29	6	8	17	52	9	40	397	674	12	466	687	16	649	595	336	342	187	415	48	282	46	698	695	710	624
>ZN189.H14INVIVO.0.P.B
132	344	8	56	19	11	21	24	4	1	3	349	45	57	84
463	300	217	33	923	184	209	16	8	983	986	448	259	515	394
179	80	218	525	23	100	711	15	11	2	1	25	254	274	91
226	276	557	386	35	705	59	945	977	14	10	178	442	154	431
>ZN189.H14INVIVO.1.P.B
151	120	62	80	68	111	95	63	392	115	328	18	70	13	16	28	27	4	0	2	335	55	54	95
226	527	549	267	261	320	175	682	316	475	309	231	29	933	207	228	31	22	974	986	456	248	525	371
471	188	159	135	139	129	587	117	103	178	99	223	516	17	102	677	24	27	4	5	18	252	274	102
152	165	230	518	532	440	143	138	189	232	264	528	385	37	675	67	918	947	22	7	191	445	147	432
>ZN197.H14INVIVO.0.P.C
37	14	12	30	35	17	42	30	10	4	2	80	0	3	0	17	23	47	30	34	23	27	12	33	53
122	208	120	74	216	117	174	134	39	16	9	43	405	31	31	57	21	91	107	18	60	57	184	151	105
25	43	40	60	75	33	70	35	22	29	393	24	4	3	6	8	237	252	28	241	96	33	55	39	109
231	150	243	251	89	248	129	216	344	366	11	268	6	378	378	333	134	25	250	122	236	298	164	192	148
>ZN205.H14INVIVO.0.P.C
187	24	912	46	122	343	102	105	522	620	96	218	501	97	205	103	196	159	208	495	200	106	194
83	153	3	20	591	23	699	559	196	84	504	107	152	356	409	123	350	526	328	190	55	140	552
217	814	56	919	78	590	79	29	64	230	317	151	238	155	300	306	394	109	190	210	698	702	89
513	9	29	15	209	44	120	307	218	66	83	524	109	392	86	468	60	206	274	105	47	52	165
>ZN208.H14INVIVO.0.SGI.D
50	213	0	1	220	188	24	1	0	1	297	302	114	56	71
114	49	301	1	14	0	266	301	165	48	5	0	53	93	75
92	19	0	171	19	107	0	0	137	0	0	0	3	35	53
46	21	1	129	49	7	12	0	0	253	0	0	132	118	103
>ZN211.H14INVIVO.0.P.B
101	7	8	0	0	181	0	174	2	115	54	68	24
15	0	0	0	0	1	2	1	5	16	13	5	57
65	6	178	186	1	3	0	11	18	52	9	51	28
5	173	0	0	185	1	184	0	161	3	110	62	77
>ZN211.H14INVIVO.1.P.C
21	90	77	38	36	47	61	182	163	73	179	1	22	6	0	278	2	271	2	185	118	83	29
105	10	19	16	8	14	15	3	16	58	13	6	0	3	0	2	2	3	7	33	31	23	104
45	46	66	25	229	17	47	11	87	43	98	1	272	285	4	12	2	18	18	64	18	89	32
126	151	135	218	24	219	174	101	31	123	7	289	3	3	293	5	291	5	270	15	130	102	132
>ZN213.H14INVIVO.0.P.C
199	110	389	283	194	32	55	273	35	37	48	86	28	109	79	98	47
90	9	2	111	171	77	227	25	2	26	337	15	62	258	15	15	100
83	285	21	22	37	125	76	98	376	343	20	244	309	37	298	285	231
46	14	6	2	16	184	60	22	5	12	13	73	19	14	26	20	40
>ZN214.H14INVIVO.0.P.B
54	100	72	114	23	4	16	26	4	43	225	2	2	140	24	52	4	0	43	204	3	33	160
22	70	124	101	12	24	63	16	7	2	0	0	51	86	153	93	7	70	26	17	5	21	26
155	48	20	38	8	5	70	9	7	219	23	255	197	22	3	51	3	0	193	7	12	168	42
33	46	48	11	221	231	115	213	246	0	16	7	14	16	84	68	250	194	2	36	244	42	36
>ZN215.H14INVIVO.0.PSG.A
77	21	49	92	6	3	0	20	11	48
127	19	421	4	417	469	7	357	429	191
81	444	2	360	61	3	2	48	5	59
200	1	13	29	1	10	476	60	40	187
>ZN222.H14INVIVO.0.P.C
493	106	162	40	11	862	9	2	232	261	181	384
59	106	397	8	768	60	7	974	634	60	382	316
277	35	354	143	177	7	969	7	17	266	331	133
171	753	87	809	44	71	15	17	117	413	106	167
>ZN223.H14INVIVO.0.P.C
488	448	67	112	275	46	191	113	79	17	828	7	21	111	589	200
151	55	25	41	24	13	5	426	269	842	75	3	12	691	192	198
279	329	858	828	273	930	801	26	551	134	70	979	948	64	52	502
81	167	49	18	427	10	2	434	100	6	26	10	18	133	166	99
>ZN224.H14INVIVO.0.P.B
550	145	43	108	271	592	20	80	280	599	163	74	52	394	354	315	189	127	96	275	248	157	81
22	19	538	326	445	22	50	155	5	20	59	86	531	176	91	67	97	101	204	371	285	377	526
138	434	104	89	23	20	549	320	465	105	427	28	76	160	55	344	101	393	338	24	90	37	63
62	174	87	249	33	138	153	217	22	48	123	584	113	42	272	46	385	151	134	102	149	201	102
>ZN226.H14INVIVO.0.PSGI.A
64	66	20	31	55	8	81	9	65	39	86	16	56	8	11	65	82	55	27	24	14	48	24	48	34
13	4	6	22	4	4	6	6	3	35	2	12	0	0	1	22	1	8	38	54	41	24	41	7	13
13	22	8	15	5	71	8	5	8	7	6	9	33	86	83	2	12	22	3	5	13	12	6	17	38
5	3	61	27	31	12	0	75	19	14	1	58	6	1	0	6	0	10	27	12	27	11	24	23	10
>ZN229.H14INVIVO.0.SG.D
440	520	1931	20	71	3	1	63	2127	1	2	1098	2011	2075	512	477
758	464	35	1947	2009	64	2	2067	1	1	953	10	42	20	166	470
380	884	54	9	48	1	2	0	2	2125	49	861	4	9	1418	564
553	263	111	155	3	2063	2126	1	1	4	1127	162	74	27	35	620
>ZN233.H14INVIVO.0.PG.A
176	23	158	18	27	36	103	158	177	28	176	164	179	174	19	11	47	182	9	15	178	35	161	155	171
5	16	11	8	148	103	7	12	2	132	4	1	3	8	2	1	145	0	1	161	5	4	7	19	4
13	17	21	169	13	21	86	25	18	27	13	32	16	14	176	186	7	9	182	18	9	158	26	24	13
6	144	10	5	12	40	4	5	3	13	7	3	2	4	3	2	1	9	8	6	8	3	6	2	12
>ZN234.H14INVIVO.0.PSG.A
34	12	78	103	19	73	74	71	81	52	35	114	16	112	11	8	42	29	32	71	65	70	80	86	14
15	24	3	5	10	0	6	7	2	8	1	0	32	2	83	46	12	3	48	31	5	48	3	10	82
9	2	42	12	65	54	13	22	30	16	7	13	12	4	6	1	40	72	15	12	48	1	5	12	11
69	89	4	7	33	0	34	27	14	51	84	0	67	9	27	72	33	23	32	13	9	8	39	19	20
>ZN239.H14INVIVO.0.P.C
108	99	28	124	14	312	23	127	172	82	22	66	110	79	6	367	5	230	51	77	29	81	7	98	193	181	64	188
145	183	136	24	354	36	95	32	206	282	85	35	194	6	387	10	87	21	87	288	335	41	101	45	111	71	129	47
91	38	16	223	17	26	254	205	7	9	5	18	73	7	5	2	287	64	233	16	10	6	15	59	73	60	59	92
56	80	220	29	15	26	28	36	15	27	288	281	23	308	2	21	21	85	29	19	26	272	277	198	23	88	148	73
>ZN248.H14INVIVO.0.P.B
147	0	74	1	6	149	0	8	0	0	1	149	0	1	5	148	6	44	23	23	113	129	19
1	0	56	148	129	0	2	1	9	1	148	0	0	0	0	0	10	13	4	4	4	4	4
1	10	0	0	0	0	1	139	0	0	0	0	0	147	144	0	3	19	120	119	12	6	111
0	139	19	0	14	0	146	1	140	148	0	0	149	1	0	1	130	73	2	3	20	10	15
>ZN250.H14INVIVO.0.P.C
45	736	173	20	628	14	11	791	9	326	7	33	58	9	9	35	11	69	420	11	35	756	19
713	33	36	55	15	803	830	18	171	17	801	34	15	33	23	40	13	16	22	22	38	56	721
27	61	614	41	161	13	4	25	10	472	9	31	787	8	41	5	51	763	364	21	62	30	20
82	37	44	751	63	37	22	33	677	52	50	769	7	817	794	787	792	19	61	813	732	25	107
>ZN250.H14INVIVO.1.M.C
267	10	1435	0	0	0	0	0	1435	0	244	397
308	16	0	0	0	1435	1435	0	0	376	273	284
400	16	0	1435	1435	0	0	0	0	0	543	342
460	1393	0	0	0	0	0	1435	0	1059	375	412
>ZN251.H14INVIVO.0.PSGI.A
29	24	10	4	87	1	4	15	140	40	4	44	7	40	10	38	35	25	18	43	23
32	29	12	154	20	108	7	28	0	8	164	6	149	77	55	22	51	41	115	64	46
21	34	99	10	40	49	1	30	27	121	3	121	6	18	59	17	33	44	16	16	39
92	87	53	6	27	16	162	101	7	5	3	3	12	39	50	97	55	64	25	51	66
>ZN254.H14INVIVO.0.P.C
654	655	10	636	4	58	5	662	6	7	3	1	14	49	9	672	6	17	0	1	661
8	1	6	20	31	4	44	2	2	4	668	5	2	0	6	3	3	2	674	1	5
10	14	656	13	5	605	13	6	665	655	0	0	650	624	654	1	664	654	2	0	5
4	6	4	7	636	9	614	6	3	10	5	670	10	3	7	0	3	3	0	674	5
>ZN257.H14INVIVO.0.P.B
48	251	8	99	4	1	20	1	2	147	39	282
67	370	195	723	4	92	8	826	819	2	707	140
604	49	143	5	0	3	681	0	0	47	33	83
108	157	481	0	819	731	118	0	6	631	48	322
>ZN260.H14INVIVO.0.P.C
31	15	12	288	70	775	9	185	42	0	14	20	124	693	0	791	131	10	843	3	4	0	11
16	8	15	34	209	36	221	10	2	640	15	46	617	4	3	4	116	4	2	96	3	835	820
11	29	40	144	41	25	7	521	815	7	1	780	1	172	2	21	612	22	12	9	5	0	2
811	817	802	403	549	33	632	153	10	222	839	23	127	0	864	53	10	833	12	761	857	34	36
>ZN263.H14INVIVO.0.PM.A
381	200	50	28	960	20	22	866	36	73
97	12	13	50	7	8	308	55	394	242
385	715	909	903	5	932	647	55	513	417
125	61	16	7	16	28	11	12	45	256
>ZN263.H14INVIVO.1.P.B
367	282	24	24	977	14	16	965	30	70	330	348	104	447	142	156	487	227	158	492	225
107	20	4	21	11	12	208	10	316	180	185	190	174	90	89	156	113	62	129	78	144
409	649	943	956	6	952	775	7	642	574	429	334	651	379	701	610	343	663	673	356	587
120	52	32	2	9	25	4	21	15	179	59	131	74	87	71	81	60	51	43	77	47
>ZN264.H14INVIVO.0.P.B
651	733	119	34	183	96	722	22	115	783	885	9	62	99	122	616	75	107
130	49	34	15	133	880	35	879	115	69	40	203	653	641	594	128	199	330
152	100	769	893	653	13	137	75	115	92	35	54	95	100	81	136	133	110
71	122	82	62	35	15	110	28	659	60	44	738	194	164	207	124	597	457
>ZN266.H14INVIVO.0.P.B
174	152	111	515	212	87	589	20	61	85	1001	48	858	15	114	47	44	44	35	283	244
192	188	236	192	201	184	8	934	24	776	1	921	74	5	148	328	912	682	524	131	175
189	207	117	199	149	120	374	26	5	15	5	18	29	921	534	111	19	31	239	440	455
452	460	543	101	445	616	36	27	917	131	0	20	46	66	211	521	32	250	209	153	133
>ZN267.H14INVIVO.0.P.C
52	39	55	36	41	44	27	58	83	74	23	4	20	208	41	22	33	32	164	217	39	231	78	42	44	60	45	23	28	17	27
119	221	82	176	252	158	59	167	152	126	14	133	299	88	26	40	32	3	106	17	13	100	37	24	56	93	239	175	56	87	197
73	48	76	70	46	50	137	111	43	145	325	225	24	32	66	289	39	334	88	114	302	27	134	271	159	207	67	59	93	239	73
128	64	159	90	33	120	149	36	94	27	10	10	29	44	239	21	268	3	14	24	18	14	123	35	113	12	21	115	195	29	75
>ZN273.H14INVIVO.0.P.C
55	638	49	58	23	570	23	41	87	451	26	45	33	62	342	28	73	37	27	11	12	47	94
223	137	67	838	269	83	869	819	657	265	775	201	638	606	85	67	85	188	761	446	533	830	434
643	141	822	66	35	206	67	44	116	80	74	98	192	35	444	858	794	424	26	25	52	41	76
52	57	35	11	646	114	14	69	113	177	98	629	110	270	102	20	21	324	159	491	376	55	369
>ZN274.H14INVIVO.0.SM.B
2968	1785	761	9899	13	8000	9965	14	122	33	8302	1074	6556	1540
1707	4847	17	34	7	2	4	9635	102	9892	1339	3117	906	3826
3677	480	9178	24	9949	1964	4	246	57	25	208	78	1957	1580
1632	2872	28	27	15	18	11	89	9703	34	135	5715	565	3038
>ZN274.H14INVIVO.1.P.B
27	214	2	165	209	13	15	5	201	19	172	11	54	17	27	110	31	179	56	168	154
2	0	0	2	5	122	13	211	16	87	8	176	10	18	32	26	25	23	13	16	9
191	1	218	52	5	9	9	4	5	3	21	19	13	168	140	22	142	11	139	18	37
2	7	2	3	3	78	185	2	0	113	21	16	145	19	23	64	24	9	14	20	22
>ZN274.H14INVIVO.2.P.B
372	21	326	358	5	23	0	385	0	369	6	46	6	11	318	17	375	31	364	365	339
8	4	2	5	134	12	383	0	116	1	373	10	0	9	5	4	0	3	4	5	3
4	336	56	21	13	2	0	1	4	12	4	8	380	363	26	365	2	347	18	16	42
2	25	2	2	234	349	3	0	266	4	3	322	0	3	37	0	9	5	0	0	2
>ZN275.H14INVIVO.0.SG.D
3052	4664	505	139	50	33	9	59	7265	291	26	116	4027	339	708	112	3587	1732	2075
1356	2743	691	8	37	9	9808	1	82	16	4	89	499	8869	5153	9404	1949	2408	1789
1993	1336	8620	9699	22	9817	2	4	45	9483	9747	9283	3037	355	2626	93	2758	1303	2406
3464	1122	49	19	9756	6	46	9801	2473	75	88	377	2302	302	1378	256	1571	4422	3595
>ZN276.H14INVIVO.0.SM.D
218	138	219	1387	1365	5	52	192	117	6	186	940	97	895	46	798	82	95	724	58	44	36	76	1220	1071	366
482	61	19	16	4	3	23	159	91	2	98	37	86	49	310	34	1286	661	249	1194	1243	38	24	30	103	293
538	280	242	95	162	1532	1458	140	1290	1524	104	532	312	373	567	346	134	481	392	155	132	159	149	136	229	665
303	1062	1061	43	10	1	8	1050	43	9	1153	32	1046	224	618	363	39	304	176	134	122	1308	1292	155	138	217
>ZN281.H14INVIVO.0.P.B
133	168	129	121	1	0	5	0	2	859	72	0	4	9	353	304
207	113	84	54	0	0	0	2	1	32	0	0	1	3	371	109
569	607	606	224	999	1000	996	998	998	1	861	1001	988	975	127	519
92	113	182	602	1	1	0	1	0	109	68	0	8	14	150	69
>ZN281.H14INVIVO.1.SM.B
1228	1135	986	861	1108	703	78	678	6548	0	2	217	1721	1843	1432	1078	978	1263	1320	1194	1161	1228	1394	1515	1514	1586
892	571	480	425	575	229	233	91	26	193	6	334	657	1140	535	488	589	635	535	585	549	546	534	560	601	772
3379	3690	3711	5128	4543	5713	6620	6327	0	6814	7168	6046	3752	3388	4556	4763	4654	4309	4432	4451	4625	4338	4096	4075	4013	3663
1678	1781	2000	763	951	532	246	81	603	170	1	580	1047	806	654	848	956	970	890	947	842	1065	1153	1027	1049	1156
>ZN282.H14INVIVO.0.P.B
25	22	87	2	45	7	8	6	296	45	54
8	14	42	21	138	2	5	1	19	8	121
284	282	118	297	3	307	308	315	6	257	135
8	7	78	5	139	9	4	3	4	15	15
>ZN283.H14INVIVO.0.P.C
123	142	130	68	168	51	8	40	44	16	654	16	102	80	101	34	66	74	68	46	57	51	61
159	80	415	357	283	33	27	737	78	26	48	39	784	128	33	29	388	586	119	45	76	504	516
560	608	325	114	171	689	954	81	80	892	281	233	102	92	490	929	482	51	192	877	782	346	86
161	173	133	464	381	230	14	145	801	69	20	715	15	703	379	11	67	292	624	35	88	102	340
>ZN284.H14INVIVO.0.P.C
54	27	49	5	940	87	6	19	0	1	50	51	110	883	1	32
15	23	13	953	5	6	2	1	2	130	0	779	10	12	2	947
918	24	924	5	30	898	2	975	992	1	943	32	871	96	1	2
8	921	9	32	20	4	985	0	1	863	2	133	4	4	991	14
>ZN285.H14INVIVO.0.P.C
4	11	2	45	83	8	1	12	1	10	28	2	12	7	12	4	0	66	78	77	1	63	4
2	77	68	25	2	4	7	35	85	40	14	5	5	3	1	4	4	14	13	1	20	5	60
85	2	2	18	4	0	16	7	0	4	39	2	70	82	5	78	2	7	1	12	5	15	8
2	3	21	5	4	81	69	39	7	39	12	84	6	1	75	7	87	6	1	3	67	10	21
>ZN292.H14INVIVO.0.PSG.A
14	8	15	20	53	44	3	1	14	0	2	58	5	34	9	9	8	19
64	61	70	105	92	8	6	178	1	3	177	13	7	46	55	35	73	34
33	19	37	46	14	89	159	8	0	182	4	3	119	22	82	59	25	36
79	102	68	19	31	49	22	3	175	5	7	116	59	88	44	87	84	101
>ZN296.H14INVIVO.0.S.D
2886	2009	53	0	1854	0	0	7564	101	288	2076
2056	2794	1368	15	13	7731	7731	74	4504	3629	2181
1740	2080	102	7698	1	0	0	0	1311	949	1790
1049	848	6208	18	5863	0	0	93	1815	2865	1684
>ZN302.H14INVIVO.0.P.B
6	6	69	70	1	12	58	3	77	2	3	1	73	0	3	1	75	74	1	2	69	3	70
4	2	5	2	77	58	1	76	0	3	0	77	1	80	1	79	5	2	77	2	1	67	5
67	72	2	6	2	0	21	1	2	75	2	1	4	0	2	0	0	2	2	0	9	3	2
3	0	4	2	0	10	0	0	1	0	75	1	2	0	74	0	0	2	0	76	1	7	3
>ZN304.H14INVIVO.0.P.C
50	40	293	76	15	12	38	19	644	158	38	27	301	687	197	25	21	42	11	7	699	36	751	18	57	774	93	510	168	66	485
538	703	210	76	681	797	732	797	120	81	99	455	145	40	21	708	754	130	128	816	19	29	50	19	42	33	251	67	391	587	118
37	24	41	328	39	6	11	7	84	601	113	28	368	110	623	85	7	17	31	31	65	781	46	26	736	45	470	72	231	35	191
243	101	324	388	133	53	87	45	20	28	618	358	54	31	27	50	86	679	698	14	85	22	21	805	33	16	54	219	78	180	74
>ZN316.H14INVIVO.0.P.C
27	24	89	53	28	4	5	47	11	854	186	118	217	659	84	23	35	17	491	49	719	160	32	46
745	745	37	48	731	953	830	26	965	53	47	54	92	61	37	815	90	101	295	716	87	161	92	769
113	87	60	869	138	6	4	62	15	44	430	762	649	186	854	32	46	58	125	47	84	393	57	40
115	144	814	30	103	37	161	865	9	49	337	66	42	94	25	130	829	824	89	188	110	286	819	145
>ZN317.H14INVIVO.0.P.B
80	341	177	78	138	371	5	350	70	60	187	35	432	14	59	49	53	30	44	313
20	22	103	27	14	30	416	10	10	359	19	3	6	293	24	42	261	48	268	47
338	69	50	58	241	29	6	34	355	12	19	409	9	9	15	32	19	40	59	50
17	23	125	292	62	25	28	61	20	24	230	8	8	139	357	332	122	337	84	45
>ZN317.H14INVIVO.1.P.B
772	94	107	180	761	572	157	114	129	815	180	730	768	185	611	196	830	477	60	117	140	615	685
76	51	30	224	68	27	45	579	630	37	47	78	20	19	60	659	35	26	30	11	33	86	49
88	42	788	521	109	306	708	100	91	99	731	161	137	760	293	59	91	381	92	827	799	244	161
62	811	73	73	60	93	88	205	148	47	40	29	73	34	34	84	42	114	816	43	26	53	103
>ZN320.H14INVIVO.0.P.B
454	421	55	41	94	15	13	349	110	96	455	236	64	21	29	37	242	247	436	341	74	79	222
117	67	53	39	37	8	16	32	571	739	311	23	6	0	1	14	698	584	48	61	221	69	449
291	279	758	419	728	910	914	322	115	46	50	602	753	925	923	883	9	33	150	418	88	724	129
91	186	87	454	94	20	10	250	157	72	137	92	130	7	0	19	4	89	319	133	570	81	153
>ZN320.H14INVIVO.1.P.B
447	233	63	27	23	34	273	153	563	315	51
257	29	3	0	1	30	712	768	5	14	237
136	592	809	971	976	908	5	15	71	542	145
160	146	125	2	0	28	10	64	361	129	567
>ZN322.H14INVIVO.0.P.C
91	435	62	150	24	65	237	76	68	660	9	347	15	405	38	50	123	98	83	242
116	80	54	575	850	78	50	351	119	165	873	66	358	88	27	743	640	94	132	159
643	155	648	34	5	28	581	404	86	37	14	186	497	97	787	46	51	181	553	366
58	238	144	149	29	737	40	77	635	46	12	309	38	318	56	69	94	535	140	141
>ZN329.H14INVIVO.0.P.C
156	157	53	79	46	711	163	60	179	670	139	36	155	272	60	268	146	180	112	83	490	605
406	603	88	16	32	51	26	558	531	52	44	625	342	98	245	71	541	545	33	51	108	61
198	24	30	598	725	32	96	40	54	59	520	140	69	284	109	311	86	39	97	658	174	96
62	38	651	129	19	28	537	164	58	41	119	21	256	168	408	172	49	58	580	30	50	60
>ZN329.H14INVIVO.1.P.C
36	25	7	77	21	834	38	41	279	746	167	13
684	863	85	4	17	11	19	766	536	57	59	857
115	2	6	698	839	16	74	40	24	49	635	10
61	6	798	117	19	35	765	49	57	44	35	16
>ZN331.H14INVIVO.0.P.B
87	275	138	318	77	58	18	25	5	12	775	17	20	263	162	91	139	139	127	125	34	12	38
13	62	679	16	10	3	2	860	21	897	11	1	884	68	19	23	62	242	50	68	138	92	622
832	595	30	60	859	829	948	6	3	13	40	950	15	32	750	805	690	94	703	739	103	41	64
43	43	128	581	29	85	7	84	946	53	149	7	56	612	44	56	84	500	95	43	700	830	251
>ZN333.H14INVIVO.0.P.C
288	30	3	7	965	149	22	380	67	767	173
177	13	1	4	25	97	590	487	63	32	59
527	49	994	988	7	597	253	91	829	159	727
8	908	2	1	3	157	135	42	41	42	41
>ZN335.H14INVIVO.0.PSG.A
74	12	0	0	0	10	0	129
190	34	0	499	499	0	2	175
189	1	498	0	1	7	497	42
47	453	2	1	0	483	1	154
>ZN337.H14INVIVO.0.P.C
113	591	585	89	23	53	387	25	24	567	59	106	515	89	35	502	51	679	49	95	456	78	62
92	123	136	149	117	322	79	111	621	161	591	512	197	677	150	36	49	46	840	754	66	65	644
709	215	199	93	91	60	424	93	79	118	112	78	105	88	104	341	864	212	62	27	185	744	118
81	66	75	664	764	560	105	766	271	149	233	299	178	141	706	116	31	58	44	119	288	108	171
>ZN33B.H14INVIVO.0.P.C
37	47	27	66	66	34	6	60	96	2	0	2	94	83	3	59	5	100	10	2	10	63	56	12	5	21	36	25	22	41
46	17	12	6	4	0	3	6	8	1	7	16	2	3	8	10	42	1	0	2	12	6	23	6	10	10	4	8	13	9
8	30	61	22	35	73	93	24	1	0	7	38	4	12	10	21	31	3	97	103	83	32	10	5	12	51	53	31	19	33
18	15	9	15	4	2	7	19	4	106	95	53	9	11	88	19	31	5	2	2	4	8	20	86	82	27	16	45	55	26
>ZN341.H14INVIVO.0.P.B
194	220	44	867	921	27	903	6	34	215	242
156	16	42	78	13	511	5	5	930	518	161
337	725	876	53	62	421	64	981	28	106	409
313	39	38	2	4	41	28	8	8	161	188
>ZN341.H14INVIVO.1.P.B
168	200	237	285	150	173	238	285	272	128	287	239	209	304	218	180	56	832	894	26	825	12	49
116	101	126	138	114	187	261	278	133	184	175	89	220	311	145	5	42	72	6	500	20	10	876
635	618	552	471	665	549	432	349	505	606	263	487	515	247	395	785	868	96	91	442	104	969	50
83	83	87	108	73	93	71	90	92	84	277	187	58	140	244	32	36	2	11	34	53	11	27
>ZN343.H14INVIVO.0.PSM.A
1691	1816	2356	664	476	8	10	7	10	8571	353	1225	3354	1521	2223
3307	3376	4907	7101	64	9981	2	2	9982	1085	7693	3758	2195	4845	1855
1872	1556	2182	321	9436	5	4	7	4	260	359	2360	2693	1767	4408
3126	3248	551	1910	20	2	9980	9980	0	80	1591	2653	1754	1863	1510
>ZN347.H14INVIVO.0.PSGI.A
70	97	834	201	120	80	263	202	892	744	706	78	39	84	86	795	148	184	137	621	303	217	214	91	113
8	11	14	40	642	96	10	8	12	36	7	5	13	3	11	69	115	25	58	19	30	133	20	16	12
893	864	122	705	110	105	682	766	64	183	244	854	921	890	852	71	75	680	737	268	614	148	678	847	824
11	10	12	36	110	701	27	6	14	19	25	45	9	5	33	47	644	93	50	74	35	484	70	28	33
>ZN350.H14INVIVO.0.P.B
267	448	68	120	68	87	16	0	3	45	653	113	270	632	103	76	318	521
463	55	83	422	566	511	105	5	31	30	104	49	48	190	611	603	229	159
133	204	595	141	68	19	10	6	16	93	83	110	500	90	89	105	95	189
137	293	254	317	298	383	869	989	950	832	160	728	182	88	197	216	358	131
>ZN358.H14INVIVO.0.SG.D
1737	4211	1052	2687	23	3711	987	144	45	42	1986	899	3750	1008	3055	1461	628	386	1184	1820	603	866	948	609	1528
865	621	36	215	998	489	4333	6888	2572	74	28	851	1913	1364	852	516	838	1108	3117	1341	446	753	832	2171	3192
2631	1287	5862	186	5695	1629	200	81	1138	33	5179	2519	468	1702	1992	2498	3687	924	788	1628	632	814	2999	2960	912
2019	1133	302	4164	536	1423	1732	139	3497	7103	59	2983	1121	3178	1353	2777	2099	4834	2163	2463	5571	4819	2473	1512	1620
>ZN362.H14INVIVO.0.PSGI.A
111	79	0	422	404	418	423	423	423	422	412	348	272	217	170	173	202	177	174
91	130	102	0	8	1	0	0	0	0	8	50	74	88	93	87	73	110	94
112	93	167	1	2	0	0	0	0	1	2	15	45	59	81	74	63	68	68
109	121	154	0	9	4	0	0	0	0	1	10	32	59	79	89	85	68	87
>ZN367.H14INVIVO.0.PSGI.A
188	31	0	2	500	500	499	39	81	41	73	118
59	37	0	0	0	0	1	0	70	157	341	223
132	51	1	2	0	0	0	309	333	202	63	46
121	381	499	496	0	0	0	152	16	100	23	113
>ZN37A.H14INVIVO.0.P.B
18	34	40	208	9	14	8	232	3	0	8	0	21	2	17	6	222	5	6	10	219	2	157
3	58	4	0	1	0	1	1	2	199	9	0	2	0	1	13	3	9	3	3	2	17	60
208	48	183	14	219	218	221	0	221	4	10	233	205	230	214	2	8	10	15	46	11	4	14
4	93	6	11	4	1	3	0	7	30	206	0	5	1	1	212	0	209	209	174	1	210	2
>ZN382.H14INVIVO.0.P.B
67	191	59	467	161	72	381	91	31	96	44	8	677	65	14	390	594	26	129	49	73	114	44
182	87	112	43	29	59	73	131	826	58	37	14	9	199	19	14	135	52	24	190	810	311	821
80	646	81	277	697	644	467	48	21	124	905	10	147	694	15	540	169	25	696	169	21	24	25
671	76	748	213	113	225	79	730	122	722	14	968	167	42	952	56	102	897	151	592	96	551	110
>ZN383.H14INVIVO.0.P.C
175	213	337	27	899	77	78	304	558	178	547	605	128	415	81	163	100	535	525	206	91	395	279
140	454	37	19	32	18	640	357	100	399	69	95	227	126	195	91	118	248	88	56	95	176	96
616	185	511	947	50	866	206	230	297	346	341	266	515	349	374	640	733	184	351	672	762	372	550
69	148	115	7	19	39	76	109	45	77	43	34	130	110	350	106	49	33	36	66	52	57	75
>ZN384.H14INVIVO.0.PSM.A
106	148	140	188	250	299	325	325	325	325	325	325	184	85	48	146	99
66	39	41	19	5	1	0	0	0	0	0	0	74	0	114	36	88
89	108	94	92	51	22	0	0	0	0	0	0	67	240	8	122	70
64	30	50	26	19	3	0	0	0	0	0	0	0	0	155	21	68
>ZN394.H14INVIVO.0.P.C
49	71	92	62	91	117	67	11	397	2	158	391	6	1	38	12	87	98	93
107	125	104	89	118	65	14	0	1	1	59	5	16	389	26	39	96	69	84
198	135	148	188	166	144	315	391	3	393	38	3	363	11	78	319	176	189	165
48	71	58	63	27	76	6	0	1	6	147	3	17	1	260	32	43	46	60
>ZN395.H14INVIVO.0.PSGI.A
14	60	33	22	6	2	2	0	10	338
646	825	5	151	902	910	3	37	740	140
236	15	746	741	1	2	908	878	26	204
20	16	132	2	7	2	3	1	140	234
>ZN407.H14INVIVO.0.PSGI.A
1044	212	9503	128	70	17	4343	3529	1369	210	576	661	4053	1425	4180	4014	1004	989	1515	2575	1727	6509
4614	51	55	8930	31	11	1297	41	693	7271	6312	2980	1282	2701	1670	1017	423	761	1685	3852	6338	951
2401	962	51	59	9536	9615	1318	5155	6584	2138	383	4779	2850	4058	2748	2899	7945	6803	5177	730	1069	1571
1615	8449	65	557	37	31	2716	949	1028	55	2403	1254	1489	1490	1076	1744	302	1121	1297	2517	540	643
>ZN410.H14INVIVO.0.SM.D
2263	550	9094	3	3	9109	0	3	0	6	7925	25	1875	268	2200
1834	755	3	8	2	3	2	0	1	3	815	20	12	2254	2189
2408	469	11	2	0	4	0	9115	9116	8627	76	6	7100	3250	2429
2613	7344	10	9105	9113	2	9116	0	1	482	302	9067	131	3346	2300
>ZN416.H14INVIVO.0.P.C
3	4	55	5	18	3	16	19	4	2	56	19	25	4	5	28	6	3	4	7	12	54	5
0	5	9	58	6	6	5	7	53	45	11	34	9	2	5	6	1	9	58	62	53	5	9
7	68	8	7	5	59	50	51	2	1	6	8	41	63	60	39	16	59	11	3	9	4	59
68	1	6	8	49	10	7	1	19	30	5	17	3	9	8	5	55	7	5	6	4	15	5
>ZN417.H14INVIVO.0.P.C
222	111	712	168	88	8	23	9	6	105	1	8	152	498	413
165	615	23	282	185	12	1	6	898	10	903	872	517	84	154
373	73	52	247	250	18	853	907	7	808	10	5	115	131	206
163	124	136	226	400	885	46	1	12	0	9	38	139	210	150
>ZN418.H14INVIVO.0.P.B
20	5	15	10	3	2	10	22	222	3	7	2	75	11	51	26	127	42
123	1	0	268	14	17	97	60	1	5	330	195	13	361	94	30	92	197
70	6	376	0	1	1	28	7	155	371	5	3	20	4	2	195	135	74
178	379	0	113	373	371	256	302	13	12	49	191	283	15	244	140	37	78
>ZN423.H14INVIVO.0.P.C
214	215	87	186	23	7	12	279	40	72	186	19	490	77
205	85	540	318	854	941	972	151	18	106	9	28	198	169
457	621	284	83	52	6	5	39	881	805	735	950	84	693
127	82	92	416	74	49	14	534	64	20	73	6	231	64
>ZN425.H14INVIVO.0.P.C
143	386	20	992	116	26	99	129	98
172	72	42	1	4	2	156	824	525
536	356	931	5	870	964	690	42	54
149	186	7	2	10	8	55	5	323
>ZN429.H14INVIVO.0.P.C
92	204	132	5	6	1	268	11	0	32	28	100	80	44	12	109	154	18	57	17	20	45	74
165	20	6	339	367	366	16	46	125	17	143	46	115	273	350	24	187	92	10	336	320	80	148
71	79	250	42	15	1	38	79	6	184	112	195	100	59	5	17	35	10	265	18	8	25	143
70	95	10	12	10	30	76	262	267	165	115	57	103	22	31	248	22	278	66	27	50	248	33
>ZN430.H14INVIVO.0.P.C
17	891	6	446	3	6	7	1	848	4	891	6	2	0	21	134	0	1	853	62	145	30	849
869	3	719	6	13	841	25	45	46	870	1	25	0	1	339	1	1	888	12	1	13	857	1
6	3	15	426	3	0	1	1	3	0	4	12	895	896	0	762	894	1	3	827	728	3	46
5	0	157	19	878	50	864	850	0	23	1	854	0	0	537	0	2	7	29	7	11	7	1
>ZN431.H14INVIVO.0.P.C
58	54	6	4	2	4	116	6	152	124	19	37	21	48	48
52	6	1	0	188	0	3	17	25	21	1	92	138	30	37
76	131	181	188	1	0	75	171	15	9	174	28	1	32	91
9	4	7	3	4	191	1	1	3	41	1	38	35	85	19
>ZN432.H14INVIVO.0.P.C
21	47	209	266	206	34	253	148	15	33	29	4	10	83	33	21	91	246	13	13	57	15	7
49	28	55	14	25	239	30	62	66	18	5	247	200	19	189	34	35	19	44	15	22	30	44
27	27	30	25	62	19	10	75	11	19	269	18	5	101	50	58	169	43	17	47	225	31	38
228	223	31	20	32	33	32	40	233	255	22	56	110	122	53	212	30	17	251	250	21	249	236
>ZN433.H14INVIVO.0.P.C
200	490	470	36	236	945	37	13	755	88	339	172	78	436	29	4	9	378	84	118	318	140	203
290	10	2	7	70	9	540	461	77	617	84	86	447	1	8	9	905	366	220	180	102	147	133
384	486	521	242	49	15	9	26	104	177	43	628	57	530	962	12	12	80	64	227	123	466	470
129	17	10	718	648	34	417	503	67	121	537	117	421	36	4	978	77	179	635	478	460	250	197
>ZN433.H14INVIVO.1.P.C
23	153	168	23	152	43	193	260	17	201	445	3	5	381	32	151	37	16	186	20	0	3	186	20	18	152	30	62	243	39	180
33	21	41	288	30	148	2	1	2	14	3	288	195	9	239	16	13	185	0	1	2	404	164	44	42	15	23	22	27	26	28
29	42	202	21	31	237	255	194	195	15	8	3	0	58	160	10	386	6	260	436	0	3	59	8	135	27	351	332	33	349	219
373	242	47	126	245	30	8	3	244	228	2	164	258	10	27	281	22	251	12	1	456	48	49	386	263	264	54	42	155	44	31
>ZN436.H14INVIVO.0.P.C
99	32	815	489	37	159	1	18	10	0	58	35	48	38	918	115	8	886	134	20	155	165	363
16	2	55	13	4	63	975	33	56	954	827	99	1	12	8	1	2	29	3	6	184	24	56
840	939	66	454	924	733	0	7	83	4	8	15	896	910	24	858	963	14	839	937	86	774	465
21	3	40	20	11	21	0	918	827	18	83	827	31	16	26	2	3	47	0	13	551	13	92
>ZN440.H14INVIVO.0.P.C
495	318	199	230	190	554	473	622	701	113	9	871	34	802	908	4	379	916	88	58	160	522	236
128	94	64	222	504	111	71	93	28	6	910	2	62	18	15	949	381	29	660	183	109	96	54
223	434	612	393	108	85	335	148	139	860	9	27	873	179	75	5	68	38	31	62	566	102	54
154	154	125	155	198	250	121	137	132	21	72	100	31	1	2	42	172	17	221	697	165	280	656
>ZN441.H14INVIVO.0.P.C
73	52	37	4	1	0	276	18	8	19
24	54	44	259	0	0	1	0	104	118
170	163	182	1	278	281	2	185	3	36
14	12	18	17	2	0	2	78	166	108
>ZN441.H14INVIVO.1.P.C
7	13	16	693	17	673	2	4	1	713	11	4	5	4	17	73	4	22	7	12	22	3	3	54	3	6	18	603	66	21	17
30	21	10	5	2	5	699	2	2	2	3	17	612	11	505	26	671	21	650	16	20	13	647	80	659	699	658	56	15	27	598
20	37	684	19	696	38	1	712	718	6	691	3	7	9	31	602	11	10	33	22	624	59	3	520	52	7	16	51	629	662	64
665	651	12	5	7	6	20	4	1	1	17	698	98	698	169	21	36	669	32	672	56	647	69	68	8	10	30	12	12	12	43
>ZN443.H14INVIVO.0.P.C
0	81	0	0	18	2	2	1	3	0	0	0	0	0	0	0	0	0	0	72	1	82	1
0	0	1	68	3	2	0	0	0	4	0	0	1	3	84	82	0	0	2	1	82	1	79
0	2	82	0	63	80	82	0	80	1	1	18	0	0	0	0	2	2	82	11	0	0	1
84	1	1	16	0	0	0	83	1	79	83	66	83	81	0	2	82	82	0	0	1	1	3
>ZN444.H14INVIVO.0.S.D
1321	1051	1984	1491	192	121	103	13	49	11	14	67	65	112	102	1464	1028	1464
2743	3729	1394	1357	6276	6504	6698	6806	6790	13	6838	6746	6706	6112	6573	3019	2611	2265
1334	895	2913	390	148	75	14	21	3	1	3	31	13	53	44	468	611	1257
1474	1197	581	3634	256	172	57	32	30	6847	17	28	88	595	153	1921	2622	1886
>ZN449.H14INVIVO.0.P.B
163	95	3	4	53	2	1	7	1	83	20
209	22	11	263	17	1	1	83	994	19	292
255	766	966	6	29	992	992	899	3	181	282
373	117	20	727	901	5	6	11	2	717	406
>ZN449.H14INVIVO.1.S.C
1336	2091	2306	693	199	768	2002	0	2	466	1044	1067	659	673	1615
1041	617	568	579	705	24	1	1	950	40	4286	0	2205	406	1105
2859	2636	2066	4735	5288	2756	145	6584	5582	3959	888	5212	1844	4593	2499
1349	1241	1645	578	393	3037	4437	0	51	2120	367	306	1877	913	1366
>ZN454.H14INVIVO.0.P.B
120	36	122	135	15	3	9	133	2	2	91	33	4	95	151	157	71	1	5	137	1	10	58	6	7	10	1	1	19	26	21
10	7	10	9	19	12	144	5	149	147	28	0	3	5	10	0	32	164	141	13	20	139	1	0	1	4	165	158	18	2	0
20	111	30	10	9	4	1	13	9	3	3	134	5	67	2	9	49	2	0	12	6	1	23	160	153	108	0	1	4	127	143
17	13	5	13	124	148	13	16	7	15	45	0	155	0	4	1	15	0	21	5	140	17	85	1	6	45	1	7	126	12	3
>ZN454.H14INVIVO.1.SM.B
817	535	253	206	423	126	54	26	2	9	2	38	1379	756
404	461	1539	626	1736	1590	65	16	2409	6	2392	1806	345	635
923	1165	397	1469	172	22	2275	2352	0	2396	1	22	93	480
267	250	222	110	80	673	17	17	0	0	16	545	594	540
>ZN460.H14INVIVO.0.S.D
878	920	466	135	50	263	348	0	0	781	616	513	644
632	446	1750	46	29	0	0	141	0	2986	199	408	626
1132	1340	1454	4004	4078	3952	3881	4088	4229	0	2800	1016	1090
1587	1523	559	44	72	14	0	0	0	462	614	2292	1869
>ZN467.H14INVIVO.0.P.C
223	320	212	259	278	242	235	380	323	306	342	185	200	527	149	287	131	78	167	962	14	123	385
100	66	55	84	99	72	57	54	49	68	75	75	91	104	39	10	9	44	50	11	5	15	47
571	537	673	597	540	619	642	527	570	570	508	708	665	196	727	685	832	861	771	0	962	844	517
98	69	52	52	75	59	58	31	50	48	67	24	36	165	77	10	20	9	4	19	11	10	43
>ZN468.H14INVIVO.0.P.C
398	333	73	15	6	980	4	2	111	10	74	156	41
201	92	13	6	3	8	1	1	13	0	76	421	28
273	406	900	952	990	4	995	995	874	986	845	14	820
128	169	14	27	1	8	0	2	2	4	5	409	111
>ZN470.H14INVIVO.0.PSG.A
173	37	965	14	0	205	12	1	303	31	633	86	2387	4190	234	558
99	8430	506	3	9387	42	3	9207	38	10	55	722	1651	1951	7909	449
94	35	1087	6	0	539	2	1	443	9429	3896	272	323	2345	265	474
9139	1003	6947	9482	118	8719	9488	296	8721	35	4921	8425	5144	1019	1097	8024
>ZN471.H14INVIVO.0.PSG.A
115	50	51	33	74	782	800	25	16	31	44	28	3	35	13	6	435	44	371	226	713	214	145	69	68
97	81	95	18	29	47	23	71	13	773	263	228	86	33	23	803	14	15	17	447	76	77	129	97	555
44	41	42	36	777	51	44	126	9	8	11	17	7	514	12	9	30	821	441	53	31	385	194	54	63
674	758	742	843	50	50	63	708	892	118	612	657	834	348	882	112	451	50	101	204	110	254	462	710	244
>ZN479.H14INVIVO.0.P.C
320	270	72	26	879	194	18	815	5	32	35	59	203	268	1	39	574	95
167	72	17	6	50	76	17	156	786	372	483	32	48	27	5	38	212	410
351	525	812	958	69	176	962	30	18	20	83	481	714	591	989	891	200	54
163	134	100	11	3	555	4	0	192	577	400	429	36	115	6	33	15	442
>ZN480.H14INVIVO.0.P.C
71	9	29	147	178	2	2	86	10	76	99	80	98	131	20	136	8	178	39	13	1	59	36	64
33	261	271	48	9	22	306	113	204	110	88	80	100	82	284	48	288	58	76	18	314	175	120	83
148	38	9	54	111	21	9	40	30	39	105	101	45	66	2	11	2	50	19	8	4	16	36	43
79	23	22	82	33	286	14	92	87	106	39	70	88	52	25	136	33	45	197	292	12	81	139	141
>ZN480.H14INVIVO.1.P.C
27	87	0	189	108	0	0	25	7	60
188	152	293	29	48	0	290	199	151	75
54	3	0	25	6	0	2	4	3	16
26	53	2	52	133	295	3	67	134	144
>ZN483.H14INVIVO.0.P.C
173	71	438	9	255	12	572	5	3	11	87	1	522	68	85	166	149	97
56	278	42	7	2	5	0	0	567	16	9	539	21	42	118	155	192	372
210	196	38	553	302	555	2	570	2	1	473	7	18	439	204	139	116	52
136	30	57	6	16	3	1	0	3	547	6	28	14	26	168	115	118	54
>ZN484.H14INVIVO.0.P.C
237	134	131	34	65	338	58	248	19	311	129	19	257	337	22	286	79	59	36	58	256	292	245
41	19	17	8	4	13	150	26	8	25	13	3	79	2	341	27	41	26	122	42	70	42	34
65	210	193	327	307	25	76	39	339	29	208	341	21	35	7	18	111	278	47	66	38	40	61
36	16	38	10	3	3	95	66	13	14	29	16	22	5	9	48	148	16	174	213	15	5	39
>ZN485.H14INVIVO.0.P.C
78	58	360	81	180	259	45	79	15	15	20	9	32	631	207	726	62	383	5	0	23	9	17
84	560	103	42	311	195	91	574	513	16	707	714	687	25	268	70	148	52	79	824	621	794	552
74	109	87	652	284	288	63	131	19	71	93	2	38	140	96	11	10	178	5	1	5	0	8
591	100	277	52	52	85	628	43	280	725	7	102	70	31	256	20	607	214	738	2	178	24	250
>ZN490.H14INVIVO.0.P.C
10	3	300	588	67	296	1	615	137	1	619	43	596	25	233	342	129	25	49	64	80	4	12
3	0	21	7	5	5	618	0	1	616	0	52	5	280	334	55	65	20	3	5	11	36	509
20	614	15	11	515	314	0	2	478	2	0	183	17	4	9	186	30	17	555	535	458	4	40
586	2	283	13	32	4	0	2	3	0	0	341	1	310	43	36	395	557	12	15	70	575	58
>ZN492.H14INVIVO.0.P.C
69	279	93	50	276	174	39	282	252	287	289	209	3	15	80	181	98	101	81	113
1	3	17	192	0	79	119	3	7	1	0	6	0	2	164	36	51	55	49	45
220	1	180	36	11	36	55	2	27	2	1	62	287	264	10	12	78	55	84	75
0	7	0	12	3	1	77	3	4	0	0	13	0	9	36	61	63	79	76	57
>ZN493.H14INVIVO.0.PSGI.A
308	251	197	251	565	340	238	168	837	184	53	31	629	187	893	772	6	1293	3	1	40	3	10	15	722	311
231	634	789	233	122	122	236	901	162	326	1224	1214	31	26	142	357	1235	8	1	0	2	1333	1306	1209	148	339
524	217	131	522	442	630	496	73	74	143	22	31	541	870	233	14	5	28	1330	1	1111	2	8	15	119	152
276	237	222	333	210	247	369	197	266	686	40	63	138	256	71	196	93	10	5	1337	186	1	15	100	350	537
>ZN497.H14INVIVO.0.SG.D
4556	8589	39	103	2191	264	323	270	6658	520	2208	17	680	328	249	420	6491	648	2209
455	302	2087	150	369	2742	535	8336	355	171	6638	6736	2631	412	470	404	1719	5340	889
3483	486	86	525	7063	51	448	797	785	135	639	15	6248	610	244	2387	809	1663	2026
1188	305	7470	8904	59	6625	8376	279	1884	8856	197	2914	123	8332	8719	6471	663	2031	4558
>ZN500.H14INVIVO.0.PSGI.A
38	42	32	17	2	8	312	18	436	11	41	90	65	57	47
161	283	36	38	449	236	111	408	3	461	245	128	239	338	288
225	64	415	42	10	1	17	51	39	21	34	140	115	48	73
76	111	17	403	39	255	60	23	22	7	180	142	81	57	92
>ZN502.H14INVIVO.0.P.C
42	23	23	83	41	5	145	7	28	65	22	39	7	4	191	14	16	146	9	14	71
10	138	54	28	1	4	17	164	84	18	40	3	1	182	4	3	32	18	23	123	83
146	9	5	40	154	187	18	2	21	85	97	4	195	6	1	171	14	27	137	20	2
5	33	121	52	7	7	23	30	70	35	44	157	0	11	7	15	141	12	34	46	47
>ZN503.H14INVIVO.0.P.B
123	211	8	350	6	46	363	30	19	140	162	144	60
324	139	451	35	34	382	15	6	15	63	34	94	181
31	44	11	22	447	28	67	344	445	209	234	189	92
16	100	24	87	7	38	49	114	15	82	64	67	161
>ZN506.H14INVIVO.0.P.C
97	67	34	43	26	29	27	10	1	0	60	390	30	304	65	339	109	109	472	181	307	155	134
149	292	40	10	2	3	3	4	958	7	791	211	342	510	797	309	130	191	117	351	346	231	397
135	212	19	874	912	868	924	947	3	0	27	338	126	52	31	166	465	597	121	88	122	138	173
581	391	869	35	22	62	8	1	0	955	84	23	464	96	69	148	258	65	252	342	187	438	258
>ZN507.H14INVIVO.0.I.D
42	91	0	0	8	0	87	99	38
68	16	235	100	0	0	71	109	87
67	55	0	135	0	0	77	25	61
58	73	0	0	227	235	0	2	49
>ZN510.H14INVIVO.0.PSG.A
82	61	51	188	156	3	265	115	2	181	318	181	60	98	167	94	127	228	209	109	241	87	61	56
267	24	17	178	30	8	171	3	7	39	69	34	277	148	27	210	63	32	74	26	52	84	54	101
82	120	391	120	64	482	11	377	490	266	86	200	126	106	268	160	153	221	179	334	172	171	306	191
69	295	41	14	250	7	53	5	1	14	27	85	37	148	38	36	157	19	38	31	35	158	79	152
>ZN516.H14INVIVO.0.S.C
1220	270	1631	6771	4730	1	0	0	3868	2259
1767	4238	5037	0	0	0	0	0	1518	2025
2644	428	30	1	4	0	6773	6773	787	2052
1142	1837	75	1	2039	6772	0	0	600	437
>ZN519.H14INVIVO.0.P.C
57	56	32	136	23	257	82	21	49	43	3	333	22	2	4	71	0	5	38	325
43	611	695	58	882	439	63	909	463	40	963	457	28	959	734	4	964	935	787	338
845	290	62	717	51	156	776	24	97	823	5	54	871	8	5	744	7	8	127	226
34	22	190	68	23	127	58	25	370	73	8	135	58	10	236	160	8	31	27	90
>ZN524.H14INVIVO.0.S.D
1384	1698	116	0	3	110	113	48	296	3611	812	826
856	1058	8	58	0	0	188	3728	45	131	402	779
953	590	3869	3960	4031	0	447	238	3650	193	2484	1402
843	690	43	18	2	3926	3288	22	45	101	338	1029
>ZN526.H14INVIVO.0.S.D
2667	3239	893	1157	6613	6616	0	6616	3	109	6	969	278	861	2564	667
1398	459	2303	5278	0	0	0	0	0	4463	0	404	6204	1502	2811	4761
896	1725	700	109	3	0	6616	0	6613	2031	6610	4805	80	3466	372	362
1655	1193	2720	72	0	0	0	0	0	13	0	438	54	787	869	826
>ZN527.H14INVIVO.0.P.C
6	8	6	9	3	2	6	0	22	11	15	2	26	0	61	57	3	9
25	36	15	105	10	9	1	51	2	107	10	7	28	105	21	42	75	91
13	12	31	4	21	108	0	0	73	1	9	56	65	5	29	8	4	11
78	66	70	4	88	3	115	71	25	3	88	57	3	12	11	15	40	11
>ZN528.H14INVIVO.0.P.B
167	191	306	668	160	60	45	905	856	15	64	219	721	26	88	11	23	67	141	500
506	391	422	75	47	10	3	38	34	11	544	726	54	235	157	164	866	194	262	138
148	240	170	175	641	908	935	36	84	858	101	22	95	62	61	184	39	115	448	179
167	166	90	70	140	10	5	9	14	104	279	21	118	665	682	629	60	612	137	171
>ZN529.H14INVIVO.0.P.B
43	37	158	61	135	40	455	14	12	10	16	5	4	622	7	2	1	635	93	7	11	10	14	12	12	324	34	335	263	54	59
248	196	344	54	28	32	50	524	319	664	34	8	292	12	230	666	682	17	12	361	63	55	386	660	659	358	343	18	291	19	13
307	21	127	24	205	294	168	4	2	7	4	13	5	52	5	15	0	15	574	9	10	5	282	2	0	2	135	29	82	61	576
96	440	65	555	326	328	21	152	361	13	640	668	393	8	452	11	11	27	15	317	610	624	12	20	23	10	182	312	58	560	46
>ZN530.H14INVIVO.0.P.B
60	87	32	28	13	2	1	25	80	92	3	2	100	8	28	7	77
364	152	24	319	494	492	530	44	153	31	526	516	160	3	79	472	323
67	86	405	184	17	2	5	5	128	206	2	6	22	24	225	30	41
49	215	79	9	16	44	4	466	179	211	9	16	258	505	208	31	99
>ZN532.H14INVIVO.0.SG.D
2704	3350	3808	3812	3638	735	0	44	0	6206	12	2458	1673
1256	1108	803	214	13	23	0	106	1598	23	5611	3246	1431
1212	969	985	1490	787	3145	6224	6023	53	0	48	265	613
1057	802	633	713	1791	2326	5	56	4578	0	558	260	2512
>ZN534.H14INVIVO.0.P.C
69	219	101	186	47	91	5	3	2	5	2	1	3	96	51	45	274	96
143	223	151	123	264	18	992	86	491	7	994	876	982	771	533	702	509	491
647	487	653	670	96	150	1	0	3	649	1	4	4	55	151	79	117	264
141	71	95	21	593	741	2	911	504	339	3	119	11	78	265	174	100	149
>ZN534.H14INVIVO.1.P.C
180	77	176	184	115	52	15	20	35	4	18	55	5	28	3	14	3	59	0	0	0	0	0	0	0	2	4	0	141	13	87
11	17	10	16	17	19	10	13	17	47	14	16	3	7	5	8	8	2	266	0	20	0	266	264	264	259	145	224	110	123	123
67	159	58	51	123	186	233	221	91	59	155	140	254	229	257	238	2	55	0	0	0	251	0	0	0	1	6	10	5	122	48
8	13	22	15	11	9	8	12	123	156	79	55	4	2	1	6	253	150	0	266	246	15	0	2	2	4	111	32	10	8	8
>ZN536.H14INVIVO.0.SGI.D
1931	818	0	6492	6492	1474	1588	1432
1060	508	0	0	0	0	652	1760
1694	127	0	0	0	4759	2599	1749
1807	5039	6492	0	0	259	1653	1551
>ZN540.H14INVIVO.0.P.C
24	126	121	127	16	90	6	81	33	120	34	67	13	67	101	81	14	67	34	70	62	54	29
60	21	14	5	137	8	66	62	100	26	119	18	33	41	21	25	95	65	67	37	54	28	71
26	6	17	7	1	55	8	2	15	6	1	23	100	36	31	36	18	4	39	32	17	16	39
46	3	4	17	2	3	76	11	8	4	2	48	10	12	3	14	29	20	16	17	23	58	17
>ZN543.H14INVIVO.0.P.C
47	62	49	99	42	120	35	215	181	170	119	72	23	35	27	8	9	61	34	16	141
648	628	508	272	135	698	847	237	554	452	311	188	13	628	834	684	814	780	165	867	712
116	143	138	312	625	121	13	176	87	258	214	643	814	169	23	53	58	28	177	34	27
164	142	280	292	173	36	80	347	153	95	331	72	125	143	91	230	94	106	599	58	95
>ZN547.H14INVIVO.0.P.B
105	99	50	24	200	533	695	105	3	2	283	178	10	572	237	159	75	481	132	341	30	386
155	86	72	596	64	89	6	144	38	728	118	23	650	82	63	46	596	58	168	48	591	164
251	73	576	2	58	75	28	27	402	1	53	492	14	20	386	475	19	135	157	272	63	52
220	473	33	109	409	34	2	455	288	0	277	38	57	57	45	51	41	57	274	70	47	129
>ZN548.H14INVIVO.0.P.B
43	188	215	55	148	52	45	179	180	55	20	43	33	15	9	106	4	11	285	17	24	29	45
221	52	32	42	45	64	158	56	68	15	13	67	11	78	252	26	6	244	10	2	11	20	126
55	72	74	218	115	63	96	92	56	247	299	34	250	150	21	90	315	59	19	308	289	264	43
14	21	12	18	25	154	34	6	29	16	1	189	39	90	51	111	8	19	19	6	9	20	119
>ZN549.H14INVIVO.0.P.B
493	53	43	28	830	47	60	570	640	34	141	143	8	57	24	739	15	20	492	70	120	169
68	98	109	637	13	27	105	112	15	346	278	5	14	67	830	57	25	789	190	427	424	401
72	209	82	16	26	262	620	130	167	24	33	717	849	755	22	56	825	43	95	142	92	163
249	522	648	201	13	546	97	70	60	478	430	17	11	3	6	30	17	30	105	243	246	149
>ZN550.H14INVIVO.0.P.C
0	0	4	0	4	1	0	55	0	0	11	0	0	0	0	61	0	0	58	3	56	4	7	0	0	1	0	0	0	53	2
54	5	0	55	8	0	61	0	61	0	0	60	61	56	0	0	0	60	3	0	1	3	1	5	0	53	3	59	54	3	5
0	1	1	0	1	60	0	0	0	0	50	0	0	0	0	0	61	0	0	53	0	54	53	1	0	0	0	1	0	4	1
7	55	56	6	48	0	0	6	0	61	0	1	0	5	61	0	0	1	0	5	4	0	0	55	61	7	58	1	7	1	53
>ZN551.H14INVIVO.0.PSG.A
663	607	580	640	614	171	109	138	191	83	172	802	103	612	72	143	259	765	260	83	83
85	77	212	87	100	647	213	513	49	17	51	83	548	70	729	420	83	64	13	80	633
143	276	134	153	229	116	162	254	244	868	756	94	279	239	117	118	638	132	699	782	79
109	40	74	120	57	66	516	95	516	32	21	21	70	79	82	319	20	39	28	55	205
>ZN554.H14INVIVO.0.P.C
349	214	86	333	45	658	131	13	10	746	140	170	109	416	103	194	138	164	423	135	195
89	106	776	115	62	13	20	547	973	77	261	215	169	46	71	59	100	110	134	668	122
234	614	20	145	849	290	835	55	4	100	285	420	162	406	749	426	453	295	359	82	128
320	58	110	399	36	31	6	377	5	69	306	187	552	124	69	313	301	423	76	107	547
>ZN554.H14INVIVO.1.P.C
340	170	114	370	51	706	92	43	81	703
94	122	800	67	31	8	11	483	865	146
231	668	45	50	892	260	850	89	40	74
350	55	56	528	41	41	62	400	29	92
>ZN557.H14INVIVO.0.P.C
188	322	521	48	40	72	120	142	266	304	189	182	25	140	293	51	452	46	40	126	51	81	235	143	22
46	39	22	329	445	100	41	175	100	83	88	20	9	78	18	121	46	160	70	63	161	201	80	50	58
353	152	108	121	134	75	470	272	235	150	323	203	639	397	266	80	144	210	109	240	276	122	255	341	551
88	162	24	177	56	428	44	86	74	138	75	270	2	60	98	423	33	259	456	246	187	271	105	141	44
>ZN558.H14INVIVO.0.P.B
96	256	580	63	57	670	630	707	21	634	97	708	12	269	641	692	91	190	43	672	43	761	214	667	11
44	20	56	34	16	38	102	0	15	13	517	16	147	124	72	28	150	513	300	26	647	0	124	12	50
62	484	105	16	616	44	18	65	690	110	25	15	8	302	41	34	48	9	27	38	7	9	321	79	19
577	19	38	666	90	27	29	7	53	22	140	40	612	84	25	25	490	67	409	43	82	9	120	21	699
>ZN560.H14INVIVO.0.P.C
17	11	424	10	14	23	7	439	10	15	11	9	449	15	14	5	18	25	27	33	26	206	430
451	472	42	396	40	19	448	33	459	41	468	472	19	25	464	474	23	25	22	35	303	32	43
24	13	27	14	19	457	22	18	22	18	13	7	22	466	21	8	10	449	447	430	44	268	26
21	17	20	93	440	14	36	23	22	439	21	25	23	7	14	26	462	14	17	15	140	7	14
>ZN561.H14INVIVO.0.P.C
310	88	75	95	85	44	149	27	20	460	2	519	479	442	101	52	32	40	116	35	123	70	50	22	69
116	345	198	137	85	433	72	13	607	117	9	28	33	39	71	67	147	164	197	481	234	328	334	384	371
152	177	99	125	177	153	96	617	31	42	648	107	144	149	454	505	440	153	298	96	101	144	96	77	131
84	52	290	305	315	32	345	5	4	43	3	8	6	32	36	38	43	305	51	50	204	120	182	179	91
>ZN562.H14INVIVO.0.P.C
88	6	6	5	0	1	0	286	1	1	292	285	0	0	0	283	268	89	9	0	69	141	68	4	10
8	31	7	0	286	15	289	0	2	285	0	1	1	0	291	6	17	2	2	4	3	85	142	71	75
7	10	9	1	2	0	0	6	287	2	0	1	291	292	0	2	7	0	2	3	6	6	4	7	5
189	245	270	286	4	276	3	0	2	4	0	5	0	0	1	1	0	201	279	285	214	60	78	210	202
>ZN563.H14INVIVO.0.P.C
263	82	184	233	21	1	231	68	101	316	113	187	169	68	38	654	288	12	179	50	122
93	92	93	269	29	747	576	162	333	116	546	359	82	65	690	225	99	872	155	91	323
456	675	511	262	156	31	20	106	292	227	188	24	527	660	208	6	493	11	87	688	105
140	103	164	188	746	173	125	616	226	293	105	382	174	159	16	67	72	57	531	123	402
>ZN563.H14INVIVO.1.P.C
107	419	160	492	65	128	160	922	98	19	588	80	324	306	144
445	283	552	95	20	97	766	6	13	885	64	299	425	119	464
337	182	243	27	884	716	58	4	791	77	87	529	98	412	261
113	118	47	388	33	61	18	70	100	21	263	94	155	165	133
>ZN564.H14INVIVO.0.P.C
4	19	11	61	840	3	4	6	11	39	2	828	30	7	1	32	2	12	820	15	826	756	12
11	9	2	10	8	840	7	9	734	783	853	11	12	788	850	114	790	678	2	27	6	23	702
2	22	841	784	9	5	1	21	47	19	1	11	797	7	1	5	36	18	29	799	19	74	11
842	809	5	4	2	11	847	823	67	18	3	9	20	57	7	708	31	151	8	18	8	6	134
>ZN565.H14INVIVO.0.P.C
389	87	42	106	206	14	4	676	10	94	33	18	65	25	133	641	7	14	603	530	113	14	28	22	619	534	67	44	301	247	41
31	23	596	338	10	677	698	14	14	39	289	49	15	24	47	7	6	9	35	89	26	652	428	644	28	35	71	481	209	91	495
253	569	18	38	445	8	1	6	8	537	31	8	593	116	501	46	687	679	54	24	557	11	19	21	20	116	511	82	67	320	78
32	26	49	223	44	6	2	9	673	35	352	630	32	540	24	11	5	3	13	62	9	28	230	18	38	20	56	98	128	47	91
>ZN566.H14INVIVO.0.P.C
31	204	2	7	23	3	24	248	212	54	50	5	254	36	7	7	59	45	40	61	176	159	113	43	44
36	26	11	261	14	22	198	3	40	6	3	4	27	13	55	252	35	16	24	51	65	52	47	42	55
60	41	272	20	73	251	42	32	33	228	222	272	4	221	174	24	63	212	212	161	39	67	79	102	139
161	17	3	0	178	12	24	5	3	0	13	7	3	18	52	5	131	15	12	15	8	10	49	101	50
>ZN567.H14INVIVO.0.P.C
809	612	161	774	338	262	147	708	683	89	908	277	961	940	436	125	907	38	861	59	157	122	587	158	792	292	724	105	151	529
43	91	568	96	74	121	632	129	103	275	26	86	2	13	129	575	9	12	4	761	680	686	115	305	56	30	49	50	43	247
91	146	94	74	494	134	71	70	119	41	26	579	34	28	384	39	31	939	133	32	32	26	63	419	115	593	178	96	732	131
59	153	179	58	96	485	152	95	97	597	42	60	5	21	53	263	55	13	4	150	133	168	237	120	39	87	51	751	76	95
>ZN568.H14INVIVO.0.SG.D
2950	4651	2534	4191	7654	8180	13	9133	9137	13	6394	115	273	2307	2114	1352	1713	1788
3504	1351	2001	3020	74	70	24	27	4	9020	49	50	6553	3056	1145	1780	1758	4740
1491	1752	972	1291	1354	490	9152	15	39	112	2517	8864	1364	652	5007	1484	1450	1370
1265	1456	3703	708	128	470	21	35	30	65	250	181	1020	3195	944	4594	4289	1312
>ZN569.H14INVIVO.0.SG.D
944	1129	527	15	46	2119	239	176	2209	27	5	2213	64	754	1424	660	499	904	636	491	1209	1226	1415	1107	1427	794
377	230	377	9	0	95	1458	38	7	118	30	7	309	57	705	790	374	628	502	471	494	578	133	189	307	462
480	555	656	2191	2177	6	270	21	3	2070	1	1	1151	10	20	367	74	309	628	242	217	225	149	120	254	497
423	310	664	9	1	4	257	1989	5	9	2188	3	700	1403	75	407	1277	383	458	1020	304	195	527	808	236	471
>ZN570.H14INVIVO.0.P.C
95	23	122	29	112	23	82	86	13	64	33	93	102	0	125	118	124	110	0
7	0	3	26	10	8	25	9	33	21	76	19	2	0	0	6	0	3	55
2	102	0	5	2	8	11	14	5	20	8	0	7	125	0	1	1	10	17
21	0	0	65	1	86	7	16	74	20	8	13	14	0	0	0	0	2	53
>ZN573.H14INVIVO.0.P.C
98	212	818	46	183	239	581	348	104	13	174	612	10	944	367	303	313	792	259	47	602	134	483	301
175	619	28	50	459	627	165	90	1	2	547	377	908	48	543	256	567	88	42	145	115	186	254	377
118	75	120	846	90	53	112	355	900	988	8	13	22	6	91	135	90	75	530	676	190	555	115	183
614	99	39	63	273	86	147	212	0	2	276	3	65	7	4	311	35	50	174	137	98	130	153	144
>ZN574.H14INVIVO.0.P.B
75	147	133	136	5	5	10	14	564	17	23	300	172
57	560	746	156	800	17	958	57	81	48	398	459	275
610	213	36	353	9	12	19	9	285	683	537	131	219
258	80	85	355	186	966	13	920	70	252	42	110	334
>ZN575.H14INVIVO.0.PSG.A
275	259	724	85	97	104	22	473	0	19	1911	8	22	1818	559	271	572
501	445	68	1089	371	9	1868	52	0	1861	0	1	1520	17	266	786	429
714	215	920	510	67	1771	15	1383	1907	1	1	1902	23	56	1021	223	596
422	993	200	228	1377	28	7	4	5	31	0	1	347	21	66	632	315
>ZN577.H14INVIVO.0.P.B
62	44	126	105	73	81	14	44	8	1	7	10	88	275	1	1	79	9	19
31	169	89	42	59	53	245	186	150	278	11	21	5	0	0	133	136	212	92
149	38	34	111	110	119	10	1	6	1	0	7	186	3	279	145	18	38	15
38	29	31	22	38	27	11	49	116	0	262	242	1	2	0	1	47	21	154
>ZN578.H14INVIVO.0.P.B
1	0	0	2	229	15	0	1	34	222	2	213	1	222	0	227	0	1	0	0	0
230	228	0	0	2	0	2	137	3	3	206	8	1	0	226	1	4	230	229	1	227
0	2	2	230	1	217	230	0	189	5	1	10	0	6	3	2	3	0	0	1	2
1	2	230	0	0	0	0	94	6	2	23	1	230	4	3	2	225	1	3	230	3
>ZN580.H14INVIVO.0.SM.D
2666	2163	15	0	8973	0	0	1184	966	2045
2663	4512	8941	0	0	8973	8973	4734	1779	2803
1478	1927	0	0	0	0	0	681	252	1686
2166	371	17	8973	0	0	0	2374	5976	2439
>ZN580.H14INVIVO.1.SM.D
2490	2742	2447	1966	1693	1869	1891	2740	2351	228	3	8983	0	0	1517	999	2163
2940	3408	4240	4833	4683	3813	3064	2243	4592	8521	0	0	8983	8983	4864	1658	2876
995	690	551	675	753	927	902	1805	1632	4	0	0	0	0	497	440	1831
2558	2143	1745	1509	1854	2374	3126	2195	408	230	8980	0	0	0	2105	5886	2113
>ZN582.H14INVIVO.0.P.C
136	103	74	30	1	13	526	442	18	11	349
4	11	427	4	6	483	12	14	23	35	18
397	339	29	12	536	43	4	74	395	155	157
9	93	16	500	3	7	4	16	110	345	22
>ZN584.H14INVIVO.0.P.B
317	17	5	5	33	326	197	361	353	54	18	34	7	19	270	57	1	63	232	51	60	322	97
24	6	2	6	322	34	4	10	3	69	10	6	307	25	19	16	2	2	19	252	276	19	53
38	3	4	6	8	24	166	15	2	14	16	344	1	12	40	18	385	312	112	17	11	31	201
12	365	380	374	28	7	24	5	33	254	347	7	76	335	62	300	3	14	28	71	44	19	40
>ZN584.H14INVIVO.1.P.C
40	49	4	2	0	7	64	67	73	62	28	11	6	2
16	6	4	0	2	62	9	1	4	4	27	3	2	59
8	20	0	2	0	1	4	8	1	1	3	5	71	2
15	4	71	75	77	9	2	3	1	12	21	60	0	16
>ZN586.H14INVIVO.0.P.C
26	963	14	14	24	19	19	940	40	26	977	13	21	749	837	923	810	992	902	6	10	56	4
13	3	0	5	858	874	114	8	2	0	0	0	0	27	120	12	6	3	2	31	0	10	24
950	22	976	971	19	8	14	40	953	967	15	972	963	214	12	9	162	1	87	10	983	894	11
7	8	6	6	95	95	849	8	1	3	4	11	12	6	27	52	18	0	5	949	3	36	957
>ZN587.H14INVIVO.0.P.C
82	233	90	42	19	46	17	10	66	2	0	28	398	311	24	252	26	17	48	48	53	56	96
209	44	63	162	30	8	37	380	2	423	415	375	9	70	332	35	72	53	22	42	65	285	153
48	53	117	123	50	304	362	5	350	2	1	16	10	36	29	116	34	233	323	261	192	45	47
90	99	159	102	330	71	13	34	11	2	13	10	12	12	44	26	297	126	36	78	119	43	133
>ZN595.H14INVIVO.0.P.C
218	9	38	10	93	221	28	175	9	81	72	7	8	158	258	251	166	9	236	34	20	29	21
29	18	1	35	13	10	35	34	4	7	35	19	24	19	5	11	17	235	20	186	59	44	18
20	9	233	97	9	39	165	53	261	166	12	9	72	94	11	12	30	26	10	10	10	43	166
11	242	6	136	163	8	50	16	4	24	159	243	174	7	4	4	65	8	12	48	189	162	73
>ZN605.H14INVIVO.0.P.C
103	100	647	148	691	85	71	242	13	43	47	21	48	21	7	23	817	700	498	251	491	20	172
599	630	88	147	109	237	452	52	37	27	26	243	266	128	933	32	56	126	157	159	371	816	712
106	104	134	637	83	94	54	152	128	903	857	50	122	58	8	10	70	32	132	111	80	23	20
196	170	135	72	121	588	427	558	826	31	74	690	568	797	56	939	61	146	217	483	62	145	100
>ZN606.H14INVIVO.0.PSG.A
57	280	62	240	59	20	388	9	2	444	334	436	4	9	9	358	61	47	67
230	47	23	66	68	11	19	1	3	0	6	3	439	427	3	42	9	40	283
69	77	350	94	54	416	17	439	443	0	108	10	3	2	425	4	364	350	45
93	45	14	49	268	2	25	0	1	5	1	0	3	11	12	45	15	12	54
>ZN610.H14INVIVO.0.P.B
50	371	44	25	7	93	0	1	2	32	22	54	416	105
625	353	19	930	911	7	998	2	995	814	547	612	328	320
223	146	911	32	3	893	0	4	1	43	158	167	157	109
102	130	26	13	79	7	2	993	2	111	273	167	99	466
>ZN610.H14INVIVO.1.P.C
506	72	59	67	480	46	573	49	20	22	249	4	13	7	31	21	36	583	93	65	126	39	76
224	199	250	229	243	734	203	50	897	778	69	974	19	925	840	672	714	237	209	360	258	733	198
142	161	95	135	161	112	68	840	32	25	638	10	25	44	32	77	70	93	82	190	534	49	120
127	567	595	568	115	107	155	60	50	174	43	11	942	23	96	229	179	86	615	384	81	178	605
>ZN611.H14INVIVO.0.P.C
44	33	40	18	265	3	114	11	10	6	5	119	48	94	117	124	25	54	25	91	35	26	23
66	73	9	4	6	4	146	1	265	273	94	100	67	35	105	115	168	37	97	141	118	59	138
152	87	237	268	12	282	9	273	11	0	35	63	40	154	54	32	67	167	161	32	47	181	79
29	98	5	1	8	2	22	6	5	12	157	9	136	8	15	20	31	33	8	27	91	25	51
>ZN611.H14INVIVO.1.P.C
9	5	2	14	27	9	788	293	19	7	10	737	8	8	793	3	13	51	2	0	4	1	2	3	5
12	793	8	8	6	9	4	3	12	9	3	3	2	4	3	2	699	16	709	800	10	791	21	3	786
8	5	4	778	766	785	10	151	774	10	791	55	795	793	4	798	4	735	3	3	2	8	5	793	4
777	3	792	6	7	3	4	359	1	780	2	11	1	1	6	3	90	4	92	3	790	6	778	7	11
>ZN613.H14INVIVO.0.P.C
35	5	89	58	108	93	36	27	5	3	12	5	53	39	124	42	23	45	31	38	65	99	46	45	84
101	297	103	61	69	33	32	86	2	37	12	12	22	19	30	63	80	30	33	115	124	37	21	69	35
165	30	8	109	39	36	78	21	20	19	2	15	30	21	24	66	29	63	139	79	9	46	141	50	95
62	31	163	135	147	201	217	229	336	304	337	331	258	284	185	192	231	225	160	131	165	181	155	199	149
>ZN614.H14INVIVO.0.P.C
112	6	39	4	25	234	17	26	12	146	228	11	27	77	181	46
18	248	24	28	60	6	42	211	20	102	22	8	8	5	24	99
62	22	15	12	153	25	36	26	62	19	3	14	103	164	41	86
90	6	204	238	44	17	187	19	188	15	29	249	144	36	36	51
>ZN615.H14INVIVO.0.P.C
95	79	19	61	68	26	30	6	2	98	23	1	109	48	10	20	95	28	63	15
5	3	57	5	7	69	17	3	36	8	2	102	1	8	75	15	4	9	0	3
7	20	5	37	29	8	8	5	2	0	4	5	0	39	3	17	8	67	24	86
3	8	29	7	6	7	55	96	70	4	81	2	0	15	22	58	3	6	23	6
>ZN616.H14INVIVO.0.P.C
181	283	300	197	381	167	37	83	204	910	39	45	345	18	133	445	168	138	475	218	131	89	115	146	394
97	195	55	186	26	2	13	95	1	6	1	662	33	426	200	61	250	123	89	176	224	582	552	468	182
587	111	512	225	382	777	890	29	750	31	917	56	559	16	591	199	418	248	263	413	113	109	153	138	228
92	368	90	349	168	11	17	750	2	10	0	194	20	497	33	252	121	448	130	150	489	177	137	205	153
>ZN618.H14INVIVO.0.G.D
54	62	51	60	56	39	18	0	1	2	57	91	63	44	19	9	12	31	46	84
28	9	2	2	3	11	6	1	0	1	36	0	14	9	2	0	6	30	34	4
8	2	11	12	14	6	0	2	27	35	1	3	14	5	8	3	27	3	0	0
4	21	30	20	21	38	70	91	66	56	0	0	3	36	65	82	49	30	14	6
>ZN621.H14INVIVO.0.P.C
164	178	196	86	11	12	18	23	223	18	48	26	121	184	36	93	74	47	38
24	29	19	44	11	204	164	215	4	3	3	14	108	8	23	50	87	68	129
53	42	32	110	38	25	26	6	15	216	204	206	15	18	175	95	68	37	36
16	8	10	17	197	16	49	13	15	20	2	11	13	47	23	19	28	105	54
>ZN623.H14INVIVO.0.PG.A
36	64	107	332	11	6	175	0	849	3	9	171	8	41	3	1	8	12	16	877	15
674	739	194	17	908	950	331	972	31	2	3	58	955	921	38	5	8	9	914	43	800
113	45	120	613	29	6	38	2	65	966	938	738	0	3	3	5	74	945	15	28	31
155	130	557	16	30	16	434	4	33	7	28	11	15	13	934	967	888	12	33	30	132
>ZN626.H14INVIVO.0.P.C
116	13	145	80	6	11	7	10	68	44	17	59	16	2	27	17	29	5	2	7	3
1	5	27	41	3	13	67	5	110	37	26	22	30	0	55	96	157	193	128	1	28
93	13	21	24	171	157	6	9	25	1	20	94	4	202	104	0	17	3	4	35	147
0	179	17	65	30	29	130	186	7	128	147	35	160	6	24	97	7	9	76	167	32
>ZN627.H14INVIVO.0.P.C
35	14	862	18	107	0	2	2	3	909	925	37	863	117	19	150	50	98	25	21	27	858	914
5	64	1	1	7	24	924	9	875	3	2	784	14	31	54	7	14	56	850	42	18	21	8
887	17	59	908	778	0	0	1	8	15	4	25	23	766	21	751	842	740	14	3	32	23	6
4	836	9	4	39	907	5	919	45	4	0	85	31	17	837	23	25	37	42	865	854	29	3
>ZN646.H14INVIVO.0.PSG.A
1	2	3	0	22	3	53	1	10	1	9	9	11	13	6	15	3	4	2	0	1
1	2	1	0	3	17	63	13	7	0	14	1	0	7	16	0	6	2	4	0	3
243	5	250	1	223	17	91	26	218	5	236	0	250	20	171	115	78	164	78	158	109
17	253	8	261	14	225	55	222	27	256	3	252	1	222	69	132	175	92	178	104	149
>ZN648.H14INVIVO.0.PSGI.A
151	74	32	3	4	1	1	4	2	13	66	53	52
110	76	113	486	1	430	491	466	465	245	179	353	308
167	314	259	5	22	2	0	2	2	6	22	29	37
72	36	96	6	473	67	8	28	31	236	233	65	103
>ZN649.H14INVIVO.0.P.C
2	975	0	974	0	974	975	1	10	1	1	4	1	7	12	1	1	6	25	2	11	324	2	6	2
3	0	0	0	6	1	0	2	947	3	968	955	5	1	7	5	1	162	6	956	797	10	15	4	4
967	0	0	1	0	0	0	1	9	0	2	11	0	962	946	3	971	4	936	6	7	630	2	8	5
3	0	975	0	969	0	0	971	9	971	4	5	969	5	10	966	2	803	8	11	160	11	956	957	964
>ZN652.H14INVIVO.0.PS.A
71	604	778	697	48	245	2	1	4	986	967
239	145	63	21	36	3	2	1	6	6	20
433	137	111	235	836	734	995	0	10	4	8
257	114	48	47	80	18	1	998	980	4	5
>ZN660.H14INVIVO.0.SM.D
2259	5210	1331	71	136	9056	33	1212	4316	296	276	1053	5492	2562	1367	487	1285
2996	1563	1690	325	457	491	285	554	1642	7080	8529	7429	1868	3889	5722	6288	1407
2382	2447	389	89	9058	86	89	1770	3155	442	446	599	863	903	1057	556	1869
2058	475	6285	9210	44	62	9288	6159	582	1877	444	614	1472	2341	1549	2364	5134
>ZN662.H14INVIVO.0.P.C
75	80	204	30	2	12	248	18	10	76	10	21	39	39	5	2	28	178	29	41	63	52
109	58	58	40	350	52	18	49	332	251	317	190	61	35	266	350	29	68	227	244	95	146
47	192	88	100	12	0	59	230	5	12	15	75	72	191	90	0	15	63	34	22	33	56
142	43	23	203	9	309	48	76	26	34	31	87	201	108	12	21	301	64	83	66	182	119
>ZN664.H14INVIVO.0.P.C
467	13	62	527	818	436	6	34	969	91	404	434	480	208	98	695	74	224	473
102	74	3	47	46	159	7	12	6	11	439	18	221	458	25	34	529	57	86
206	2	13	8	94	82	2	868	6	847	69	31	157	123	30	160	76	96	139
225	911	922	418	42	323	985	86	19	51	88	517	142	211	847	111	321	623	302
>ZN664.H14INVIVO.1.P.C
7	14	174	264	135	0	7	309	13	126	154
18	0	9	18	46	1	5	1	6	167	10
2	7	2	23	24	1	285	3	302	17	9
296	302	138	18	118	321	26	10	2	13	150
>ZN665.H14INVIVO.0.PSG.A
358	1515	1751	395	4866	4151	1631	224	1046	2889	5033	2743	5072	1899	1159	191	442	2091	322	203	3408	75	5099	555	1538
204	2821	236	101	162	136	2941	40	240	64	14	63	13	2656	1249	62	3310	2730	1589	264	1406	21	123	1490	113
4362	340	208	4698	120	779	454	357	3809	2275	179	1191	157	519	379	1168	49	81	76	183	259	5115	6	2927	3435
324	572	3053	54	100	182	222	4627	153	20	22	1251	6	174	2461	3827	1447	346	3261	4598	175	37	20	276	162
>ZN667.H14INVIVO.0.P.C
188	102	273	60	61	25	70	202	82	461	458	364	752	67	20	51	20	500	125	103
112	145	85	44	169	802	568	86	192	176	228	143	54	58	685	292	752	311	268	567
206	590	154	556	466	58	17	104	80	55	125	403	79	688	27	9	81	25	235	40
423	92	417	269	233	44	274	537	575	237	118	19	44	116	197	577	76	93	301	219
>ZN667.H14INVIVO.1.P.C
40	300	273	206	372	7	3	15	11	242
68	28	53	8	3	6	324	85	368	120
33	26	33	176	13	379	6	19	9	8
261	48	43	12	14	10	69	283	14	32
>ZN668.H14INVIVO.0.SG.D
102	151	37	212	13	18	914	81	1	953	2	9	83	523	77	191	369	161
228	246	842	61	448	42	4	0	1	1	995	988	777	114	54	362	119	131
512	417	31	126	37	9	57	880	998	46	0	1	35	94	811	346	386	583
158	186	90	601	502	931	25	39	0	0	3	2	105	269	58	101	126	125
>ZN669.H14INVIVO.0.P.B
39	94	266	39	26	66	310	44	344	56	26	101	42	8	3	290	5	8	156	22	11	14	263
56	115	32	44	248	79	24	55	17	45	183	19	4	5	392	9	10	364	6	178	380	370	92
274	36	80	273	21	36	55	283	14	283	27	270	353	44	8	99	24	11	232	158	6	7	21
35	159	26	48	109	223	15	22	29	20	168	14	5	347	1	6	365	21	10	46	7	13	28
>ZN669.H14INVIVO.1.P.C
6	47	3	3	0	164	0	1	67	10	0	1
111	1	1	1	223	0	3	217	0	101	221	216
9	171	219	12	0	58	5	0	155	93	1	0
97	4	0	207	0	1	215	5	1	19	1	6
>ZN671.H14INVIVO.0.P.C
119	461	551	231	83	172	869	337	52	14	3	948	366	15	254	242	496	362	168	98	128	445	288
59	86	67	58	60	7	18	53	54	5	8	26	13	179	75	88	81	170	36	50	73	25	54
583	419	277	221	522	816	106	431	87	976	986	18	247	354	619	629	179	368	373	807	495	456	590
239	34	105	490	335	5	7	179	807	5	3	8	374	452	52	41	244	100	423	45	304	74	68
>ZN672.H14INVIVO.0.PSG.A
15	68	35	100	19	49	3	199	1	31	28	23	96	74	9	13	50	47
179	15	24	102	25	8	241	16	0	3	6	11	52	96	17	18	59	143
33	127	188	45	174	192	5	7	252	214	218	215	95	52	38	183	123	46
27	44	7	7	36	5	5	32	1	6	2	5	11	32	190	40	22	18
>ZN674.H14INVIVO.0.P.C
76	134	81	16	6	18	85	190	5	0	1	9	36	63	79	104	57
277	347	251	3	16	366	7	278	8	717	770	448	226	266	49	373	364
144	200	50	592	685	105	673	240	0	53	1	5	214	401	560	190	132
276	92	391	162	66	284	8	65	760	3	1	311	297	43	85	106	220
>ZN675.H14INVIVO.0.P.C
436	31	905	10	10	20	16	16	893	35	26	921	17	21	731	799	869	787	935	824	7	14	53	4	9
9	12	3	0	3	823	838	118	7	0	1	0	0	1	14	98	13	6	0	2	30	0	11	23	15
472	891	22	923	919	15	6	13	33	901	908	13	914	906	189	15	13	131	2	102	9	918	835	8	16
20	3	7	4	5	79	77	790	4	1	2	3	6	9	3	25	42	13	0	9	891	5	38	902	897
>ZN676.H14INVIVO.0.PSG.A
93	320	81	61	4	31	89	2	52	61	343	65
80	9	16	29	48	459	22	11	299	159	12	10
303	150	394	316	434	4	74	469	107	262	138	404
24	21	9	94	14	6	315	18	42	18	7	21
>ZN677.H14INVIVO.0.P.C
62	27	30	33	33	1	0	8	1	114	11	12	55	90	25	40	16	5	12
28	210	10	15	15	1	257	5	6	18	66	134	6	9	12	36	16	108	194
154	10	9	201	21	13	1	1	1	84	20	2	133	147	170	125	6	5	12
17	14	212	12	192	246	3	247	253	45	164	113	67	15	54	60	223	143	43
>ZN678.H14INVIVO.0.PSG.A
15	95	50	52	11	18	155	113	19	25	0	7	5	145	17	39	72	33	119	10	25
5	6	9	7	3	131	2	12	46	0	0	5	122	3	5	46	41	99	10	16	122
147	60	78	31	133	9	10	36	18	142	167	156	5	6	143	72	17	18	28	133	18
1	7	31	78	21	10	1	7	85	1	1	0	36	14	3	11	38	18	11	9	3
>ZN680.H14INVIVO.0.P.B
121	155	439	131	189	257	52	107	802	595	1	863	798	60	863	679	11	190	754	84	90
509	403	69	259	20	146	728	694	5	5	0	1	0	3	1	67	63	56	10	6	41
86	106	295	111	633	118	22	16	43	247	863	0	56	790	0	22	39	445	27	763	694
148	200	61	363	22	343	62	47	14	17	0	0	10	11	0	96	751	173	73	11	39
>ZN681.H14INVIVO.0.P.C
13	23	16	31	19	19	20	13	15	70	38	3	16	85	6	154	3	0	5	30	7
193	222	221	136	97	205	128	88	137	114	60	371	293	25	341	111	85	362	383	23	79
27	12	12	24	65	110	19	171	12	196	21	5	4	82	3	113	19	3	1	2	8
158	134	142	200	210	57	224	119	227	11	272	12	78	199	41	13	284	26	2	336	297
>ZN682.H14INVIVO.0.P.B
578	138	587	625	70	56	55	79	68	114	120	369	84	158	101	69	700	903	17	7	11	17	118
117	158	195	109	765	808	748	204	694	600	484	109	32	36	729	203	152	18	26	875	919	925	687
204	623	118	148	99	59	63	70	69	140	81	399	803	742	51	86	107	30	898	30	7	6	42
68	48	67	85	33	44	101	614	136	113	282	90	48	31	86	609	8	16	26	55	30	19	120
>ZN682.H14INVIVO.1.P.B
59	95	55	56	226	395	3	1	1	2	81
37	31	238	162	156	3	6	390	395	397	199
271	246	56	74	16	1	390	4	0	0	39
34	29	52	109	3	2	2	6	5	2	82
>ZN683.H14INVIVO.0.PSG.A
3091	439	2377	25	8602	8601	8579	2	44	720	2733
578	234	539	59	8	2	18	15	146	518	1255
3939	7394	1105	8508	16	21	36	8619	375	5216	3029
1032	573	4619	48	14	16	7	4	8075	2186	1623
>ZN684.H14INVIVO.0.P.C
52	344	16	318	8	6	6	5	323	2	13	0	2	40	20	37
152	39	360	34	34	9	432	428	4	411	421	422	439	34	44	59
83	40	42	35	397	11	6	2	35	28	4	2	1	23	11	152
163	27	32	63	11	424	6	15	88	9	12	26	8	353	375	202
>ZN684.H14INVIVO.1.M.C
2367	935	2066	1053	805	230	243	3168	2	187	1	439	1054	1055	1150
2114	3863	3005	1857	2470	5354	5503	0	5656	5655	5859	4072	1347	1726	2214
751	585	338	1940	187	244	2	218	41	288	0	236	203	417	1316
900	749	723	1282	2670	304	384	2746	433	2	272	1385	3528	2934	1452
>ZN689.H14INVIVO.0.PSG.A
502	98	251	137	473	632	318	24	29	676	774	23	707	521	137	337	29	771	555	32	526
48	26	614	638	187	45	173	17	617	13	74	47	64	107	124	61	627	93	42	9	184
118	701	23	12	27	146	23	854	55	154	22	37	19	97	508	441	93	17	112	830	96
228	71	8	109	209	73	382	1	195	53	26	789	106	171	127	57	147	15	187	25	90
>ZN692.H14INVIVO.0.P.C
121	112	5	38	116	7	7	17	945	3	250
408	96	7	11	290	913	970	975	5	904	522
183	606	954	925	551	7	4	2	33	66	36
287	185	33	25	42	72	18	5	16	26	191
>ZN696.H14INVIVO.0.PSG.A
729	692	183	10	42	1	2128	2117	1	1864	2063	1555	4	768	142	140	116	634	29	1265	157	130	425
279	223	530	3	4	2	11	11	3	220	6	34	12	181	197	282	1974	219	18	437	39	267	401
680	899	574	2127	346	3	3	14	2138	15	54	228	2111	1144	578	620	30	222	2080	160	1682	1224	794
454	328	855	2	1750	2136	0	0	0	43	19	325	15	49	1225	1100	22	1067	15	280	264	521	522
>ZN699.H14INVIVO.0.PSG.A
13	7	41	10	58	21	61	10	1	67	3	9	5	62	44	17	22	77	63	6	8
10	39	3	51	10	8	1	3	78	2	0	6	55	3	11	3	7	4	2	2	2
11	12	34	11	14	49	13	68	6	14	83	69	1	19	15	11	55	5	21	77	73
52	28	8	14	4	8	11	5	1	3	0	2	25	2	16	55	2	0	0	1	3
>ZN700.H14INVIVO.0.PSG.A
1865	3740	3776	4934	24	3103	967	0	4865	911	281	919
620	1355	268	112	7655	3	7	0	1757	6075	3542	1425
4218	1400	3483	2806	0	4788	6912	0	198	702	304	1842
1192	1400	368	43	216	1	9	7895	1075	207	3768	3709
>ZN701.H14INVIVO.0.P.B
74	63	15	202	7	65	203	9	32	105	136	122	25	2	1	35	17	66	156
23	20	2	0	5	131	2	121	123	39	16	18	2	2	2	2	3	23	25
95	78	203	14	203	17	14	46	25	22	32	65	188	216	213	174	187	118	18
28	59	0	4	5	7	1	44	40	54	36	15	5	0	4	9	13	13	21
>ZN701.H14INVIVO.1.P.B
132	128	44	9	3	23	3	3	180	145	18
25	16	5	2	1	0	0	0	33	8	49
35	23	161	197	213	186	216	211	0	25	72
28	53	10	12	3	11	1	6	7	42	81
>ZN703.H14INVIVO.0.P.C
7	0	19	50	3	1	20
0	1	1	0	1	1	2
0	1	1	0	0	47	27
43	48	29	0	46	1	1
>ZN704.H14INVIVO.0.SM.D
1163	1575	998	1423	427	633	154	27	27	875	1	1	199	1957	1561	1471
1216	679	1230	276	4165	4463	108	3	5422	5418	0	0	1944	261	848	1186
2390	2710	2066	4137	1376	821	5755	6276	847	1	6307	6308	638	3212	1896	2408
1541	1346	2016	474	342	393	293	4	14	16	2	1	3529	880	2005	1245
>ZN707.H14INVIVO.0.P.B
88	45	192	6	1	4	22	170	8	0	2	14	4	13	19	20	108	47	35	99	97	82	34
83	165	22	234	247	236	166	22	228	4	226	224	70	3	8	35	78	126	82	28	37	41	55
59	18	18	1	2	1	10	53	0	0	0	1	6	167	226	37	12	61	23	58	50	31	33
24	26	22	13	4	13	56	9	18	250	26	15	174	71	1	162	56	20	114	69	70	100	132
>ZN708.H14INVIVO.0.P.B
210	146	178	183	146	442	396	145	469	467	198	117	733	8	14	10	742	4	721	26	44	156	191	193
117	101	298	355	149	121	69	125	120	60	35	219	2	1	28	323	11	682	2	4	675	230	154	136
341	434	180	124	119	109	212	180	102	216	437	216	40	764	732	5	13	13	50	742	21	20	305	300
112	99	124	118	366	108	103	330	89	37	110	228	5	7	6	442	14	81	7	8	40	374	130	151
>ZN708.H14INVIVO.1.P.B
890	11	43	13	909	23	847	16	47	162
1	7	42	437	38	902	5	5	891	386
104	956	900	15	41	16	129	971	27	65
7	28	17	537	14	61	21	10	37	389
>ZN709.H14INVIVO.0.P.C
20	22	100	19	21	9	21	16	96	13	84	110	16	25	74	23	66	49	16	121	11
25	4	5	5	15	88	77	91	8	6	8	6	6	0	18	6	34	15	15	0	5
73	98	11	106	40	11	10	22	6	107	38	11	103	105	14	86	26	39	99	10	110
15	9	17	3	57	25	25	4	23	7	3	6	8	3	27	18	7	30	3	2	7
>ZN711.H14INVIVO.0.P.C
68	134	61	104	973	11	13	4	11	200	122	112	57
264	328	580	564	12	2	5	970	911	350	302	45	594
321	133	308	235	12	856	756	0	2	162	259	546	290
347	405	51	97	3	131	226	26	76	288	317	297	59
>ZN713.H14INVIVO.0.SM.D
2203	2062	4585	482	6640	722	728	6577	726	484	151	585	110	6690	368	1091	6469	5903	5023	1868
2591	1955	2189	1161	976	6782	1080	1238	6738	989	706	7339	7804	230	6264	1330	1034	1162	1349	2793
1212	1198	383	6091	129	108	5946	74	430	93	6815	50	35	63	997	5464	103	393	856	2142
2007	2798	856	279	268	401	259	124	119	6447	341	39	64	1030	384	128	407	555	785	1210
>ZN714.H14INVIVO.0.P.C
66	96	34	85	42	159	227	2	2	29	1	1	7	4	8	53	112	89
230	268	272	79	85	349	120	2	4	149	578	1	2	572	71	223	330	185
195	106	113	233	333	35	213	290	6	386	3	0	530	1	12	223	73	87
92	113	164	186	123	40	23	289	571	19	1	581	44	6	492	84	68	222
>ZN716.H14INVIVO.0.P.C
316	246	145	592	357	155	529	763	751	187	583	152	242	695	606	262	351	168	53	930	59	389	557	482	257
90	90	616	160	42	37	160	194	83	51	35	139	253	54	12	257	567	77	23	27	532	73	120	109	109
336	521	151	123	473	756	275	13	70	204	119	363	310	197	362	219	37	69	171	19	371	94	246	168	420
270	155	100	137	140	64	48	42	108	570	275	358	207	66	32	274	57	698	765	36	50	456	89	253	226
>ZN716.H14INVIVO.1.P.C
282	75	776	280	19	880	899	909	80	754	99
69	750	18	1	8	51	61	17	48	35	196
502	124	61	692	968	80	41	30	319	94	400
160	64	158	40	18	2	12	57	566	130	318
>ZN721.H14INVIVO.0.PSG.A
229	246	180	332	386	394	289	298	389	11	47	138	64	71	84	16	26
67	4	10	24	4	0	15	71	0	2	321	48	116	169	234	286	269
61	114	202	32	16	0	100	29	17	391	24	47	167	14	18	11	24
49	42	14	18	0	12	2	8	0	2	14	173	59	152	70	93	87
>ZN724.H14INVIVO.0.PSG.A
4661	688	646	5264	295	3429	411	4252	8	122	4	488	188	8076	110	246	70	836	3335
2625	7037	713	498	7466	605	327	123	9013	59	4	98	11	162	8732	280	128	809	1414
814	487	6809	2173	345	4274	553	4624	31	77	2	8298	8887	749	83	406	94	3742	3427
995	883	927	1160	989	787	7804	96	43	8837	9085	211	9	108	170	8163	8803	3708	919
>ZN726.H14INVIVO.0.PSGI.A
943	386	245	356	681	338	107	1421	23	822	4	1966	2	0	102	3	2	32	1045	345	269
297	759	111	923	950	742	70	32	19	10	90	25	0	0	1	2069	8	30	44	575	360
373	427	1493	506	177	731	86	505	1983	1138	1350	81	0	0	1714	0	4	98	889	379	474
459	500	223	287	264	261	1809	114	47	102	628	0	2070	2072	255	0	2058	1912	94	773	969
>ZN728.H14INVIVO.0.PSG.A
540	10	111	145	24	413	432	25	34	841	12	37	159	116	78	120	184	68	311
299	818	214	36	63	106	394	777	863	20	19	826	246	69	697	253	113	604	150
29	66	25	709	503	209	39	25	14	39	890	21	48	421	73	85	479	96	111
56	30	574	34	334	196	59	97	13	24	3	40	471	318	76	466	148	156	352
>ZN729.H14INVIVO.0.SG.D
649	176	13	16	0	62	0	21	1638	141	274	431
260	788	14	0	1638	0	0	1615	0	388	300	311
435	458	16	1622	0	1576	1638	0	0	959	380	637
294	216	1595	0	0	0	0	2	0	150	684	259
>ZN730.H14INVIVO.0.P.C
131	200	314	428	39	700	17	27	423	27	69	39	75	507	528
31	450	537	53	170	16	33	899	212	56	849	786	744	176	175
763	153	21	232	54	217	884	24	111	436	24	17	28	154	131
51	173	104	263	713	43	42	26	230	457	34	134	129	139	142
>ZN732.H14INVIVO.0.PSG.A
2251	742	1236	713	24	8441	4	2	33	51	243	4895	4417	1348	296	1567	3283	4578	1962	1525
641	5543	531	5362	8466	33	75	0	2	6754	8217	782	495	167	276	690	743	1093	1019	1585
4865	1270	5508	1903	5	31	8421	1	8469	155	23	2394	2743	6551	7454	5086	3960	1100	4201	3790
752	954	1234	531	14	4	9	8506	5	1549	26	438	854	443	483	1166	523	1738	1327	1609
>ZN736.H14INVIVO.0.P.C
15	12	42	31	913	32	956	969	967	838	489	6	13	15	33	598	23	676	14	5	1	945	23
22	812	863	784	16	6	0	1	0	9	54	923	925	887	609	16	7	13	933	101	952	4	7
929	22	6	2	19	4	3	0	1	93	392	9	0	2	9	346	921	269	5	2	9	10	933
4	124	59	153	22	928	11	0	2	30	35	32	32	66	319	10	19	12	18	862	8	11	7
>ZN740.H14INVIVO.0.P.C
94	130	4	0	9	2	3	24	47	73	141
68	184	0	0	0	0	0	0	5	219	199
723	17	996	1000	988	996	997	890	899	616	562
115	669	0	0	3	2	0	86	49	92	98
>ZN740.H14INVIVO.1.S.C
141	131	86	92	66	28	9	4	1	1	3	5	10	3	48	40	92	133	107	142
101	73	61	54	35	26	9	21	7	1	1	3	2	10	36	0	419	34	120	110
355	400	438	363	414	455	504	587	671	721	726	703	671	714	187	678	17	405	315	301
135	128	147	223	217	223	210	120	53	9	2	21	49	5	461	14	204	160	190	179
>ZN746.H14INVIVO.0.PSG.A
132	103	73	94	55	46	46	87	101	91	133	195	116	72	154	28	5	6	27	0	37	9	106	155	122	179
512	567	634	604	716	742	685	603	621	662	530	382	555	559	130	877	943	942	4	937	907	731	453	630	571	378
89	84	77	71	52	18	22	18	32	36	60	57	77	79	390	1	0	0	4	0	3	8	7	15	99	169
215	194	164	179	125	142	195	240	194	159	225	314	200	238	274	42	0	0	913	11	1	200	382	148	156	222
>ZN749.H14INVIVO.0.P.C
3	23	8	5	22	2	6	29	46	1	2	4	2	72	43	1	26	6	5	10	11	6	15	9	12
38	19	32	46	28	70	31	6	25	71	66	48	73	3	5	64	44	18	19	43	46	25	21	37	21
8	23	12	16	12	3	0	32	3	4	3	3	0	1	27	10	1	0	10	15	7	10	8	12	12
27	11	24	9	14	1	39	9	2	0	5	21	1	0	1	1	5	52	42	8	12	35	32	18	31
>ZN749.H14INVIVO.1.P.C
38	0	5	1	1	66	49	0	5
5	66	56	66	63	1	5	40	49
16	0	1	0	1	0	9	27	3
8	1	5	0	2	0	4	0	10
>ZN75A.H14INVIVO.0.SM.D
1110	763	306	103	72	79	8814	7830	8060	6896	518	1145	1346	1536	1854
1401	694	134	67	99	7	89	160	153	293	1339	5385	1525	1303	2139
2070	7102	143	9114	8994	9229	254	862	757	1406	5554	1594	3476	3640	3211
4751	773	8749	48	167	17	175	480	362	737	1921	1208	2985	2853	2128
>ZN75D.H14INVIVO.0.P.B
60	0	9	0	5	9	385	318	379	11	10	17	16	20	67	28	56
34	0	2	0	0	0	0	24	0	137	255	363	134	215	274	219	163
94	385	2	385	326	376	0	35	4	125	53	2	7	39	24	26	62
197	0	372	0	54	0	0	8	2	112	67	3	228	111	20	112	104
>ZN75D.H14INVIVO.1.P.B
13	15	8	428	347	81	47	510	370	3	0	1	2	7	48	592	576	554	32	5	21	1	16	2	411
11	10	177	56	43	66	109	14	48	1	0	7	0	0	0	0	0	0	16	531	551	4	18	430	74
7	556	16	89	173	188	412	16	149	9	592	0	590	579	540	0	16	37	450	35	3	0	4	2	34
561	11	391	19	29	257	24	52	25	579	0	584	0	6	4	0	0	1	94	21	17	587	554	158	73
>ZN765.H14INVIVO.0.P.C
37	44	19	12	13	82	4	6	25	4	42	8	156	14	2	6	27	261	26	29	224	203	179
22	13	151	203	257	18	9	13	10	277	196	35	10	12	286	263	216	13	20	18	16	30	29
198	205	100	45	14	14	264	208	226	4	28	26	105	253	2	6	26	9	173	216	38	24	55
34	29	21	31	7	177	14	64	30	6	25	222	20	12	1	16	22	8	72	28	13	34	28
>ZN766.H14INVIVO.0.P.B
140	156	316	173	85	158	356	406	451	14	454	523	592	6	13	14	10	206	80	104	88	72	110
73	66	50	102	386	314	79	48	9	18	87	13	12	596	445	189	558	40	74	190	94	184	86
87	285	174	238	42	49	67	158	50	322	4	69	10	1	7	10	7	18	79	41	55	69	182
320	113	80	107	107	99	118	8	110	266	75	15	6	17	155	407	45	356	387	285	383	295	242
>ZN766.H14INVIVO.1.P.B
396	492	4	516	552	553	4	5	84	65	146
23	6	2	36	0	0	546	543	167	303	128
122	44	359	1	1	0	0	0	11	54	57
12	11	188	0	0	0	3	5	291	131	222
>ZN768.H14INVIVO.0.P.B
257	102	101	259	2	979	1	975	20	951	91	20	4	78	673	770	39	101	452	781	45	52	64
17	27	770	218	978	6	3	5	11	6	25	10	102	167	73	23	34	248	164	70	706	158	95
673	840	13	4	5	1	984	6	957	13	861	950	235	91	195	137	864	109	301	89	64	29	101
42	20	105	508	4	3	1	3	1	19	12	9	648	653	48	59	52	531	72	49	174	750	729
>ZN768.H14INVIVO.1.P.B
73	289	590	56	31	42	113	27	17	45	545	622	171	70	57	20	719	5	758	6	779	4	3
177	161	63	566	147	101	60	593	607	510	60	17	23	11	88	704	3	776	18	769	1	1	739
128	269	89	60	35	77	533	70	25	39	149	123	560	693	19	11	58	4	4	8	2	776	15
408	67	44	104	573	566	80	96	137	192	32	24	32	12	622	51	6	1	6	3	4	5	29
>ZN770.H14INVIVO.0.P.B
230	153	27	983	21	15	20	82	193	356	229	226
146	31	5	3	5	14	897	405	121	219	143	140
293	753	962	4	971	919	17	24	642	346	544	525
329	61	4	8	1	50	64	487	42	77	82	107
>ZN770.H14INVIVO.1.P.B
243	136	25	968	13	13	15	66	131	516	169	199	150	312	141	136	557	138	193	455	132
96	19	4	5	4	6	949	320	90	110	83	119	355	113	115	173	123	100	171	203	186
451	814	954	8	964	958	6	27	739	304	682	611	252	449	664	620	228	694	556	221	259
196	17	3	5	5	9	16	573	26	56	52	57	229	112	66	57	78	54	66	107	409
>ZN771.H14INVIVO.0.SM.D
1836	9176	7215	9	8	2	2	4	9968	14	565	268	1326
3681	44	68	58	4	3	4	59	8	17	8406	248	5385
1507	700	2622	49	9984	9994	14	5	19	9893	301	9203	252
2975	79	94	9883	3	0	9979	9931	4	75	727	280	3036
>ZN772.H14INVIVO.0.PG.A
184	7	32	32	49	30	37	13	205	18	77	13	20	100	105	18	26	36	81	19	71
12	173	11	7	31	17	3	53	14	8	73	181	177	110	7	98	27	156	15	4	9
21	21	10	113	21	172	170	163	9	208	83	34	9	22	23	106	88	14	38	170	146
21	37	185	86	137	19	28	9	10	4	5	10	32	6	103	16	97	32	104	45	12
>ZN773.H14INVIVO.0.PG.A
7	8	12	80	41	52	31	71	5	2	5	3	12	2	13	11	19	66	66
104	106	23	29	19	14	16	11	104	8	108	120	11	44	97	28	18	32	17
7	1	13	10	49	49	56	20	9	3	4	1	4	28	6	7	23	12	22
12	15	82	11	21	15	27	28	12	117	13	6	103	56	14	84	70	20	25
>ZN775.H14INVIVO.0.PSG.A
2322	348	2121	15	7154	0	8233	8232	20	401	1219	1836	915	1751
653	32	185	0	2	0	0	0	544	565	195	44	1993	963
4276	7478	3182	8218	2	8233	0	1	3789	152	869	5924	3794	3896
982	375	2745	0	1075	0	0	0	3880	7115	5950	429	1531	1623
>ZN776.H14INVIVO.0.P.C
489	56	34	505	38	590	30	47	65	35	334	146	12	411	38	39	360	40	137	19	57	16	63
91	55	632	55	89	134	62	54	661	634	45	63	711	46	340	389	53	100	91	696	87	117	539
121	636	88	152	640	35	61	669	33	16	357	568	13	261	104	81	208	109	493	34	39	48	87
86	40	33	75	20	28	634	17	28	102	51	10	51	69	305	278	166	538	66	38	604	606	98
>ZN778.H14INVIVO.0.P.C
108	11	170	69	23	7	38	3	60	42	12	5	22	22	18
15	12	59	17	145	285	2	26	159	5	20	379	86	26	156
219	340	120	306	51	31	359	223	19	345	29	7	25	248	159
60	39	53	10	183	79	3	150	164	10	341	11	269	106	69
>ZN778.H14INVIVO.1.P.B
14	115	16	16	421	3	2	5	14	18	18	152	474	7	15	121	2	6	8	6	5	73	5	4	2	3	37	39	164	25	29
264	7	6	425	9	9	525	22	3	14	163	25	13	2	5	33	510	518	54	14	517	46	1	3	527	8	25	156	24	49	378
25	283	491	14	104	2	5	2	462	490	18	342	28	521	509	369	8	1	2	12	10	16	15	526	1	2	465	65	259	78	65
235	133	25	83	4	524	6	509	59	16	339	19	23	8	9	15	18	13	474	506	6	403	517	5	8	525	11	278	91	386	66
>ZN782.H14INVIVO.0.P.C
16	15	14	1	45	110	10	59	45	21	16	5	13	4	95	21	95	3	11	6	5	18	7
90	59	35	20	11	7	9	3	4	4	13	102	105	93	20	19	14	4	5	8	36	4	6
18	12	27	19	85	33	121	74	80	114	122	9	2	18	8	108	27	5	119	11	3	118	125
27	65	75	111	10	1	11	15	22	12	0	35	31	36	28	3	15	139	16	126	107	11	13
>ZN784.H14INVIVO.0.SM.D
469	427	348	650	1671	0	0	0	2431	157	0	7	1482	274	399	496
488	372	201	139	582	1	0	2	0	0	0	0	207	937	596	469
876	1116	1269	893	103	2430	2431	33	0	2274	2430	18	515	900	849	849
598	516	613	749	75	0	0	2396	0	0	1	2406	227	320	587	617
>ZN787.H14INVIVO.0.M.D
234	111	112	156	4	0	0	869	10	0	4	3	595	5	57	143
242	200	53	729	889	0	897	2	0	7	3	2	295	844	717	387
237	74	694	9	4	2	0	25	887	0	5	12	5	8	48	127
184	512	38	3	0	895	0	1	0	890	885	880	2	40	75	240
>ZN787.H14INVIVO.1.S.D
1333	1072	570	11	322	0	0	1072	5399	266	622	1315
2169	606	81	6566	6256	1	6567	1273	314	1261	852	1862
1583	778	5834	0	0	0	0	4202	673	424	2555	1506
1493	4122	93	1	0	6577	11	31	192	4627	2549	1895
>ZN788.H14INVIVO.0.S.D
105	41	5	0	658	662	0	127	253	172	152
217	11	0	0	0	0	661	218	94	139	129
139	578	2	662	4	0	1	298	184	92	187
201	32	655	0	0	0	0	19	131	259	194
>ZN789.H14INVIVO.0.P.C
117	134	4	5	117	28	498	16	40	25	65	18	0	382	0	536	0	28	308	234
54	247	38	535	353	486	25	484	75	131	411	47	1	104	535	3	542	509	111	107
243	138	4	5	10	3	10	23	4	38	45	5	547	31	0	2	0	6	23	110
134	29	502	3	68	31	15	25	429	354	27	478	0	31	13	7	6	5	106	97
>ZN790.H14INVIVO.0.P.C
5	63	76	41	47	6	26	1	0	6	5	44	22	11	13	14	42	16	14	1	6	62	19
11	34	16	56	12	4	89	3	60	81	101	47	23	49	32	31	32	18	19	77	50	18	19
15	14	25	20	18	97	3	0	6	3	3	2	35	10	13	66	7	8	48	20	12	14	50
89	9	3	3	43	13	2	116	54	30	11	27	40	50	62	9	39	78	39	22	52	26	32
>ZN790.H14INVIVO.1.P.C
73	44	56	0	25	10	0	2	1	49
13	62	8	3	94	3	83	86	110	46
30	10	13	115	0	0	1	0	0	6
4	4	43	2	1	107	36	32	9	19
>ZN791.H14INVIVO.0.P.C
1	3	13	180	4	39	0	415	2	24	2	234	232	9	112	326	16	40	3	302	3	7	3
252	225	197	34	3	0	2	0	9	2	2	1	2	98	7	0	6	14	144	9	160	5	11
1	0	0	1	1	200	2	8	3	213	4	182	5	4	73	5	213	2	2	67	10	2	1
171	197	215	210	417	186	421	2	411	186	417	8	186	314	233	94	190	369	276	47	252	411	410
>ZN793.H14INVIVO.0.P.B
95	126	14	0	39	3	35	86	227	1	3	1	73	108	182	260	234	170	88	98	81	125
184	155	840	67	101	0	20	58	1	659	12	873	258	122	106	84	82	221	497	247	301	575
288	541	41	1	86	967	878	780	723	0	0	1	187	489	329	475	419	418	132	120	91	139
405	150	77	904	746	2	39	48	21	312	957	97	454	253	355	153	237	163	255	507	499	133
>ZN793.H14INVIVO.1.P.C
87	120	8	0	36	2	35	77	209	1	1	0	103	112	178
184	148	880	51	85	0	15	55	4	624	5	865	247	128	110
274	567	25	1	72	996	911	816	774	3	0	0	201	448	315
458	168	90	951	810	5	42	55	16	375	997	138	452	315	400
>ZN799.H14INVIVO.0.P.C
26	53	51	28	347	342	38	301	48	32	35	58	7	11	16	11	21	15	61	289	46	30	36	258	88	11	18	21	27	70	45
168	56	71	369	57	52	191	99	347	136	76	80	142	42	26	119	328	90	291	30	24	18	19	22	12	12	6	19	308	104	39
30	217	304	26	20	36	16	17	27	19	79	304	14	43	346	11	15	13	27	102	347	99	359	95	16	6	334	398	93	18	36
243	141	41	44	43	37	222	50	45	280	277	25	304	371	79	326	103	349	88	46	50	320	53	92	351	438	109	29	39	275	347
>ZN800.H14INVIVO.0.PSG.A
53	1	9	3	9	21	8	28	8	12
124	396	0	10	478	2	449	158	282	206
206	80	1	477	10	458	1	164	68	180
117	23	490	10	3	19	42	150	142	102
>ZN805.H14INVIVO.0.P.C
10	175	43	3	12	51	10	2	2	181	8	163	199	4	0	5	197	187	7	11	159	158	27	40	10
4	4	7	1	68	5	4	197	186	4	168	2	1	2	202	195	4	2	2	6	10	17	28	15	151
188	25	18	199	76	136	183	1	0	19	9	31	4	197	2	2	2	11	192	186	30	24	13	142	9
2	0	136	1	48	12	7	4	16	0	19	8	0	1	0	2	1	4	3	1	5	5	136	7	34
>ZN813.H14INVIVO.0.SG.D
613	941	220	9	2248	2251	0	30	2221	722	182	290	841	408	406	510	669	641	582	581	634	691	615	604	685	656
470	148	251	10	1	1	2	1	8	108	40	91	324	166	214	476	366	273	288	235	256	258	239	241	212	215
743	945	646	2229	10	7	2258	2233	12	1310	1990	1794	749	1425	1328	824	832	951	963	1046	957	942	1028	1050	1021	1077
438	230	1147	16	5	5	4	0	23	124	52	89	350	265	316	454	397	399	431	402	417	373	382	369	346	316
>ZN814.H14INVIVO.0.PSG.A
2	139	101	90	150	0	1	101	238	0	0	2	239	125	9	42	124	122	107	1	7
11	2	123	2	0	1	0	0	0	0	0	0	1	108	103	4	2	5	4	0	4
223	98	4	2	1	239	240	140	0	144	241	239	0	7	7	193	112	4	125	7	227
5	2	13	147	90	1	0	0	3	97	0	0	1	1	122	2	3	110	5	233	3
>ZN816.H14INVIVO.0.P.B
271	332	238	513	563	491	344	518	542	145	34	13	3	20	890	69	597	59	59	168	341	200	106	110
104	108	346	139	121	129	102	113	100	36	1	3	0	3	1	760	120	63	42	411	163	49	51	65
398	300	153	144	157	183	316	185	174	439	861	882	901	882	9	66	97	179	739	72	164	507	681	652
132	165	168	109	64	102	143	89	89	285	9	7	1	0	5	10	91	604	65	254	237	149	67	78
>ZN816.H14INVIVO.1.P.C
606	536	389	543	602	187	51	17	14	49	981	87	660	66	78	201
148	136	91	139	104	29	1	6	2	1	4	806	125	67	48	430
178	209	349	210	210	472	932	940	983	949	4	89	102	205	785	79
68	119	171	108	84	312	16	37	1	1	11	18	113	662	89	290
>ZN821.H14INVIVO.0.SM.D
473	188	151	21	72	32	42	3	12	10	5	0	14	42	368	266	476
836	545	36	25	1835	433	1	3	1956	135	0	2	1973	1286	127	356	732
306	144	1691	102	7	26	1929	1	0	9	1979	4	2	78	1188	398	350
376	1114	113	1843	77	1500	19	1984	23	1837	7	1985	2	585	308	971	433
>ZN823.H14INVIVO.0.P.C
270	676	212	677	202	374	202	263	284	576	234	151	51	355	592	516	180	776	31	905	26	898	768
25	145	388	24	146	117	17	12	49	20	38	10	19	495	10	11	242	1	8	8	1	10	18
610	87	300	213	552	370	681	628	431	206	184	295	841	43	317	373	224	128	875	14	902	14	141
27	24	32	18	32	71	32	29	168	130	476	476	21	39	13	32	286	27	18	5	3	10	5
>ZN827.H14INVIVO.0.SG.D
3216	422	3	0	8028	0	0	179	3337	940	3348
939	1113	149	0	0	0	0	5850	43	5653	1919
2104	1578	5	0	0	8028	8028	1962	1157	229	1346
1769	4915	7871	8028	0	0	0	37	3491	1206	1415
>ZN831.H14INVIVO.0.PSGI.A
52	5	0	288	307	0	1	3	0	4	130
93	2	1	1	0	30	397	396	499	461	92
122	492	494	208	67	8	4	0	0	10	47
233	1	5	3	126	462	98	101	1	25	231
>ZN836.H14INVIVO.0.PSG.A
94	97	87	448	59	439	425	54	5	641	6	0	13	612	9	50	10	5	640	8	288
141	126	150	49	74	91	150	23	653	2	17	536	638	9	107	7	600	625	4	557	237
283	103	110	69	486	110	32	344	0	16	629	8	0	8	398	590	0	4	12	20	29
141	333	312	93	40	19	52	238	1	0	7	115	8	30	145	12	49	25	3	74	105
>ZN841.H14INVIVO.0.PSGI.A
100	47	13	81	263	238	56	23	34	16	160	2	11	6	17	4	49	43	86
19	11	62	37	193	219	150	19	1	2	143	1	5	452	42	175	289	78	154
311	412	13	347	17	2	267	14	426	435	165	1	463	4	6	246	20	40	168
50	10	392	15	7	21	7	424	19	27	12	476	1	18	415	55	122	319	72
>ZN845.H14INVIVO.0.PSG.A
43	32	18	288	18	30	168	43	445	1	444	17	132	262	159	116	125	92	122	75	78
20	2	17	75	408	11	87	2	0	0	12	3	200	67	52	70	57	53	46	44	52
413	435	312	130	15	21	211	453	21	499	32	459	98	88	159	216	109	229	268	328	290
24	31	153	7	59	438	34	2	34	0	12	21	70	83	130	98	209	126	64	53	80
>ZN850.H14INVIVO.0.PSG.A
76	51	699	43	844	349	757	44	192	72	27	122	48	7	44	10	591	82	661	86	123
805	835	39	22	20	68	25	24	14	8	26	807	64	754	871	755	30	688	173	170	118
49	27	38	928	125	552	149	896	766	892	887	39	10	14	5	17	313	153	106	637	153
70	87	224	7	11	31	69	36	28	28	60	32	878	225	80	218	66	77	60	107	606
>ZN853.H14INVIVO.0.SG.D
141	230	0	0	0	0	0	362	0	221	34	298	133
137	4	540	0	775	0	0	0	0	4	201	328	197
195	540	1	775	0	0	0	213	757	383	522	117	88
302	1	234	0	0	775	775	200	18	167	18	32	357
>ZN860.H14INVIVO.0.P.C
27	14	27	33	31	12	2	0	2	3	0	49	28	17	20	26	25
115	78	58	87	30	13	215	0	216	211	215	4	23	145	68	89	89
55	49	62	27	34	184	3	0	1	3	2	11	159	25	21	38	35
23	79	73	73	125	11	0	220	1	3	3	156	10	33	111	67	71
>ZN865.H14INVIVO.0.PSG.A
25	2	24	2	25	7	15	9	5	22	196	2	5	4	11	14	12	1	6	0	9
8	43	6	13	3	25	6	0	16	215	21	14	0	13	2	32	5	9	3	56	3
426	35	460	7	463	6	467	15	451	30	247	34	482	9	481	2	478	1	483	3	479
36	415	5	473	4	457	7	471	23	228	31	445	8	469	1	447	0	484	3	436	4
>ZN875.H14INVIVO.0.P.C
13	122	8	100	10	34	90	5	5	12	145	9	6	61	78	3	74	148	2	15	123	7	117	22	110
11	15	11	23	52	40	26	7	3	102	2	130	31	10	0	1	0	0	0	0	17	112	8	90	4
123	7	13	17	18	65	22	26	143	18	4	4	8	76	57	145	77	3	148	134	9	8	20	15	31
4	7	119	11	71	12	13	113	0	19	0	8	106	4	16	2	0	0	1	2	2	24	6	24	6
>ZN878.H14INVIVO.0.PS.A
267	23	273	133	231	163	9	313	45	78	406	41	483	450	472	414	416	217	231
47	432	87	78	40	31	453	17	0	22	26	319	1	16	1	4	4	54	64
122	13	58	146	144	284	4	147	449	325	64	2	12	27	13	80	34	84	81
63	31	81	142	84	21	33	22	5	74	3	137	3	6	13	1	45	144	123
>ZN879.H14INVIVO.0.P.C
142	312	90	46	230	218	52	130	132	19	840	81	462	62	770	78	382	23	50	64	716	265	298	565	79	14	213	40	83	628	96
147	88	105	64	54	22	34	83	237	900	48	81	99	75	33	161	56	68	40	336	67	223	35	33	90	9	24	193	13	25	73
139	464	89	121	217	649	800	213	559	11	38	49	177	39	75	138	492	37	79	61	50	165	162	132	115	20	565	125	39	164	46
567	131	711	764	494	106	109	569	67	65	69	784	257	819	117	618	65	867	826	534	162	342	500	265	711	952	193	637	860	178	780
>ZN880.H14INVIVO.0.P.C
17	13	36	12	2	2	9	72	5	4	0	6	4	4	2	22	9	15	8	1	2	76	67
26	47	28	82	6	8	91	9	108	8	103	9	112	103	110	46	79	29	95	101	108	27	22
8	8	49	6	16	106	3	22	1	0	2	3	1	1	0	0	7	9	7	5	3	8	14
68	51	6	19	95	3	16	16	5	107	14	101	2	11	7	51	24	66	9	12	6	8	16
>ZN888.H14INVIVO.0.P.B
303	176	27	43	67	1	0	462	241
22	8	3	1	1	0	6	29	21
88	284	415	448	421	498	491	0	102
87	32	55	8	11	1	3	9	136
>ZN891.H14INVIVO.0.P.C
23	16	4	2	1	1	55	0	71	61	9	15	7	16	17
25	3	3	0	83	0	1	7	7	10	0	47	65	10	20
38	65	78	85	0	0	32	80	10	1	79	9	1	19	44
2	4	3	1	4	87	0	1	0	16	0	17	15	43	7
>ZNF10.H14INVIVO.0.P.C
209	795	22	1	5	32	31	633	7	0	1	0	897	13	843	11	3	722	29	799	37	721	74
27	47	497	869	877	735	15	43	866	902	6	851	0	862	7	823	862	55	108	22	254	47	629
632	31	19	6	2	4	11	57	0	0	0	2	3	1	28	25	1	32	11	33	32	83	59
34	29	364	26	18	131	845	169	29	0	895	49	2	26	24	43	36	93	754	48	579	51	140
>ZNF12.H14INVIVO.0.P.C
238	31	69	107	52	66	393	294	174	708	899	58	762	787	609	272	570	385	176	140	174	128	384	456
93	31	837	100	20	831	75	56	135	29	27	727	40	51	114	358	91	137	434	611	635	572	295	198
217	911	57	69	836	41	121	601	72	242	60	185	166	128	244	126	183	344	250	86	76	100	169	248
449	24	34	721	89	59	408	46	616	18	11	27	29	31	30	241	153	131	137	160	112	197	149	95
>ZNF12.H14INVIVO.1.M.C
3340	1292	157	1100	1570	6305	347	8098	8574	7	2138	8473	930	423	8161	533	358	1959	215	647	2135
2413	3543	392	7146	506	90	815	5	4	8532	7	22	761	5780	145	1658	4829	5557	8030	6073	2604
1940	1003	7660	121	318	2053	16	484	9	24	6441	25	6856	156	220	2834	2672	193	59	820	1695
895	2750	379	221	6194	140	7410	1	1	25	2	68	41	2229	62	3563	729	879	284	1048	2154
>ZNF12.H14INVIVO.2.S.C
1895	1999	510	5642	1737	8729	9417	31	7175	8773	4897	3256	6600	2017	1173	3271	1358	2156
1951	3865	462	219	732	28	22	8806	2	208	1014	2312	709	946	2605	3082	6483	3887
3868	1864	857	3490	264	801	169	741	2421	213	3532	1183	1895	5076	4488	1544	634	1898
1900	1886	7785	263	6881	56	6	36	16	420	171	2863	410	1575	1348	1717	1139	1673
>ZNF14.H14INVIVO.0.P.C
19	3	10	24	86	15	16	101	26	25	111	58	92	12	13	4	108	16	20	8	108
2	100	13	7	16	78	85	3	7	13	4	8	6	75	89	78	10	2	2	100	4
14	9	3	71	14	9	9	7	78	10	4	52	16	10	3	22	0	102	96	7	7
86	9	95	19	5	19	11	10	10	73	2	3	7	24	16	17	3	1	3	6	2
>ZNF16.H14INVIVO.0.P.C
461	27	67	74	41	15	160	518	8	97	29	5	5	1	25	3	204	467	22	26	136	35	42
80	660	645	272	97	736	422	60	23	7	18	786	4	777	755	783	269	179	257	68	122	687	586
177	28	10	27	137	17	21	190	25	688	749	2	1	20	11	1	21	98	201	100	423	21	15
89	92	85	434	532	39	204	39	751	15	11	14	797	9	16	20	313	63	327	613	126	64	164
>ZNF18.H14INVIVO.0.P.B
253	3	4	6	33	7	959	768	5	217	99	166
3	2	2	0	1	0	13	29	637	309	269	129
676	993	5	995	80	993	0	141	130	133	401	510
69	3	990	0	887	1	29	63	229	342	232	196
>ZNF20.H14INVIVO.0.PSG.A
406	13	19	367	4	266	5	42	15	17	261	84	259	115	292	61	69	126	102	108	252	66	106	145	91
20	47	6	14	420	42	406	44	428	452	40	277	111	86	21	61	149	55	101	69	66	107	187	49	58
21	432	36	110	36	38	12	50	45	5	35	116	61	250	91	357	94	279	243	268	123	261	93	237	307
53	8	439	9	40	154	77	364	12	26	164	23	69	49	96	21	188	40	54	55	59	66	114	69	44
>ZNF23.H14INVIVO.0.P.C
10	12	131	24	60	26	13	209	26	205	13	229	4	21	177	21	22	208	200	29	11	118	193	24
179	198	45	38	9	16	219	6	3	7	224	3	13	128	6	176	31	20	9	17	158	36	32	36
14	9	31	30	152	182	7	5	206	22	2	1	14	31	41	17	22	4	29	13	29	74	8	24
37	21	33	148	19	16	1	20	5	6	1	7	209	60	16	26	165	8	2	181	42	12	7	156
>ZNF24.H14INVIVO.0.P.B
16	9	581	566	2	57	597	557	9	6	552	488	16	3
2	2	3	2	50	4	0	3	13	13	37	16	7	19
63	582	5	6	25	523	0	36	3	574	5	65	44	529
516	4	8	23	520	13	0	1	572	4	3	28	530	46
>ZNF26.H14INVIVO.0.P.B
193	2	4	38	6	27	156	38	28	184	0	101	20	186	137	27	45	140	173	167	180	180	8
4	0	1	26	187	89	8	12	149	3	86	48	130	7	12	51	136	21	9	22	1	14	2
6	0	202	4	8	2	37	137	12	3	5	18	14	7	46	5	12	40	25	9	26	4	3
6	207	2	141	8	91	8	22	20	19	118	42	45	9	14	126	16	8	2	11	2	11	196
>ZNF26.H14INVIVO.1.P.B
780	226	790	809	13	38	202	26	120	707	165	173	823	24
42	549	43	65	4	14	211	913	369	26	50	683	46	396
119	39	162	75	12	917	36	29	5	224	731	61	20	51
60	187	6	52	972	32	552	33	507	44	55	84	112	530
>ZNF28.H14INVIVO.0.P.C
212	172	151	112	162	315	163	199	197	29	61	14	25	46	11	27	53	161
121	128	77	86	368	136	66	166	179	9	20	1	18	43	10	667	806	510
482	578	543	744	249	310	489	551	137	925	909	963	950	19	934	192	65	81
187	124	231	60	223	241	284	86	489	39	12	24	9	894	47	116	78	250
>ZNF3.H14INVIVO.0.P.B
503	416	138	193	156	41	93	116	134	83	84	852	291	65	49	646	451	132	311	550	289	192	191
148	149	127	41	95	96	125	45	220	37	37	15	222	50	12	234	359	147	184	141	298	123	103
145	290	131	643	159	156	58	699	62	45	820	40	229	44	864	55	88	53	336	96	192	158	567
166	107	566	85	552	669	686	102	546	797	21	55	220	803	37	27	64	630	131	175	183	489	101
>ZNF30.H14INVIVO.0.P.C
258	179	42	131	38	41	154	64	494	84	40	726	70	42	25	413	248	84	67	117	108	168	157
133	101	14	37	245	40	66	252	141	154	204	137	670	26	217	212	43	128	197	497	642	479	272
529	179	872	748	195	219	638	152	78	713	707	111	36	63	718	91	444	628	124	146	46	60	162
80	541	72	84	522	700	142	532	287	49	49	26	224	869	40	284	265	160	612	240	204	293	409
>ZNF32.H14INVIVO.0.SM.D
517	106	44	328	1375	1779	13	343	29	169	1735	71	1445	117	315
434	663	24	87	105	5	1542	853	539	18	13	417	293	1237	755
563	308	1717	25	5	6	66	440	86	1482	11	112	48	150	519
293	730	22	1367	322	17	186	171	1153	138	48	1207	21	303	218
>ZNF34.H14INVIVO.0.P.C
23	10	20	24	20	8	2	53	2	34	2	1	3	3	4	4	10	4	3	17
5	3	26	22	22	21	52	1	1	7	54	1	1	16	4	56	29	6	33	8
8	35	12	6	7	7	2	4	61	17	0	4	0	25	10	3	1	14	14	13
28	16	6	12	15	28	8	6	0	6	8	58	60	20	46	1	24	40	14	26
>ZNF35.H14INVIVO.0.P.C
797	867	874	228	795	182	112	356	216	231	198	563	207	673	806	595	245	404	942	789	201	780	833
106	41	9	147	18	51	594	160	398	309	200	82	382	112	30	140	168	484	26	77	284	74	47
69	60	92	608	88	731	64	80	200	91	191	223	253	157	110	170	92	79	19	77	136	115	72
26	30	23	15	97	34	228	402	184	367	409	130	156	56	52	93	493	31	11	55	377	29	46
>ZNF35.H14INVIVO.1.P.C
519	603	139	941	983	970	186	977	283	104
23	12	314	36	6	2	282	2	12	608
43	356	102	13	10	18	519	4	682	134
415	29	445	10	1	10	13	17	23	154
>ZNF41.H14INVIVO.0.P.C
108	528	498	74	96	291	688	352	199	312	379	280	199	51	703	15	184	630	68	81	545	73	104	226	514
460	48	15	15	28	8	3	38	136	159	100	20	172	508	5	658	502	10	30	130	31	69	158	93	79
74	113	187	594	561	422	27	327	71	148	180	369	269	91	16	46	6	79	82	476	74	492	266	324	92
86	39	28	45	43	7	10	11	322	109	69	59	88	78	4	9	36	9	548	41	78	94	200	85	43
>ZNF41.H14INVIVO.1.P.C
260	207	897	150	678	713	17	33	453	1005	308	385	369	441	360
389	713	15	549	20	9	2	57	5	3	69	168	129	258	285
178	78	112	58	307	183	1001	846	568	13	539	98	406	161	290
202	31	5	272	24	124	9	93	3	8	113	378	125	169	94
>ZNF43.H14INVIVO.0.PSGI.A
77	401	26	24	238	201	523	15	2	27	52	37	108	85	518	250	509	475	56	56	78
164	78	751	552	52	44	126	36	8	54	819	136	576	667	141	127	170	138	150	188	177
44	215	119	13	126	533	273	10	15	397	64	9	61	33	61	373	123	94	96	114	112
715	306	104	411	584	222	78	939	975	522	65	818	255	215	280	250	198	293	698	642	633
>ZNF44.H14INVIVO.0.P.C
267	132	134	106	49	435	90	26	8	33	335	6	41	307	219	430	56	892	619	479	263
331	276	61	308	221	220	227	33	15	933	126	8	397	103	149	86	1	37	87	170	170
320	206	748	350	110	323	68	257	963	13	141	976	55	330	574	348	924	65	139	192	439
79	383	54	233	617	19	612	681	11	18	395	7	504	257	55	133	16	3	152	156	125
>ZNF48.H14INVIVO.0.PSG.A
434	148	602	70	727	147	391	142	509	115	492	134	388	159	445	67	546	129	438	146	612	112	466	172	429
99	367	28	60	195	112	105	583	141	54	319	65	109	550	70	196	308	136	104	287	88	195	257	213	173
401	462	304	855	43	715	464	199	277	812	161	768	486	225	382	724	125	687	404	541	261	659	211	562	349
66	23	66	15	35	26	40	76	73	19	28	33	17	66	103	13	21	48	54	26	39	34	66	53	49
>ZNF57.H14INVIVO.0.PSG.A
197	233	23	60	112	140	75	11	57	48	387	45	52	110	167	97	13	295	180	159	220
73	14	13	47	59	191	6	1	2	13	44	1	6	30	13	26	40	21	186	172	65
154	203	437	314	272	114	356	448	412	400	31	423	435	331	12	358	27	60	76	44	169
76	50	27	79	57	55	63	40	29	39	38	31	7	29	308	19	420	124	58	125	46
>ZNF66.H14INVIVO.0.PG.A
109	62	31	298	18	5	6	23	12	154	17
109	146	436	33	18	475	4	335	424	155	113
91	272	10	11	454	7	13	109	2	38	193
191	20	23	158	10	13	477	33	62	153	177
>ZNF7.H14INVIVO.0.P.B
100	106	96	49	73	64	99	526	362	15	613	0	113	28	306	178	234	409	85	106	164	53	51
514	525	256	107	54	541	687	80	220	973	47	683	43	68	41	158	107	122	275	80	103	215	728
135	65	169	54	809	10	85	154	381	2	5	3	24	42	542	343	244	192	105	117	539	182	55
251	304	479	790	64	385	129	240	37	10	335	314	820	862	111	321	415	277	535	697	194	550	166
>ZNF70.H14INVIVO.0.PSG.A
26	159	369	20	6	9	1	4	111	117
214	822	404	950	976	0	964	978	427	389
21	11	36	16	5	6	10	2	15	81
739	8	191	14	13	985	25	16	447	413
>ZNF74.H14INVIVO.0.P.C
93	89	88	2	89	83	1	49	6	6	9	7	64	62	10	1	74	94	1	92	1	0
1	1	0	55	2	6	45	0	86	9	1	55	2	3	6	0	0	0	92	0	0	89
0	4	4	1	0	5	2	45	0	1	83	3	25	21	8	93	20	0	0	0	1	3
0	0	2	36	3	0	46	0	2	78	1	29	3	8	70	0	0	0	1	2	92	2
>ZNF76.H14INVIVO.0.P.B
128	310	239	232	16	119	485	58	42	137	52	7	11	29	836	403	313	119	83	129	584	114	97
669	99	160	54	36	514	340	189	187	649	226	14	9	8	36	141	133	152	121	146	120	108	124
103	503	505	500	920	334	69	89	427	144	17	975	977	946	57	353	205	205	719	242	234	701	229
102	90	98	216	30	35	108	666	346	72	707	6	5	19	73	105	351	526	79	485	64	79	552
>ZNF76.H14INVIVO.1.SM.B
775	498	836	2810	2514	542	16	235	6115	55	30	3103	146	12	16	41	3178	3570	2329
3872	838	3892	126	293	87	8	5544	111	214	328	681	316	15	31	22	208	481	893
869	4923	280	3242	2329	878	6451	587	206	130	804	2444	22	6446	6437	6308	366	1299	2007
986	243	1494	324	1366	4995	27	136	70	6103	5340	274	6018	29	18	131	2750	1152	1273
>ZNF77.H14INVIVO.0.P.C
126	49	16	22	121	59	70	328	31	16	34	2	397	18	23	115	64	120	72	131	220	319	259
80	254	60	144	259	235	294	77	381	49	155	446	46	399	301	213	121	154	123	169	173	42	46
235	21	36	46	42	38	28	40	26	4	22	5	6	16	6	39	95	129	57	55	34	68	120
26	143	355	255	45	135	75	22	29	398	256	14	18	34	137	100	187	64	215	112	40	38	42
>ZNF79.H14INVIVO.0.P.C
109	88	270	328	309	83	286	370	279	160	73	321	295	32	98	47	18	39	376	371	15
145	188	61	18	9	68	10	10	32	14	18	39	66	33	167	52	326	2	11	9	87
51	37	44	28	28	214	98	9	86	28	153	30	25	17	76	16	40	47	11	12	168
98	90	28	29	57	38	9	14	6	201	159	13	17	321	62	288	19	315	5	11	133
>ZNF8.H14INVIVO.0.P.C
12	17	17	12	15	4	0	0	0	65	6	3	7	2	18	29	9	4	25	18	15
23	27	30	16	20	17	0	0	12	0	48	1	33	60	16	13	19	14	16	19	23
28	17	13	10	28	11	67	68	1	3	5	63	7	3	9	10	22	39	11	20	16
5	7	8	30	5	36	1	0	55	0	9	1	21	3	25	16	18	11	16	11	14
>ZNF8.H14INVIVO.1.P.B
16	63	5	1	4	8	411	8	341	14	53	6	399	7	300	33	349	318	20	39	33	385
22	13	13	0	1	19	3	124	9	19	345	319	4	59	15	326	44	11	29	5	7	9
15	338	1	414	411	2	2	6	67	10	9	0	6	15	49	9	17	70	24	359	372	16
364	3	398	2	1	388	1	279	0	374	10	92	8	336	53	49	7	18	344	14	5	7
>ZNF81.H14INVIVO.0.P.C
382	0	1	695	10	818	915	1	0	907	12	4	420	34	169	68	917	900	895
0	1	3	14	810	49	0	915	868	0	796	16	38	54	4	0	0	1	2
529	916	1	193	19	29	2	1	0	10	43	5	85	10	737	849	0	16	9
6	0	912	15	78	21	0	0	49	0	66	892	374	819	7	0	0	0	11
>ZNF83.H14INVIVO.0.G.D
4	47	9	3	19	15	3	11	2	6	23	147	27	69	204
429	20	10	207	138	23	268	3	444	134	18	53	219	88	72
7	10	15	7	11	12	3	4	13	5	21	121	44	48	76
26	389	432	249	298	416	192	448	7	321	404	145	176	261	114
>ZNF85.H14INVIVO.0.P.B
110	168	571	513	40	129	973	837	6	14	132	101	157
45	7	373	54	5	85	14	137	41	931	161	388	365
122	814	27	49	946	346	3	11	16	18	11	129	111
722	10	28	383	8	439	9	14	936	36	695	381	366
>ZNF85.H14INVIVO.1.P.B
599	200	656	648	574	543	197	126	190	571	537	25	130	1005	893	17	35	157	132	185
108	91	116	196	89	80	541	39	9	411	37	7	94	22	132	55	956	182	400	380
122	690	201	132	313	132	200	155	846	42	51	1015	377	19	15	36	26	17	162	127
227	75	83	80	80	301	118	736	11	32	431	9	455	10	16	948	39	700	362	364
>ZNF90.H14INVIVO.0.P.C
108	0	2	2	0	0	0	1	1	0	2	106	0	1	109	0	5	0	105	0	0	0	107
1	54	1	105	108	1	95	10	108	0	1	0	2	0	0	0	0	108	1	104	104	107	0
0	2	104	0	0	0	11	0	0	0	106	2	0	0	0	0	1	1	2	0	0	1	1
0	53	2	2	1	108	3	98	0	109	0	1	107	108	0	109	103	0	1	5	5	1	1
>ZNF92.H14INVIVO.0.P.B
902	15	80	7	11	19	940	50	45	22	960	65	967	913	17	14	18	8	54	15	21
12	17	2	172	914	910	4	2	5	905	3	4	2	8	4	102	392	14	14	893	26
53	7	883	4	3	5	10	907	913	6	7	892	5	44	926	9	46	22	874	12	13
7	935	9	791	46	40	20	15	11	41	4	13	0	9	27	849	518	930	32	54	914
>ZSA5A.H14INVIVO.0.SM.D
2211	1000	368	227	241	65	166	343	2612	1143	2190	11	9032	9045	8854	277	1703	573	1526
2506	3105	360	203	7670	8978	8609	5047	4923	7725	5539	9034	11	15	9	33	6571	2574	3676
2431	729	7242	650	819	17	25	48	189	46	495	2	21	1	197	1757	66	803	2005
1917	4231	1095	7985	335	5	265	3627	1341	151	841	18	1	4	5	6998	725	5115	1858
>ZSA5C.H14INVIVO.0.P.C
299	88	92	26	936	112	66	166	612	614	69	562	630	624	369	199	292
31	62	26	149	38	52	49	428	220	116	363	63	161	71	65	451	369
196	826	110	805	16	824	99	195	40	116	57	215	109	206	372	214	90
474	24	772	20	10	12	786	211	128	154	511	160	100	99	194	136	249
>ZSC12.H14INVIVO.0.P.B
121	49	83	34	3	5	13	18	12	378	303	334	26	36	60	56	40	59	54	37	52
92	180	111	60	21	86	397	182	460	43	99	72	253	89	126	86	117	124	114	323	312
229	145	227	195	25	30	31	22	20	26	83	40	193	49	236	170	265	116	103	78	32
58	126	79	211	451	379	59	278	8	53	15	54	28	326	78	188	78	201	229	62	104
>ZSC16.H14INVIVO.0.PSM.A
148	13	43	142	309	417	27	557	197	971	169	13	406	13	55	162
64	9	71	22	109	34	809	127	17	4	23	964	529	511	541	258
179	966	52	210	193	303	102	6	777	9	759	13	10	19	104	154
608	11	833	625	388	245	61	309	8	15	48	9	54	456	299	425
>ZSC21.H14INVIVO.0.P.C
477	126	177	219	967	23	18	857	24	67	100
124	652	364	658	4	35	665	49	928	416	301
172	141	49	81	6	903	21	11	33	6	209
227	81	410	42	23	39	296	83	15	511	390
>ZSC22.H14INVIVO.0.P.C
319	198	183	127	352	77	877	144	71	27	446	132	11	686	63	74	133
110	132	181	581	198	7	17	106	5	10	376	5	13	242	7	26	618
433	606	275	229	129	910	80	431	912	955	86	843	954	32	911	883	141
133	59	356	58	316	1	21	314	7	3	87	15	17	35	14	12	103
>ZSC23.H14INVIVO.0.M.D
199	878	44	188	50	6	8	3	1196	1152	3	10	1088	27	644	608	630	343
717	85	31	7	47	10	1081	0	7	1	4	31	12	1064	36	251	149	316
154	159	345	1003	12	1186	116	85	2	52	87	89	77	88	489	171	273	314
138	86	788	10	1099	6	3	1120	3	3	1114	1078	31	29	39	178	156	235
>ZSC25.H14INVIVO.0.PSG.A
119	74	152	71	147	121	149	126	280	10	88	0	825	13	5	1	0	2	78	2	542
481	632	400	472	554	480	415	311	666	768	114	986	43	916	981	936	993	0	61	833	272
183	99	150	132	152	168	101	345	10	10	69	0	5	17	4	1	0	0	793	1	24
212	190	293	320	142	226	330	213	39	207	724	9	122	49	5	57	2	993	63	159	157
>ZSC29.H14INVIVO.0.P.B
7	4	2	2	0	1	72	0	31	2	28	5
16	35	1	2	75	7	3	62	2	65	16	1
43	15	67	2	0	0	1	2	41	4	28	66
10	22	6	70	1	68	0	12	2	5	4	4
>ZSC29.H14INVIVO.1.M.C
104	430	94	635	380	482	2	69	0	0	0	768	6	476	41	344	314	275	159	237
262	73	56	61	52	225	754	0	0	743	0	0	665	1	639	108	109	135	361	223
52	213	31	37	291	20	3	701	12	0	0	0	1	292	12	220	175	108	69	126
352	54	589	37	47	43	11	0	758	27	770	2	98	1	78	98	172	252	181	184
>ZSC31.H14INVIVO.0.P.C
182	72	106	512	22	19	648	10	70	52	36	573	245	68	98	522	91
38	41	643	146	16	787	26	11	39	16	794	115	113	74	105	120	140
481	548	48	22	780	11	156	802	681	754	10	102	345	176	213	135	217
149	189	53	170	32	33	20	27	60	28	10	60	147	532	434	73	402
>ZSC31.H14INVIVO.1.SM.B
369	307	764	517	58	28	1869	149	4	1	115	1726	693	7	278	1780	43	262	324	467
287	151	490	752	5	1704	1	6	0	0	1718	114	3	47	19	10	55	98	1058	530
918	1248	314	244	1826	108	26	1743	1894	1899	29	51	1185	204	139	86	470	1485	142	251
327	195	333	388	12	61	5	3	3	1	39	10	20	1643	1465	25	1333	56	377	653
>ZSCA1.H14INVIVO.0.SM.D
1808	3357	1272	76	147	1132	572	9301	19	67	125	3	7	4	32	13	4329	1604
2067	1333	1313	968	102	966	8551	74	6	26	3	4	2	14	6	8087	840	3215
3522	2290	1774	121	2810	1284	574	154	9746	5922	9672	14	9783	18	9751	59	3536	2700
2406	2823	5444	8638	6744	6421	106	274	32	3788	3	9782	11	9767	14	1644	1098	2284
>ZSCA2.H14INVIVO.0.PG.A
193	23	60	40	382	9	438	17	205	118	115	284	159	65	289	323	12	179	436	15	43
3	9	97	131	6	4	33	302	104	113	183	82	13	23	92	3	2	40	39	420	56
291	454	104	78	75	472	21	47	57	117	133	78	305	402	69	141	480	278	20	19	40
13	14	239	251	37	15	8	134	134	152	69	56	23	10	50	33	6	3	5	46	361
>ZSCA4.H14INVIVO.0.SM.D
2579	1032	20	62	1003	313	7592	5	33	54	0	4	2	2	4	3911	1149
1200	1582	43	22	747	7313	118	3	2616	3	2	0	4	1	6631	556	2547
1881	1334	19	1898	789	101	20	7734	3056	7694	6	7749	2	7749	8	2188	1940
2094	3806	7672	5772	5215	27	24	12	2049	3	7746	1	7746	2	1111	1099	2118
>ZXDA.H14INVIVO.0.PSI.A
78	29	18	491	8	5	11	13	27	93	63
166	118	465	2	8	7	15	22	416	104	117
108	340	15	3	484	484	472	454	12	151	263
148	13	2	4	0	4	2	11	45	152	57
>ZXDB.H14INVIVO.0.PI.A
25	15	489	15	8	20	15	17	84
118	450	4	13	6	15	8	423	107
343	31	3	471	483	460	475	6	166
14	4	4	1	3	5	2	54	143
>ZXDC.H14INVIVO.0.PI.A
333	103	37	16	14	7	25	4	48	282
265	37	863	943	941	946	9	54	628	297
235	834	62	16	12	31	5	916	259	274
167	26	38	25	33	16	961	26	65	147