rank	signature_id	output_prefix	name	motif_id	total_tfbs	B_cell_mean_score	Monocyte_mean_score	T_NK_cell_mean_score	B_cell_Monocyte_change	B_cell_T_NK_cell_change	Monocyte_T_NK_cell_change	mean_differential_score	dynamic_range	dominant_cell_type	B_cell_differential_score	B_cell_signature_z	Monocyte_differential_score	Monocyte_signature_z	T_NK_cell_differential_score	T_NK_cell_signature_z
1	PAX2_MA0067.3	PAX2_MA0067.3	PAX2	MA0067.3	1732	2.03861	1.77207	1.89431	0.30606	0.24793	-0.08613	2.7755575615628914e-17	0.31539333333333336	B_cell	0.18466333333333337	1.3751305603769757	-0.13072999999999999	-0.9735057572776514	-0.053933333333333305	-0.40162480309932425
2	PAX8_MA2094.1	PAX8_MA2094.1	PAX8	MA2094.1	1753	1.95508	1.79819	2.01454	0.29464	0.19222	-0.12792	1.5034270125132327e-17	0.3031400000000001	B_cell	0.16228666666666672	1.30161566641223	-0.14085333333333336	-1.1297102164875983	-0.021433333333333315	-0.17190544992463205
3	ZNF395_MA2566.1	ZNF395_MA2566.1	ZNF395	MA2566.1	3557	2.12467	2.39503	3.38918	0.29133	0.01672	-0.29661	-1.850371707708594e-17	0.29866333333333334	B_cell	0.10268333333333333	0.7406912578907635	-0.19598	-1.4136731639808322	0.0932966666666666	0.6729819060900687
4	TCF4_MA0830.3	TCF4_MA0830.3	TCF4	MA0830.3	9620	1.47924	1.35707	1.962	0.2527	0.02365	-0.24235	-9.25185853854297e-18	0.2571333333333333	B_cell	0.09211666666666667	0.7876731037593419	-0.16501666666666664	-1.4110279356470492	0.07289999999999995	0.6233548318877075
5	SNAI1_MA1558.2	SNAI1_MA1558.2	SNAI1	MA1558.2	5967	1.55391	1.44613	2.12366	0.24692	0.0084	-0.25052	-4.625929269271485e-18	0.25092000000000003	B_cell	0.08510666666666668	0.7257852980937742	-0.16581333333333334	-1.4140476213526831	0.08070666666666665	0.6882623232589087
6	TCF3_MA0522.4	TCF3_MA0522.4	TCF3	MA0522.4	5967	1.55391	1.44613	2.12366	0.24692	0.0084	-0.25052	-4.625929269271485e-18	0.25092000000000003	B_cell	0.08510666666666668	0.7257852980937742	-0.16581333333333334	-1.4140476213526831	0.08070666666666665	0.6882623232589087
7	SNAI3_MA1559.2	SNAI3_MA1559.2	SNAI3	MA1559.2	10463	1.35646	1.27536	1.7694	0.24058	0.03381	-0.22036	6.938893903907228e-18	0.24511000000000002	B_cell	0.09146333333333337	0.8368084098851684	-0.15364666666666665	-1.4057307790096918	0.062183333333333306	0.5689223691245235
8	SNAI2_MA0745.3	SNAI2_MA0745.3	SNAI2	MA0745.3	10258	1.34615	1.27286	1.76996	0.23837	0.02979	-0.22157	-4.625929269271485e-18	0.24270000000000003	B_cell	0.08938666666666668	0.8207687210176895	-0.15331333333333333	-1.4077579264054148	0.06392666666666663	0.5869892053877251
9	POU5F1B_MA0792.1	POU5F1B_MA0792.1	POU5F1B	MA0792.1	4940	1.33603	1.39091	1.21099	0.15805	0.24162	0.06362	2.312964634635743e-17	0.23496999999999996	B_cell	0.13322333333333336	1.3528727857258538	-0.031476666666666674	-0.31964314848773356	-0.10174666666666661	-1.0332296372381202
10	FIGLA_MA0820.2	FIGLA_MA0820.2	FIGLA	MA0820.2	22054	1.29701	1.25652	1.76483	0.22836	0.01217	-0.22687	-2.312964634635743e-17	0.23192000000000002	B_cell	0.08017666666666666	0.746827781340435	-0.15174333333333334	-1.4134553315578353	0.07156666666666661	0.6666275502174004
11	ZEB1_MA0103.4	ZEB1_MA0103.4	ZEB1	MA0103.4	22054	1.29701	1.25652	1.76483	0.22836	0.01217	-0.22687	-2.312964634635743e-17	0.23192000000000002	B_cell	0.08017666666666666	0.746827781340435	-0.15174333333333334	-1.4134553315578353	0.07156666666666661	0.6666275502174004
12	ZEB2_MA2686.1	ZEB2_MA2686.1	ZEB2	MA2686.1	22054	1.29701	1.25652	1.76483	0.22836	0.01217	-0.22687	-2.312964634635743e-17	0.23192000000000002	B_cell	0.08017666666666666	0.746827781340435	-0.15174333333333334	-1.4134553315578353	0.07156666666666661	0.6666275502174004
13	POU2F1_MA0785.2	POU2F1_MA0785.2	POU2F1	MA0785.2	4799	1.35091	1.39229	1.23439	0.15799	0.23755	0.05912	2.312964634635743e-17	0.23073666666666665	B_cell	0.1318466666666667	1.3587165855893257	-0.03295666666666667	-0.33962762000610996	-0.09888999999999996	-1.019088965583216
14	Ptf1A_MA1620.2	Ptf1A_MA1620.2	Ptf1A	MA1620.2	7807	1.24303	1.17024	1.5009	0.22265	0.0551	-0.18187	2.3129646346357427e-18	0.22742333333333334	B_cell	0.09258333333333335	0.9492336223327996	-0.13484	-1.3824805937212024	0.042256666666666644	0.43324697138840296
15	PAX1_MA0779.2	PAX1_MA0779.2	PAX1	MA0779.2	1814	1.90196	1.91043	1.85275	0.21254	0.2159	-0.0183	2.7755575615628914e-17	0.21976	B_cell	0.14281333333333338	1.412796944145955	-0.07694666666666665	-0.7612035444558217	-0.06586666666666664	-0.6515933996901332
16	POU3F4_MA0789.1	POU3F4_MA0789.1	POU3F4	MA0789.1	4739	1.31559	1.40996	1.23909	0.13797	0.22023	0.06215	9.25185853854297e-18	0.2135266666666667	B_cell	0.11940000000000002	1.3418008719132766	-0.025273333333333335	-0.2840182638427266	-0.09412666666666666	-1.0577826080705501
17	ASCL1_MA1631.2	ASCL1_MA1631.2	ASCL1	MA1631.2	11647	1.49203	1.52176	2.01955	0.20692	0.02352	-0.19586	-9.25185853854297e-18	0.2110733333333333	B_cell	0.07681333333333332	0.8063137773207183	-0.13426	-1.4093345913436857	0.057446666666666646	0.6030208140229673
18	POU2F2_MA0507.3	POU2F2_MA0507.3	POU2F2	MA0507.3	5468	1.20176	1.36692	1.1336	0.11646	0.21357	0.07682	2.7755575615628914e-17	0.20680666666666664	B_cell	0.11001000000000004	1.2950903971553407	-0.013213333333333339	-0.15555368706856296	-0.09679666666666661	-1.1395367100867777
19	POU1F1_MA0784.3	POU1F1_MA0784.3	POU1F1	MA0784.3	5785	1.12161	1.37651	1.09679	0.08925	0.20782	0.09881	2.7755575615628914e-17	0.20123333333333332	B_cell	0.09902333333333337	1.2048970629541484	0.0031866666666666606	0.03877475316202086	-0.10220999999999994	-1.2436718161161693
20	ZBTB17_MA2102.1	ZBTB17_MA2102.1	ZBTB17	MA2102.1	212	0.96871	1.11061	1.14929	0.19123	0.12512	-0.08284	1.5612511283791264e-17	0.19680666666666669	B_cell	0.10545000000000004	1.3024685549258301	-0.09135666666666666	-1.128394363358692	-0.014093333333333341	-0.17407419156713821
21	STAT1STAT2_MA0517.2	STAT1STAT2_MA0517.2	STAT1::STAT2	MA0517.2	16772	1.42186	2.01631	1.42888	0.01174	0.20215	0.16777	1.850371707708594e-17	0.1946033333333333	B_cell	0.07129666666666667	0.8143929920270756	0.05201	0.5940891979334451	-0.12330666666666662	-1.4084821899605204
22	POU2F3_MA0627.3	POU2F3_MA0627.3	POU2F3	MA0627.3	6305	1.28582	1.35282	1.24377	0.16875	0.19753	0.01186	1.3877787807814457e-17	0.19188999999999995	B_cell	0.12209333333333333	1.4093959445970656	-0.05229666666666666	-0.6036915194600679	-0.06979666666666663	-0.8057044251369977
23	CTCF_MA0139.2	CTCF_MA0139.2	CTCF	MA0139.2	12295	2.38682	2.81343	3.62107	0.18453	0.0194	-0.17855	-1.1564823173178714e-17	0.18900333333333333	B_cell	0.06797666666666666	0.7923107505153837	-0.12102666666666667	-1.4106418246316161	0.05304999999999998	0.6183310741162324
24	POU3F1_MA0786.2	POU3F1_MA0786.2	POU3F1	MA0786.2	6047	1.10017	1.23612	1.10033	0.13917	0.19122	0.03797	1.850371707708594e-17	0.18652666666666667	B_cell	0.11013000000000002	1.3801154505012303	-0.03373333333333333	-0.422735807956429	-0.07639666666666664	-0.9573796425448013
25	POU3F2_MA0787.1	POU3F2_MA0787.1	POU3F2	MA0787.1	6246	1.10339	1.31804	1.09272	0.10254	0.18988	0.07025	1.850371707708594e-17	0.1841833333333333	B_cell	0.09747333333333334	1.2897268720384891	-0.01076333333333332	-0.1424159794067534	-0.08670999999999997	-1.1473108926317355
26	EPAS1_MA2325.1	EPAS1_MA2325.1	EPAS1	MA2325.1	1226	1.5473	1.84287	2.31885	0.17194	0.00989	-0.17557	-1.3877787807814457e-17	0.1764466666666667	B_cell	0.060610000000000004	0.7397022776449398	-0.11583666666666668	-1.4137047709640485	0.05522666666666664	0.6740024933191088
27	PAX5_MA0014.4	PAX5_MA0014.4	PAX5	MA0014.4	2152	1.61369	2.08647	2.31449	0.17059	0.0661	-0.11802	9.25185853854297e-18	0.1751	B_cell	0.07889666666666668	1.0878665106577272	-0.09620333333333332	-1.3264994450163785	0.017306666666666665	0.2386329343586512
28	Irf1_MA0050.4	Irf1_MA0050.4	Irf1	MA0050.4	15464	1.27394	1.78021	1.35349	0.029	0.17587	0.12805	2.312964634635743e-17	0.16959666666666665	B_cell	0.06829000000000002	0.9346127315929268	0.03301666666666668	0.4518640653305969	-0.10130666666666663	-1.3864767969235239
29	MYOD1_MA0499.3	MYOD1_MA0499.3	MYOD1	MA0499.3	10186	1.35424	1.48671	1.73402	0.16466	0.04506	-0.13071	4.625929269271485e-18	0.1683633333333333	B_cell	0.06990666666666667	0.9758400964463338	-0.09845666666666665	-1.3743748297127292	0.028549999999999992	0.39853473326639544
30	NFKB2_MA0778.2	NFKB2_MA0778.2	NFKB2	MA0778.2	5328	1.40109	1.6185	1.82637	0.16332	0.05748	-0.11744	-2.3129646346357427e-18	0.16718666666666668	B_cell	0.07360000000000001	1.0559315921141024	-0.09358666666666667	-1.3426782327987106	0.019986666666666646	0.28674664068460826
31	NHLH2_MA1529.2	NHLH2_MA1529.2	NHLH2	MA1529.2	6469	1.63418	1.87512	2.24846	0.16319	0.0242	-0.14954	6.938893903907228e-18	0.1667066666666667	B_cell	0.062463333333333364	0.8419006423653902	-0.10424333333333334	-1.4050247499169028	0.04178	0.5631241075515125
32	PAX9_MA0781.2	PAX9_MA0781.2	PAX9	MA0781.2	2171	1.77508	1.94094	1.86311	0.15751	0.14894	-0.02712	1.61907524424502e-17	0.16369333333333336	B_cell	0.10215000000000003	1.404414826075898	-0.06154333333333334	-0.8461318627456129	-0.040606666666666645	-0.558282963330285
33	POU3F3_MA0788.1	POU3F3_MA0788.1	POU3F3	MA0788.1	6832	0.94528	1.20874	1.01279	0.08498	0.1662	0.06486	1.3877787807814457e-17	0.16074666666666662	B_cell	0.08372666666666666	1.2725252899112798	-0.006706666666666659	-0.10193171762487054	-0.07701999999999996	-1.1705935722864094
34	IRF4_MA1419.2	IRF4_MA1419.2	IRF4	MA1419.2	4214	1.70062	2.20791	1.93031	0.08687	0.16042	0.05602	1.850371707708594e-17	0.15457666666666664	B_cell	0.08243000000000002	1.2976360030572849	-0.010283333333333335	-0.16188309553284533	-0.07214666666666662	-1.1357529075244392
35	BARHL1_MA0877.4	BARHL1_MA0877.4	BARHL1	MA0877.4	2074	1.21978	1.5409	1.76794	0.15099	0.01809	-0.14112	-2.3129646346357427e-18	0.15373	B_cell	0.056360000000000014	0.8152097281600811	-0.09736999999999998	-1.4083919664823823	0.04100999999999996	0.5931822383223011
36	BARHL2_MA0635.2	BARHL2_MA0635.2	BARHL2	MA0635.2	2074	1.21978	1.5409	1.76794	0.15099	0.01809	-0.14112	-2.3129646346357427e-18	0.15373	B_cell	0.056360000000000014	0.8152097281600811	-0.09736999999999998	-1.4083919664823823	0.04100999999999996	0.5931822383223011
37	CTCF_MA1929.2	CTCF_MA1929.2	CTCF	MA1929.2	11823	2.09606	2.53141	3.14304	0.14949	0.01892	-0.143	0.0	0.15363333333333334	B_cell	0.05613666666666668	0.8111767842621653	-0.09749666666666668	-1.4088302216545379	0.041359999999999994	0.5976534373923724
38	ZNF423_MA0116.2	ZNF423_MA0116.2	ZNF423	MA0116.2	14997	1.52249	1.8524	2.20015	0.14816	0.00865	-0.15326	0.0	0.15274333333333334	B_cell	0.05227000000000001	0.7355261882375496	-0.10047333333333333	-1.413827585348907	0.04820333333333332	0.6783013971113576
39	IRF3_MA1418.2	IRF3_MA1418.2	IRF3	MA1418.2	10281	1.33029	1.88622	1.50414	0.02493	0.15295	0.10933	4.625929269271485e-18	0.14671999999999996	B_cell	0.05929333333333334	0.9394453727918384	0.02813333333333332	0.44574538713532225	-0.08742666666666664	-1.3851907599271605
40	ONECUT2_MA0756.3	ONECUT2_MA0756.3	ONECUT2	MA0756.3	516	0.85497	1.10197	1.26745	0.14682	0.0601	-0.08373	-5.782411586589357e-19	0.14582333333333333	B_cell	0.06897333333333333	1.1535526464693975	-0.07685	-1.285286886929826	0.007876666666666669	0.13173424046042853
41	POU5F1_MA1115.2	POU5F1_MA1115.2	POU5F1	MA1115.2	8830	1.15088	1.33159	1.23971	0.12077	0.14946	0.01679	4.625929269271485e-18	0.1454933333333333	B_cell	0.09007666666666667	1.4018616159613924	-0.034659999999999996	-0.5394129845970677	-0.055416666666666656	-0.8624486313643247
42	IRF8_MA0652.2	IRF8_MA0652.2	IRF8	MA0652.2	4899	1.68586	2.23438	1.9146	0.0618	0.14717	0.06902	9.25185853854297e-18	0.14171999999999998	B_cell	0.06965666666666667	1.2034259885533878	0.0024066666666666724	0.04157886604467363	-0.07206333333333331	-1.2450048545980616
43	IRF9_MA0653.1	IRF9_MA0653.1	IRF9	MA0653.1	6292	1.5737	2.0582	1.7723	0.07166	0.14584	0.05794	1.3877787807814457e-17	0.14042666666666664	B_cell	0.07250000000000001	1.262624461320371	-0.004573333333333331	-0.07964693153708292	-0.06792666666666664	-1.182977529783288
44	Stat2_MA1623.2	Stat2_MA1623.2	Stat2	MA1623.2	20610	1.14655	1.7043	1.29168	0.0003	0.14366	0.12466	1.850371707708594e-17	0.13742666666666664	B_cell	0.047986666666666684	0.7580850109555127	0.04145333333333333	0.654872547668988	-0.08943999999999996	-1.4129575586245007
45	NFKB1_MA0105.4	NFKB1_MA0105.4	NFKB1	MA0105.4	5422	1.24502	1.54625	1.73694	0.12949	0.03315	-0.10413	-1.1564823173178713e-18	0.13208666666666669	B_cell	0.05421333333333334	0.9602107106976624	-0.07787333333333334	-1.3792697136816765	0.02365999999999999	0.419059002984014
46	EBF1_MA0154.5	EBF1_MA0154.5	EBF1	MA0154.5	9720	1.41431	1.72195	1.77196	0.12225	0.08031	-0.05712	3.758567531283082e-18	0.12731	B_cell	0.06752000000000001	1.2919838226331113	-0.05979	-1.1440715751663761	-0.007729999999999996	-0.147912247466735
47	E2F3_MA0469.4	E2F3_MA0469.4	E2F3	MA0469.4	644	1.42136	1.65763	2.078	0.12415	0.0376	-0.09291	1.1564823173178713e-18	0.12627000000000002	B_cell	0.053916666666666675	1.01399663286094	-0.07235333333333334	-1.3607301955412403	0.018436666666666667	0.34673356268030037
48	IRF2_MA0051.2	IRF2_MA0051.2	IRF2	MA0051.2	7160	1.38652	1.97891	1.61067	0.01663	0.12186	0.08801	1.3877787807814457e-17	0.11611999999999999	B_cell	0.04616333333333335	0.9177092503421488	0.023793333333333333	0.4730022838430395	-0.06995666666666664	-1.3907115341851883
49	Ebf4_MA2122.1	Ebf4_MA2122.1	Ebf4	MA2122.1	9787	1.36406	1.71328	1.71436	0.10659	0.08123	-0.03994	5.782411586589357e-18	0.11145	B_cell	0.06260666666666667	1.3455561312956321	-0.04884333333333333	-1.049751570220152	-0.013763333333333325	-0.29580456107547987
50	SCRT1_MA0743.3	SCRT1_MA0743.3	SCRT1	MA0743.3	5282	1.28062	1.57089	1.7855	0.10947	0.02016	-0.0924	-3.469446951953614e-18	0.11049999999999999	B_cell	0.04321	0.8961404254503826	-0.06728999999999999	-1.395540134889059	0.02407999999999998	0.49939970943867623
51	TIGD5_MA2562.1	TIGD5_MA2562.1	TIGD5	MA2562.1	811	1.30867	1.76616	1.75691	0.06518	0.11733	0.03154	9.25185853854297e-18	0.11045999999999997	B_cell	0.06083666666666667	1.3286922336661602	-0.011213333333333334	-0.2449027819874509	-0.04962333333333331	-1.0837894516787092
52	Arx_MA0874.2	Arx_MA0874.2	Arx	MA0874.2	2190	0.81086	1.20421	1.0064	0.05399	0.1108	0.05056	1.3877787807814457e-17	0.10871666666666663	B_cell	0.05493000000000001	1.237419794137847	-0.0011433333333333386	-0.02575611319796643	-0.05378666666666663	-1.2116636809398809
53	EBF3_MA1637.2	EBF3_MA1637.2	EBF3	MA1637.2	9211	1.38233	1.70677	1.74707	0.10125	0.06759	-0.04775	6.3606527452482924e-18	0.10594666666666668	B_cell	0.05628000000000001	1.29365611025162	-0.049666666666666665	-1.1416415566660234	-0.006613333333333327	-0.15201455358559665
54	PAX6_MA0069.1	PAX6_MA0069.1	PAX6	MA0069.1	2354	1.25451	1.49164	1.39379	0.07948	0.10682	0.02292	4.625929269271485e-18	0.10534666666666666	B_cell	0.0621	1.379190617916694	-0.018853333333333333	-0.4187172375167377	-0.043246666666666655	-0.9604733803999563
55	NHLH1_MA0048.3	NHLH1_MA0048.3	NHLH1	MA0048.3	7936	1.50546	1.84814	1.99205	0.09906	0.02848	-0.07996	-5.782411586589357e-18	0.10218666666666669	B_cell	0.04251333333333334	0.9785248690451835	-0.05967333333333335	-1.3734947628702268	0.01715999999999999	0.39496989382504333
56	Ebf2_MA1604.2	Ebf2_MA1604.2	Ebf2	MA1604.2	9381	1.37572	1.70836	1.74094	0.09727	0.06763	-0.04307	4.625929269271485e-18	0.10174666666666665	B_cell	0.054966666666666664	1.310623118035433	-0.04677999999999999	-1.115420548120635	-0.008186666666666662	-0.1952025699147983
57	mix-a_MA0621.2	mix-a_MA0621.2	mix-a	MA0621.2	4290	0.78129	1.17693	0.98715	0.05136	0.10444	0.04453	9.25185853854297e-18	0.10158999999999999	B_cell	0.05193333333333334	1.251249567590977	-0.0022766666666666625	-0.05485259657667774	-0.04965666666666665	-1.1963969710142992
58	HOXD3_MA0912.2	HOXD3_MA0912.2	HOXD3	MA0912.2	2789	0.93481	1.43657	1.15071	0.00824	0.10193	0.08268	1.3877787807814457e-17	0.09825999999999999	B_cell	0.036723333333333344	0.8387422952457536	0.024813333333333337	0.5667239398937449	-0.06153666666666664	-1.4054662351394986
59	EN2_MA0642.3	EN2_MA0642.3	EN2	MA0642.3	1676	0.8667	1.27092	1.12653	0.02733	0.10079	0.06383	1.1564823173178714e-17	0.09758	B_cell	0.042706666666666684	1.0478814978019377	0.012166666666666666	0.29853008640158196	-0.054873333333333316	-1.3464115842035198
60	GBX1_MA0889.2	GBX1_MA0889.2	GBX1	MA0889.2	1676	0.8667	1.27092	1.12653	0.02733	0.10079	0.06383	1.1564823173178714e-17	0.09758	B_cell	0.042706666666666684	1.0478814978019377	0.012166666666666666	0.29853008640158196	-0.054873333333333316	-1.3464115842035198
61	ALX3_MA0634.2	ALX3_MA0634.2	ALX3	MA0634.2	5748	0.76821	1.15727	0.97312	0.04747	0.09784	0.04366	1.1564823173178714e-17	0.09560333333333332	B_cell	0.048436666666666676	1.240686085253042	-0.0012699999999999957	-0.03253054837804774	-0.04716666666666665	-1.2081555368749943
62	DRGX_MA1481.2	DRGX_MA1481.2	DRGX	MA1481.2	5748	0.76821	1.15727	0.97312	0.04747	0.09784	0.04366	1.1564823173178714e-17	0.09560333333333332	B_cell	0.048436666666666676	1.240686085253042	-0.0012699999999999957	-0.03253054837804774	-0.04716666666666665	-1.2081555368749943
63	EMX1_MA0612.3	EMX1_MA0612.3	EMX1	MA0612.3	5748	0.76821	1.15727	0.97312	0.04747	0.09784	0.04366	1.1564823173178714e-17	0.09560333333333332	B_cell	0.048436666666666676	1.240686085253042	-0.0012699999999999957	-0.03253054837804774	-0.04716666666666665	-1.2081555368749943
64	EMX2_MA0886.2	EMX2_MA0886.2	EMX2	MA0886.2	5748	0.76821	1.15727	0.97312	0.04747	0.09784	0.04366	1.1564823173178714e-17	0.09560333333333332	B_cell	0.048436666666666676	1.240686085253042	-0.0012699999999999957	-0.03253054837804774	-0.04716666666666665	-1.2081555368749943
65	EN1_MA0027.3	EN1_MA0027.3	EN1	MA0027.3	5748	0.76821	1.15727	0.97312	0.04747	0.09784	0.04366	1.1564823173178714e-17	0.09560333333333332	B_cell	0.048436666666666676	1.240686085253042	-0.0012699999999999957	-0.03253054837804774	-0.04716666666666665	-1.2081555368749943
66	EVX1_MA0887.2	EVX1_MA0887.2	EVX1	MA0887.2	5748	0.76821	1.15727	0.97312	0.04747	0.09784	0.04366	1.1564823173178714e-17	0.09560333333333332	B_cell	0.048436666666666676	1.240686085253042	-0.0012699999999999957	-0.03253054837804774	-0.04716666666666665	-1.2081555368749943
67	EVX2_MA0888.2	EVX2_MA0888.2	EVX2	MA0888.2	5748	0.76821	1.15727	0.97312	0.04747	0.09784	0.04366	1.1564823173178714e-17	0.09560333333333332	B_cell	0.048436666666666676	1.240686085253042	-0.0012699999999999957	-0.03253054837804774	-0.04716666666666665	-1.2081555368749943
68	GSX1_MA0892.2	GSX1_MA0892.2	GSX1	MA0892.2	5748	0.76821	1.15727	0.97312	0.04747	0.09784	0.04366	1.1564823173178714e-17	0.09560333333333332	B_cell	0.048436666666666676	1.240686085253042	-0.0012699999999999957	-0.03253054837804774	-0.04716666666666665	-1.2081555368749943
69	HOXA1_MA1495.2	HOXA1_MA1495.2	HOXA1	MA1495.2	5748	0.76821	1.15727	0.97312	0.04747	0.09784	0.04366	1.1564823173178714e-17	0.09560333333333332	B_cell	0.048436666666666676	1.240686085253042	-0.0012699999999999957	-0.03253054837804774	-0.04716666666666665	-1.2081555368749943
70	HOXA2_MA0900.3	HOXA2_MA0900.3	HOXA2	MA0900.3	5748	0.76821	1.15727	0.97312	0.04747	0.09784	0.04366	1.1564823173178714e-17	0.09560333333333332	B_cell	0.048436666666666676	1.240686085253042	-0.0012699999999999957	-0.03253054837804774	-0.04716666666666665	-1.2081555368749943
71	HOXB2_MA0902.3	HOXB2_MA0902.3	HOXB2	MA0902.3	5748	0.76821	1.15727	0.97312	0.04747	0.09784	0.04366	1.1564823173178714e-17	0.09560333333333332	B_cell	0.048436666666666676	1.240686085253042	-0.0012699999999999957	-0.03253054837804774	-0.04716666666666665	-1.2081555368749943
72	HOXB3_MA0903.2	HOXB3_MA0903.2	HOXB3	MA0903.2	5748	0.76821	1.15727	0.97312	0.04747	0.09784	0.04366	1.1564823173178714e-17	0.09560333333333332	B_cell	0.048436666666666676	1.240686085253042	-0.0012699999999999957	-0.03253054837804774	-0.04716666666666665	-1.2081555368749943
73	HOXB5_MA0904.3	HOXB5_MA0904.3	HOXB5	MA0904.3	5748	0.76821	1.15727	0.97312	0.04747	0.09784	0.04366	1.1564823173178714e-17	0.09560333333333332	B_cell	0.048436666666666676	1.240686085253042	-0.0012699999999999957	-0.03253054837804774	-0.04716666666666665	-1.2081555368749943
74	HOXC8_MA1505.2	HOXC8_MA1505.2	HOXC8	MA1505.2	5748	0.76821	1.15727	0.97312	0.04747	0.09784	0.04366	1.1564823173178714e-17	0.09560333333333332	B_cell	0.048436666666666676	1.240686085253042	-0.0012699999999999957	-0.03253054837804774	-0.04716666666666665	-1.2081555368749943
75	Lhx4_MA0704.2	Lhx4_MA0704.2	Lhx4	MA0704.2	5748	0.76821	1.15727	0.97312	0.04747	0.09784	0.04366	1.1564823173178714e-17	0.09560333333333332	B_cell	0.048436666666666676	1.240686085253042	-0.0012699999999999957	-0.03253054837804774	-0.04716666666666665	-1.2081555368749943
76	Lhx8_MA0705.2	Lhx8_MA0705.2	Lhx8	MA0705.2	5748	0.76821	1.15727	0.97312	0.04747	0.09784	0.04366	1.1564823173178714e-17	0.09560333333333332	B_cell	0.048436666666666676	1.240686085253042	-0.0012699999999999957	-0.03253054837804774	-0.04716666666666665	-1.2081555368749943
77	MIXL1_MA0662.2	MIXL1_MA0662.2	MIXL1	MA0662.2	5748	0.76821	1.15727	0.97312	0.04747	0.09784	0.04366	1.1564823173178714e-17	0.09560333333333332	B_cell	0.048436666666666676	1.240686085253042	-0.0012699999999999957	-0.03253054837804774	-0.04716666666666665	-1.2081555368749943
78	MNX1_MA0707.3	MNX1_MA0707.3	MNX1	MA0707.3	5748	0.76821	1.15727	0.97312	0.04747	0.09784	0.04366	1.1564823173178714e-17	0.09560333333333332	B_cell	0.048436666666666676	1.240686085253042	-0.0012699999999999957	-0.03253054837804774	-0.04716666666666665	-1.2081555368749943
79	NKX6-2_MA0675.2	NKX6-2_MA0675.2	NKX6-2	MA0675.2	5748	0.76821	1.15727	0.97312	0.04747	0.09784	0.04366	1.1564823173178714e-17	0.09560333333333332	B_cell	0.048436666666666676	1.240686085253042	-0.0012699999999999957	-0.03253054837804774	-0.04716666666666665	-1.2081555368749943
80	PDX1_MA0132.3	PDX1_MA0132.3	PDX1	MA0132.3	5748	0.76821	1.15727	0.97312	0.04747	0.09784	0.04366	1.1564823173178714e-17	0.09560333333333332	B_cell	0.048436666666666676	1.240686085253042	-0.0012699999999999957	-0.03253054837804774	-0.04716666666666665	-1.2081555368749943
81	POU6F1_MA0628.2	POU6F1_MA0628.2	POU6F1	MA0628.2	5748	0.76821	1.15727	0.97312	0.04747	0.09784	0.04366	1.1564823173178714e-17	0.09560333333333332	B_cell	0.048436666666666676	1.240686085253042	-0.0012699999999999957	-0.03253054837804774	-0.04716666666666665	-1.2081555368749943
82	PRRX1_MA0716.2	PRRX1_MA0716.2	PRRX1	MA0716.2	5748	0.76821	1.15727	0.97312	0.04747	0.09784	0.04366	1.1564823173178714e-17	0.09560333333333332	B_cell	0.048436666666666676	1.240686085253042	-0.0012699999999999957	-0.03253054837804774	-0.04716666666666665	-1.2081555368749943
83	UNCX_MA0721.2	UNCX_MA0721.2	UNCX	MA0721.2	5748	0.76821	1.15727	0.97312	0.04747	0.09784	0.04366	1.1564823173178714e-17	0.09560333333333332	B_cell	0.048436666666666676	1.240686085253042	-0.0012699999999999957	-0.03253054837804774	-0.04716666666666665	-1.2081555368749943
84	VAX2_MA0723.3	VAX2_MA0723.3	VAX2	MA0723.3	5748	0.76821	1.15727	0.97312	0.04747	0.09784	0.04366	1.1564823173178714e-17	0.09560333333333332	B_cell	0.048436666666666676	1.240686085253042	-0.0012699999999999957	-0.03253054837804774	-0.04716666666666665	-1.2081555368749943
85	ZNF596_MA2496.1	ZNF596_MA2496.1	ZNF596	MA2496.1	7098	1.49082	1.9487	2.17214	0.09281	0.0312	-0.0693	-1.734723475976807e-18	0.09537333333333331	B_cell	0.04133666666666666	1.034497920459647	-0.054036666666666656	-1.3523301176172353	0.01269999999999999	0.3178321971575883
86	LMX1B_MA0703.3	LMX1B_MA0703.3	LMX1B	MA0703.3	2969	0.72046	1.09833	0.94432	0.06168	0.09566	0.02875	6.938893903907228e-18	0.09391666666666665	B_cell	0.05244666666666667	1.3406936635161955	-0.010976666666666668	-0.2805964302757617	-0.04146999999999998	-1.0600972332404337
87	OVOL1_MA1544.2	OVOL1_MA1544.2	OVOL1	MA1544.2	458	1.25556	1.87916	1.99705	0.08836	0.01438	-0.08947	-5.782411586589357e-18	0.09352333333333335	B_cell	0.034246666666666675	0.8137793097458752	-0.05927666666666668	-1.4085494904818856	0.025029999999999986	0.5947701807360106
88	LMX1A_MA0702.3	LMX1A_MA0702.3	LMX1A	MA0702.3	2980	0.71849	1.0983	0.94296	0.06028	0.0951	0.02945	9.25185853854297e-18	0.09331	B_cell	0.05179333333333335	1.3355492663865185	-0.010276666666666667	-0.2649953911873883	-0.04151666666666666	-1.0705538751991301
89	NKX6-1_MA0674.2	NKX6-1_MA0674.2	NKX6-1	MA0674.2	2980	0.71849	1.0983	0.94296	0.06028	0.0951	0.02945	9.25185853854297e-18	0.09331	B_cell	0.05179333333333335	1.3355492663865185	-0.010276666666666667	-0.2649953911873883	-0.04151666666666666	-1.0705538751991301
90	LHX9_MA0701.3	LHX9_MA0701.3	LHX9	MA0701.3	3650	0.87022	1.29215	1.09861	0.02467	0.09645	0.06114	1.1564823173178714e-17	0.09290333333333331	B_cell	0.04037333333333334	1.038153758073643	0.012156666666666663	0.312594679301071	-0.052529999999999966	-1.350748437374714
91	GSX2_MA0893.3	GSX2_MA0893.3	GSX2	MA0893.3	1900	0.88122	1.3142	1.10076	0.03448	0.09512	0.05174	9.25185853854297e-18	0.09215333333333332	B_cell	0.04320000000000001	1.141626074812508	0.0057533333333333325	0.1520406331116038	-0.048953333333333314	-1.2936667079241118
92	HOXA3_MA2119.1	HOXA3_MA2119.1	HOXA3	MA2119.1	1900	0.88122	1.3142	1.10076	0.03448	0.09512	0.05174	9.25185853854297e-18	0.09215333333333332	B_cell	0.04320000000000001	1.141626074812508	0.0057533333333333325	0.1520406331116038	-0.048953333333333314	-1.2936667079241118
93	HOXA6_MA1497.2	HOXA6_MA1497.2	HOXA6	MA1497.2	1900	0.88122	1.3142	1.10076	0.03448	0.09512	0.05174	9.25185853854297e-18	0.09215333333333332	B_cell	0.04320000000000001	1.141626074812508	0.0057533333333333325	0.1520406331116038	-0.048953333333333314	-1.2936667079241118
94	HOXB7_MA1501.2	HOXB7_MA1501.2	HOXB7	MA1501.2	1900	0.88122	1.3142	1.10076	0.03448	0.09512	0.05174	9.25185853854297e-18	0.09215333333333332	B_cell	0.04320000000000001	1.141626074812508	0.0057533333333333325	0.1520406331116038	-0.048953333333333314	-1.2936667079241118
95	LHX5_MA1519.2	LHX5_MA1519.2	LHX5	MA1519.2	1900	0.88122	1.3142	1.10076	0.03448	0.09512	0.05174	9.25185853854297e-18	0.09215333333333332	B_cell	0.04320000000000001	1.141626074812508	0.0057533333333333325	0.1520406331116038	-0.048953333333333314	-1.2936667079241118
96	MEOX2_MA0706.2	MEOX2_MA0706.2	MEOX2	MA0706.2	1900	0.88122	1.3142	1.10076	0.03448	0.09512	0.05174	9.25185853854297e-18	0.09215333333333332	B_cell	0.04320000000000001	1.141626074812508	0.0057533333333333325	0.1520406331116038	-0.048953333333333314	-1.2936667079241118
97	Arid3b_MA0601.2	Arid3b_MA0601.2	Arid3b	MA0601.2	2804	0.64781	1.01027	0.8986	0.05235	0.09315	0.03756	1.1564823173178714e-17	0.09206999999999999	B_cell	0.04850000000000001	1.284811443529819	-0.004929999999999995	-0.13060042096086633	-0.04356999999999998	-1.1542110225689528
98	Arid5a_MA0602.2	Arid5a_MA0602.2	Arid5a	MA0602.2	3081	0.68886	1.11739	0.89619	0.02125	0.09351	0.06554	1.1564823173178714e-17	0.09126999999999996	B_cell	0.038253333333333334	0.9885714918321117	0.014763333333333338	0.38152519495681614	-0.053016666666666636	-1.370096686788928
99	HOXB1_MA2093.1	HOXB1_MA2093.1	HOXB1	MA2093.1	3448	0.86854	1.29342	1.06735	0.02978	0.09359	0.05493	1.1564823173178714e-17	0.09062999999999999	B_cell	0.04112333333333334	1.0974590337449945	0.008383333333333338	0.22372614654037928	-0.04950666666666664	-1.321185180285374
100	IRF5_MA1420.1	IRF5_MA1420.1	IRF5	MA1420.1	3312	1.43832	2.02632	1.78448	0.06166	0.09293	0.0195	1.1564823173178714e-17	0.08900666666666666	B_cell	0.05153000000000002	1.3678917287056047	-0.01405333333333334	-0.3730533364527354	-0.037476666666666644	-0.9948383922528695
101	ESX1_MA0644.3	ESX1_MA0644.3	ESX1	MA0644.3	1974	0.87321	1.31017	1.0749	0.02239	0.09274	0.05885	1.1564823173178714e-17	0.08890666666666666	B_cell	0.03837666666666668	1.0288794842043336	0.012153333333333334	0.3258311994622598	-0.05052999999999998	-1.3547106836665936
102	LBX1_MA0618.2	LBX1_MA0618.2	LBX1	MA0618.2	1974	0.87321	1.31017	1.0749	0.02239	0.09274	0.05885	1.1564823173178714e-17	0.08890666666666666	B_cell	0.03837666666666668	1.0288794842043336	0.012153333333333334	0.3258311994622598	-0.05052999999999998	-1.3547106836665936
103	MEOX1_MA0661.2	MEOX1_MA0661.2	MEOX1	MA0661.2	1974	0.87321	1.31017	1.0749	0.02239	0.09274	0.05885	1.1564823173178714e-17	0.08890666666666666	B_cell	0.03837666666666668	1.0288794842043336	0.012153333333333334	0.3258311994622598	-0.05052999999999998	-1.3547106836665936
104	NOTO_MA0710.2	NOTO_MA0710.2	NOTO	MA0710.2	1974	0.87321	1.31017	1.0749	0.02239	0.09274	0.05885	1.1564823173178714e-17	0.08890666666666666	B_cell	0.03837666666666668	1.0288794842043336	0.012153333333333334	0.3258311994622598	-0.05052999999999998	-1.3547106836665936
105	PRRX2_MA0075.4	PRRX2_MA0075.4	PRRX2	MA0075.4	1974	0.87321	1.31017	1.0749	0.02239	0.09274	0.05885	1.1564823173178714e-17	0.08890666666666666	B_cell	0.03837666666666668	1.0288794842043336	0.012153333333333334	0.3258311994622598	-0.05052999999999998	-1.3547106836665936
106	VAX1_MA0722.2	VAX1_MA0722.2	VAX1	MA0722.2	1974	0.87321	1.31017	1.0749	0.02239	0.09274	0.05885	1.1564823173178714e-17	0.08890666666666666	B_cell	0.03837666666666668	1.0288794842043336	0.012153333333333334	0.3258311994622598	-0.05052999999999998	-1.3547106836665936
107	VSX1_MA0725.2	VSX1_MA0725.2	VSX1	MA0725.2	1974	0.87321	1.31017	1.0749	0.02239	0.09274	0.05885	1.1564823173178714e-17	0.08890666666666666	B_cell	0.03837666666666668	1.0288794842043336	0.012153333333333334	0.3258311994622598	-0.05052999999999998	-1.3547106836665936
108	VSX2_MA0726.2	VSX2_MA0726.2	VSX2	MA0726.2	1974	0.87321	1.31017	1.0749	0.02239	0.09274	0.05885	1.1564823173178714e-17	0.08890666666666666	B_cell	0.03837666666666668	1.0288794842043336	0.012153333333333334	0.3258311994622598	-0.05052999999999998	-1.3547106836665936
109	Pou5f1Sox2_MA0142.1	Pou5f1Sox2_MA0142.1	Pou5f1::Sox2	MA0142.1	7627	0.92137	1.34894	1.14847	0.02106	0.09093	0.0625	1.3877787807814457e-17	0.08847333333333329	B_cell	0.03733000000000001	0.997688873926896	0.013813333333333325	0.36917784566059925	-0.05114333333333329	-1.3668667195874953
110	ASCL1_MA1100.3	ASCL1_MA1100.3	ASCL1	MA1100.3	6168	1.52084	1.86735	2.0233	0.08494	0.02844	-0.06621	4.625929269271485e-18	0.08817666666666667	B_cell	0.03779333333333334	1.0191703284444953	-0.05038333333333333	-1.35868402843875	0.012590000000000004	0.3395136999942546
111	Hmx1_MA0896.2	Hmx1_MA0896.2	Hmx1	MA0896.2	3260	0.83507	1.24495	1.06441	0.01005	0.08982	0.0711	9.25185853854297e-18	0.08692999999999998	B_cell	0.03329	0.8692966647928652	0.020350000000000007	0.5313964292140224	-0.05363999999999998	-1.4006930940068876
112	PHOX2A_MA0713.1	PHOX2A_MA0713.1	PHOX2A	MA0713.1	3947	0.64892	1.04975	0.9069	0.02977	0.08751	0.05227	4.625929269271485e-18	0.08568666666666666	B_cell	0.03909333333333334	1.1049197901239136	0.007499999999999996	0.2119772789715896	-0.04659333333333332	-1.3168970690955033
113	ETV2FIGLA_MA1941.2	ETV2FIGLA_MA1941.2	ETV2::FIGLA	MA1941.2	7398	1.44739	1.90143	2.05672	0.07905	0.02596	-0.06194	0.0	0.08199999999999999	B_cell	0.03500333333333333	1.0135949192639981	-0.04699666666666666	-1.360887036158757	0.011993333333333328	0.347292116894759
114	POU4F2_MA0683.2	POU4F2_MA0683.2	POU4F2	MA0683.2	5625	0.71041	1.14907	0.93048	0.02615	0.08337	0.05166	6.938893903907228e-18	0.08151666666666664	B_cell	0.036506666666666666	1.07950839819974	0.00850333333333333	0.25144502591376316	-0.045009999999999974	-1.3309534241135033
115	PROP1_MA0715.1	PROP1_MA0715.1	PROP1	MA0715.1	4614	0.61191	0.99541	0.85289	0.03101	0.08345	0.04591	9.25185853854297e-18	0.08127333333333331	B_cell	0.03815333333333334	1.1435120617649297	0.0049666666666666704	0.14885837602915808	-0.04311999999999998	-1.2923704377940874
116	POU2F1SOX2_MA1962.1	POU2F1SOX2_MA1962.1	POU2F1::SOX2	MA1962.1	6349	0.80959	1.25634	1.03221	0.0098	0.08242	0.06695	9.25185853854297e-18	0.08052999999999996	B_cell	0.030739999999999996	0.8652127379425764	0.01905	0.5361842113795081	-0.04978999999999997	-1.4013969493220846
117	POU4F3_MA0791.2	POU4F3_MA0791.2	POU4F3	MA0791.2	6293	0.63723	1.04408	0.86282	0.03202	0.08211	0.04517	9.25185853854297e-18	0.08046999999999999	B_cell	0.038043333333333346	1.1529110634264599	0.004383333333333331	0.13283782076630077	-0.04242666666666665	-1.2857488841927605
118	IRF7_MA0772.2	IRF7_MA0772.2	IRF7	MA0772.2	8488	1.23121	1.70855	1.56526	0.05015	0.08337	0.02409	6.938893903907228e-18	0.08032666666666664	B_cell	0.04450666666666667	1.3339918260111738	-0.008686666666666667	-0.2603641925243501	-0.03581999999999998	-1.0736276334868238
119	MEF2B_MA0660.1	MEF2B_MA0660.1	MEF2B	MA0660.1	7120	0.76993	1.13982	0.97253	0.04251	0.08266	0.03154	2.3129646346357427e-18	0.07979	B_cell	0.041723333333333334	1.2768569673339472	-0.0036566666666666666	-0.11190477695656632	-0.03806666666666666	-1.1649521903773805
120	MEF2A_MA0052.5	MEF2A_MA0052.5	MEF2A	MA0052.5	11376	0.73118	1.0926	0.93049	0.04708	0.08179	0.0285	6.938893903907228e-18	0.07971999999999999	B_cell	0.04295666666666667	1.3081040621685096	-0.0061933333333333285	-0.1885976059214008	-0.03676333333333332	-1.1195064562471089
121	MEF2C_MA0497.2	MEF2C_MA0497.2	MEF2C	MA0497.2	11934	0.74801	1.11514	0.96707	0.05094	0.0817	0.02342	4.625929269271485e-18	0.07925333333333331	B_cell	0.04421333333333333	1.3398450435760014	-0.009173333333333334	-0.2779895627202321	-0.03503999999999998	-1.0618554808557694
122	SCRT2_MA0744.3	SCRT2_MA0744.3	SCRT2	MA0744.3	5333	1.29132	1.67154	1.77777	0.07702	0.01834	-0.06231	4.04768811061255e-18	0.07823000000000001	B_cell	0.03178666666666668	0.9466869811476141	-0.04644333333333333	-1.383199424111756	0.014656666666666663	0.4365124429641418
123	Alx4_MA0853.2	Alx4_MA0853.2	Alx4	MA0853.2	1811	0.80875	1.21225	1.0363	0.05242	0.07834	0.02206	1.1564823173178714e-17	0.07705333333333333	B_cell	0.04358666666666669	1.3510824727220412	-0.010120000000000002	-0.3136958081358307	-0.03346666666666665	-1.0373866645862106
124	TLX3_MA2685.1	TLX3_MA2685.1	TLX3	MA2685.1	2429	0.89678	1.33824	1.19118	0.02977	0.07982	0.04084	6.938893903907228e-18	0.07674999999999998	B_cell	0.03653	1.161839923071138	0.0036900000000000006	0.11736078062229655	-0.04021999999999998	-1.2792007036934345
125	MEF2D_MA0773.1	MEF2D_MA0773.1	MEF2D	MA0773.1	8574	0.73468	1.10197	0.94079	0.0444	0.07905	0.02745	4.625929269271485e-18	0.07664999999999998	B_cell	0.04115	1.3044345486810822	-0.00565	-0.17910219198172833	-0.03549999999999998	-1.1253323566993538
126	ZNF772_MA2529.1	ZNF772_MA2529.1	ZNF772	MA2529.1	3482	0.96581	1.49289	1.22179	-0.00193	0.07936	0.0725	9.25185853854297e-18	0.07642999999999998	B_cell	0.025810000000000007	0.721028805416804	0.02481	0.693092780410341	-0.05061999999999998	-1.414121585827145
127	POU4F1_MA0790.2	POU4F1_MA0790.2	POU4F1	MA0790.2	6472	0.64235	1.04557	0.87016	0.02816	0.07567	0.04524	9.25185853854297e-18	0.07491333333333333	B_cell	0.03461000000000001	1.1219866971346453	0.005693333333333335	0.18456643346874424	-0.040303333333333316	-1.3065531306033895
128	ERFFIGLA_MA1934.2	ERFFIGLA_MA1934.2	ERF::FIGLA	MA1934.2	6125	1.4611	1.90115	1.97659	0.07146	0.04729	-0.03391	1.1564823173178713e-18	0.07470666666666667	B_cell	0.03958333333333333	1.2909789033613084	-0.03512333333333333	-1.1455195540815248	-0.004459999999999995	-0.14545934927978352
129	PHOX2B_MA0681.3	PHOX2B_MA0681.3	PHOX2B	MA0681.3	6547	0.61917	0.96167	0.86336	0.07231	0.07222	-0.00382	6.938893903907228e-18	0.07355333333333335	B_cell	0.04817666666666668	1.4135398162331931	-0.02537666666666667	-0.744570581954148	-0.02279999999999999	-0.668969234279045
130	OVOL2_MA1545.2	OVOL2_MA1545.2	OVOL2	MA1545.2	648	1.15793	1.796	1.85354	0.06828	0.00903	-0.06978	3.469446951953614e-18	0.07178999999999999	B_cell	0.025770000000000008	0.7900305586834963	-0.046019999999999985	-1.4108345483358358	0.020249999999999987	0.6208039896523393
131	RFX4_MA0799.3	RFX4_MA0799.3	RFX4	MA0799.3	1776	1.29918	1.97568	1.76782	0.02126	0.07599	0.03962	6.938893903907228e-18	0.07095333333333334	B_cell	0.03241666666666668	1.106822349806019	0.006120000000000003	0.20895895467803077	-0.03853666666666666	-1.3157813044840496
132	HOXB13_MA0901.3	HOXB13_MA0901.3	HOXB13	MA0901.3	7190	0.71699	1.11511	0.992	0.05005	0.07086	0.01674	9.25185853854297e-18	0.06950333333333333	B_cell	0.040303333333333344	1.3689617428004708	-0.011103333333333328	-0.37714097802236124	-0.02919999999999999	-0.9918207647781097
133	NR3C2_MA0727.2	NR3C2_MA0727.2	NR3C2	MA0727.2	2259	1.11065	1.64331	1.48541	0.02237	0.07336	0.0394	6.938893903907228e-18	0.06949666666666665	B_cell	0.03191000000000001	1.1136146489955585	0.005676666666666666	0.19810777679300465	-0.03758666666666665	-1.3117224257885631
134	TFAP4ETV1_MA1966.2	TFAP4ETV1_MA1966.2	TFAP4::ETV1	MA1966.2	7688	1.52792	2.03861	2.16565	0.06591	0.03606	-0.04032	2.8912057932946783e-19	0.06939999999999999	B_cell	0.03399	1.1989325751472188	-0.03541	-1.2490203732263316	0.0014199999999999985	0.050087798079112934
135	Lhx3_MA0135.2	Lhx3_MA0135.2	Lhx3	MA0135.2	5734	0.59995	0.99519	0.84929	0.0352	0.07141	0.02926	6.938893903907228e-18	0.06909333333333333	B_cell	0.035536666666666675	1.2582932047751054	-0.0019799999999999996	-0.07010844795388942	-0.03355666666666665	-1.1881847568212158
136	TIGD3_MA2599.1	TIGD3_MA2599.1	TIGD3	MA2599.1	3105	0.96409	1.35954	1.24426	0.01579	0.06996	0.05043	6.938893903907228e-18	0.06871333333333332	B_cell	0.028583333333333336	0.9783403492538388	0.011546666666666669	0.395215273447848	-0.040129999999999985	-1.373555622701687
137	SALL3_MA2537.1	SALL3_MA2537.1	SALL3	MA2537.1	4748	0.73585	1.16126	0.99619	0.03666	0.06988	0.02963	4.625929269271485e-18	0.06868333333333332	B_cell	0.035513333333333334	1.2643249835893382	-0.002343333333333334	-0.08342598680902075	-0.033169999999999984	-1.1808989967803176
138	ZNF251_MA2687.1	ZNF251_MA2687.1	ZNF251	MA2687.1	7359	0.9436	1.5145	1.28163	-0.00114	0.07193	0.06296	6.938893903907228e-18	0.06855999999999998	B_cell	0.023596666666666672	0.741872350165394	0.02136666666666666	0.671761797508147	-0.04496333333333331	-1.413634147673541
139	BARX1_MA0875.2	BARX1_MA0875.2	BARX1	MA0875.2	8224	0.79771	1.28393	1.06994	0.00525	0.07025	0.05952	1.1564823173178714e-17	0.06842333333333332	B_cell	0.025166666666666674	0.8191416161929745	0.018090000000000002	0.5888055034542081	-0.043256666666666645	-1.4079471196471827
140	BSX_MA0876.2	BSX_MA0876.2	BSX	MA0876.2	8224	0.79771	1.28393	1.06994	0.00525	0.07025	0.05952	1.1564823173178714e-17	0.06842333333333332	B_cell	0.025166666666666674	0.8191416161929745	0.018090000000000002	0.5888055034542081	-0.043256666666666645	-1.4079471196471827
141	DLX1_MA0879.3	DLX1_MA0879.3	DLX1	MA0879.3	8224	0.79771	1.28393	1.06994	0.00525	0.07025	0.05952	1.1564823173178714e-17	0.06842333333333332	B_cell	0.025166666666666674	0.8191416161929745	0.018090000000000002	0.5888055034542081	-0.043256666666666645	-1.4079471196471827
142	DLX6_MA0882.2	DLX6_MA0882.2	DLX6	MA0882.2	8224	0.79771	1.28393	1.06994	0.00525	0.07025	0.05952	1.1564823173178714e-17	0.06842333333333332	B_cell	0.025166666666666674	0.8191416161929745	0.018090000000000002	0.5888055034542081	-0.043256666666666645	-1.4079471196471827
143	Dlx3_MA0880.2	Dlx3_MA0880.2	Dlx3	MA0880.2	8224	0.79771	1.28393	1.06994	0.00525	0.07025	0.05952	1.1564823173178714e-17	0.06842333333333332	B_cell	0.025166666666666674	0.8191416161929745	0.018090000000000002	0.5888055034542081	-0.043256666666666645	-1.4079471196471827
144	Dlx4_MA0881.2	Dlx4_MA0881.2	Dlx4	MA0881.2	8224	0.79771	1.28393	1.06994	0.00525	0.07025	0.05952	1.1564823173178714e-17	0.06842333333333332	B_cell	0.025166666666666674	0.8191416161929745	0.018090000000000002	0.5888055034542081	-0.043256666666666645	-1.4079471196471827
145	GBX2_MA0890.2	GBX2_MA0890.2	GBX2	MA0890.2	8224	0.79771	1.28393	1.06994	0.00525	0.07025	0.05952	1.1564823173178714e-17	0.06842333333333332	B_cell	0.025166666666666674	0.8191416161929745	0.018090000000000002	0.5888055034542081	-0.043256666666666645	-1.4079471196471827
146	HESX1_MA0894.2	HESX1_MA0894.2	HESX1	MA0894.2	8224	0.79771	1.28393	1.06994	0.00525	0.07025	0.05952	1.1564823173178714e-17	0.06842333333333332	B_cell	0.025166666666666674	0.8191416161929745	0.018090000000000002	0.5888055034542081	-0.043256666666666645	-1.4079471196471827
147	HOXA7_MA1498.3	HOXA7_MA1498.3	HOXA7	MA1498.3	8224	0.79771	1.28393	1.06994	0.00525	0.07025	0.05952	1.1564823173178714e-17	0.06842333333333332	B_cell	0.025166666666666674	0.8191416161929745	0.018090000000000002	0.5888055034542081	-0.043256666666666645	-1.4079471196471827
148	ISX_MA0654.2	ISX_MA0654.2	ISX	MA0654.2	8224	0.79771	1.28393	1.06994	0.00525	0.07025	0.05952	1.1564823173178714e-17	0.06842333333333332	B_cell	0.025166666666666674	0.8191416161929745	0.018090000000000002	0.5888055034542081	-0.043256666666666645	-1.4079471196471827
149	LBX2_MA0699.2	LBX2_MA0699.2	LBX2	MA0699.2	8224	0.79771	1.28393	1.06994	0.00525	0.07025	0.05952	1.1564823173178714e-17	0.06842333333333332	B_cell	0.025166666666666674	0.8191416161929745	0.018090000000000002	0.5888055034542081	-0.043256666666666645	-1.4079471196471827
150	LHX2_MA0700.3	LHX2_MA0700.3	LHX2	MA0700.3	8224	0.79771	1.28393	1.06994	0.00525	0.07025	0.05952	1.1564823173178714e-17	0.06842333333333332	B_cell	0.025166666666666674	0.8191416161929745	0.018090000000000002	0.5888055034542081	-0.043256666666666645	-1.4079471196471827
151	MSX1_MA0666.3	MSX1_MA0666.3	MSX1	MA0666.3	8224	0.79771	1.28393	1.06994	0.00525	0.07025	0.05952	1.1564823173178714e-17	0.06842333333333332	B_cell	0.025166666666666674	0.8191416161929745	0.018090000000000002	0.5888055034542081	-0.043256666666666645	-1.4079471196471827
152	MSX2_MA0708.3	MSX2_MA0708.3	MSX2	MA0708.3	8224	0.79771	1.28393	1.06994	0.00525	0.07025	0.05952	1.1564823173178714e-17	0.06842333333333332	B_cell	0.025166666666666674	0.8191416161929745	0.018090000000000002	0.5888055034542081	-0.043256666666666645	-1.4079471196471827
153	Msx3_MA0709.2	Msx3_MA0709.2	Msx3	MA0709.2	8224	0.79771	1.28393	1.06994	0.00525	0.07025	0.05952	1.1564823173178714e-17	0.06842333333333332	B_cell	0.025166666666666674	0.8191416161929745	0.018090000000000002	0.5888055034542081	-0.043256666666666645	-1.4079471196471827
154	Nobox_MA0125.2	Nobox_MA0125.2	Nobox	MA0125.2	8224	0.79771	1.28393	1.06994	0.00525	0.07025	0.05952	1.1564823173178714e-17	0.06842333333333332	B_cell	0.025166666666666674	0.8191416161929745	0.018090000000000002	0.5888055034542081	-0.043256666666666645	-1.4079471196471827
155	RAX_MA0718.2	RAX_MA0718.2	RAX	MA0718.2	8224	0.79771	1.28393	1.06994	0.00525	0.07025	0.05952	1.1564823173178714e-17	0.06842333333333332	B_cell	0.025166666666666674	0.8191416161929745	0.018090000000000002	0.5888055034542081	-0.043256666666666645	-1.4079471196471827
156	RAX2_MA0717.2	RAX2_MA0717.2	RAX2	MA0717.2	8224	0.79771	1.28393	1.06994	0.00525	0.07025	0.05952	1.1564823173178714e-17	0.06842333333333332	B_cell	0.025166666666666674	0.8191416161929745	0.018090000000000002	0.5888055034542081	-0.043256666666666645	-1.4079471196471827
157	SHOX_MA0630.2	SHOX_MA0630.2	SHOX	MA0630.2	8224	0.79771	1.28393	1.06994	0.00525	0.07025	0.05952	1.1564823173178714e-17	0.06842333333333332	B_cell	0.025166666666666674	0.8191416161929745	0.018090000000000002	0.5888055034542081	-0.043256666666666645	-1.4079471196471827
158	Shox2_MA0720.2	Shox2_MA0720.2	Shox2	MA0720.2	8224	0.79771	1.28393	1.06994	0.00525	0.07025	0.05952	1.1564823173178714e-17	0.06842333333333332	B_cell	0.025166666666666674	0.8191416161929745	0.018090000000000002	0.5888055034542081	-0.043256666666666645	-1.4079471196471827
159	TLX2_MA1577.2	TLX2_MA1577.2	TLX2	MA1577.2	8224	0.79771	1.28393	1.06994	0.00525	0.07025	0.05952	1.1564823173178714e-17	0.06842333333333332	B_cell	0.025166666666666674	0.8191416161929745	0.018090000000000002	0.5888055034542081	-0.043256666666666645	-1.4079471196471827
160	HOMEZ_MA2675.1	HOMEZ_MA2675.1	HOMEZ	MA2675.1	775	1.04426	1.4911	1.6837	0.06589	0.01308	-0.05906	-5.782411586589357e-19	0.06797333333333333	B_cell	0.026323333333333337	0.8835942112877531	-0.04165	-1.3980637799215492	0.01532666666666666	0.5144695686337959
161	LHX6_MA0658.2	LHX6_MA0658.2	LHX6	MA0658.2	1902	0.80168	1.24417	1.05953	0.03445	0.0697	0.02926	4.625929269271485e-18	0.06770333333333332	B_cell	0.034716666666666667	1.2548119851704873	-0.0017299999999999987	-0.06252975711027213	-0.03298666666666666	-1.1922822280602154
162	TBP_MA0108.3	TBP_MA0108.3	TBP	MA0108.3	5696	0.6765	1.02882	0.92311	0.05433	0.06775	0.01117	5.782411586589357e-18	0.06699999999999999	B_cell	0.04069333333333334	1.394413176490991	-0.014386666666666669	-0.49297897032561605	-0.026306666666666652	-0.901434206165375
163	ZNF367_MA2552.1	ZNF367_MA2552.1	ZNF367	MA2552.1	6170	0.83475	1.25997	1.12033	0.04283	0.06787	0.01931	3.469446951953614e-18	0.06595999999999999	B_cell	0.036899999999999995	1.3421704609056406	-0.007839999999999996	-0.28516575646342074	-0.02905999999999999	-1.05700470444222
164	TIGD4_MA2561.1	TIGD4_MA2561.1	TIGD4	MA2561.1	1201	1.11234	1.54852	1.62887	0.06535	0.0042	-0.06035	-3.469446951953614e-18	0.06508333333333333	B_cell	0.02318333333333333	0.781008642936708	-0.04189999999999999	-1.4115425796857537	0.018716666666666652	0.6305339367490457
165	NR3C1_MA0113.4	NR3C1_MA0113.4	NR3C1	MA0113.4	2079	1.12241	1.67995	1.50939	0.0173	0.06839	0.03994	9.25185853854297e-18	0.06467333333333332	B_cell	0.028563333333333336	1.0603894778118725	0.007546666666666674	0.28016358708905115	-0.03610999999999998	-1.3405530649009236
166	FOXB1_MA0845.1	FOXB1_MA0845.1	FOXB1	MA0845.1	7481	0.71824	1.09632	0.99332	0.04634	0.06556	0.01526	4.625929269271485e-18	0.06423999999999999	B_cell	0.0373	1.3698236372795158	-0.010359999999999998	-0.38046576091731343	-0.026939999999999988	-0.9893578763622025
167	ZNF831_MA2534.1	ZNF831_MA2534.1	ZNF831	MA2534.1	4497	1.30746	1.81366	1.83044	0.05938	0.0237	-0.04432	-2.023844055306275e-18	0.06226000000000001	B_cell	0.027693333333333337	1.0701482878309458	-0.034566666666666676	-1.335753219163085	0.006873333333333333	0.2656049313321389
168	Alx1_MA0854.2	Alx1_MA0854.2	Alx1	MA0854.2	1479	0.76001	1.18262	1.00419	0.03988	0.06225	0.0208	4.625929269271485e-18	0.06172666666666666	B_cell	0.034043333333333335	1.329924220958911	-0.006359999999999997	-0.2484573987652603	-0.027683333333333324	-1.081466822193651
169	ARGFX_MA1463.2	ARGFX_MA1463.2	ARGFX	MA1463.2	1479	0.75998	1.18262	1.00424	0.03981	0.06203	0.02068	5.782411586589357e-18	0.06151666666666665	B_cell	0.03394666666666667	1.3304260733748752	-0.006376666666666662	-0.2499121247413725	-0.027569999999999987	-1.0805139486335027
170	ZNF384_MA1125.2	ZNF384_MA1125.2	ZNF384	MA1125.2	22301	0.77753	1.15923	1.10249	0.06059	0.03634	-0.02635	1.879283765641541e-18	0.061290000000000004	B_cell	0.032310000000000005	1.2856075153107693	-0.02898	-1.1531075764068737	-0.003330000000000001	-0.13249993890389553
171	ZNF362_MA2593.1	ZNF362_MA2593.1	ZNF362	MA2593.1	20345	0.80472	1.18906	1.11393	0.06015	0.04554	-0.01766	4.04768811061255e-18	0.06116666666666667	B_cell	0.035230000000000004	1.3643737124858706	-0.025936666666666663	-1.0044651203380224	-0.009293333333333329	-0.35990859214784815
172	ZIM3_MA1709.2	ZIM3_MA1709.2	ZIM3	MA1709.2	10852	1.07785	1.61204	1.38447	0.00905	0.06343	0.04611	6.938893903907228e-18	0.060673333333333315	B_cell	0.024160000000000004	0.9198590364459474	0.012353333333333332	0.47033631195759923	-0.036513333333333314	-1.3901953484035465
173	Ascl2_MA0816.1	Ascl2_MA0816.1	Ascl2	MA0816.1	8355	1.4309	1.85758	1.89696	0.05773	0.02784	-0.03869	4.336808689942018e-19	0.06066333333333334	B_cell	0.028523333333333338	1.145635376164962	-0.03214	-1.2908982466965715	0.003616666666666665	0.14526287053160955
174	ONECUT3_MA0757.2	ONECUT3_MA0757.2	ONECUT3	MA0757.2	4938	0.63716	1.00381	0.94236	0.05533	0.06042	0.0023	6.938893903907228e-18	0.05949	B_cell	0.038583333333333344	1.4125646058249683	-0.017676666666666667	-0.647155948569314	-0.020906666666666657	-0.7654086572556543
175	ETV5FIGLA_MA1945.2	ETV5FIGLA_MA1945.2	ETV5::FIGLA	MA1945.2	9581	1.42484	1.93402	1.99161	0.05583	0.0295	-0.03534	-6.505213034913027e-19	0.058833333333333335	B_cell	0.02844333333333333	1.1822807785969605	-0.03039	-1.2631962801439691	0.0019466666666666675	0.08091550154700873
176	ZNF558_MA2335.1	ZNF558_MA2335.1	ZNF558	MA2335.1	10884	0.7326	1.14108	1.02269	0.03599	0.0601	0.01974	6.938893903907228e-18	0.05864333333333333	B_cell	0.03203000000000001	1.3210706840060853	-0.005416666666666668	-0.22340928936516719	-0.026613333333333322	-1.0976613946409182
177	Hmga1_MA2124.1	Hmga1_MA2124.1	Hmga1	MA2124.1	14307	0.62992	0.99606	0.88981	0.05281	0.05945	0.00255	3.469446951953614e-18	0.05808666666666666	B_cell	0.03742	1.4116427853576177	-0.016753333333333332	-0.6320075395695162	-0.02066666666666666	-0.7796352457881016
178	ZNF354A_MA1978.2	ZNF354A_MA1978.2	ZNF354A	MA1978.2	13064	0.67925	1.07174	0.95365	0.03408	0.05859	0.02123	3.469446951953614e-18	0.057496666666666654	B_cell	0.03089	1.305164500696181	-0.004283333333333332	-0.18097943060263227	-0.026606666666666657	-1.1241850700935485
179	DNTTIP1_MA2584.1	DNTTIP1_MA2584.1	DNTTIP1	MA2584.1	5264	1.01991	1.38825	1.41449	0.05689	0.0061	-0.05258	5.782411586589357e-19	0.05748666666666666	B_cell	0.020996666666666667	0.8106834221448963	-0.036489999999999995	-1.4088825880648006	0.01549333333333333	0.5981991659199043
180	Lhx1_MA1518.3	Lhx1_MA1518.3	Lhx1	MA1518.3	1328	0.98015	1.39408	1.21313	0.02251	0.05963	0.03033	5.782411586589357e-18	0.057366666666666656	B_cell	0.027380000000000005	1.1654900927378122	0.002606666666666663	0.11095851625529168	-0.02998666666666665	-1.276448608993104
181	Arid3a_MA0151.1	Arid3a_MA0151.1	Arid3a	MA0151.1	18450	0.72299	1.09435	1.00679	0.05352	0.05845	0.00154	2.3129646346357427e-18	0.057319999999999996	B_cell	0.03732333333333333	1.413008886460477	-0.017326666666666664	-0.6559632215612718	-0.019996666666666663	-0.7570456648992053
182	ZNF35_MA2333.1	ZNF35_MA2333.1	ZNF35	MA2333.1	3400	0.76147	1.19958	1.07089	0.01628	0.0579	0.03842	6.938893903907228e-18	0.05683333333333332	B_cell	0.02472666666666667	1.0397341996675005	0.007379999999999997	0.3103223939153199	-0.032106666666666644	-1.3500565935828202
183	LIN54_MA0619.2	LIN54_MA0619.2	LIN54	MA0619.2	11755	0.75068	1.13643	1.04752	0.04855	0.05783	0.00562	5.782411586589357e-18	0.056609999999999994	B_cell	0.035460000000000005	1.4055243286197205	-0.014309999999999998	-0.5672039803313087	-0.02114999999999999	-0.838320348288412
184	REL_MA0101.1	REL_MA0101.1	REL	MA0101.1	4838	1.38901	2.07215	1.91789	0.02807	0.06011	0.02036	5.782411586589357e-18	0.056216666666666665	B_cell	0.02939333333333334	1.2767390546568291	-0.0025699999999999985	-0.11163141428219742	-0.026823333333333324	-1.1651076403746319
185	FOXI1_MA0042.2	FOXI1_MA0042.2	FOXI1	MA0042.2	6240	0.89261	1.27251	1.28658	0.05537	0.02613	-0.0313	1.3010426069826053e-18	0.05605666666666667	B_cell	0.027166666666666672	1.1854135699098176	-0.028890000000000002	-1.2606109706022564	0.001723333333333334	0.0751974006924387
186	CREB3L3_MA2541.1	CREB3L3_MA2541.1	CREB3L3	MA2541.1	2372	1.47326	1.958	2.03156	0.05336	0.02845	-0.03293	3.0357660829594124e-18	0.056033333333333345	B_cell	0.02727000000000001	1.190836397441922	-0.028763333333333335	-1.256047827102597	0.0014933333333333348	0.06521142966067478
187	FOXD2_MA0847.4	FOXD2_MA0847.4	FOXD2	MA0847.4	9399	0.75453	1.12344	1.08899	0.05259	0.04242	-0.01619	2.3129646346357427e-18	0.05459666666666667	B_cell	0.031670000000000004	1.3691849977171593	-0.022926666666666665	-0.9911856030205896	-0.008743333333333332	-0.3779993946965697
188	FOXA2_MA0047.4	FOXA2_MA0047.4	FOXA2	MA0047.4	5341	0.89061	1.27472	1.27204	0.05318	0.03482	-0.02068	1.4456028966473393e-18	0.05395333333333333	B_cell	0.029333333333333333	1.3167497041618765	-0.02462	-1.105171967606775	-0.004713333333333329	-0.21157773655510143
189	FOXC1_MA0032.2	FOXC1_MA0032.2	FOXC1	MA0032.2	8333	0.69986	1.07838	0.99803	0.04493	0.05442	0.00556	5.782411586589357e-18	0.05310999999999999	B_cell	0.03311666666666667	1.4041779938202628	-0.013123333333333329	-0.5564417475259563	-0.019993333333333325	-0.8477362462943067
190	MYF6_MA0667.1	MYF6_MA0667.1	MYF6	MA0667.1	3606	1.17879	1.64719	1.50972	0.03944	0.05582	0.00781	6.938893903907228e-18	0.05296333333333334	B_cell	0.03175333333333335	1.3883435306840373	-0.010543333333333337	-0.4609836854454769	-0.021209999999999993	-0.9273598452385604
191	FOXA1_MA0148.5	FOXA1_MA0148.5	FOXA1	MA0148.5	4088	0.92045	1.31186	1.34975	0.051	0.02043	-0.03444	-5.782411586589357e-19	0.05228999999999999	B_cell	0.023809999999999998	1.1022536274507104	-0.028479999999999995	-1.3184453301048396	0.004669999999999995	0.2161917026541291
192	Nfatc2_MA0152.3	Nfatc2_MA0152.3	Nfatc2	MA0152.3	7051	0.95472	1.44066	1.27128	0.01088	0.05374	0.03495	4.625929269271485e-18	0.05110333333333332	B_cell	0.02154	0.9962773586164801	0.008023333333333334	0.371098669481564	-0.02956333333333332	-1.367376028098044
193	FOXC2_MA0846.2	FOXC2_MA0846.2	FOXC2	MA0846.2	9429	0.74144	1.11288	1.05066	0.0495	0.04512	-0.00888	1.1564823173178713e-18	0.051000000000000004	B_cell	0.03154	1.4014827015702103	-0.01946	-0.8647068285528312	-0.012079999999999994	-0.5367758730173791
194	Pax7_MA0680.3	Pax7_MA0680.3	Pax7	MA0680.3	3871	0.63864	1.05816	0.93871	0.03583	0.05209	0.01279	1.1564823173178713e-18	0.050933333333333324	B_cell	0.029306666666666665	1.3636782187643803	-0.007680000000000001	-0.3573606251175083	-0.02162666666666666	-1.0063175936468718
195	MSC_MA0665.1	MSC_MA0665.1	MSC	MA0665.1	6245	1.24937	1.69032	1.64937	0.04765	0.02315	-0.03408	-4.336808689942018e-19	0.05084333333333334	B_cell	0.023600000000000003	1.128324568511786	-0.027243333333333338	-1.3025136579727157	0.003643333333333334	0.17418908946092967
196	TAL1TCF3_MA0091.2	TAL1TCF3_MA0091.2	TAL1::TCF3	MA0091.2	4576	1.21047	1.67232	1.59221	0.03263	0.05269	0.01308	3.469446951953614e-18	0.05036333333333333	B_cell	0.02844	1.3497365714269862	-0.0065166666666666645	-0.3092750817088325	-0.021923333333333326	-1.0404614897181537
197	FOXD3_MA0041.3	FOXD3_MA0041.3	FOXD3	MA0041.3	12125	0.6908	1.0623	1.01705	0.04881	0.03274	-0.01867	2.023844055306275e-18	0.049676666666666675	B_cell	0.027183333333333337	1.3228044275824726	-0.022493333333333334	-1.0945780842828359	-0.004689999999999997	-0.22822634329963684
198	FOXA3_MA1683.2	FOXA3_MA1683.2	FOXA3	MA1683.2	3065	0.97972	1.38429	1.46856	0.04807	0.00655	-0.0448	-1.1564823173178713e-18	0.04916333333333334	B_cell	0.01820666666666667	0.8274730643335535	-0.030956666666666667	-1.4069466035272262	0.012749999999999994	0.5794735391936727
199	FOXD1_MA0031.2	FOXD1_MA0031.2	FOXD1	MA0031.2	3065	0.97972	1.38429	1.46856	0.04807	0.00655	-0.0448	-1.1564823173178713e-18	0.04916333333333334	B_cell	0.01820666666666667	0.8274730643335535	-0.030956666666666667	-1.4069466035272262	0.012749999999999994	0.5794735391936727
200	FOXK1_MA0852.3	FOXK1_MA0852.3	FOXK1	MA0852.3	3065	0.97972	1.38429	1.46856	0.04807	0.00655	-0.0448	-1.1564823173178713e-18	0.04916333333333334	B_cell	0.01820666666666667	0.8274730643335535	-0.030956666666666667	-1.4069466035272262	0.012749999999999994	0.5794735391936727
201	FOXL1_MA0033.2	FOXL1_MA0033.2	FOXL1	MA0033.2	3065	0.97972	1.38429	1.46856	0.04807	0.00655	-0.0448	-1.1564823173178713e-18	0.04916333333333334	B_cell	0.01820666666666667	0.8274730643335535	-0.030956666666666667	-1.4069466035272262	0.012749999999999994	0.5794735391936727
202	FOXM1_MA2469.1	FOXM1_MA2469.1	FOXM1	MA2469.1	3065	0.97972	1.38429	1.46856	0.04807	0.00655	-0.0448	-1.1564823173178713e-18	0.04916333333333334	B_cell	0.01820666666666667	0.8274730643335535	-0.030956666666666667	-1.4069466035272262	0.012749999999999994	0.5794735391936727
203	FOXO4_MA0848.1	FOXO4_MA0848.1	FOXO4	MA0848.1	3065	0.97972	1.38429	1.46856	0.04807	0.00655	-0.0448	-1.1564823173178713e-18	0.04916333333333334	B_cell	0.01820666666666667	0.8274730643335535	-0.030956666666666667	-1.4069466035272262	0.012749999999999994	0.5794735391936727
204	FOXO6_MA0849.1	FOXO6_MA0849.1	FOXO6	MA0849.1	3065	0.97972	1.38429	1.46856	0.04807	0.00655	-0.0448	-1.1564823173178713e-18	0.04916333333333334	B_cell	0.01820666666666667	0.8274730643335535	-0.030956666666666667	-1.4069466035272262	0.012749999999999994	0.5794735391936727
205	FOXP1_MA0481.4	FOXP1_MA0481.4	FOXP1	MA0481.4	3065	0.97972	1.38429	1.46856	0.04807	0.00655	-0.0448	-1.1564823173178713e-18	0.04916333333333334	B_cell	0.01820666666666667	0.8274730643335535	-0.030956666666666667	-1.4069466035272262	0.012749999999999994	0.5794735391936727
206	FOXP3_MA0850.1	FOXP3_MA0850.1	FOXP3	MA0850.1	3065	0.97972	1.38429	1.46856	0.04807	0.00655	-0.0448	-1.1564823173178713e-18	0.04916333333333334	B_cell	0.01820666666666667	0.8274730643335535	-0.030956666666666667	-1.4069466035272262	0.012749999999999994	0.5794735391936727
207	FOXP4_MA2117.1	FOXP4_MA2117.1	FOXP4	MA2117.1	3065	0.97972	1.38429	1.46856	0.04807	0.00655	-0.0448	-1.1564823173178713e-18	0.04916333333333334	B_cell	0.01820666666666667	0.8274730643335535	-0.030956666666666667	-1.4069466035272262	0.012749999999999994	0.5794735391936727
208	Foxf1_MA1606.2	Foxf1_MA1606.2	Foxf1	MA1606.2	3065	0.97972	1.38429	1.46856	0.04807	0.00655	-0.0448	-1.1564823173178713e-18	0.04916333333333334	B_cell	0.01820666666666667	0.8274730643335535	-0.030956666666666667	-1.4069466035272262	0.012749999999999994	0.5794735391936727
209	Foxo1_MA0480.3	Foxo1_MA0480.3	Foxo1	MA0480.3	3065	0.97972	1.38429	1.46856	0.04807	0.00655	-0.0448	-1.1564823173178713e-18	0.04916333333333334	B_cell	0.01820666666666667	0.8274730643335535	-0.030956666666666667	-1.4069466035272262	0.012749999999999994	0.5794735391936727
210	Foxo3_MA0157.4	Foxo3_MA0157.4	Foxo3	MA0157.4	3065	0.97972	1.38429	1.46856	0.04807	0.00655	-0.0448	-1.1564823173178713e-18	0.04916333333333334	B_cell	0.01820666666666667	0.8274730643335535	-0.030956666666666667	-1.4069466035272262	0.012749999999999994	0.5794735391936727
211	MSANTD4_MA2558.1	MSANTD4_MA2558.1	MSANTD4	MA2558.1	2741	0.97334	1.45346	1.26832	0.00207	0.05081	0.04216	8.0953762212251e-18	0.048616666666666655	B_cell	0.017626666666666672	0.8018590175125027	0.013363333333333331	0.6079146749636196	-0.03098999999999998	-1.4097736924761222
212	ZBTB40_MA2488.1	ZBTB40_MA2488.1	ZBTB40	MA2488.1	6763	0.71381	1.11307	1.02214	0.04	0.05	0.00532	3.469446951953614e-18	0.04844	B_cell	0.030000000000000002	1.4019777391097716	-0.011559999999999999	-0.5402287554702988	-0.018439999999999995	-0.8617489836394728
213	NR4A2RXRA_MA1147.2	NR4A2RXRA_MA1147.2	NR4A2::RXRA	MA1147.2	2935	1.09952	1.55364	1.5462	0.04627	0.0083	-0.04426	-2.3129646346357427e-18	0.04836666666666667	B_cell	0.018189999999999998	0.8465235533637988	-0.030176666666666668	-1.4043572894635274	0.011986666666666663	0.5578337360997287
214	Tcf21_MA0832.2	Tcf21_MA0832.2	Tcf21	MA0832.2	3649	1.23426	1.73422	1.57649	0.03441	0.05118	0.00802	4.625929269271485e-18	0.048263333333333325	B_cell	0.028530000000000003	1.3807999992403122	-0.008796666666666666	-0.4257426332509856	-0.019733333333333325	-0.9550573659893266
215	ERFNHLH1_MA1938.2	ERFNHLH1_MA1938.2	ERF::NHLH1	MA1938.2	6352	1.46025	2.00095	2.14189	0.04509	0.0149	-0.03792	-2.3129646346357427e-18	0.04766666666666666	B_cell	0.019996666666666663	0.9898306499760554	-0.02767	-1.3696589807386623	0.007673333333333331	0.379828330762607
216	ZNF518B_MA2586.1	ZNF518B_MA2586.1	ZNF518B	MA2586.1	1997	1.08191	1.46743	1.49573	0.04537	0.03369	-0.01752	3.758567531283082e-18	0.047316666666666674	B_cell	0.026353333333333343	1.33845617376454	-0.020963333333333334	-1.0647041331653417	-0.005389999999999998	-0.2737520405991983
217	IRF6_MA1509.1	IRF6_MA1509.1	IRF6	MA1509.1	1286	1.39168	1.98867	1.8605	0.04273	0.03179	-0.02222	2.023844055306275e-18	0.046490000000000004	B_cell	0.024840000000000004	1.2996366808443922	-0.02165	-1.1327348687713805	-0.0031899999999999993	-0.16690181207301177
218	Hmx3_MA0898.2	Hmx3_MA0898.2	Hmx3	MA0898.2	3191	0.82612	1.23289	1.10616	-0.00013	0.04764	0.04428	5.782411586589357e-18	0.04647666666666665	B_cell	0.01583666666666667	0.7308154200293991	0.014803333333333335	0.6831301368870895	-0.030639999999999987	-1.4139455569164887
219	TIGD7_MA2563.1	TIGD7_MA2563.1	TIGD7	MA2563.1	1169	1.00009	1.44776	1.30468	0.04311	0.04738	-0.00579	2.8912057932946786e-18	0.04646333333333334	B_cell	0.030163333333333337	1.4126779220727825	-0.016300000000000002	-0.7633987223931825	-0.013863333333333326	-0.6492791996796
220	MYBL2_MA0777.1	MYBL2_MA0777.1	MYBL2	MA0777.1	704	1.2144	1.74688	1.63383	0.04399	0.04446	-0.00556	2.8912057932946786e-18	0.046	B_cell	0.029483333333333334	1.4108087225918133	-0.016516666666666666	-0.7903399910053631	-0.01296666666666666	-0.6204687315864502
221	Atoh1_MA1467.3	Atoh1_MA1467.3	Atoh1	MA1467.3	4377	1.26458	1.77754	1.64641	0.01359	0.0498	0.02395	3.469446951953614e-18	0.04571333333333333	B_cell	0.021130000000000003	1.1226543447445818	0.0034533333333333313	0.18347845104202318	-0.024583333333333325	-1.306132795786605
222	NEUROG2_MA1642.2	NEUROG2_MA1642.2	NEUROG2	MA1642.2	4377	1.26458	1.77754	1.64641	0.01359	0.0498	0.02395	3.469446951953614e-18	0.04571333333333333	B_cell	0.021130000000000003	1.1226543447445818	0.0034533333333333313	0.18347845104202318	-0.024583333333333325	-1.306132795786605
223	GATA1TAL1_MA0140.3	GATA1TAL1_MA0140.3	GATA1::TAL1	MA0140.3	3923	1.00578	1.45537	1.35122	0.02349	0.04861	0.01612	6.938893903907228e-18	0.045610000000000005	B_cell	0.024033333333333348	1.2851321861018488	-0.002456666666666669	-0.1313651069565972	-0.021576666666666657	-1.1537670791452515
224	Duxbl1_MA2485.1	Duxbl1_MA2485.1	Duxbl1	MA2485.1	3482	0.81327	1.23179	1.13951	0.01451	0.04562	0.0305	4.625929269271485e-18	0.04541666666666666	B_cell	0.020043333333333337	1.0593476654938774	0.005329999999999998	0.28170579030844967	-0.02537333333333332	-1.3410534558023268
225	FOXS1_MA2118.1	FOXS1_MA2118.1	FOXS1	MA2118.1	5285	0.90187	1.2881	1.30117	0.04408	0.02672	-0.01917	3.614007241618348e-18	0.04468333333333334	B_cell	0.02360000000000001	1.2876129432417853	-0.021083333333333332	-1.1503039358763123	-0.0025166666666666666	-0.13730900736547302
226	SMAD3_MA0795.1	SMAD3_MA0795.1	SMAD3	MA0795.1	1393	1.07786	1.66679	1.49106	-0.00034	0.04667	0.03957	4.625929269271485e-18	0.04418999999999999	B_cell	0.015443333333333338	0.7590454648664668	0.013303333333333334	0.6538636844986117	-0.028746666666666656	-1.4129091493650785
227	PAX4_MA0068.2	PAX4_MA0068.2	PAX4	MA0068.2	936	0.87377	1.29706	1.10327	0.00674	0.04444	0.03354	5.782411586589357e-18	0.04305333333333333	B_cell	0.017060000000000006	0.913418372469969	0.008933333333333335	0.4783042669440243	-0.025993333333333323	-1.3917226394139934
228	MYF5_MA1641.2	MYF5_MA1641.2	MYF5	MA1641.2	3773	1.38955	1.88959	1.70245	0.01166	0.04595	0.02477	5.782411586589357e-18	0.04277666666666666	B_cell	0.01920333333333334	1.08280658015825	0.00437	0.24640851008287862	-0.02357333333333332	-1.3292150902411286
229	ZNF250_MA2462.1	ZNF250_MA2462.1	ZNF250	MA2462.1	10891	0.88892	1.33035	1.21115	0.03987	0.04302	-0.00249	4.04768811061255e-18	0.04175000000000001	B_cell	0.02763000000000001	1.4140986918149452	-0.014120000000000002	-0.7226591939351079	-0.013509999999999994	-0.6914394978798373
230	FOXE1_MA1487.3	FOXE1_MA1487.3	FOXE1	MA1487.3	12633	0.71477	1.10461	1.06744	0.04032	0.01183	-0.03034	-1.1564823173178713e-18	0.04093666666666668	B_cell	0.017383333333333337	1.006421856132479	-0.023553333333333336	-1.3636388946178513	0.006169999999999995	0.35721703848537234
231	MYT1_MA2506.1	MYT1_MA2506.1	MYT1	MA2506.1	5166	0.81359	1.26975	1.16036	0.024	0.04193	0.01436	2.3129646346357427e-18	0.04074	B_cell	0.02197666666666667	1.3091851494652653	-0.0032133333333333324	-0.19142340119589207	-0.01876333333333333	-1.1177617482693736
232	ZNF536_MA2575.1	ZNF536_MA2575.1	ZNF536	MA2575.1	37239	0.89453	1.39056	1.23403	0.00614	0.04228	0.03076	3.469446951953614e-18	0.04048666666666666	B_cell	0.01614	0.9213539729691537	0.008206666666666668	0.468478620704266	-0.02434666666666666	-1.3898325936734197
233	MGAEVX1_MA1960.2	MGAEVX1_MA1960.2	MGA::EVX1	MA1960.2	4097	1.0062	1.44137	1.36514	0.03894	0.01811	-0.02404	1.1564823173178713e-18	0.04001	B_cell	0.019016666666666668	1.1599979744423548	-0.02099333333333333	-1.280572698166161	0.0019766666666666648	0.12057472372380634
234	ZNF134_MA2491.1	ZNF134_MA2491.1	ZNF134	MA2491.1	4967	1.17788	1.65991	1.65587	0.03809	0.02126	-0.02183	4.5175090520229353e-20	0.03975666666666666	B_cell	0.019783333333333333	1.218849970385758	-0.019973333333333333	-1.2305558588966239	0.00018999999999999933	0.011705888510865703
235	Ptf1A_MA1618.2	Ptf1A_MA1618.2	Ptf1A	MA1618.2	6769	1.17869	1.6487	1.50861	0.01213	0.04233	0.02232	3.469446951953614e-18	0.03970333333333333	B_cell	0.018153333333333334	1.1078698011762396	0.003396666666666669	0.2072933028642284	-0.021549999999999993	-1.315163104040468
236	HNF1A_MA0046.3	HNF1A_MA0046.3	HNF1A	MA0046.3	4225	0.6456	1.04672	0.95782	0.03926	0.03455	-0.0044	2.8912057932946786e-18	0.03915666666666667	B_cell	0.024603333333333338	1.4063824220018182	-0.014553333333333333	-0.8319015925294594	-0.010049999999999996	-0.574480829472359
237	Foxj3_MA0851.2	Foxj3_MA0851.2	Foxj3	MA0851.2	6229	0.75315	1.15526	1.1037	0.03755	0.03984	-0.00236	4.625929269271485e-18	0.0391	B_cell	0.025796666666666673	1.4139812354331351	-0.013303333333333332	-0.7291897028832722	-0.012493333333333327	-0.6847915325498629
238	RELA_MA0107.1	RELA_MA0107.1	RELA	MA0107.1	5851	1.3552	2.00127	1.86359	0.00505	0.04209	0.02764	5.782411586589357e-18	0.03895666666666667	B_cell	0.015713333333333336	0.9368998322660169	0.007530000000000007	0.4489725755385942	-0.023243333333333328	-1.3858724078046114
239	Prdm4_MA1647.3	Prdm4_MA1647.3	Prdm4	MA1647.3	5962	1.15806	1.62341	1.57155	0.02464	0.03999	0.01028	4.625929269271485e-18	0.03829999999999999	B_cell	0.021543333333333334	1.3466220537186115	-0.0047866666666666665	-0.29920304334518455	-0.016756666666666656	-1.0474190103734269
240	HOXC11_MA0651.3	HOXC11_MA0651.3	HOXC11	MA0651.3	1518	0.8635	1.31974	1.27938	0.03919	0.00564	-0.0282	8.673617379884035e-19	0.03740666666666667	B_cell	0.014943333333333338	0.9241109281700277	-0.02246333333333333	-1.3891553747351808	0.007519999999999996	0.46504444656515304
241	NFATC4_MA1525.3	NFATC4_MA1525.3	NFATC4	MA1525.3	5502	0.96557	1.42795	1.34749	0.03016	0.03827	0.00098	4.04768811061255e-18	0.035893333333333326	B_cell	0.02281	1.4091368080350515	-0.009726666666666663	-0.6008857527175626	-0.013083333333333325	-0.8082510553174889
242	HNF1B_MA0153.2	HNF1B_MA0153.2	HNF1B	MA0153.2	3207	0.67825	1.11358	0.98581	0.02526	0.03556	0.01011	4.04768811061255e-18	0.03549666666666666	B_cell	0.020273333333333338	1.3583538501565695	-0.005050000000000002	-0.3383600925661305	-0.015223333333333323	-1.019993757590439
243	ZNF721_MA2526.1	ZNF721_MA2526.1	ZNF721	MA2526.1	9924	0.92116	1.38708	1.25324	0.00959	0.03747	0.01984	2.3129646346357427e-18	0.03479	B_cell	0.01568666666666667	1.0888247316591753	0.0034166666666666664	0.23715370802181335	-0.01910333333333333	-1.3259784396809886
244	RELB_MA1117.2	RELB_MA1117.2	RELB	MA1117.2	2780	1.09495	1.705	1.53711	0.00191	0.03754	0.026	5.782411586589357e-18	0.03432999999999999	B_cell	0.013150000000000004	0.8696122557973411	0.008029999999999999	0.5310255828176916	-0.021179999999999987	-1.4006378386150329
245	Foxl2_MA1607.2	Foxl2_MA1607.2	Foxl2	MA1607.2	6754	0.83807	1.25372	1.20208	0.03328	0.02745	-0.00831	2.023844055306275e-18	0.03410666666666667	B_cell	0.020243333333333335	1.3830638670341262	-0.013863333333333333	-0.947169870409177	-0.006379999999999996	-0.43589399662494926
246	ZNF652_MA1657.2	ZNF652_MA1657.2	ZNF652	MA1657.2	4879	0.8701	1.36047	1.23445	0.00105	0.0342	0.03058	3.469446951953614e-18	0.033343333333333336	B_cell	0.011750000000000005	0.768545465343349	0.009843333333333334	0.6438339742294776	-0.02159333333333333	-1.4123794395728266
247	NEUROD1_MA1109.2	NEUROD1_MA1109.2	NEUROD1	MA1109.2	7206	1.2489	1.73116	1.62592	0.02021	0.03632	0.00555	2.8912057932946786e-18	0.032799999999999996	B_cell	0.018843333333333337	1.36257705409535	-0.004886666666666668	-0.35335891761963284	-0.01395666666666666	-1.0092181364757171
248	Neurod2_MA0668.3	Neurod2_MA0668.3	Neurod2	MA0668.3	7206	1.2489	1.73116	1.62592	0.02021	0.03632	0.00555	2.8912057932946786e-18	0.032799999999999996	B_cell	0.018843333333333337	1.36257705409535	-0.004886666666666668	-0.35335891761963284	-0.01395666666666666	-1.0092181364757171
249	Hoxd13_MA0909.4	Hoxd13_MA0909.4	Hoxd13	MA0909.4	4644	0.71397	1.15682	1.04016	0.00617	0.03303	0.02506	3.469446951953614e-18	0.03243	B_cell	0.01306666666666667	0.9354640466719155	0.006296666666666671	0.4507886694294002	-0.01936333333333333	-1.3862527161013158
250	Rhox11_MA0629.2	Rhox11_MA0629.2	Rhox11	MA0629.2	2724	1.0989	1.56637	1.52497	0.0305	0.01779	-0.01734	1.4456028966473392e-19	0.03204333333333334	B_cell	0.01609666666666667	1.230437655530408	-0.015946666666666668	-1.2189715767358607	-0.0001500000000000004	-0.011466078794547224
251	ZBTB47_MA2543.1	ZBTB47_MA2543.1	ZBTB47	MA2543.1	4512	0.87548	1.34607	1.20603	0.00937	0.03207	0.0204	4.625929269271485e-18	0.03130333333333333	B_cell	0.013813333333333337	1.0591994837144978	0.0036766666666666666	0.28192495910644055	-0.01748999999999999	-1.3411244428209386
252	HOXC13_MA0907.2	HOXC13_MA0907.2	HOXC13	MA0907.2	2956	0.89465	1.33169	1.28718	0.03073	0.02613	-0.00516	2.6020852139652106e-18	0.030916666666666676	B_cell	0.01895333333333334	1.3982588289063365	-0.011963333333333334	-0.8825801858854805	-0.006989999999999997	-0.515678643020856
253	Bhlha15_MA1472.3	Bhlha15_MA1472.3	Bhlha15	MA1472.3	7087	1.36027	1.88005	1.78352	0.01397	0.03353	0.01011	4.625929269271485e-18	0.030379999999999997	B_cell	0.015833333333333338	1.273194735298842	-0.0012866666666666647	-0.10346382480533768	-0.01454666666666666	-1.1697309104935043
254	TFAP4FLI1_MA1967.2	TFAP4FLI1_MA1967.2	TFAP4::FLI1	MA1967.2	7266	1.41546	1.9754	1.89413	0.02715	0.02897	-0.00692	2.6020852139652106e-18	0.030063333333333338	B_cell	0.01870666666666667	1.403523231574516	-0.011356666666666666	-0.852067649674693	-0.007349999999999996	-0.5514555818998231
255	PBX1_MA0070.2	PBX1_MA0070.2	PBX1	MA0070.2	3406	0.88294	1.38995	1.31119	0.02809	0.02705	-0.00505	1.4456028966473393e-18	0.029426666666666667	B_cell	0.01838	1.4046900665158064	-0.011046666666666666	-0.8442406384536422	-0.00733333333333333	-0.5604494280621641
256	NKX2-5_MA0063.3	NKX2-5_MA0063.3	NKX2-5	MA0063.3	2682	1.05286	1.476	1.43615	0.02369	0.03131	0.00167	5.204170427930421e-18	0.029326666666666668	B_cell	0.01833333333333334	1.404945819040614	-0.00734	-0.5624892170049881	-0.010993333333333325	-0.8424566020356262
257	THRB_MA1575.2	THRB_MA1575.2	THRB	MA1575.2	3272	1.29391	1.87124	1.80492	0.02658	0.00675	-0.02793	-5.782411586589357e-19	0.02928	B_cell	0.011110000000000002	0.8576448211033683	-0.01817	-1.4026468406344013	0.007059999999999995	0.5450020195310329
258	BARX2_MA1471.2	BARX2_MA1471.2	BARX2	MA1471.2	3997	0.69767	1.12339	0.99513	0.01473	0.0298	0.0125	3.469446951953614e-18	0.02894333333333333	B_cell	0.014843333333333337	1.2549582077396695	-0.0007433333333333326	-0.06284654846753814	-0.014099999999999994	-1.1921116592721315
259	ZBTB18_MA0698.2	ZBTB18_MA0698.2	ZBTB18	MA0698.2	8625	1.04891	1.48809	1.38325	0.02258	0.03111	0.00164	1.734723475976807e-18	0.02881333333333333	B_cell	0.01789666666666667	1.402945173842754	-0.006980000000000001	-0.5471721352256897	-0.010916666666666663	-0.8557730386170644
260	PAX3_MA0780.1	PAX3_MA0780.1	PAX3	MA0780.1	1503	0.60956	1.01281	0.92951	0.02806	0.01602	-0.01346	3.614007241618348e-20	0.028533333333333338	B_cell	0.014693333333333336	1.2596838932395005	-0.013840000000000002	-1.1865262079696928	-0.0008533333333333343	-0.07315768526980772
261	FOXF2_MA0030.2	FOXF2_MA0030.2	FOXF2	MA0030.2	4534	0.90005	1.32912	1.28023	0.02589	0.03	-0.00111	1.734723475976807e-18	0.02826	B_cell	0.01863	1.413944101942888	-0.008999999999999998	-0.6830647835472888	-0.009629999999999998	-0.730879318395599
262	E2F7_MA0758.1	E2F7_MA0758.1	E2F7	MA0758.1	3069	0.99682	1.53493	1.53332	0.02602	0.02928	-0.00056	1.1564823173178713e-18	0.028006666666666662	B_cell	0.018433333333333333	1.413860721834924	-0.00886	-0.6795735621405478	-0.00957333333333333	-0.7342871596943763
263	Smad4_MA1153.2	Smad4_MA1153.2	Smad4	MA1153.2	1994	1.02563	1.56294	1.47531	0.02617	0.01624	-0.01403	1.5901631863120731e-18	0.02753666666666667	B_cell	0.01413666666666667	1.256161709402725	-0.0134	-1.190702681395651	-0.0007366666666666654	-0.06545902800707436
264	MYOG_MA0500.3	MYOG_MA0500.3	MYOG	MA0500.3	7074	1.42709	1.93466	1.8658	0.01921	0.03059	0.00192	2.8912057932946786e-18	0.027436666666666665	B_cell	0.016600000000000004	1.392698879380656	-0.005763333333333333	-0.4835293900500312	-0.010836666666666663	-0.909169489330625
265	Gata3_MA0037.5	Gata3_MA0037.5	Gata3	MA0037.5	4356	0.89496	1.313	1.34515	0.02694	0.00693	-0.0206	8.673617379884035e-19	0.027136666666666674	B_cell	0.011290000000000005	0.9785452267866677	-0.01584666666666667	-1.373488044919934	0.004556666666666666	0.39494281813326654
266	Ptf1A_MA1619.2	Ptf1A_MA1619.2	Ptf1A	MA1619.2	4996	1.33575	1.85486	1.6766	0.00631	0.02998	0.0145	3.469446951953614e-18	0.026923333333333334	B_cell	0.01209666666666667	1.0839662603539149	0.002730000000000001	0.24463168014049477	-0.014826666666666662	-1.3285979404944097
267	ZNF766_MA2098.1	ZNF766_MA2098.1	ZNF766	MA2098.1	6314	1.06756	1.51389	1.45055	0.02139	0.02952	0.00021	3.469446951953614e-18	0.02688	B_cell	0.016970000000000006	1.4076120934710985	-0.00706	-0.5856064454865032	-0.009909999999999995	-0.8220056479845953
268	FOXP2_MA0593.2	FOXP2_MA0593.2	FOXP2	MA0593.2	8020	0.937	1.36371	1.31626	0.025	0.02859	-0.00158	2.8912057932946786e-18	0.02686666666666667	B_cell	0.01786333333333334	1.4141983874620363	-0.00886	-0.7014255110793234	-0.00900333333333333	-0.7127728763827132
269	NACC2_MA2507.1	NACC2_MA2507.1	NACC2	MA2507.1	5271	0.90165	1.31822	1.27068	0.02637	0.01494	-0.0111	1.1564823173178713e-18	0.02626	B_cell	0.013770000000000001	1.2798897615360818	-0.01249	-1.1609167118072377	-0.0012799999999999982	-0.11897304972884414
270	ZNF701_MA1987.2	ZNF701_MA1987.2	ZNF701	MA1987.2	19206	1.33229	1.9336	1.90164	0.02178	0.02861	-0.00095	2.8912057932946786e-18	0.026016666666666674	B_cell	0.016796666666666675	1.4119627923958031	-0.007576666666666668	-0.6369103844246202	-0.009219999999999997	-0.7750524079711829
271	XBP1_MA0844.2	XBP1_MA0844.2	XBP1	MA0844.2	1418	1.54994	2.22812	2.1666	0.02169	0.02918	-0.00312	2.3129646346357427e-18	0.025643333333333337	B_cell	0.016956666666666672	1.4140712656998018	-0.008270000000000001	-0.689662042500729	-0.008686666666666664	-0.7244092231990726
272	ZNF343_MA1711.2	ZNF343_MA1711.2	ZNF343	MA1711.2	5695	1.53037	2.21092	2.25471	0.02287	0.01359	-0.01654	1.4456028966473393e-18	0.02529	B_cell	0.012153333333333337	1.1744635991268237	-0.013136666666666665	-1.2694901382772386	0.0009833333333333317	0.09502653915041466
273	ZKSCAN1_MA1585.2	ZKSCAN1_MA1585.2	ZKSCAN1	MA1585.2	3268	1.09143	1.49502	1.5675	0.02473	0.00352	-0.02145	5.782411586589357e-19	0.02481	B_cell	0.009416666666666669	0.8580142018055062	-0.015393333333333332	-1.4025874633408235	0.005976666666666665	0.5445732615353174
274	TPRX1_MA2600.1	TPRX1_MA2600.1	TPRX1	MA2600.1	6817	0.72412	1.18698	1.06308	0.00177	0.02462	0.02297	2.3129646346357427e-18	0.024659999999999994	B_cell	0.008796666666666668	0.782671495960578	0.0070666666666666655	0.6287470903510514	-0.015863333333333327	-1.4114185863116293
275	ZNF582_MA1983.2	ZNF582_MA1983.2	ZNF582	MA1983.2	6013	1.14646	1.68539	1.56266	-0.00189	0.02663	0.02178	3.469446951953614e-18	0.024383333333333333	B_cell	0.00824666666666667	0.722677031365346	0.007890000000000003	0.6914213958131665	-0.016136666666666664	-1.4140984271785126
276	MZF1_MA0056.3	MZF1_MA0056.3	MZF1	MA0056.3	5903	1.11404	1.6577	1.58813	0.0227	0.01135	-0.0156	1.1564823173178713e-18	0.024116666666666668	B_cell	0.011350000000000004	1.146879697102499	-0.012766666666666666	-1.290029145345836	0.001416666666666665	0.14314944824333659
277	BHLHE22_MA1635.2	BHLHE22_MA1635.2	BHLHE22	MA1635.2	12585	1.35583	1.9005	1.79851	0.01935	0.02695	-0.00164	2.3129646346357427e-18	0.023870000000000002	B_cell	0.015433333333333337	1.4121660558191587	-0.006996666666666667	-0.6402022788692041	-0.008436666666666663	-0.7719637769499545
278	Neurod2_MA1993.2	Neurod2_MA1993.2	Neurod2	MA1993.2	12585	1.35583	1.9005	1.79851	0.01935	0.02695	-0.00164	2.3129646346357427e-18	0.023870000000000002	B_cell	0.015433333333333337	1.4121660558191587	-0.006996666666666667	-0.6402022788692041	-0.008436666666666663	-0.7719637769499545
279	Olig2_MA1997.2	Olig2_MA1997.2	Olig2	MA1997.2	12585	1.35583	1.9005	1.79851	0.01935	0.02695	-0.00164	2.3129646346357427e-18	0.023870000000000002	B_cell	0.015433333333333337	1.4121660558191587	-0.006996666666666667	-0.6402022788692041	-0.008436666666666663	-0.7719637769499545
280	Tcf12_MA0521.3	Tcf12_MA0521.3	Tcf12	MA0521.3	12585	1.35583	1.9005	1.79851	0.01935	0.02695	-0.00164	2.3129646346357427e-18	0.023870000000000002	B_cell	0.015433333333333337	1.4121660558191587	-0.006996666666666667	-0.6402022788692041	-0.008436666666666663	-0.7719637769499545
281	Twist2_MA0633.3	Twist2_MA0633.3	Twist2	MA0633.3	12585	1.35583	1.9005	1.79851	0.01935	0.02695	-0.00164	2.3129646346357427e-18	0.023870000000000002	B_cell	0.015433333333333337	1.4121660558191587	-0.006996666666666667	-0.6402022788692041	-0.008436666666666663	-0.7719637769499545
282	NR1H4RXRA_MA1146.2	NR1H4RXRA_MA1146.2	NR1H4::RXRA	MA1146.2	2650	1.13075	1.65694	1.51565	0.02108	0.02074	-0.00698	1.1564823173178713e-18	0.02329333333333334	B_cell	0.013940000000000004	1.3874345721284507	-0.009353333333333335	-0.9309281227624183	-0.004586666666666666	-0.45650644936603246
283	POGK_MA2560.1	POGK_MA2560.1	POGK	MA2560.1	722	0.93175	1.41074	1.4099	0.01117	0.02219	0.00868	1.734723475976807e-18	0.02141	B_cell	0.011120000000000001	1.2693661419959106	-0.0008299999999999989	-0.09474585412379556	-0.010289999999999997	-1.174620287872115
284	HAND2_MA1638.2	HAND2_MA1638.2	HAND2	MA1638.2	16467	1.15694	1.69366	1.56018	-0.00054	0.02321	0.01657	2.3129646346357427e-18	0.020816666666666664	B_cell	0.007556666666666669	0.8033269023771311	0.005703333333333334	0.6063045125572434	-0.013259999999999996	-1.4096314149343745
285	Foxj2_MA0614.1	Foxj2_MA0614.1	Foxj2	MA0614.1	3592	0.82499	1.26931	1.20598	0.01374	0.02152	0.00365	1.734723475976807e-18	0.020143333333333333	B_cell	0.011753333333333336	1.3729775250480682	-0.0033633333333333336	-0.39289118626588243	-0.008389999999999996	-0.9800863387821857
286	MEIS3_MA0775.2	MEIS3_MA0775.2	MEIS3	MA0775.2	2737	1.10336	1.6561	1.60683	0.0179	0.01369	-0.00945	1.0842021724855044e-18	0.019646666666666666	B_cell	0.010530000000000001	1.30277615680623	-0.009116666666666665	-1.1279179451931116	-0.0014133333333333326	-0.17485821161311862
287	GRHL1_MA0647.2	GRHL1_MA0647.2	GRHL1	MA0647.2	1989	1.04313	1.55729	1.40937	0.00091	0.02064	0.01596	1.734723475976807e-18	0.01938333333333333	B_cell	0.007183333333333334	0.8283428882807765	0.005016666666666665	0.578494685319057	-0.012199999999999994	-1.4068375735998335
288	TWIST1_MA1123.3	TWIST1_MA1123.3	TWIST1	MA1123.3	7615	1.17441	1.7079	1.59013	0.00192	0.02093	0.01052	2.3129646346357427e-18	0.018099999999999995	B_cell	0.007616666666666667	0.9940468529246897	0.002866666666666667	0.3741270431138875	-0.010483333333333327	-1.3681738960385772
289	ONECUT1_MA0679.3	ONECUT1_MA0679.3	ONECUT1	MA0679.3	2981	0.72307	1.14561	1.09365	0.01663	0.01833	0.0006	2.023844055306275e-18	0.01796333333333333	B_cell	0.011653333333333335	1.412594473896755	-0.005343333333333332	-0.6477085073388155	-0.006309999999999997	-0.7648859665579396
290	GATA2_MA0036.4	GATA2_MA0036.4	GATA2	MA0036.4	2922	0.9023	1.34971	1.35889	0.0168	0.00903	-0.01015	2.710505431213761e-19	0.017593333333333336	B_cell	0.008610000000000001	1.1979467189778041	-0.008983333333333334	-1.2498902081475733	0.00037333333333333397	0.051943489169769326
291	GATA6_MA1104.3	GATA6_MA1104.3	GATA6	MA1104.3	3540	0.88953	1.32296	1.32999	0.01651	0.00873	-0.00946	1.807003620809174e-20	0.017070000000000002	B_cell	0.008413333333333335	1.2069182753719248	-0.008656666666666668	-1.2418251827024123	0.0002433333333333333	0.034906907330487506
292	TRPS1_MA1970.2	TRPS1_MA1970.2	TRPS1	MA1970.2	3540	0.88953	1.32296	1.32999	0.01651	0.00873	-0.00946	1.807003620809174e-20	0.017070000000000002	B_cell	0.008413333333333335	1.2069182753719248	-0.008656666666666668	-1.2418251827024123	0.0002433333333333333	0.034906907330487506
293	FOXK2_MA1103.3	FOXK2_MA1103.3	FOXK2	MA1103.3	7840	0.84883	1.28897	1.24329	0.00799	0.01727	0.00626	1.734723475976807e-18	0.01626333333333333	B_cell	0.008420000000000002	1.2657870614922357	-0.0005766666666666668	-0.08669087950837588	-0.00784333333333333	-1.17909618198386
294	SIX1_MA1118.2	SIX1_MA1118.2	SIX1	MA1118.2	4186	1.03693	1.58543	1.46484	0.00022	0.01667	0.01204	2.3129646346357427e-18	0.015199999999999997	B_cell	0.005630000000000001	0.8276864419454605	0.003940000000000001	0.579233495784212	-0.009569999999999995	-1.4069199377296724
295	TFCP2_MA1968.2	TFCP2_MA1968.2	TFCP2	MA1968.2	1514	1.1471	1.72719	1.61431	-0.00105	0.01673	0.01172	1.1564823173178713e-18	0.014709999999999997	B_cell	0.005226666666666667	0.7780774453521179	0.004256666666666667	0.6336765929302645	-0.00948333333333333	-1.4117540382823823
296	GATA4_MA0482.3	GATA4_MA0482.3	GATA4	MA0482.3	3436	0.90473	1.34898	1.36697	0.01384	0.00795	-0.00788	-9.260893556647017e-20	0.014503333333333333	B_cell	0.007263333333333333	1.2267105095727349	-0.00724	-1.2227697231720884	-2.333333333333295e-05	-0.003940786400646614
297	HOXD12_MA0873.2	HOXD12_MA0873.2	HOXD12	MA0873.2	1496	0.82794	1.30932	1.21498	0.01402	0.01393	-0.00057	8.673617379884035e-19	0.014179999999999998	B_cell	0.009316666666666666	1.4137573152477165	-0.0048633333333333315	-0.7379863767250155	-0.004453333333333332	-0.6757709385227011
298	ZNF136_MA1588.1	ZNF136_MA1588.1	ZNF136	MA1588.1	4756	0.90626	1.36624	1.29515	0.0026	0.01435	0.00862	1.4456028966473393e-18	0.013306666666666665	B_cell	0.005650000000000001	1.0062913916028087	0.0020066666666666666	0.3573967066341537	-0.007656666666666663	-1.3636880982369624
299	GRHL2_MA1105.3	GRHL2_MA1105.3	GRHL2	MA1105.3	4676	1.0596	1.58347	1.4869	0.00308	0.01316	0.00501	5.782411586589357e-19	0.01147	B_cell	0.005413333333333333	1.150634033697553	0.0006433333333333343	0.13674406927563296	-0.006056666666666666	-1.2873781029731861
300	FOXG1_MA0613.1	FOXG1_MA0613.1	FOXG1	MA0613.1	5950	0.79406	1.23877	1.19252	0.00512	0.00898	0.00336	1.1564823173178713e-18	0.008813333333333333	B_cell	0.004700000000000001	1.2976744722343783	-0.0005866666666666662	-0.16197922490301478	-0.004113333333333332	-1.1356952473313633
301	ZNF699_MA2525.1	ZNF699_MA2525.1	ZNF699	MA2525.1	6638	1.23225	1.83055	1.70332	0.00156	0.00434	-0.00292	1.264902534566422e-19	0.00346	B_cell	0.001966666666666667	1.3547798177174228	-0.001493333333333333	-1.0287141666735684	-0.00047333333333333347	-0.32606565104385443
302	CEBPB_MA0466.4	CEBPB_MA0466.4	CEBPB	MA0466.4	1476	0.63776	3.96995	1.13339	-0.97077	-0.06097	0.90302	7.401486830834377e-17	0.9685100000000002	Monocyte	-0.3439133333333334	-0.7773629266706634	0.6245966666666668	1.4118042126565045	-0.2806833333333332	-0.634441285985841
303	CEBPE_MA0837.3	CEBPE_MA0837.3	CEBPE	MA0837.3	1620	0.65116	4.02825	1.14175	-0.96354	-0.05473	0.90306	-1.850371707708594e-17	0.9616233333333333	Monocyte	-0.33942333333333335	-0.7704200084537746	0.6221999999999999	1.4122639258544543	-0.28277666666666657	-0.6418439174006798
304	CEBPG_MA0838.1	CEBPG_MA0838.1	CEBPG	MA0838.1	2251	0.69852	3.8913	1.12238	-0.89566	-0.01646	0.87669	3.700743415417188e-17	0.8948233333333333	Monocyte	-0.30404000000000003	-0.7277051550178223	0.5907833333333333	1.4140115681005097	-0.2867433333333332	-0.6863064130826875
305	SPIC_MA0687.2	SPIC_MA0687.2	SPIC	MA0687.2	11739	1.57523	2.84232	1.2328	-0.20005	0.38121	0.52971	5.551115123125783e-17	0.5468933333333332	Monocyte	0.06038666666666667	0.2656522171640483	0.24325333333333332	1.0701168138531463	-0.30363999999999985	-1.3357690310171948
306	CEBPA_MA0102.5	CEBPA_MA0102.5	CEBPA	MA0102.5	5967	0.75019	2.77555	1.01378	-0.50838	0.04679	0.53943	0.0	0.5446766666666665	Monocyte	-0.15386333333333335	-0.6215373422283234	0.3492699999999999	1.41089070941801	-0.19540666666666656	-0.7893533671896867
307	CEBPG_MA1636.2	CEBPG_MA1636.2	CEBPG	MA1636.2	5691	0.74492	2.64134	1.06048	-0.47396	0.02886	0.49109	2.7755575615628914e-17	0.495	Monocyte	-0.14836666666666665	-0.651610065582202	0.3216833333333334	1.4127977842958976	-0.17331666666666665	-0.7611877187136957
308	DBP_MA0639.2	DBP_MA0639.2	DBP	MA0639.2	1658	0.70879	2.62336	1.09631	-0.48085	0.02162	0.48635	3.700743415417188e-17	0.4917233333333334	Monocyte	-0.15307666666666667	-0.6711896147484971	0.3224000000000001	1.413615389640804	-0.1693233333333333	-0.7424257748923067
309	FOSL2JUND_MA1144.2	FOSL2JUND_MA1144.2	FOSL2::JUND	MA1144.2	4196	0.92762	3.19977	1.63895	-0.49016	-0.14282	0.3509	-4.625929269271485e-18	0.49134666666666665	Monocyte	-0.21099333333333337	-1.0217585337047488	0.2803533333333333	1.357641998732528	-0.06935999999999994	-0.33588346502777955
310	FOSJUN_MA0099.4	FOSJUN_MA0099.4	FOS::JUN	MA0099.4	4325	0.91828	3.15988	1.64633	-0.48717	-0.14361	0.34721	0.0	0.48838666666666686	Monocyte	-0.21026000000000009	-1.0252739743977275	0.27812666666666674	1.3562067579155581	-0.06786666666666666	-0.3309327835178306
311	FOSJUNB_MA1134.2	FOSJUNB_MA1134.2	FOS::JUNB	MA1134.2	4370	0.923	3.16502	1.62837	-0.48402	-0.14057	0.34754	2.312964634635743e-17	0.48538333333333344	Monocyte	-0.2081966666666667	-1.0202045664442	0.27718666666666675	1.3582691193780545	-0.06898999999999998	-0.33806455293385435
312	JUND_MA0491.3	JUND_MA0491.3	JUND	MA0491.3	4577	0.89749	3.09672	1.61771	-0.47788	-0.14439	0.33648	-9.25185853854297e-18	0.47887666666666673	Monocyte	-0.20742333333333338	-1.033628918443269	0.2714533333333333	1.3527022771842776	-0.06402999999999998	-0.31907335874100856
313	FOSL2JUN_MA1130.2	FOSL2JUN_MA1130.2	FOSL2::JUN	MA1130.2	4531	0.93582	3.16692	1.66404	-0.47672	-0.14141	0.34033	-9.25185853854297e-18	0.47839333333333356	Monocyte	-0.20604333333333344	-1.0258449750615173	0.2723500000000001	1.3559714572565844	-0.06630666666666668	-0.3301264821950672
314	FOSL2JUNB_MA1138.2	FOSL2JUNB_MA1138.2	FOSL2::JUNB	MA1138.2	4485	0.92909	3.14517	1.62029	-0.47607	-0.13405	0.34509	-1.850371707708594e-17	0.47709333333333337	Monocyte	-0.2033733333333334	-1.0116865843590033	0.27371999999999996	1.3616281315351717	-0.07034666666666661	-0.3499415471761683
315	FOSL1JUND_MA1142.2	FOSL1JUND_MA1142.2	FOSL1::JUND	MA1142.2	4017	0.94127	3.15709	1.67261	-0.47663	-0.13302	0.34388	-9.25185853854297e-18	0.47672000000000003	Monocyte	-0.2032166666666667	-1.0117032768260255	0.2735033333333333	1.3616216774682555	-0.07028666666666664	-0.34991840064223007
316	FOSL1JUNB_MA1137.2	FOSL1JUNB_MA1137.2	FOSL1::JUNB	MA1137.2	4706	0.92893	3.10996	1.62141	-0.46594	-0.13187	0.33602	-1.3877787807814457e-17	0.46659000000000006	Monocyte	-0.19927000000000009	-1.0142605825552604	0.26732	1.3606269831317919	-0.06804999999999996	-0.34636640057653134
317	CEBPD_MA0836.3	CEBPD_MA0836.3	CEBPD	MA0836.3	5491	0.87519	2.66768	1.11949	-0.42084	0.05545	0.4588	0.0	0.46462999999999993	Monocyte	-0.1217966666666667	-0.5846603107592381	0.2932133333333333	1.407511414533118	-0.1714166666666666	-0.8228511037738799
318	FOSBJUNB_MA1135.2	FOSBJUNB_MA1135.2	FOSB::JUNB	MA1135.2	4523	0.95023	3.1234	1.62779	-0.46301	-0.12917	0.33783	4.625929269271485e-18	0.46434	Monocyte	-0.19739333333333334	-1.007921131806006	0.26694666666666667	1.3630712945312604	-0.06955333333333331	-0.3551501627252544
319	SPIB_MA0081.3	SPIB_MA0081.3	SPIB	MA0081.3	20048	1.7121	2.96346	1.50867	-0.18718	0.301	0.44893	2.7755575615628914e-17	0.46201333333333316	Monocyte	0.03794	0.19914494573058425	0.21203666666666662	1.1129686472384641	-0.24997666666666654	-1.3121135929690484
320	BACH2_MA1101.3	BACH2_MA1101.3	BACH2	MA1101.3	3840	0.9538	3.04645	1.65066	-0.45643	-0.12402	0.33649	-4.625929269271485e-18	0.4577900000000002	Monocyte	-0.19348333333333345	-0.9999895020444598	0.26430666666666675	1.3660292462074128	-0.07082333333333331	-0.36603974416295315
321	JUNB_MA0490.3	JUNB_MA0490.3	JUNB	MA0490.3	5091	0.92351	3.05807	1.65078	-0.4534	-0.13835	0.31956	-2.544261098099317e-17	0.45490333333333344	Monocyte	-0.1972500000000001	-1.0350974346885085	0.25765333333333335	1.352072518997599	-0.06040333333333333	-0.31697508430909077
322	FOSJUND_MA1141.2	FOSJUND_MA1141.2	FOS::JUND	MA1141.2	4939	0.94804	3.09808	1.64455	-0.45145	-0.13149	0.32294	-1.3877787807814457e-17	0.4524433333333334	Monocyte	-0.19431333333333342	-1.0219408410402755	0.25813	1.357568133758498	-0.06381666666666665	-0.3356272927182224
323	BACH1_MA1633.2	BACH1_MA1633.2	BACH1	MA1633.2	4972	0.95235	3.07861	1.64188	-0.45117	-0.1241	0.32918	0.0	0.45187333333333335	Monocyte	-0.1917566666666667	-1.005518321132778	0.26011666666666666	1.3639790392267341	-0.06835999999999998	-0.35846071809395597
324	FOSL1JUN_MA1128.2	FOSL1JUN_MA1128.2	FOSL1::JUN	MA1128.2	5053	0.93815	3.0663	1.65469	-0.45043	-0.13388	0.32002	6.938893903907228e-18	0.4515866666666667	Monocyte	-0.19477000000000003	-1.02776618074198	0.2568166666666667	1.35517525620417	-0.062046666666666646	-0.3274090754621897
325	HLF_MA0043.4	HLF_MA0043.4	HLF	MA0043.4	3945	0.81941	2.51149	1.06809	-0.40699	0.05306	0.44139	9.25185853854297e-18	0.44761000000000006	Monocyte	-0.1179766666666667	-0.5873070430109629	0.2827933333333334	1.4077912275015982	-0.16481666666666667	-0.8204841844906352
326	FOSL1_MA0477.3	FOSL1_MA0477.3	FOSL1	MA0477.3	5101	0.94257	3.07544	1.65096	-0.44597	-0.12931	0.31964	1.3877787807814457e-17	0.4469633333333334	Monocyte	-0.19176	-1.0205116955328055	0.25520333333333334	1.3581455277723389	-0.06344333333333328	-0.3376338322395333
327	Atf3_MA1988.2	Atf3_MA1988.2	Atf3	MA1988.2	4957	0.95098	3.06017	1.6583	-0.44329	-0.12635	0.32126	9.25185853854297e-18	0.44473000000000007	Monocyte	-0.18988000000000002	-1.0138702245765625	0.25485	1.3607795804367862	-0.06496999999999997	-0.34690935586022353
328	BATF_MA1634.2	BATF_MA1634.2	BATF	MA1634.2	4957	0.95098	3.06017	1.6583	-0.44329	-0.12635	0.32126	9.25185853854297e-18	0.44473000000000007	Monocyte	-0.18988000000000002	-1.0138702245765625	0.25485	1.3607795804367862	-0.06496999999999997	-0.34690935586022353
329	BATF3_MA0835.3	BATF3_MA0835.3	BATF3	MA0835.3	4957	0.95098	3.06017	1.6583	-0.44329	-0.12635	0.32126	9.25185853854297e-18	0.44473000000000007	Monocyte	-0.18988000000000002	-1.0138702245765625	0.25485	1.3607795804367862	-0.06496999999999997	-0.34690935586022353
330	BATFJUN_MA0462.3	BATFJUN_MA0462.3	BATF::JUN	MA0462.3	4957	0.95098	3.06017	1.6583	-0.44329	-0.12635	0.32126	9.25185853854297e-18	0.44473000000000007	Monocyte	-0.18988000000000002	-1.0138702245765625	0.25485	1.3607795804367862	-0.06496999999999997	-0.34690935586022353
331	BNC2_MA1928.2	BNC2_MA1928.2	BNC2	MA1928.2	4957	0.95098	3.06017	1.6583	-0.44329	-0.12635	0.32126	9.25185853854297e-18	0.44473000000000007	Monocyte	-0.18988000000000002	-1.0138702245765625	0.25485	1.3607795804367862	-0.06496999999999997	-0.34690935586022353
332	Fosb_MA2486.1	Fosb_MA2486.1	Fosb	MA2486.1	4957	0.95098	3.06017	1.6583	-0.44329	-0.12635	0.32126	9.25185853854297e-18	0.44473000000000007	Monocyte	-0.18988000000000002	-1.0138702245765625	0.25485	1.3607795804367862	-0.06496999999999997	-0.34690935586022353
333	Jun_MA0489.3	Jun_MA0489.3	Jun	MA0489.3	4948	0.95098	3.05428	1.65687	-0.44207	-0.12567	0.32078	-1.850371707708594e-17	0.44353000000000004	Monocyte	-0.18924666666666673	-1.0129944323385358	0.2542833333333333	1.3611209404118993	-0.06503666666666663	-0.34812650807336376
334	JUNJUNB_MA1132.2	JUNJUNB_MA1132.2	JUN::JUNB	MA1132.2	5062	0.98753	3.10042	1.71712	-0.44207	-0.12857	0.31752	-9.25185853854297e-18	0.4434100000000001	Monocyte	-0.1902133333333334	-1.0203516681214437	0.2531966666666667	1.3582099460051296	-0.06298333333333331	-0.337858277883686
335	FOS_MA0476.2	FOS_MA0476.2	FOS	MA0476.2	5423	0.91873	2.9941	1.60893	-0.43711	-0.1223	0.31744	0.0	0.43798666666666675	Monocyte	-0.18647000000000005	-1.009975493821692	0.25151666666666667	1.3622870682739985	-0.06504666666666661	-0.3523115744523065
336	Spi1_MA0080.7	Spi1_MA0080.7	Spi1	MA0080.7	23325	1.59954	2.80775	1.47517	-0.18649	0.27579	0.42359	3.700743415417188e-17	0.4364866666666667	Monocyte	0.029766666666666674	0.1658922613153301	0.20336000000000007	1.1333432338550584	-0.23312666666666662	-1.2992354951703884
337	JDP2_MA0655.1	JDP2_MA0655.1	JDP2	MA0655.1	4002	0.88304	2.89955	1.53969	-0.43488	-0.11683	0.31682	-1.850371707708594e-17	0.4344700000000001	Monocyte	-0.18390333333333342	-1.0020425719180737	0.25056666666666666	1.365274150025948	-0.0666633333333333	-0.3632315781078744
338	NFE2_MA0841.2	NFE2_MA0841.2	NFE2	MA0841.2	4106	0.88899	2.77907	1.49528	-0.41051	-0.10004	0.31135	2.312964634635743e-17	0.4108033333333334	Monocyte	-0.17018333333333335	-0.9727585280626262	0.24062000000000006	1.3753706220101602	-0.07043666666666663	-0.402612093947534
339	ATF4_MA0833.3	ATF4_MA0833.3	ATF4	MA0833.3	4860	0.78399	2.42809	1.11717	-0.39593	0.01572	0.40044	-9.25185853854297e-18	0.40417666666666663	Monocyte	-0.12673666666666672	-0.6749571287379379	0.2654566666666667	1.4137334857395425	-0.13871999999999998	-0.7387763570016046
340	ETV6_MA0645.2	ETV6_MA0645.2	ETV6	MA0645.2	6546	2.07479	3.42298	2.07213	-0.15185	0.2804	0.3893	4.625929269271486e-17	0.4036166666666666	Monocyte	0.04285	0.25576219404904094	0.1803833333333334	1.076668310460044	-0.22323333333333326	-1.3324305045090852
341	TEF_MA0843.2	TEF_MA0843.2	TEF	MA0843.2	1937	0.72321	2.29279	1.11526	-0.36746	0.0315	0.38063	2.7755575615628914e-17	0.3867400000000001	Monocyte	-0.11198666666666669	-0.6340151182271746	0.24936333333333344	1.411776312044788	-0.13737666666666667	-0.7777611938176134
342	NFIL3_MA0025.3	NFIL3_MA0025.3	NFIL3	MA0025.3	4270	0.79959	2.24348	1.04494	-0.33586	0.05394	0.37672	1.850371707708594e-17	0.3810799999999999	Monocyte	-0.09397333333333337	-0.5554899812697893	0.23752666666666666	1.4040545220389693	-0.14355333333333326	-0.8485645407691802
343	ETV7_MA1708.2	ETV7_MA1708.2	ETV7	MA1708.2	7135	1.9679	3.27814	2.02055	-0.15482	0.23696	0.35275	2.7755575615628914e-17	0.36576	Monocyte	0.027380000000000005	0.1818413824127463	0.16919	1.123657541651299	-0.19656999999999994	-1.3054989240640456
344	Elf5_MA0136.4	Elf5_MA0136.4	Elf5	MA0136.4	14854	1.44396	2.59844	1.57937	-0.17634	0.17239	0.31899	1.850371707708594e-17	0.3289033333333333	Monocyte	-0.0013166666666666656	-0.009805567906241172	0.16511000000000003	1.2296182154426267	-0.16379333333333332	-1.2198126475363857
345	MAFGNRF1_MA0089.3	MAFGNRF1_MA0089.3	MAFG::NRF1	MA0089.3	5912	1.02283	2.66083	1.5506	-0.32347	-0.03092	0.28874	9.25185853854297e-18	0.32220000000000004	Monocyte	-0.11813000000000004	-0.8152718605294517	0.20407000000000003	1.4083850721937283	-0.08593999999999996	-0.5931132116642768
346	MAFNFE2_MA0501.2	MAFNFE2_MA0501.2	MAF::NFE2	MA0501.2	6188	1.00712	2.59307	1.55676	-0.3209	-0.0481	0.26952	9.25185853854297e-18	0.3198066666666667	Monocyte	-0.123	-0.8747911550440488	0.19680666666666666	1.3997132622252229	-0.07380666666666663	-0.524922107181174
347	FOSL2_MA0478.2	FOSL2_MA0478.2	FOSL2	MA0478.2	8552	0.81601	2.24566	1.43485	-0.28655	-0.11796	0.17464	1.1564823173178713e-18	0.28856666666666664	Monocyte	-0.13483666666666666	-1.137267759168004	0.15372999999999998	1.2966218828970648	-0.018893333333333314	-0.15935412372906085
348	EHF_MA0598.4	EHF_MA0598.4	EHF	MA0598.4	13430	1.63516	2.81974	1.83122	-0.15489	0.15188	0.27649	1.850371707708594e-17	0.2865833333333332	Monocyte	-0.001003333333333326	-0.008575549371909538	0.1437933333333333	1.2290101289216924	-0.14278999999999992	-1.220434579549783
349	Nfe2l2_MA0150.3	Nfe2l2_MA0150.3	Nfe2l2	MA0150.3	6272	1.03144	2.49024	1.5257	-0.28682	-0.01782	0.26358	0.0	0.2850133333333334	Monocyte	-0.10154666666666672	-0.7812620505665259	0.18346666666666667	1.4115238728722939	-0.08191999999999995	-0.6302618223057681
350	IKZF1_MA1508.2	IKZF1_MA1508.2	IKZF1	MA1508.2	17613	1.36475	2.37648	1.54777	-0.13456	0.16506	0.26787	2.7755575615628914e-17	0.27845333333333333	Monocyte	0.010166666666666666	0.08925552408186109	0.1341433333333334	1.177675428074212	-0.14430999999999997	-1.2669309521560732
351	HOXD12ELK1_MA1958.2	HOXD12ELK1_MA1958.2	HOXD12::ELK1	MA1958.2	3370	1.2167	2.25415	1.42167	-0.16174	0.12237	0.2589	2.7755575615628914e-17	0.2673033333333332	Monocyte	-0.013123333333333341	-0.11982594424694676	0.14021333333333333	1.280253624283351	-0.1270899999999999	-1.1604276800364044
352	ELF3_MA0640.3	ELF3_MA0640.3	ELF3	MA0640.3	16092	1.57626	2.69742	1.82004	-0.14781	0.13325	0.25324	2.7755575615628914e-17	0.26251333333333327	Monocyte	-0.004853333333333326	-0.04526284284065238	0.13368333333333335	1.2467488407447498	-0.12882999999999994	-1.2014859979040975
353	IKZF2_MA2326.1	IKZF2_MA2326.1	IKZF2	MA2326.1	35454	1.31737	2.3813	1.60619	-0.16546	0.10985	0.25267	9.25185853854297e-18	0.26021666666666665	Monocyte	-0.01853666666666667	-0.1731774444885314	0.13937666666666668	1.3021162536232618	-0.12083999999999998	-1.1289388091347303
354	JUN_MA0488.2	JUN_MA0488.2	JUN	MA0488.2	5336	1.0224	2.3115	1.43877	-0.2468	0.02012	0.25489	-4.625929269271485e-18	0.2588999999999999	Monocyte	-0.07556000000000002	-0.6380020329690724	0.16722999999999996	1.4120312331050549	-0.09166999999999996	-0.7740292001359824
355	FOXO1ELK1_MA1954.2	FOXO1ELK1_MA1954.2	FOXO1::ELK1	MA1954.2	10767	1.47821	2.48815	1.70911	-0.11734	0.15372	0.24178	3.700743415417188e-17	0.25153999999999993	Monocyte	0.012126666666666666	0.11767960399526124	0.11970666666666668	1.1616574872671341	-0.13183333333333325	-1.2793370912623954
356	Bach1Mafk_MA0591.2	Bach1Mafk_MA0591.2	Bach1::Mafk	MA0591.2	6690	1.08894	2.43161	1.65051	-0.25045	-0.0461	0.20497	-2.3129646346357427e-18	0.2506566666666667	Monocyte	-0.09885000000000004	-0.9071608040118676	0.15180666666666667	1.393151823851238	-0.052956666666666645	-0.48599101983937043
357	FOXJ2ELF1_MA1952.2	FOXJ2ELF1_MA1952.2	FOXJ2::ELF1	MA1952.2	10486	1.51491	2.51763	1.73396	-0.10966	0.15873	0.23895	1.850371707708594e-17	0.24876333333333323	Monocyte	0.016356666666666683	0.1600242428304449	0.11620333333333331	1.1368667473633867	-0.13255999999999993	-1.2968909901938315
358	Nanog_MA2339.1	Nanog_MA2339.1	Nanog	MA2339.1	1992	0.99508	2.14077	1.33308	-0.19838	0.04699	0.2335	1.850371707708594e-17	0.23745666666666668	Monocyte	-0.05046333333333334	-0.4885125279779894	0.14396000000000003	1.3936111406508616	-0.09349666666666664	-0.9050986126728724
359	ETV5FOXI1_MA1946.2	ETV5FOXI1_MA1946.2	ETV5::FOXI1	MA1946.2	8218	1.43168	2.41616	1.66447	-0.10623	0.14841	0.22726	1.850371707708594e-17	0.2363866666666666	Monocyte	0.014059999999999991	0.14492572718108318	0.11116333333333334	1.1458340625324686	-0.12522333333333327	-1.2907597897135519
360	FOSL1JUN_MA1129.1	FOSL1JUN_MA1129.1	FOSL1::JUN	MA1129.1	1163	1.32485	2.58367	1.8928	-0.20687	0.03901	0.22467	0.0	0.23173999999999992	Monocyte	-0.055953333333333334	-0.5456341217300104	0.14384666666666662	1.4027341170699905	-0.0878933333333333	-0.8570999953399803
361	GMEB2_MA0862.1	GMEB2_MA0862.1	GMEB2	MA0862.1	365	1.04815	2.29844	1.61685	-0.22546	-0.11362	0.12879	-7.806255641895632e-18	0.23110999999999998	Monocyte	-0.11302666666666668	-1.1970882445865074	0.11808333333333332	1.2506444220973525	-0.005056666666666663	-0.05355617751084487
362	FOSL2JUNB_MA1139.2	FOSL2JUNB_MA1139.2	FOSL2::JUNB	MA1139.2	1398	1.25129	2.45719	1.77414	-0.19353	0.04772	0.22276	2.312964634635743e-17	0.2289233333333333	Monocyte	-0.04860333333333334	-0.4881009782747038	0.13876333333333335	1.393536494382939	-0.09015999999999995	-0.9054355161082352
363	ERFFOXI1_MA1935.2	ERFFOXI1_MA1935.2	ERF::FOXI1	MA1935.2	11113	1.47814	2.48117	1.7894	-0.11646	0.12939	0.21794	1.850371707708594e-17	0.22724333333333327	Monocyte	0.0043100000000000065	0.04643308401823357	0.11146666666666666	1.2008680043076059	-0.11577666666666661	-1.2473010883258393
364	Ddit3Cebpa_MA0019.2	Ddit3Cebpa_MA0019.2	Ddit3::Cebpa	MA0019.2	4019	0.93862	2.09448	1.30974	-0.21191	0.00721	0.20963	-4.625929269271485e-18	0.2127933333333333	Monocyte	-0.06823333333333335	-0.6866477862198859	0.14051333333333332	1.4140181133518837	-0.07227999999999998	-0.7273703271319979
365	ELF4_MA0641.1	ELF4_MA0641.1	ELF4	MA0641.1	4501	1.76835	2.9078	2.19954	-0.10201	0.12549	0.20236	1.3877787807814457e-17	0.21073999999999998	Monocyte	0.00782666666666667	0.09078389370876541	0.10145666666666667	1.1768268197673324	-0.1092833333333333	-1.2676107134760979
366	ZNF510_MA2556.1	ZNF510_MA2556.1	ZNF510	MA2556.1	7775	1.09255	1.98725	1.35126	-0.14042	0.08165	0.20458	1.850371707708594e-17	0.21040999999999999	Monocyte	-0.019590000000000003	-0.22514843869934073	0.11500000000000003	1.3216983384596306	-0.09540999999999997	-1.0965498997602896
367	ELF2_MA1483.3	ELF2_MA1483.3	ELF2	MA1483.3	4603	1.80454	2.95318	2.21337	-0.10124	0.12633	0.20171	1.850371707708594e-17	0.21033	Monocyte	0.008363333333333339	0.09716866982040462	0.10098333333333336	1.1732661826262107	-0.10934666666666663	-1.2704348524466151
368	FOSL2JUN_MA1131.2	FOSL2JUN_MA1131.2	FOSL2::JUN	MA1131.2	2171	1.27159	2.40337	1.74229	-0.17854	0.03852	0.2066	2.312964634635743e-17	0.2100866666666666	Monocyte	-0.046673333333333324	-0.507881159198616	0.12838	1.3969815001696533	-0.08170666666666661	-0.8891003409710374
369	FOSBJUNB_MA1136.1	FOSBJUNB_MA1136.1	FOSB::JUNB	MA1136.1	1350	1.24053	2.40732	1.82399	-0.18769	0.03041	0.2005	9.25185853854297e-18	0.20636666666666667	Monocyte	-0.05242666666666668	-0.5695810967423227	0.1293966666666667	1.4058092951704106	-0.07696999999999998	-0.836228198428088
370	FOSBJUN_MA1127.1	FOSBJUN_MA1127.1	FOSB::JUN	MA1127.1	1921	1.27827	2.39897	1.79854	-0.17848	0.02695	0.19528	9.25185853854297e-18	0.19866333333333336	Monocyte	-0.050510000000000006	-0.5699623965106728	0.12458666666666669	1.4058545853615063	-0.07407666666666665	-0.8358921888508334
371	ETV5DRGX_MA1944.2	ETV5DRGX_MA1944.2	ETV5::DRGX	MA1944.2	4122	1.24246	2.20255	1.60252	-0.12853	0.08081	0.18895	9.25185853854297e-18	0.19574666666666662	Monocyte	-0.015906666666666663	-0.19710640411739241	0.10582666666666665	1.3113441152386776	-0.08991999999999996	-1.1142377111212853
372	FOXO1FLI1_MA1956.2	FOXO1FLI1_MA1956.2	FOXO1::FLI1	MA1956.2	9431	1.37006	2.24771	1.61736	-0.07995	0.13227	0.18562	1.850371707708594e-17	0.1944866666666666	Monocyte	0.01744000000000001	0.21704819317273616	0.08852333333333333	1.1017104101850832	-0.10596333333333328	-1.3187586033578191
373	ZNF184_MA2120.1	ZNF184_MA2120.1	ZNF184	MA2120.1	8085	1.18895	1.90235	1.36479	-0.05184	0.15547	0.18793	1.3877787807814457e-17	0.19438999999999995	Monocyte	0.034543333333333336	0.41601770850886227	0.07992333333333333	0.9625452665171275	-0.11446666666666662	-1.3785629750259896
374	Erg_MA0474.4	Erg_MA0474.4	Erg	MA0474.4	15412	1.57611	2.63918	1.96516	-0.12468	0.08408	0.18608	1.3877787807814457e-17	0.19363999999999998	Monocyte	-0.013533333333333333	-0.16995206908246233	0.10358666666666667	1.3008449504449737	-0.0900533333333333	-1.1308928813625114
375	Creb5_MA0840.2	Creb5_MA0840.2	Creb5	MA0840.2	1842	1.2276	2.37673	1.75872	-0.17704	0.02441	0.18862	9.25185853854297e-18	0.1928966666666666	Monocyte	-0.05087666666666666	-0.5876401250441167	0.12188666666666666	1.4078260376310794	-0.07100999999999996	-0.8201859125869627
376	MITF_MA0620.4	MITF_MA0620.4	MITF	MA0620.4	1902	1.36613	2.46724	1.74147	-0.17081	0.03016	0.18731	9.25185853854297e-18	0.19186333333333333	Monocyte	-0.046883333333333346	-0.5512147460349965	0.11937333333333335	1.403491111624976	-0.07248999999999997	-0.8522763655899794
377	ERFHOXB13_MA1937.2	ERFHOXB13_MA1937.2	ERF::HOXB13	MA1937.2	3254	1.15659	2.10317	1.46074	-0.11536	0.08711	0.1814	9.25185853854297e-18	0.18842333333333328	Monocyte	-0.009416666666666663	-0.12195992723839781	0.09892	1.2811620533545807	-0.0895033333333333	-1.159202126116183
378	GABPA_MA0062.4	GABPA_MA0062.4	GABPA	MA0062.4	15011	1.57141	2.64751	1.96828	-0.12618	0.07564	0.18014	1.3877787807814457e-17	0.18736666666666663	Monocyte	-0.016846666666666666	-0.21761742438621454	0.10210666666666667	1.318966550019493	-0.08525999999999996	-1.1013491256332784
379	MAFK_MA0496.4	MAFK_MA0496.4	MAFK	MA0496.4	9941	0.96586	2.08309	1.50858	-0.18564	-0.06783	0.11968	-2.3129646346357427e-18	0.1862633333333333	Monocyte	-0.08449	-1.0970234293513221	0.10177333333333331	1.3214313072535038	-0.017283333333333324	-0.22440787790218175
380	ETV2FOXI1_MA1942.2	ETV2FOXI1_MA1942.2	ETV2::FOXI1	MA1942.2	11059	1.55522	2.53056	1.88131	-0.08759	0.11054	0.17388	9.25185853854297e-18	0.1819633333333333	Monocyte	0.007650000000000001	0.10270812630823507	0.08715666666666666	1.170156591974477	-0.09480666666666664	-1.2728647182827122
381	ZNF683_MA2522.1	ZNF683_MA2522.1	ZNF683	MA2522.1	17773	1.26611	1.98665	1.42363	-0.04465	0.15082	0.17424	2.312964634635743e-17	0.18131666666666663	Monocyte	0.03539000000000001	0.45291782375689926	0.07296333333333334	0.9337777379876394	-0.10835333333333329	-1.386695561744539
382	ZNF775_MA2531.1	ZNF775_MA2531.1	ZNF775	MA2531.1	21755	1.19367	1.99171	1.46922	-0.09706	0.09538	0.1754	9.25185853854297e-18	0.18107999999999996	Monocyte	-0.000559999999999996	-0.007575074983281132	0.09082	1.2285148392528318	-0.09025999999999998	-1.220939764269551
383	ATF7_MA0834.2	ATF7_MA0834.2	ATF7	MA0834.2	1230	1.17718	2.31898	1.75943	-0.17728	0.01322	0.17489	4.625929269271485e-18	0.18009333333333327	Monocyte	-0.05468666666666666	-0.6583063494883956	0.11738999999999998	1.4131156107480691	-0.0627033333333333	-0.7548092612596735
384	FOSL2JUND_MA1145.2	FOSL2JUND_MA1145.2	FOSL2::JUND	MA1145.2	1949	1.30073	2.39861	1.79682	-0.1498	0.03765	0.17579	1.3877787807814457e-17	0.1796766666666666	Monocyte	-0.03738333333333333	-0.47945580820181766	0.10852999999999999	1.3919395148678533	-0.07114666666666662	-0.9124837066660356
385	ZNF175_MA2332.1	ZNF175_MA2332.1	ZNF175	MA2332.1	14009	1.54575	2.60741	1.97434	-0.11816	0.06764	0.16676	0.0	0.17310666666666658	Monocyte	-0.016840000000000015	-0.23497671300832024	0.0949733333333333	1.325209126491103	-0.07813333333333328	-1.0902324134827825
386	Atf1_MA0604.1	Atf1_MA0604.1	Atf1	MA0604.1	906	1.59164	2.7283	1.99498	-0.12516	0.06266	0.16535	4.625929269271485e-18	0.17283999999999994	Monocyte	-0.020833333333333336	-0.28901869794148216	0.09683666666666665	1.3434051510236793	-0.0760033333333333	-1.054386453082197
387	ETV2DRGX_MA1940.2	ETV2DRGX_MA1940.2	ETV2::DRGX	MA1940.2	2784	1.12242	1.99695	1.44382	-0.09299	0.08848	0.16237	1.3877787807814457e-17	0.1687366666666666	Monocyte	-0.0015033333333333285	-0.021820753528730235	0.08511999999999997	1.2355094503539947	-0.0836166666666666	-1.2136886968252645
388	JUND_MA0492.2	JUND_MA0492.2	JUND	MA0492.2	4458	1.06373	2.10405	1.55133	-0.16529	0.00492	0.16695	1.3877787807814457e-17	0.16803666666666667	Monocyte	-0.053456666666666645	-0.6824950488170011	0.11074666666666667	1.4139312528462957	-0.05728999999999999	-0.7314362040292948
389	FLI1FOXI1_MA1950.2	FLI1FOXI1_MA1950.2	FLI1::FOXI1	MA1950.2	9945	1.41171	2.28418	1.73024	-0.06724	0.11491	0.15867	9.25185853854297e-18	0.16649666666666663	Monocyte	0.015890000000000005	0.23064289476528554	0.07530333333333333	1.0930257259581637	-0.0911933333333333	-1.3236686207234494
390	ETV5HOXA2_MA1948.2	ETV5HOXA2_MA1948.2	ETV5::HOXA2	MA1948.2	2719	1.22126	2.18313	1.60325	-0.13168	0.0433	0.1591	1.3877787807814457e-17	0.16439333333333328	Monocyte	-0.02945999999999999	-0.4192287155451295	0.09692666666666666	1.3793089602422801	-0.06746666666666663	-0.9600802446971507
391	Mafg_MA0659.4	Mafg_MA0659.4	Mafg	MA0659.4	9343	1.00665	2.01455	1.51468	-0.1619	-0.05313	0.1109	3.469446951953614e-18	0.16260999999999998	Monocyte	-0.07167666666666665	-1.057687560223827	0.09093333333333332	1.3418460978889457	-0.01925666666666666	-0.2841585376651188
392	JDP2_MA0656.2	JDP2_MA0656.2	JDP2	MA0656.2	1808	1.27247	2.33589	1.82486	-0.14413	0.02385	0.15853	1.1564823173178714e-17	0.16167999999999996	Monocyte	-0.04009333333333333	-0.558119678993706	0.10088666666666667	1.4043939311958347	-0.0607933333333333	-0.8462742522021287
393	SREBF2_MA0828.3	SREBF2_MA0828.3	SREBF2	MA0828.3	1100	1.21322	2.31894	1.77863	-0.16713	-0.02966	0.11804	-1.1564823173178713e-18	0.16065333333333331	Monocyte	-0.06559666666666666	-0.9532296976146313	0.09505666666666666	1.3813329583249374	-0.029460000000000004	-0.4281032607103061
394	ELF1_MA0473.4	ELF1_MA0473.4	ELF1	MA0473.4	13538	1.57324	2.59767	1.97576	-0.10725	0.06409	0.15252	9.25185853854297e-18	0.15879333333333334	Monocyte	-0.01438666666666667	-0.21924063783448944	0.08659000000000001	1.3195583987549877	-0.07220333333333331	-1.1003177609204984
395	ZNF226_MA2548.1	ZNF226_MA2548.1	ZNF226	MA2548.1	7950	0.89747	1.51575	1.07809	-0.05113	0.11852	0.15222	1.850371707708594e-17	0.15802999999999995	Monocyte	0.022463333333333335	0.3380890500234719	0.06778333333333333	1.0201870948549199	-0.09024666666666661	-1.3582761448783915
396	FOXO1ELK3_MA1955.2	FOXO1ELK3_MA1955.2	FOXO1::ELK3	MA1955.2	7759	1.38688	2.25886	1.7467	-0.07191	0.09513	0.14598	9.25185853854297e-18	0.15300000000000002	Monocyte	0.007740000000000004	0.12344240444545752	0.07263000000000001	1.158349074273073	-0.08037	-1.281791478718531
397	ZNF85_MA1720.2	ZNF85_MA1720.2	ZNF85	MA1720.2	5985	0.89595	1.81284	1.26131	-0.14944	0.00756	0.14795	2.3129646346357427e-18	0.15096666666666658	Monocyte	-0.04729333333333333	-0.6744625263882544	0.09912999999999997	1.4137187110417462	-0.05183666666666663	-0.7392561846534915
398	JUNJUNB_MA1133.2	JUNJUNB_MA1133.2	JUN::JUNB	MA1133.2	2113	1.35635	2.42272	1.82408	-0.12878	0.02903	0.14738	6.938893903907228e-18	0.15085666666666667	Monocyte	-0.03325000000000001	-0.5043824129582868	0.09205333333333335	1.3963934552637638	-0.05880333333333332	-0.8920110423054769
399	Atoh1_MA0461.3	Atoh1_MA0461.3	Atoh1	MA0461.3	2367	0.87471	1.59929	1.13536	-0.11625	0.03606	0.14517	2.3129646346357427e-18	0.14754999999999993	Monocyte	-0.026729999999999993	-0.42339341781361867	0.08713999999999997	1.380265709999204	-0.06040999999999997	-0.9568722921855852
400	ELK1HOXB13_MA1932.2	ELK1HOXB13_MA1932.2	ELK1::HOXB13	MA1932.2	2507	1.50824	2.50794	2.01055	-0.08537	0.07137	0.13801	4.625929269271485e-18	0.14425333333333332	Monocyte	-0.004666666666666664	-0.07911809968397332	0.07446	1.2623857933861398	-0.06979333333333332	-1.1832676937021662
401	JUNB_MA1140.3	JUNB_MA1140.3	JUNB	MA1140.3	1499	1.28436	2.35011	1.90224	-0.14429	0.00507	0.14025	4.625929269271485e-18	0.14328666666666665	Monocyte	-0.04640666666666667	-0.6918947515273653	0.09484666666666666	1.4141052478063243	-0.048439999999999976	-0.722210496278959
402	FOSL1JUND_MA1143.2	FOSL1JUND_MA1143.2	FOSL1::JUND	MA1143.2	1639	1.21055	2.186	1.73875	-0.14637	-0.01907	0.11784	0.0	0.1432166666666667	Monocyte	-0.055146666666666684	-0.8762854834330849	0.08807	1.399440205378719	-0.03292333333333331	-0.5231547219456341
403	ZNF140_MA1589.3	ZNF140_MA1589.3	ZNF140	MA1589.3	3286	1.13241	2.01578	1.53554	-0.10412	0.0439	0.13884	-2.3129646346357427e-18	0.14189999999999994	Monocyte	-0.020073333333333346	-0.3365525459289849	0.08098666666666664	1.3578347153587864	-0.0609133333333333	-1.0212821694298015
404	NEUROG1_MA0623.2	NEUROG1_MA0623.2	NEUROG1	MA0623.2	1696	0.85111	1.62332	1.23841	-0.13746	-0.03054	0.10947	2.3129646346357427e-18	0.13831000000000002	Monocyte	-0.05600000000000001	-0.9419571709179839	0.08231000000000001	1.3845088346117724	-0.026309999999999993	-0.4425516636937884
405	HOXB2ELK1_MA1957.1	HOXB2ELK1_MA1957.1	HOXB2::ELK1	MA1957.1	2812	1.49701	2.52683	2.01418	-0.10259	0.05016	0.1306	6.938893903907228e-18	0.13798333333333332	Monocyte	-0.01747666666666667	-0.3030405350883099	0.07773000000000001	1.347816562602383	-0.06025333333333332	-1.0447760275140732
406	FOS_MA1951.2	FOS_MA1951.2	FOS	MA1951.2	1728	1.33441	2.38189	1.8835	-0.12152	0.02054	0.13562	0.0	0.13776666666666665	Monocyte	-0.033660000000000016	-0.5511538935617616	0.08571333333333334	1.4034829886162736	-0.05205333333333332	-0.852329095054512
407	ZNF689_MA2523.1	ZNF689_MA2523.1	ZNF689	MA2523.1	3792	0.82011	1.56167	1.1558	-0.08563	0.05734	0.13367	1.3877787807814457e-17	0.13677	Monocyte	-0.009429999999999994	-0.1676955416489721	0.07310000000000001	1.2999516537157847	-0.06366999999999998	-1.1322561120668126
408	ZNF189_MA1725.2	ZNF189_MA1725.2	ZNF189	MA1725.2	8604	1.17848	1.93666	1.54956	-0.07974	0.06405	0.13145	9.25185853854297e-18	0.1355633333333333	Monocyte	-0.005230000000000004	-0.09429043279341312	0.07039666666666668	1.2691648503276525	-0.06516666666666665	-1.1748744175342396
409	USF1_MA0093.4	USF1_MA0093.4	USF1	MA0093.4	4598	1.19455	2.08462	1.54951	-0.12839	0.00895	0.13038	-2.3129646346357427e-18	0.13269999999999998	Monocyte	-0.039813333333333346	-0.6521141902856413	0.08625666666666666	1.412823082888608	-0.04644333333333332	-0.7607088926029668
410	FOXO1ELF1_MA1953.2	FOXO1ELF1_MA1953.2	FOXO1::ELF1	MA1953.2	9619	1.28749	2.15906	1.71573	-0.08994	0.0467	0.12246	6.938893903907228e-18	0.12718666666666664	Monocyte	-0.014413333333333335	-0.272388985310248	0.0708	1.3380069491187938	-0.05638666666666665	-1.0656179638085457
411	OLIG2_MA0678.1	OLIG2_MA0678.1	OLIG2	MA0678.1	1895	0.80928	1.44847	1.09915	-0.08149	0.04523	0.12267	1.1564823173178714e-17	0.12401999999999999	Monocyte	-0.012086666666666662	-0.23539086077244425	0.06805333333333334	1.3253557125014392	-0.055966666666666644	-1.089964851728995
412	ZNF700_MA2595.1	ZNF700_MA2595.1	ZNF700	MA2595.1	4916	0.73518	1.42806	1.04372	-0.07727	0.0507	0.12138	1.1564823173178714e-17	0.12357666666666664	Monocyte	-0.008856666666666667	-0.17421631950767877	0.06621666666666667	1.3025243458863505	-0.057359999999999974	-1.1283080263786718
413	Dux_MA0611.3	Dux_MA0611.3	Dux	MA0611.3	2981	0.78432	1.51242	1.11842	-0.06514	0.06293	0.11986	9.25185853854297e-18	0.12259666666666666	Monocyte	-0.0007366666666666719	-0.01471785303823607	0.061666666666666675	1.2320374715265248	-0.06092999999999998	-1.2173196184882886
414	ELK1HOXA1_MA1931.1	ELK1HOXA1_MA1931.1	ELK1::HOXA1	MA1931.1	2716	1.55982	2.45066	2.1239	-0.053	0.08026	0.11724	1.3877787807814457e-17	0.12258	Monocyte	0.009086666666666667	0.1800985015703022	0.05674666666666668	1.1247237310098421	-0.06583333333333331	-1.3048222325801444
415	MYPOP_MA2535.1	MYPOP_MA2535.1	MYPOP	MA2535.1	4647	1.15304	2.00383	1.63352	-0.12281	-0.04665	0.07506	-3.469446951953614e-18	0.12244333333333335	Monocyte	-0.05648666666666668	-1.1200159460648014	0.06595666666666666	1.307786824311591	-0.009469999999999996	-0.1877708782467897
416	GFI1_MA0038.3	GFI1_MA0038.3	GFI1	MA0038.3	5842	0.9851	1.73616	1.32668	-0.08653	0.04282	0.11759	9.25185853854297e-18	0.12150999999999998	Monocyte	-0.014570000000000005	-0.2875763559579989	0.06804	1.3429440809459319	-0.05346999999999997	-1.0553677249879327
417	BACH2_MA1470.2	BACH2_MA1470.2	BACH2	MA1470.2	1913	0.98642	1.85738	1.3889	-0.11291	0.01599	0.11531	0.0	0.11984	Monocyte	-0.03230666666666668	-0.5983265338536723	0.07607333333333334	1.4088947746191194	-0.04376666666666666	-0.8105682407654471
418	TFAP4_MA1570.1	TFAP4_MA1570.1	TFAP4	MA1570.1	2456	0.96602	1.73372	1.35405	-0.07569	0.04495	0.11891	9.25185853854297e-18	0.11948666666666667	Monocyte	-0.010246666666666666	-0.20777827574742325	0.06486666666666668	1.315343281081605	-0.05461999999999999	-1.1075650053341817
419	TFE3_MA0831.3	TFE3_MA0831.3	TFE3	MA0831.3	1635	1.42296	2.54016	1.99764	-0.12363	-0.003	0.107	1.3877787807814457e-17	0.11908666666666669	Monocyte	-0.04221	-0.7752468699339377	0.07687666666666669	1.4119496613193083	-0.03466666666666665	-0.6367027913853707
420	ZNF234_MA2549.1	ZNF234_MA2549.1	ZNF234	MA2549.1	8486	0.94409	1.5312	1.18077	-0.03314	0.09403	0.11471	9.25185853854297e-18	0.1188633333333333	Monocyte	0.02029666666666667	0.40109122731812186	0.049283333333333325	0.9739093112002679	-0.06957999999999998	-1.37500053851839
421	BHLHE22_MA0818.2	BHLHE22_MA0818.2	BHLHE22	MA0818.2	1365	0.8721	1.5312	1.14064	-0.09409	0.02546	0.11759	2.3129646346357427e-18	0.11824333333333331	Monocyte	-0.022876666666666656	-0.4493472273658473	0.07055999999999998	1.3859510576832663	-0.04768333333333332	-0.936603830317419
422	FOSJUN_MA1126.2	FOSJUN_MA1126.2	FOS::JUN	MA1126.2	1921	1.25727	2.26241	1.85882	-0.12183	-0.00664	0.10401	6.938893903907228e-18	0.11810333333333335	Monocyte	-0.04282333333333334	-0.8019504792798946	0.07528000000000001	1.4097648964004934	-0.032456666666666655	-0.6078144171205987
423	NR2F2_MA1111.2	NR2F2_MA1111.2	NR2F2	MA1111.2	4107	0.9103	1.67771	1.23135	-0.09369	0.02969	0.11442	4.625929269271485e-18	0.11740666666666666	Monocyte	-0.021333333333333336	-0.42455398321478494	0.06937	1.3805301476067011	-0.04803666666666665	-0.9559761643919161
424	Ppara_MA2338.1	Ppara_MA2338.1	Ppara	MA2338.1	4107	0.9103	1.67771	1.23135	-0.09369	0.02969	0.11442	4.625929269271485e-18	0.11740666666666666	Monocyte	-0.021333333333333336	-0.42455398321478494	0.06937	1.3805301476067011	-0.04803666666666665	-0.9559761643919161
425	ZNF470_MA2689.1	ZNF470_MA2689.1	ZNF470	MA2689.1	15352	0.98305	1.6145	1.27314	-0.04588	0.0792	0.11153	4.625929269271485e-18	0.11604666666666663	Monocyte	0.011106666666666671	0.23128097810698425	0.05246999999999999	1.0926152089982106	-0.06357666666666664	-1.3238961871051949
426	DUXA_MA0884.2	DUXA_MA0884.2	DUXA	MA0884.2	2162	0.80458	1.34071	1.05339	-0.02682	0.09376	0.1123	1.3877787807814457e-17	0.11505999999999994	Monocyte	0.022313333333333334	0.45030054303715433	0.04637333333333332	0.9358501874414239	-0.06868666666666662	-1.3861507304785783
427	ATF3_MA0605.3	ATF3_MA0605.3	ATF3	MA0605.3	1180	1.34576	2.33529	1.98904	-0.11094	0.01021	0.11149	9.25185853854297e-18	0.11471	Monocyte	-0.03357666666666667	-0.6394963604925803	0.07414333333333335	1.412123254883	-0.040566666666666654	-0.7726268943904198
428	ZNF471_MA2554.1	ZNF471_MA2554.1	ZNF471	MA2554.1	19455	0.91321	1.46821	1.15636	-0.02808	0.09375	0.10994	1.3877787807814457e-17	0.1139033333333333	Monocyte	0.021890000000000003	0.4466496623616959	0.04600666666666667	0.9387328521267136	-0.06789666666666663	-1.3853825144884095
429	SOX8_MA0868.3	SOX8_MA0868.3	SOX8	MA0868.3	3186	0.84435	1.51858	1.15732	-0.07901	0.03995	0.11098	1.1564823173178714e-17	0.11363999999999999	Monocyte	-0.013019999999999999	-0.2752758489074518	0.06333000000000001	1.3389569517134339	-0.05030999999999998	-1.0636811028059823
430	PRDM1_MA0508.4	PRDM1_MA0508.4	PRDM1	MA0508.4	7844	1.1399	1.79467	1.49343	-0.04534	0.07512	0.10982	9.25185853854297e-18	0.11336666666666664	Monocyte	0.009926666666666672	0.2120584280396221	0.051719999999999995	1.1048685592554657	-0.06164666666666664	-1.3169269872950877
431	ZBTB11_MA2329.1	ZBTB11_MA2329.1	ZBTB11	MA2329.1	5453	1.87619	2.92056	2.49244	-0.04194	0.08393	0.10611	9.25185853854297e-18	0.11269666666666664	Monocyte	0.013996666666666671	0.29741728696109826	0.04935	1.0486456140650298	-0.06334666666666663	-1.346062901026128
432	POU6F1_MA1549.2	POU6F1_MA1549.2	POU6F1	MA1549.2	2630	1.0189	1.59198	1.25719	-0.05809	0.05895	0.1103	6.938893903907228e-18	0.11254666666666666	Monocyte	0.000286666666666668	0.0062390139766162365	0.05613	1.2216134459563122	-0.05641666666666665	-1.2278524599329286
433	HOXA4_MA1496.2	HOXA4_MA1496.2	HOXA4	MA1496.2	1988	0.93293	1.6938	1.33323	-0.08909	0.02418	0.11163	6.938893903907228e-18	0.11217666666666662	Monocyte	-0.021636666666666665	-0.4481129944799864	0.06690666666666666	1.3856915768298077	-0.04526999999999997	-0.9375785823498215
434	ETV1_MA0761.3	ETV1_MA0761.3	ETV1	MA0761.3	15023	1.46559	2.42057	2.00227	-0.09748	0.02331	0.10779	4.625929269271485e-18	0.11212333333333332	Monocyte	-0.02472333333333334	-0.504568829632163	0.06842333333333334	1.3964250189914258	-0.04369999999999998	-0.8918561893592628
435	ZNF680_MA1729.2	ZNF680_MA1729.2	ZNF680	MA1729.2	8639	0.89127	1.57323	1.24012	-0.071	0.04675	0.10626	6.938893903907228e-18	0.11008999999999997	Monocyte	-0.00808333333333333	-0.17841620170120528	0.059086666666666655	1.3041672541672424	-0.0510033333333333	-1.125751052466037
436	FLI1DRGX_MA1949.2	FLI1DRGX_MA1949.2	FLI1::DRGX	MA1949.2	3048	1.36662	2.24856	1.83742	-0.08018	0.04073	0.1042	6.938893903907228e-18	0.10976999999999995	Monocyte	-0.013149999999999997	-0.28731909115714765	0.06145999999999999	1.34286169905082	-0.04830999999999997	-1.0555426078936725
437	ZNF347_MA2688.1	ZNF347_MA2688.1	ZNF347	MA2688.1	21711	1.26517	2.05683	1.69207	-0.04913	0.06931	0.10448	2.3129646346357427e-18	0.10913333333333329	Monocyte	0.006726666666666667	0.15012644241083806	0.051203333333333316	1.1427612893324495	-0.057929999999999975	-1.2928877317432874
438	EWSR1-FLI1_MA0149.1	EWSR1-FLI1_MA0149.1	EWSR1-FLI1	MA0149.1	22246	1.18467	1.9612	1.6353	-0.06821	0.04868	0.10518	9.25185853854297e-18	0.10908333333333332	Monocyte	-0.006510000000000004	-0.14540868467218462	0.05779666666666668	1.2909581072867404	-0.05128666666666665	-1.1455494226145557
439	ZNF724_MA2690.1	ZNF724_MA2690.1	ZNF724	MA2690.1	6512	1.02137	1.71309	1.32503	-0.06243	0.05409	0.10376	4.625929269271485e-18	0.10801333333333332	Monocyte	-0.002779999999999998	-0.06298134791795514	0.055396666666666664	1.2550204089310493	-0.05261666666666665	-1.1920390610130942
440	Mafb_MA0117.3	Mafb_MA0117.3	Mafb	MA0117.3	4714	0.94738	1.76322	1.43409	-0.10852	-0.01606	0.09061	1.1564823173178713e-18	0.10790333333333335	Monocyte	-0.04152666666666668	-0.8755985626424212	0.06637666666666667	1.3995660762480757	-0.024849999999999987	-0.5239675136056545
441	Ikzf3_MA1992.2	Ikzf3_MA1992.2	Ikzf3	MA1992.2	16786	1.44452	2.4344	2.00374	-0.10949	0.00373	0.10216	2.3129646346357427e-18	0.10584666666666663	Monocyte	-0.03525333333333334	-0.7066724164993494	0.07054999999999999	1.4142134734501444	-0.03529666666666664	-0.7075410569507947
442	SATB1_MA1963.2	SATB1_MA1963.2	SATB1	MA1963.2	2428	0.71665	1.21415	1.00143	-0.02221	0.08787	0.10328	9.25185853854297e-18	0.10554666666666662	Monocyte	0.021886666666666665	0.47803935959708876	0.04182999999999999	0.913633250621972	-0.06371666666666663	-1.3916726102190609
443	ZNF497_MA2567.1	ZNF497_MA2567.1	ZNF497	MA2567.1	4369	0.82032	1.47134	1.09714	-0.06024	0.04983	0.1019	6.938893903907228e-18	0.10462333333333332	Monocyte	-0.003470000000000001	-0.08110752071120839	0.054046666666666666	1.2632827481378768	-0.050576666666666645	-1.1821752274266684
444	TFEB_MA0692.2	TFEB_MA0692.2	TFEB	MA0692.2	2742	1.26965	2.23814	1.7438	-0.10218	0.00845	0.10152	-2.3129646346357427e-18	0.10455666666666663	Monocyte	-0.031243333333333345	-0.6500443733183524	0.06789999999999999	1.4127177941421991	-0.03665666666666665	-0.7626734208238468
445	NFICTLX1_MA0119.1	NFICTLX1_MA0119.1	NFIC::TLX1	MA0119.1	6575	1.07309	1.85005	1.59409	-0.10281	-0.06214	0.04235	-5.204170427930421e-18	0.10337	Monocyte	-0.05498333333333334	-1.295016374175222	0.04838666666666666	1.1396458131268579	0.006596666666666666	0.1553705610483641
446	NKX6-3_MA1530.2	NKX6-3_MA1530.2	NKX6-3	MA1530.2	3097	0.94543	1.48433	1.189	-0.03665	0.07248	0.10025	1.1564823173178714e-17	0.10321	Monocyte	0.011943333333333335	0.2779244262390922	0.045633333333333345	1.061899356743839	-0.057576666666666644	-1.3398237829829311
447	OLIG1_MA0826.1	OLIG1_MA0826.1	OLIG1	MA0826.1	1762	0.88348	1.52935	1.1924	-0.05731	0.04969	0.10085	4.625929269271485e-18	0.10289999999999996	Monocyte	-0.00254	-0.06040840944732007	0.05271999999999999	1.253831238607365	-0.050179999999999975	-1.193422829160045
448	POU6F2_MA0793.2	POU6F2_MA0793.2	POU6F2	MA0793.2	3249	0.9766	1.49131	1.16417	-0.03566	0.07167	0.09924	1.1564823173178714e-17	0.10193666666666665	Monocyte	0.012003333333333338	0.28261627066550477	0.044966666666666676	1.058731877611125	-0.05696999999999998	-1.34134814827663
449	ERFFOXO1_MA1936.2	ERFFOXO1_MA1936.2	ERF::FOXO1	MA1936.2	9408	1.24937	2.02558	1.68894	-0.06538	0.04467	0.09669	2.3129646346357427e-18	0.10114333333333331	Monocyte	-0.006903333333333334	-0.16602882579218617	0.054023333333333326	1.2992898018416028	-0.04711999999999999	-1.1332609760494166
450	BHLHE41_MA0636.1	BHLHE41_MA0636.1	BHLHE41	MA0636.1	1231	1.40695	2.4537	2.01134	-0.10486	-0.0318	0.05994	0.0	0.10048666666666667	Monocyte	-0.04555333333333334	-1.0961853187721522	0.054933333333333334	1.321903560175989	-0.009379999999999993	-0.22571824140383676
451	ZNF146_MA2458.1	ZNF146_MA2458.1	ZNF146	MA2458.1	3408	0.70406	1.21709	0.98574	-0.03896	0.06467	0.09845	6.938893903907228e-18	0.10017666666666666	Monocyte	0.008570000000000003	0.20728783180956037	0.04580333333333334	1.1078732387768069	-0.05437333333333332	-1.3151610705863672
452	ZBTB48_MA2470.1	ZBTB48_MA2470.1	ZBTB48	MA2470.1	2844	0.95507	1.64225	1.35333	-0.05446	0.05027	0.09756	4.625929269271485e-18	0.09994999999999998	Monocyte	-0.0013966666666666652	-0.03421830001717708	0.05067333333333333	1.2414954579024455	-0.04927666666666665	-1.2072771578852686
453	MAFF_MA0495.4	MAFF_MA0495.4	MAFF	MA0495.4	5756	0.92916	1.71318	1.34706	-0.08669	0.01693	0.09792	4.625929269271485e-18	0.09981999999999995	Monocyte	-0.023253333333333334	-0.5291643943076244	0.06153666666666665	1.4003589282272146	-0.0382833333333333	-0.8711945339195902
454	BHLHE23_MA0817.2	BHLHE23_MA0817.2	BHLHE23	MA0817.2	1616	0.80466	1.48759	1.10973	-0.07089	0.02804	0.09864	6.938893903907228e-18	0.09873666666666665	Monocyte	-0.014283333333333337	-0.34372014386765964	0.056510000000000005	1.3598804198339391	-0.04222666666666665	-1.0161602759662796
455	TCF21_MA1568.2	TCF21_MA1568.2	TCF21	MA1568.2	2101	1.10172	1.74327	1.51316	-0.05663	0.04777	0.09555	4.625929269271485e-18	0.09849999999999996	Monocyte	-0.0029533333333333334	-0.07334440905947492	0.050726666666666656	1.259768868021543	-0.04777333333333331	-1.1864244589620683
456	MAF_MA1520.2	MAF_MA1520.2	MAF	MA1520.2	3431	1.26008	2.07378	1.84368	-0.09804	-0.02117	0.07795	3.469446951953614e-18	0.09840000000000002	Monocyte	-0.03973666666666666	-0.9384629059057192	0.058663333333333345	1.3854549686297084	-0.01892666666666667	-0.4469920627239892
457	ETV5FOXO1_MA1947.2	ETV5FOXO1_MA1947.2	ETV5::FOXO1	MA1947.2	8109	1.19164	1.92099	1.56467	-0.05632	0.05136	0.09267	9.25185853854297e-18	0.09767333333333333	Monocyte	-0.0016533333333333365	-0.04144512566536153	0.049663333333333344	1.2449413856617273	-0.04800999999999998	-1.203496259996366
458	HOXD1_MA2677.1	HOXD1_MA2677.1	HOXD1	MA2677.1	1870	0.90039	1.37784	1.09269	-0.00364	0.1011	0.09396	4.625929269271485e-18	0.09755333333333331	Monocyte	0.03248666666666667	0.7065992102710799	0.03253333333333333	0.707614230683946	-0.06501999999999998	-1.4142134409550258
459	NRL_MA0842.3	NRL_MA0842.3	NRL	MA0842.3	4119	0.95553	1.72914	1.43504	-0.09784	-0.02323	0.07292	0.0	0.09727666666666668	Monocyte	-0.04035666666666667	-0.9747028972983287	0.05692	1.3747440880702286	-0.016563333333333326	-0.4000411907718999
460	ZNF493_MA2555.1	ZNF493_MA2555.1	ZNF493	MA2555.1	6588	1.21518	2.00627	1.61506	-0.07431	0.0289	0.09241	4.625929269271485e-18	0.09600999999999998	Monocyte	-0.015136666666666675	-0.3725397157420393	0.055573333333333336	1.3677564723301636	-0.04043666666666665	-0.9952167565881246
461	RBPJ_MA1116.2	RBPJ_MA1116.2	RBPJ	MA1116.2	21403	0.93105	1.68552	1.38352	-0.09724	-0.0007	0.09123	3.469446951953614e-18	0.09547000000000001	Monocyte	-0.03264666666666667	-0.7347185541274058	0.06282333333333334	1.4138493556911598	-0.03017666666666666	-0.6791308015637537
462	BCL11A_MA2324.1	BCL11A_MA2324.1	BCL11A	MA2324.1	3789	0.96526	1.78064	1.40933	-0.09687	-0.01021	0.08125	2.3129646346357427e-18	0.09506666666666669	Monocyte	-0.03569333333333335	-0.8444372838426352	0.05937333333333335	1.4046616454804832	-0.023679999999999993	-0.5602243616378481
463	DUX4_MA0468.1	DUX4_MA0468.1	DUX4	MA0468.1	4470	0.80986	1.37813	1.11841	-0.03296	0.06368	0.09375	6.938893903907228e-18	0.09471333333333332	Monocyte	0.010240000000000003	0.2603036295983524	0.042236666666666665	1.0736677378387773	-0.05247666666666665	-1.3339713674371299
464	ZSCAN2_MA2516.1	ZSCAN2_MA2516.1	ZSCAN2	MA2516.1	9009	1.07069	1.77015	1.451	-0.05129	0.05026	0.09096	0.0	0.09448999999999998	Monocyte	-0.0003433333333333366	-0.008900146300236942	0.047416666666666656	1.2291706904938764	-0.04707333333333332	-1.2202705441936395
465	NR4A2_MA0160.3	NR4A2_MA0160.3	NR4A2	MA0160.3	6141	0.94774	1.70374	1.35349	-0.08922	0.00826	0.09085	4.625929269271485e-18	0.09306	Monocyte	-0.026986666666666676	-0.6347606687695935	0.060023333333333345	1.411825020075848	-0.03303666666666666	-0.7770643513062546
466	ZFP28_MA2489.1	ZFP28_MA2489.1	ZFP28	MA2489.1	27331	0.88681	1.42102	1.12049	-0.01113	0.09023	0.08868	6.938893903907228e-18	0.09290666666666664	Monocyte	0.026366666666666674	0.6238628598840481	0.033269999999999994	0.7872029335654465	-0.05963666666666665	-1.4110657934494948
467	MLX_MA0663.1	MLX_MA0663.1	MLX	MA0663.1	1399	1.34203	2.3133	2.00255	-0.09426	-0.02672	0.05715	-4.04768811061255e-18	0.09079666666666666	Monocyte	-0.04032666666666667	-1.068111091625478	0.05046999999999999	1.3367721969169581	-0.010143333333333329	-0.26866110529148013
468	Isl1_MA1608.2	Isl1_MA1608.2	Isl1	MA1608.2	1617	1.04217	1.57982	1.37147	-0.0432	0.05203	0.08858	6.938893903907228e-18	0.09079666666666664	Monocyte	0.0029433333333333347	0.07927964210536365	0.04392666666666666	1.1831790754977167	-0.046869999999999974	-1.2624587176030801
469	Stat6_MA0520.2	Stat6_MA0520.2	Stat6	MA0520.2	6168	0.88888	1.55932	1.25293	-0.07261	0.02413	0.08779	0.0	0.0907733333333333	Monocyte	-0.016160000000000008	-0.41671185060661287	0.053466666666666655	1.3787248522545514	-0.03730666666666665	-0.9620130016479386
470	OLIG3_MA0827.1	OLIG3_MA0827.1	OLIG3	MA0827.1	2251	0.87043	1.48859	1.20011	-0.05389	0.03809	0.08785	4.625929269271485e-18	0.08922666666666663	Monocyte	-0.005266666666666667	-0.14383312722086894	0.04724666666666666	1.2903105982459455	-0.041979999999999976	-1.1464774710250765
471	NFIC_MA1527.2	NFIC_MA1527.2	NFIC	MA1527.2	4846	1.1688	1.99056	1.74529	-0.08959	-0.04605	0.04094	-6.794333614242494e-18	0.08872333333333335	Monocyte	-0.04521333333333335	-1.2475682983440095	0.04350999999999999	1.2005683425452929	0.001703333333333335	0.04699995579871659
472	SOX15_MA1152.2	SOX15_MA1152.2	SOX15	MA1152.2	4580	0.89659	1.5689	1.30058	-0.08006	0.01074	0.0858	2.3129646346357427e-18	0.08746666666666666	Monocyte	-0.023106666666666675	-0.5884249480858235	0.05528666666666667	1.4079077018106556	-0.03217999999999999	-0.8194827537248321
473	ZNF260_MA2457.1	ZNF260_MA2457.1	ZNF260	MA2457.1	3753	0.82786	1.45211	1.20328	-0.07531	0.01462	0.08487	2.3129646346357427e-18	0.08655666666666664	Monocyte	-0.020230000000000005	-0.5306618495524036	0.05339333333333333	1.4005835403081885	-0.033163333333333316	-0.8699216907557848
474	SOX13_MA1120.2	SOX13_MA1120.2	SOX13	MA1120.2	2622	0.91289	1.60045	1.33813	-0.08733	-0.00795	0.07661	0.0	0.08640666666666666	Monocyte	-0.031760000000000004	-0.8183360992764416	0.054646666666666656	1.4080396737550356	-0.022886666666666652	-0.589703574478594
475	SOX2_MA0143.5	SOX2_MA0143.5	SOX2	MA0143.5	2622	0.91289	1.60045	1.33813	-0.08733	-0.00795	0.07661	0.0	0.08640666666666666	Monocyte	-0.031760000000000004	-0.8183360992764416	0.054646666666666656	1.4080396737550356	-0.022886666666666652	-0.589703574478594
476	Sox3_MA0514.3	Sox3_MA0514.3	Sox3	MA0514.3	2622	0.91289	1.60045	1.33813	-0.08733	-0.00795	0.07661	0.0	0.08640666666666666	Monocyte	-0.031760000000000004	-0.8183360992764416	0.054646666666666656	1.4080396737550356	-0.022886666666666652	-0.589703574478594
477	STAT3_MA0144.3	STAT3_MA0144.3	STAT3	MA0144.3	8645	0.91885	1.6207	1.37248	-0.07649	0.01459	0.08368	4.625929269271485e-18	0.08614666666666666	Monocyte	-0.02063333333333334	-0.5419061079303824	0.05339000000000001	1.4022148837998272	-0.032756666666666656	-0.860308775869445
478	TFEC_MA0871.3	TFEC_MA0871.3	TFEC	MA0871.3	2581	1.40829	2.32212	1.95207	-0.08861	-0.00818	0.07212	0.0	0.08584	Monocyte	-0.03226333333333334	-0.8457575807670188	0.05357666666666667	1.4044696348453654	-0.02131333333333333	-0.5587120540783466
479	OSR2_MA1646.2	OSR2_MA1646.2	OSR2	MA1646.2	7097	1.22085	1.97518	1.63377	-0.0684	0.02321	0.08163	4.625929269271485e-18	0.08495666666666664	Monocyte	-0.015063333333333333	-0.41517252006605915	0.05000999999999999	1.378365416807055	-0.03494666666666665	-0.9631928967409961
480	HSF1_MA0486.2	HSF1_MA0486.2	HSF1	MA0486.2	3814	0.89379	1.50027	1.2656	-0.0464	0.04095	0.0831	6.938893903907228e-18	0.08451666666666664	Monocyte	-0.0018166666666666683	-0.05261477752944061	0.043166666666666666	1.2502043468004636	-0.04134999999999998	-1.197589569271023
481	ZKSCAN5_MA1652.2	ZKSCAN5_MA1652.2	ZKSCAN5	MA1652.2	15176	1.45187	2.18493	1.86416	-0.01872	0.07444	0.08015	6.938893903907228e-18	0.08448666666666663	Monocyte	0.01857333333333334	0.5032424946508459	0.032956666666666655	0.8929573841731713	-0.05152999999999997	-1.396199878824017
482	ZKSCAN4_MA2544.1	ZKSCAN4_MA2544.1	ZKSCAN4	MA2544.1	3896	0.7329	1.27884	1.04888	-0.05858	0.02766	0.08335	4.625929269271485e-18	0.08431333333333332	Monocyte	-0.010306666666666664	-0.2929374220123378	0.04731	1.3446509801491298	-0.03700333333333332	-1.051713558136792
483	NFYB_MA0502.3	NFYB_MA0502.3	NFYB	MA0502.3	4646	1.1591	1.91364	1.6122	-0.0739	0.01449	0.08165	2.3129646346357427e-18	0.08389666666666663	Monocyte	-0.019803333333333336	-0.535187217756124	0.051849999999999986	1.401251838444118	-0.03204666666666665	-0.8660646206879938
484	MXI1_MA1108.3	MXI1_MA1108.3	MXI1	MA1108.3	13921	1.06814	1.73307	1.41441	-0.0689	0.01792	0.08145	2.3129646346357427e-18	0.08324	Monocyte	-0.01699333333333334	-0.4714548159786536	0.05011666666666667	1.3904125457510892	-0.033123333333333324	-0.9189577297724356
485	TEAD4_MA0809.3	TEAD4_MA0809.3	TEAD4	MA0809.3	6837	0.76824	1.40961	1.14724	-0.08307	-0.00172	0.08159	1.0408340855860843e-17	0.08315	Monocyte	-0.028263333333333328	-0.728126619467293	0.05488666666666668	1.4140031744484542	-0.026623333333333322	-0.6858765549811614
486	HOXB4_MA1499.2	HOXB4_MA1499.2	HOXB4	MA1499.2	10621	0.87967	1.43455	1.16207	-0.03724	0.04924	0.08134	9.25185853854297e-18	0.08305333333333331	Monocyte	0.004	0.11756355853644954	0.03952666666666667	1.1617238976043514	-0.043526666666666644	-1.279287456140801
487	HOXC4_MA1504.2	HOXC4_MA1504.2	HOXC4	MA1504.2	10621	0.87967	1.43455	1.16207	-0.03724	0.04924	0.08134	9.25185853854297e-18	0.08305333333333331	Monocyte	0.004	0.11756355853644954	0.03952666666666667	1.1617238976043514	-0.043526666666666644	-1.279287456140801
488	HOXD4_MA1507.2	HOXD4_MA1507.2	HOXD4	MA1507.2	10621	0.87967	1.43455	1.16207	-0.03724	0.04924	0.08134	9.25185853854297e-18	0.08305333333333331	Monocyte	0.004	0.11756355853644954	0.03952666666666667	1.1617238976043514	-0.043526666666666644	-1.279287456140801
489	NR4A1_MA1112.3	NR4A1_MA1112.3	NR4A1	MA1112.3	6824	0.93489	1.65287	1.32153	-0.07771	0.00943	0.07959	3.469446951953614e-18	0.08210666666666666	Monocyte	-0.02276	-0.6121038253697352	0.05243333333333333	1.4101337394648408	-0.029673333333333322	-0.7980299140951055
490	ATF2_MA1632.2	ATF2_MA1632.2	ATF2	MA1632.2	5257	1.01946	1.76867	1.45837	-0.08279	-0.00123	0.07804	0.0	0.08161666666666666	Monocyte	-0.02800666666666667	-0.7385589971916858	0.05360999999999999	1.4137401037650417	-0.02560333333333332	-0.6751811065733558
491	ETV2HOXB13_MA1943.2	ETV2HOXB13_MA1943.2	ETV2::HOXB13	MA1943.2	2179	1.04103	1.75628	1.46334	-0.04498	0.04123	0.07817	4.625929269271485e-18	0.08084999999999999	Monocyte	-0.0012500000000000022	-0.03785732757044829	0.04105	1.243234637413515	-0.03979999999999999	-1.205377309843067
492	MAFA_MA1521.2	MAFA_MA1521.2	MAFA	MA1521.2	3620	1.33271	2.14192	1.95143	-0.08058	-0.02861	0.05253	-1.1564823173178713e-18	0.08076666666666668	Monocyte	-0.03639666666666668	-1.0880461724938666	0.04437000000000001	1.3264019234422433	-0.007973333333333329	-0.23835575094837674
493	HOXA5_MA0158.2	HOXA5_MA0158.2	HOXA5	MA0158.2	1369	0.98108	1.63925	1.38822	-0.03962	0.04382	0.07918	4.625929269271485e-18	0.08059999999999998	Monocyte	0.001399999999999998	0.042527726194368246	0.039599999999999996	1.202927112354993	-0.04099999999999998	-1.2454548385493613
494	TEAD2_MA1121.2	TEAD2_MA1121.2	TEAD2	MA1121.2	2909	0.80594	1.45158	1.23871	-0.0807	-0.01801	0.0616	-2.3129646346357427e-18	0.08033666666666668	Monocyte	-0.03290333333333335	-0.9573567539956466	0.047433333333333334	1.3801222378034694	-0.014529999999999994	-0.42276548380782286
495	Sox1_MA0870.1	Sox1_MA0870.1	Sox1	MA0870.1	3452	0.89075	1.51582	1.23041	-0.06008	0.02186	0.07747	2.3129646346357427e-18	0.07895999999999995	Monocyte	-0.012740000000000001	-0.380634876496397	0.04584999999999998	1.3698672753029664	-0.03310999999999997	-0.9892323988065691
496	Pgr_MA2323.1	Pgr_MA2323.1	Pgr	MA2323.1	4829	0.96302	1.55315	1.30437	-0.03547	0.04952	0.07555	4.625929269271485e-18	0.07869666666666664	Monocyte	0.004683333333333336	0.14500380292415943	0.03700666666666666	1.145788056985066	-0.041689999999999984	-1.2907918599092256
497	BCL11A_MA2504.1	BCL11A_MA2504.1	BCL11A	MA2504.1	4018	0.97944	1.6062	1.3027	-0.05178	0.03071	0.07489	2.3129646346357427e-18	0.07742333333333332	Monocyte	-0.007023333333333334	-0.21950856903304353	0.04222333333333333	1.319655929730214	-0.03519999999999999	-1.1001473606971703
498	Stat5aStat5b_MA0519.2	Stat5aStat5b_MA0519.2	Stat5a::Stat5b	MA0519.2	7385	0.93127	1.61956	1.40086	-0.07785	-0.01558	0.06057	-1.734723475976807e-18	0.07728333333333333	Monocyte	-0.03114333333333334	-0.9356520365693465	0.046139999999999994	1.3862030921751998	-0.01499666666666666	-0.4505510556058533
499	ZNF568_MA2568.1	ZNF568_MA2568.1	ZNF568	MA2568.1	6365	1.1255	1.75105	1.52473	-0.04796	0.0346	0.07383	9.25185853854297e-18	0.07674	Monocyte	-0.004453333333333333	-0.14143477850929095	0.04059666666666668	1.289321981635218	-0.03614333333333332	-1.147887203125927
500	Prdm5_MA1999.2	Prdm5_MA1999.2	Prdm5	MA1999.2	9327	1.07212	1.73082	1.48737	-0.04286	0.03853	0.07357	4.625929269271485e-18	0.07617666666666666	Monocyte	-0.001443333333333335	-0.046385961471082295	0.038810000000000004	1.24727886699263	-0.03736666666666665	-1.2008929055215478
501	USF2_MA0526.5	USF2_MA0526.5	USF2	MA0526.5	1246	1.52015	2.5108	2.25617	-0.08138	-0.0369	0.0284	-2.8912057932946786e-18	0.07601999999999999	Monocyte	-0.039426666666666665	-1.2677533622083914	0.036593333333333325	1.1766483268789076	0.002833333333333332	0.09110503532948372
502	DMRTA1_MA1707.2	DMRTA1_MA1707.2	DMRTA1	MA1707.2	3481	0.82992	1.41838	1.15601	-0.04877	0.02724	0.07514	4.625929269271485e-18	0.07542999999999998	Monocyte	-0.007176666666666666	-0.22995132683579997	0.04130333333333333	1.323421686401484	-0.03412666666666665	-1.0934703595656843
503	VENTX_MA0724.1	VENTX_MA0724.1	VENTX	MA0724.1	1819	0.90238	1.36477	1.13841	-0.00619	0.0729	0.07239	4.625929269271485e-18	0.07462333333333332	Monocyte	0.02223666666666667	0.6486159474790737	0.026193333333333332	0.7640269997437505	-0.04842999999999999	-1.4126429472228241
504	STAT1_MA0137.4	STAT1_MA0137.4	STAT1	MA0137.4	6777	0.96086	1.6569	1.49085	-0.07544	-0.01471	0.05614	-3.469446951953614e-18	0.07390999999999999	Monocyte	-0.030050000000000004	-0.94751774239306	0.04385999999999999	1.3829659960519003	-0.013809999999999996	-0.43544825365884027
505	ZNF773_MA2530.1	ZNF773_MA2530.1	ZNF773	MA2530.1	6971	1.10028	1.79235	1.51555	-0.04095	0.03868	0.07103	4.625929269271485e-18	0.07389666666666664	Monocyte	-0.0007566666666666657	-0.025077664475591045	0.03732666666666666	1.237091131267256	-0.036569999999999984	-1.212013466791665
506	CREB1_MA0018.5	CREB1_MA0018.5	CREB1	MA0018.5	7110	1.00501	1.7447	1.47703	-0.07422	-0.01855	0.05455	2.3129646346357427e-18	0.07384666666666666	Monocyte	-0.03092333333333333	-0.9873622319028583	0.04292333333333333	1.370514547829374	-0.01199999999999999	-0.38315231592651583
507	NEUROG2_MA0669.1	NEUROG2_MA0669.1	NEUROG2	MA0669.1	2989	1.01548	1.64768	1.47076	-0.07336	-0.0114	0.06189	2.3129646346357427e-18	0.07333666666666667	Monocyte	-0.028253333333333335	-0.8769413530047558	0.045083333333333336	1.3993194666575415	-0.016829999999999994	-0.5223781136527856
508	SRF_MA0083.3	SRF_MA0083.3	SRF	MA0083.3	2038	0.98324	1.64877	1.37163	-0.07411	-9e-05	0.07037	2.3129646346357427e-18	0.07289333333333334	Monocyte	-0.024733333333333336	-0.7262027573108768	0.04816	1.4140400859336315	-0.023426666666666658	-0.6878373286227547
509	HOXB8_MA1502.2	HOXB8_MA1502.2	HOXB8	MA1502.2	3496	0.88127	1.46309	1.22143	-0.03002	0.04646	0.07077	4.625929269271485e-18	0.07267333333333333	Monocyte	0.00548	0.1831505421542681	0.03359666666666667	1.1228554223679257	-0.039076666666666655	-1.3060059645221938
510	TEAD3_MA0808.1	TEAD3_MA0808.1	TEAD3	MA0808.1	4554	0.84598	1.47173	1.28198	-0.07265	-0.01183	0.05829	1.1564823173178713e-18	0.07180666666666667	Monocyte	-0.02816	-0.8998666910117028	0.04364666666666667	1.3947507637437544	-0.015486666666666662	-0.4948840727320514
511	HSF4_MA0771.1	HSF4_MA0771.1	HSF4	MA0771.1	3705	0.93095	1.5622	1.35346	-0.04253	0.03328	0.06882	2.3129646346357427e-18	0.07114999999999999	Monocyte	-0.0030833333333333355	-0.1058525286583179	0.037116666666666666	1.2742355747139116	-0.034033333333333325	-1.1683830460555935
512	ATOH7_MA1468.1	ATOH7_MA1468.1	ATOH7	MA1468.1	3140	1.05014	1.67521	1.42498	-0.04407	0.02961	0.06891	4.625929269271485e-18	0.07049999999999998	Monocyte	-0.0048200000000000005	-0.16630667093397017	0.03766	1.2994002546417653	-0.03283999999999999	-1.1330935837077956
513	NACC2_MA2559.1	NACC2_MA2559.1	NACC2	MA2559.1	41399	0.93749	1.55293	1.27922	-0.05536	0.0179	0.0687	4.625929269271485e-18	0.07021999999999998	Monocyte	-0.01248666666666667	-0.4162762285725636	0.04135333333333333	1.3786233026351358	-0.028866666666666648	-0.9623470740625724
514	ZNF286B_MA2551.1	ZNF286B_MA2551.1	ZNF286B	MA2551.1	5090	1.1252	1.79772	1.59362	-0.07076	-0.02033	0.04762	2.3129646346357427e-18	0.06982333333333333	Monocyte	-0.030363333333333336	-1.0390579186344808	0.03946	1.350353237544734	-0.00909666666666666	-0.31129531891025314
515	Sox5_MA0087.3	Sox5_MA0087.3	Sox5	MA0087.3	3571	0.85609	1.48051	1.26486	-0.06089	0.01078	0.06882	2.3129646346357427e-18	0.06977	Monocyte	-0.016703333333333334	-0.5416969550877793	0.043236666666666666	1.4021854329362569	-0.026533333333333325	-0.8604884778484776
516	BCL6B_MA0731.1	BCL6B_MA0731.1	BCL6B	MA0731.1	4821	0.90696	1.58697	1.33834	-0.02884	0.04488	0.06674	6.938893903907228e-18	0.06906666666666665	Monocyte	0.005346666666666671	0.1879407525380912	0.03186	1.119911292243813	-0.03720666666666665	-1.3078520447819044
517	SOX14_MA1562.2	SOX14_MA1562.2	SOX14	MA1562.2	2374	0.85342	1.40921	1.10867	-0.03635	0.03643	0.06684	4.625929269271485e-18	0.06881999999999996	Monocyte	2.6666666666667815e-05	0.0009491385028067726	0.03439666666666666	1.2242700263080448	-0.03442333333333331	-1.225219164810852
518	DMRTC2_MA1479.2	DMRTC2_MA1479.2	DMRTC2	MA1479.2	3915	0.76727	1.41666	1.11154	-0.06761	-0.00693	0.06382	5.782411586589357e-18	0.06865666666666667	Monocyte	-0.024846666666666666	-0.7996656051959816	0.04381	1.4099818955045322	-0.018963333333333318	-0.6103162903085506
519	Sox17_MA0078.3	Sox17_MA0078.3	Sox17	MA0078.3	5413	0.88186	1.51045	1.2696	-0.06382	0.00728	0.06717	1.1564823173178713e-18	0.06847999999999999	Monocyte	-0.018846666666666675	-0.6085323944075854	0.04366333333333333	1.4098277032799713	-0.024816666666666654	-0.8012953088723858
520	PBX2_MA1113.3	PBX2_MA1113.3	PBX2	MA1113.3	4104	0.79539	1.30914	1.10707	-0.02691	0.04504	0.06539	4.625929269271485e-18	0.06757666666666665	Monocyte	0.006043333333333333	0.21647460642496216	0.030766666666666664	1.1020742511320474	-0.03680999999999998	-1.3185488575570095
521	Stat4_MA0518.2	Stat4_MA0518.2	Stat4	MA0518.2	7994	0.96407	1.63531	1.49458	-0.06782	-0.01474	0.04991	1.734723475976807e-18	0.06676333333333333	Monocyte	-0.02752	-0.9659954430950732	0.03924333333333333	1.377502949558902	-0.011723333333333327	-0.41150750646382883
522	IRX2_MA2679.1	IRX2_MA2679.1	IRX2	MA2679.1	14098	0.80949	1.39002	1.1295	-0.05297	0.01588	0.06554	3.469446951953614e-18	0.0666433333333333	Monocyte	-0.012363333333333336	-0.43263140554118024	0.03950333333333333	1.382344240244951	-0.02713999999999998	-0.9497128347037708
523	IRX5_MA2680.1	IRX5_MA2680.1	IRX5	MA2680.1	14098	0.80949	1.39002	1.1295	-0.05297	0.01588	0.06554	3.469446951953614e-18	0.0666433333333333	Monocyte	-0.012363333333333336	-0.43263140554118024	0.03950333333333333	1.382344240244951	-0.02713999999999998	-0.9497128347037708
524	MKX_MA2592.1	MKX_MA2592.1	MKX	MA2592.1	14098	0.80949	1.39002	1.1295	-0.05297	0.01588	0.06554	3.469446951953614e-18	0.0666433333333333	Monocyte	-0.012363333333333336	-0.43263140554118024	0.03950333333333333	1.382344240244951	-0.02713999999999998	-0.9497128347037708
525	ESRRA_MA0592.4	ESRRA_MA0592.4	ESRRA	MA0592.4	6112	0.92857	1.62906	1.3524	-0.06702	-0.00748	0.05681	-2.3129646346357427e-18	0.06611	Monocyte	-0.024833333333333343	-0.8450361263833118	0.04127666666666666	1.4045748124838318	-0.016443333333333327	-0.5595386861005199
526	ZBTB26_MA1579.2	ZBTB26_MA1579.2	ZBTB26	MA1579.2	8246	0.93715	1.60417	1.40244	-0.06682	-0.01697	0.0463	-2.8912057932946786e-18	0.06563666666666665	Monocyte	-0.02793	-1.0092703291982719	0.03770666666666665	1.3625571027438654	-0.009776666666666661	-0.3532867735455936
527	Dlx2_MA0885.3	Dlx2_MA0885.3	Dlx2	MA0885.3	2252	0.87588	1.41581	1.16929	-0.0125	0.05839	0.06297	6.938893903907228e-18	0.06560999999999999	Monocyte	0.015296666666666667	0.5295407832608976	0.02515666666666667	0.8708747638417946	-0.04045333333333332	-1.4004155471026924
528	Dlx5_MA1476.3	Dlx5_MA1476.3	Dlx5	MA1476.3	2252	0.87588	1.41581	1.16929	-0.0125	0.05839	0.06297	6.938893903907228e-18	0.06560999999999999	Monocyte	0.015296666666666667	0.5295407832608976	0.02515666666666667	0.8708747638417946	-0.04045333333333332	-1.4004155471026924
529	TEAD1_MA0090.4	TEAD1_MA0090.4	TEAD1	MA0090.4	5602	0.82429	1.47459	1.25673	-0.06594	-0.00597	0.05854	2.3129646346357427e-18	0.06546333333333335	Monocyte	-0.02397	-0.813700310537401	0.04149333333333334	1.4085581234278357	-0.017523333333333332	-0.5948578128904347
530	HOXB6_MA1500.2	HOXB6_MA1500.2	HOXB6	MA1500.2	1832	0.86036	1.40541	1.1516	-0.01787	0.0504	0.06399	0.0	0.06541666666666666	Monocyte	0.010843333333333337	0.39025699261674646	0.027286666666666664	0.9820607874456456	-0.03813	-1.372317780062392
531	HOXD8_MA0910.3	HOXD8_MA0910.3	HOXD8	MA0910.3	1832	0.86036	1.40541	1.1516	-0.01787	0.0504	0.06399	0.0	0.06541666666666666	Monocyte	0.010843333333333337	0.39025699261674646	0.027286666666666664	0.9820607874456456	-0.03813	-1.372317780062392
532	ZNF528_MA1597.1	ZNF528_MA1597.1	ZNF528	MA1597.1	8240	1.1699	1.9216	1.65946	-0.0555	0.01422	0.06295	1.1564823173178713e-18	0.06520666666666666	Monocyte	-0.013760000000000003	-0.4854830212731407	0.039483333333333336	1.3930587177762477	-0.02572333333333333	-0.9075756965031069
533	TP63_MA0525.2	TP63_MA0525.2	TP63	MA0525.2	2360	0.89148	1.52548	1.29972	-0.06475	-0.00134	0.06351	2.3129646346357427e-18	0.06478333333333333	Monocyte	-0.022030000000000004	-0.7286046067173617	0.04275333333333333	1.4139934461729275	-0.02072333333333332	-0.6853888394555657
534	SOX30_MA2684.1	SOX30_MA2684.1	SOX30	MA2684.1	3476	0.9027	1.5202	1.30899	-0.05748	0.00921	0.06378	3.469446951953614e-18	0.06475	Monocyte	-0.016090000000000004	-0.5590971261183477	0.040420000000000005	1.4045186971848107	-0.02432999999999999	-0.8454215710664631
535	ZNF43_MA2564.1	ZNF43_MA2564.1	ZNF43	MA2564.1	3622	1.05454	1.83785	1.51225	-0.06189	0.00579	0.06297	1.1564823173178713e-18	0.06453999999999999	Monocyte	-0.01870000000000001	-0.6343247574343944	0.04162	1.4117965991668173	-0.022919999999999986	-0.7774718417324228
536	ZNF410_MA0752.2	ZNF410_MA0752.2	ZNF410	MA0752.2	3265	0.81833	1.45904	1.22203	-0.03629	0.03051	0.06332	4.625929269271485e-18	0.06447999999999998	Monocyte	-0.0019266666666666683	-0.0730930927755463	0.033203333333333335	1.2596544933169798	-0.031276666666666654	-1.1865614005414336
537	HSF2_MA0770.1	HSF2_MA0770.1	HSF2	MA0770.1	4432	0.87365	1.43384	1.24255	-0.03542	0.03159	0.0632	2.3129646346357427e-18	0.06447	Monocyte	-0.00127666666666667	-0.04847749484684582	0.03287333333333334	1.2482638490328757	-0.03159666666666666	-1.1997863541860296
538	ZNF24_MA1124.1	ZNF24_MA1124.1	ZNF24	MA1124.1	6395	0.87354	1.3862	1.15511	-0.01462	0.05529	0.06069	4.625929269271485e-18	0.06376333333333331	Monocyte	0.013556666666666668	0.4887011077304355	0.025103333333333325	0.9049441953080671	-0.03865999999999998	-1.3936453030385028
539	HNF4A_MA0114.5	HNF4A_MA0114.5	HNF4A	MA0114.5	6011	0.93535	1.58482	1.37563	-0.06493	-0.01022	0.05117	1.1564823173178713e-18	0.06375	Monocyte	-0.025050000000000003	-0.9024434549932528	0.038700000000000005	1.394194080169217	-0.013649999999999999	-0.49175062517596413
540	ZNF214_MA1975.2	ZNF214_MA1975.2	ZNF214	MA1975.2	4639	1.04014	1.65123	1.43595	-0.05153	0.01702	0.06063	3.469446951953614e-18	0.06326999999999999	Monocyte	-0.011503333333333336	-0.42478521481589515	0.03738666666666667	1.3805827207693646	-0.025883333333333324	-0.9557975059534696
541	ERFSREBF2_MA1939.2	ERFSREBF2_MA1939.2	ERF::SREBF2	MA1939.2	2328	1.26764	2.03821	1.76752	-0.03783	0.03136	0.06026	3.469446951953614e-18	0.06323666666666665	Monocyte	-0.002156666666666668	-0.08339370894618775	0.032696666666666666	1.2643104962181666	-0.030539999999999987	-1.1809167872719788
542	Esrrg_MA0643.2	Esrrg_MA0643.2	Esrrg	MA0643.2	5448	0.96281	1.6806	1.386	-0.06464	-0.00182	0.05698	2.3129646346357427e-18	0.06269333333333332	Monocyte	-0.02215333333333333	-0.7716962271999351	0.04054	1.412183195185918	-0.018386666666666662	-0.6404869679859828
543	ZNF726_MA2527.1	ZNF726_MA2527.1	ZNF726	MA2527.1	6306	0.78196	1.41499	1.17499	-0.06286	-0.00675	0.05551	-1.1564823173178713e-18	0.06266	Monocyte	-0.023203333333333336	-0.8273909474502994	0.03945666666666666	1.4069568517410131	-0.016253333333333328	-0.5795659042907138
544	HNF4G_MA0484.3	HNF4G_MA0484.3	HNF4G	MA0484.3	6045	0.93747	1.58354	1.37585	-0.06375	-0.00927	0.05098	1.1564823173178713e-18	0.06258333333333334	Monocyte	-0.024340000000000004	-0.8891088997287957	0.03824333333333333	1.3969797872621845	-0.013903333333333323	-0.5078708875333887
545	ZNF282_MA1154.2	ZNF282_MA1154.2	ZNF282	MA1154.2	5994	1.08525	1.71227	1.51689	-0.02842	0.03727	0.05889	2.3129646346357427e-18	0.06115666666666664	Monocyte	0.0029499999999999986	0.11774523351367813	0.029103333333333325	1.1616199252066943	-0.032053333333333316	-1.2793651587203725
546	Sox7_MA2095.1	Sox7_MA2095.1	Sox7	MA2095.1	5543	0.86728	1.47065	1.24609	-0.06021	0.00184	0.0593	-1.1564823173178713e-18	0.060216666666666654	Monocyte	-0.019456666666666667	-0.6906556405854707	0.03983666666666666	1.4140869557370155	-0.020379999999999995	-0.7234313151515448
547	Stat5a_MA1624.2	Stat5a_MA1624.2	Stat5a	MA1624.2	6808	0.90379	1.56663	1.42645	-0.06035	-0.01249	0.04679	5.782411586589357e-19	0.059993333333333336	Monocyte	-0.024280000000000003	-0.941377195535001	0.03571333333333333	1.384667116002471	-0.011433333333333328	-0.44328992046747
548	RFX5_MA0510.3	RFX5_MA0510.3	RFX5	MA0510.3	2296	1.21334	1.8904	1.65435	-0.02277	0.04283	0.05708	2.3129646346357427e-18	0.05992	Monocyte	0.006686666666666669	0.2683792428652059	0.02661666666666667	1.0682992294509819	-0.03330333333333333	-1.3366784723161877
549	HOXA10_MA0899.2	HOXA10_MA0899.2	HOXA10	MA0899.2	5512	0.72331	1.19878	1.02565	-0.01989	0.04178	0.0588	4.625929269271485e-18	0.05975666666666664	Monocyte	0.007296666666666667	0.2926252275287111	0.026229999999999993	1.051926868626509	-0.03352666666666665	-1.3445520961552204
550	NR2C2_MA1536.2	NR2C2_MA1536.2	NR2C2	MA1536.2	15740	0.94177	1.59896	1.35584	-0.06052	-0.01591	0.0418	-1.1564823173178713e-18	0.05958333333333333	Monocyte	-0.02547666666666667	-1.0158744797754644	0.03410666666666666	1.359993154136144	-0.008629999999999995	-0.3441186743606797
551	Nr1H2_MA1996.2	Nr1H2_MA1996.2	Nr1H2	MA1996.2	15740	0.94177	1.59896	1.35584	-0.06052	-0.01591	0.0418	-1.1564823173178713e-18	0.05958333333333333	Monocyte	-0.02547666666666667	-1.0158744797754644	0.03410666666666666	1.359993154136144	-0.008629999999999995	-0.3441186743606797
552	Nr1H4_MA1110.3	Nr1H4_MA1110.3	Nr1H4	MA1110.3	15740	0.94177	1.59896	1.35584	-0.06052	-0.01591	0.0418	-1.1564823173178713e-18	0.05958333333333333	Monocyte	-0.02547666666666667	-1.0158744797754644	0.03410666666666666	1.359993154136144	-0.008629999999999995	-0.3441186743606797
553	Nr1h3_MA2337.1	Nr1h3_MA2337.1	Nr1h3	MA2337.1	15740	0.94177	1.59896	1.35584	-0.06052	-0.01591	0.0418	-1.1564823173178713e-18	0.05958333333333333	Monocyte	-0.02547666666666667	-1.0158744797754644	0.03410666666666666	1.359993154136144	-0.008629999999999995	-0.3441186743606797
554	Nr2e1_MA0676.1	Nr2e1_MA0676.1	Nr2e1	MA0676.1	6041	0.8672	1.47183	1.23319	-0.02235	0.03962	0.05806	4.625929269271485e-18	0.059363333333333324	Monocyte	0.00575666666666667	0.23425409471619446	0.026803333333333332	1.0906990015129818	-0.03255999999999999	-1.3249530962291765
555	Nfat5_MA0606.3	Nfat5_MA0606.3	Nfat5	MA0606.3	9945	0.84509	1.39327	1.22095	-0.03625	0.0258	0.05763	6.938893903907228e-18	0.05910333333333331	Monocyte	-0.0034833333333333326	-0.1436175843129424	0.03129333333333333	1.2902218962008616	-0.02780999999999998	-1.1466043118879192
556	ESRRB_MA0141.4	ESRRB_MA0141.4	ESRRB	MA0141.4	5186	0.91779	1.56675	1.32121	-0.05994	-0.00108	0.05614	0.0	0.059033333333333333	Monocyte	-0.020340000000000004	-0.7430859865417337	0.03869333333333333	1.4135926141882076	-0.018353333333333326	-0.670506627646474
557	CDX1_MA0878.3	CDX1_MA0878.3	CDX1	MA0878.3	4289	0.81166	1.32763	1.1257	-0.02748	0.03421	0.05751	6.938893903907228e-18	0.058903333333333315	Monocyte	0.0022433333333333333	0.09308650348229261	0.02833	1.1755456063833687	-0.030573333333333313	-1.2686321098656612
558	DMRTA2_MA1478.2	DMRTA2_MA1478.2	DMRTA2	MA1478.2	8161	0.99388	1.65099	1.41066	-0.05257	0.00903	0.05738	1.1564823173178713e-18	0.058786666666666654	Monocyte	-0.014513333333333336	-0.5560308575652743	0.036649999999999995	1.4041247769706449	-0.022136666666666655	-0.8480939194053705
559	BHLHA15_MA0607.2	BHLHA15_MA0607.2	BHLHA15	MA0607.2	1653	1.03437	1.63695	1.48656	-0.03714	0.02561	0.05655	4.625929269271485e-18	0.058616666666666664	Monocyte	-0.003843333333333334	-0.1595805202231507	0.031230000000000008	1.296712830850561	-0.02738666666666666	-1.1371323106274103
560	Dmbx1_MA0883.2	Dmbx1_MA0883.2	Dmbx1	MA0883.2	2555	0.7685	1.33748	1.2044	-0.05691	-0.01456	0.04571	5.782411586589357e-19	0.058030000000000005	Monocyte	-0.023823333333333335	-0.9605295597605694	0.03420666666666667	1.3791736871782516	-0.010383333333333333	-0.41864412741768203
561	FOXH1_MA0479.2	FOXH1_MA0479.2	FOXH1	MA0479.2	5195	0.78242	1.31348	1.13587	-0.04542	0.01319	0.05756	4.625929269271485e-18	0.05790999999999999	Monocyte	-0.01074333333333333	-0.4326373817263874	0.034326666666666665	1.3823455653175103	-0.02358333333333332	-0.9497081835911229
562	Stat5b_MA1625.2	Stat5b_MA1625.2	Stat5b	MA1625.2	8631	0.96464	1.61434	1.42864	-0.05853	-0.01071	0.04558	1.1564823173178713e-18	0.05778333333333334	Monocyte	-0.023080000000000003	-0.9239123962140802	0.034703333333333336	1.389204499853378	-0.01162333333333333	-0.46529210363929757
563	FLYWCH1_MA2513.1	FLYWCH1_MA2513.1	FLYWCH1	MA2513.1	6787	0.78223	1.31633	1.09809	-0.01698	0.04432	0.056	4.625929269271485e-18	0.05776666666666665	Monocyte	0.009113333333333334	0.37276821882154293	0.024326666666666667	0.9950484495097371	-0.033439999999999984	-1.36781666833128
564	NR2F1_MA0017.3	NR2F1_MA0017.3	NR2F1	MA0017.3	8504	0.86055	1.517	1.2448	-0.05863	-0.01399	0.04184	-5.782411586589357e-19	0.05769666666666669	Monocyte	-0.02420666666666668	-0.9899606177546603	0.033490000000000006	1.3696136500387042	-0.00928333333333333	-0.37965303228404385
565	MYB_MA0100.4	MYB_MA0100.4	MYB	MA0100.4	10188	1.04149	1.71474	1.50551	-0.05826	0.00263	0.05565	1.1564823173178713e-18	0.057396666666666665	Monocyte	-0.018543333333333342	-0.6905943726597605	0.037970000000000004	1.4140860145546161	-0.019426666666666658	-0.7234916418948555
566	MEIS2_MA1640.2	MEIS2_MA1640.2	MEIS2	MA1640.2	3919	0.76272	1.26153	1.07648	-0.0146	0.04629	0.05493	4.625929269271485e-18	0.05691666666666664	Monocyte	0.010563333333333334	0.43279636178978226	0.02317666666666666	0.9495844441541041	-0.03373999999999998	-1.3823808059438862
567	Hmx2_MA0897.2	Hmx2_MA0897.2	Hmx2	MA0897.2	3916	0.70767	1.19535	1.02859	-0.00825	0.05071	0.05569	6.938893903907228e-18	0.056779999999999976	Monocyte	0.014153333333333337	0.56056146927047	0.02131333333333333	0.8441427306913293	-0.035466666666666646	-1.4047041999617993
568	IRX1_MA2678.1	IRX1_MA2678.1	IRX1	MA2678.1	8499	0.88248	1.3873	1.16945	-0.02426	0.03511	0.05455	5.782411586589357e-18	0.05615666666666665	Monocyte	0.0036166666666666678	0.15678244470557198	0.02627	1.1388040983636996	-0.02988666666666665	-1.2955865430692717
569	ZNF677_MA2101.1	ZNF677_MA2101.1	ZNF677	MA2101.1	7540	0.99255	1.54373	1.33589	-0.02651	0.03415	0.0523	6.938893903907228e-18	0.05508666666666665	Monocyte	0.002546666666666668	0.112879063888042	0.02627	1.164397778143535	-0.02881666666666665	-1.277276842031577
570	NFIB_MA1643.2	NFIB_MA1643.2	NFIB	MA1643.2	9636	1.08709	1.82466	1.65116	-0.05486	-0.0448	0.00929	-5.782411586589357e-18	0.05460333333333335	Monocyte	-0.03322000000000001	-1.395140844539129	0.021383333333333338	0.898036174766056	0.011836666666666659	0.4971046697730729
571	SOX18_MA1563.2	SOX18_MA1563.2	SOX18	MA1563.2	3095	0.80878	1.40961	1.21074	-0.0553	-0.00402	0.04903	1.734723475976807e-18	0.05455000000000001	Monocyte	-0.019773333333333337	-0.8015847489857073	0.03477666666666667	1.4098000145259413	-0.015003333333333329	-0.6082152655402339
572	Vdr_MA0693.4	Vdr_MA0693.4	Vdr	MA0693.4	4246	0.81254	1.37513	1.23959	-0.05566	-0.04264	0.0096	-3.469446951953614e-18	0.054520000000000006	Monocyte	-0.03276666666666667	-1.389551441094158	0.021753333333333333	0.9225038356643415	0.01101333333333333	0.4670476054298167
573	Foxq1_MA0040.2	Foxq1_MA0040.2	Foxq1	MA0040.2	5714	0.74989	1.23244	1.07689	-0.02016	0.03774	0.05258	4.625929269271485e-18	0.05435333333333332	Monocyte	0.005860000000000002	0.2595995612973376	0.024246666666666666	1.074133793445298	-0.030106666666666657	-1.3337333547426355
574	PGR_MA2327.1	PGR_MA2327.1	PGR	MA2327.1	2854	1.08195	1.80634	1.64531	-0.05196	-0.04041	0.0133	-4.04768811061255e-18	0.052543333333333345	Monocyte	-0.03079000000000001	-1.3756447398438294	0.021753333333333333	0.9719018698950774	0.009036666666666663	0.40374286994875186
575	NR1H2RXRA_MA0115.1	NR1H2RXRA_MA0115.1	NR1H2::RXRA	MA0115.1	4769	0.9984	1.60728	1.38629	-0.02628	0.02968	0.0506	3.469446951953614e-18	0.05238666666666665	Monocyte	0.001133333333333334	0.052955105988144284	0.025626666666666666	1.1974083965789828	-0.02675999999999999	-1.2503635025671271
576	CREM_MA0609.3	CREM_MA0609.3	CREM	MA0609.3	1616	1.5027	2.29722	2.119	-0.05367	-0.02286	0.02638	-4.553649124439119e-18	0.05219333333333334	Monocyte	-0.02551000000000001	-1.196305439697623	0.02668333333333333	1.251329549820916	-0.001173333333333335	-0.05502411012329311
577	HOXD9_MA0913.3	HOXD9_MA0913.3	HOXD9	MA0913.3	4540	0.773	1.25795	1.09929	-0.01695	0.03615	0.05135	4.625929269271485e-18	0.05193333333333332	Monocyte	0.006400000000000001	0.29521254555433035	0.022766666666666664	1.0501571281958733	-0.029166666666666653	-1.3453696737502034
578	ZNF43_MA2692.1	ZNF43_MA2692.1	ZNF43	MA2692.1	2911	0.73912	1.23829	0.99907	-0.00509	0.0514	0.04961	2.3129646346357427e-18	0.05190333333333332	Monocyte	0.01543666666666667	0.6476294723023244	0.01823333333333333	0.7649607457339047	-0.03366999999999999	-1.4125902180362289
579	MEIS1_MA1639.2	MEIS1_MA1639.2	MEIS1	MA1639.2	3532	0.84736	1.43265	1.2321	-0.04124	0.01111	0.05144	1.1564823173178713e-18	0.051743333333333336	Monocyte	-0.010043333333333335	-0.45065787057102863	0.030893333333333335	1.3862254047302662	-0.020849999999999997	-0.9355675341592375
580	RARG_MA1553.2	RARG_MA1553.2	RARG	MA1553.2	2636	1.11907	1.75467	1.51843	-0.0459	0.00813	0.04921	2.3129646346357427e-18	0.050816666666666656	Monocyte	-0.012590000000000006	-0.5576898041523113	0.03170333333333333	1.4043388210994516	-0.019113333333333322	-0.8466490169471405
581	CDX4_MA1473.2	CDX4_MA1473.2	CDX4	MA1473.2	5417	0.73346	1.22119	1.04441	-0.0212	0.03131	0.04982	4.625929269271485e-18	0.05071666666666666	Monocyte	0.0033700000000000006	0.16169530446520575	0.023673333333333334	1.135865531465769	-0.027043333333333322	-1.2975608359309747
582	NFIA_MA0670.2	NFIA_MA0670.2	NFIA	MA0670.2	11987	0.98821	1.66618	1.42925	-0.05212	0.00187	0.04875	1.1564823173178713e-18	0.050496666666666655	Monocyte	-0.016750000000000004	-0.7045114716944698	0.03362333333333333	1.414210391041217	-0.016873333333333324	-0.709698919346747
583	NFIX_MA0671.2	NFIX_MA0671.2	NFIX	MA0671.2	11987	0.98821	1.66618	1.42925	-0.05212	0.00187	0.04875	1.1564823173178713e-18	0.050496666666666655	Monocyte	-0.016750000000000004	-0.7045114716944698	0.03362333333333333	1.414210391041217	-0.016873333333333324	-0.709698919346747
584	Rxra_MA0512.2	Rxra_MA0512.2	Rxra	MA0512.2	5180	1.01124	1.70243	1.49727	-0.05137	-0.01321	0.03402	-8.673617379884035e-19	0.04999000000000001	Monocyte	-0.021526666666666673	-1.0255926516105482	0.028463333333333334	1.3560755113196763	-0.006936666666666663	-0.33048285970912805
585	MLXIPL_MA0664.2	MLXIPL_MA0664.2	MLXIPL	MA0664.2	1976	1.37753	2.18342	2.02809	-0.05182	-0.04516	-0.00088	-6.938893903907228e-18	0.049306666666666665	Monocyte	-0.03232666666666667	-1.4136122301422784	0.016979999999999995	0.7425181171731046	0.015346666666666654	0.6710941129691739
586	RORA_MA0071.1	RORA_MA0071.1	RORA	MA0071.1	4971	0.92154	1.53159	1.39566	-0.04886	-0.02915	0.02092	-5.059610138265687e-18	0.04926333333333333	Monocyte	-0.02600333333333334	-1.2869747785618075	0.023259999999999992	1.151199846789423	0.0027433333333333324	0.1357749317723842
587	Hand1Tcf3_MA0092.2	Hand1Tcf3_MA0092.2	Hand1::Tcf3	MA0092.2	5833	0.99639	1.6418	1.47137	-0.04976	-0.01655	0.03035	-5.782411586589357e-19	0.04880666666666668	Monocyte	-0.02210333333333334	-1.094821421031563	0.026703333333333336	1.3226684367190242	-0.004599999999999998	-0.22784701568746127
588	SOX9_MA0077.2	SOX9_MA0077.2	SOX9	MA0077.2	2749	0.82606	1.40338	1.21055	-0.04548	0.00504	0.04652	0.0	0.04785333333333332	Monocyte	-0.013480000000000002	-0.6201309635931432	0.030666666666666658	1.4107826075808394	-0.017186666666666656	-0.7906516439876963
589	OTX2_MA0712.3	OTX2_MA0712.3	OTX2	MA0712.3	10715	0.66084	1.17917	1.0696	-0.04662	-0.04566	0.00373	-1.1564823173178713e-18	0.04754333333333333	Monocyte	-0.03076	-1.4122553040569992	0.016783333333333334	0.7705575916695916	0.013976666666666662	0.6416977123874075
590	Rarb_MA0857.1	Rarb_MA0857.1	Rarb	MA0857.1	8045	0.78834	1.36768	1.2115	-0.0483	-0.0294	0.01572	-2.023844055306275e-18	0.04724000000000002	Monocyte	-0.02590000000000001	-1.3245819539607195	0.02134000000000001	1.0913737026070178	0.0045599999999999955	0.23320825135370177
591	ZSCAN31_MA1722.2	ZSCAN31_MA1722.2	ZSCAN31	MA1722.2	3924	1.22558	1.84207	1.61808	-0.01227	0.03993	0.04471	5.782411586589357e-18	0.04720666666666666	Monocyte	0.00922	0.4531843858918587	0.01899333333333334	0.933566388579831	-0.028213333333333323	-1.3867507744716896
592	ATF6_MA1466.2	ATF6_MA1466.2	ATF6	MA1466.2	2226	1.31785	2.10918	1.91802	-0.04884	-0.01466	0.02787	-1.4456028966473393e-18	0.04673666666666666	Monocyte	-0.021166666666666667	-1.0948721652924773	0.025569999999999996	1.3226400598359986	-0.004403333333333333	-0.22776789454352153
593	ZNF696_MA2524.1	ZNF696_MA2524.1	ZNF696	MA2524.1	7168	1.04875	1.70247	1.54879	-0.0462	0.00522	0.04399	2.3129646346357427e-18	0.046466666666666656	Monocyte	-0.013659999999999999	-0.6416920804395336	0.03006333333333333	1.4122549715676311	-0.016403333333333325	-0.7705628911280976
594	BCL6_MA0463.3	BCL6_MA0463.3	BCL6	MA0463.3	4032	0.94798	1.64691	1.42909	-0.0427	0.00694	0.04464	2.3129646346357427e-18	0.04630666666666666	Monocyte	-0.011920000000000005	-0.5758872351942309	0.029113333333333335	1.4065433758910542	-0.017193333333333324	-0.8306561406968234
595	CASZ1_MA2508.1	CASZ1_MA2508.1	CASZ1	MA2508.1	7868	0.7672	1.27604	1.09683	-0.00535	0.04213	0.04556	4.625929269271485e-18	0.04619999999999999	Monocyte	0.012260000000000005	0.5906161898470471	0.01697	0.817516863108025	-0.029229999999999992	-1.408133052955072
596	Rarb_MA0858.1	Rarb_MA0858.1	Rarb	MA0858.1	4792	1.03714	1.74972	1.54348	-0.04737	-0.02568	0.01816	-8.673617379884035e-19	0.046193333333333336	Monocyte	-0.024350000000000004	-1.2855395432188916	0.021843333333333336	1.1532020022879392	0.002506666666666665	0.13233754093095224
597	RFX2_MA0600.3	RFX2_MA0600.3	RFX2	MA0600.3	2073	1.17175	1.86058	1.65401	-0.03533	0.0136	0.04471	2.3129646346357427e-18	0.04611666666666665	Monocyte	-0.007243333333333334	-0.37123789543024005	0.02668	1.3674128463063229	-0.019436666666666658	-0.9961749508760829
598	MYBL1_MA0776.1	MYBL1_MA0776.1	MYBL1	MA0776.1	725	1.08126	1.6825	1.56855	-0.0047	0.04344	0.04437	4.625929269271485e-18	0.04562666666666665	Monocyte	0.012913333333333336	0.6224883412970481	0.016356666666666665	0.7884745200683054	-0.029269999999999987	-1.4109628613653535
599	ZSCAN21_MA2336.1	ZSCAN21_MA2336.1	ZSCAN21	MA2336.1	3906	1.01676	1.65461	1.44909	-0.04171	0.00547	0.04411	1.1564823173178713e-18	0.045133333333333324	Monocyte	-0.012080000000000004	-0.5948024804925194	0.028606666666666666	1.4085526731751652	-0.016526666666666658	-0.8137501926826457
600	PBX3_MA1114.2	PBX3_MA1114.2	PBX3	MA1114.2	8556	1.13843	1.83516	1.61685	-0.04616	-0.02085	0.02172	-3.3068166260807885e-18	0.04496333333333334	Monocyte	-0.022336666666666675	-1.216769713138759	0.022626666666666663	1.232567200833591	-0.0002899999999999981	-0.015797487694832132
601	ZNF274_MA1592.2	ZNF274_MA1592.2	ZNF274	MA1592.2	4707	1.08879	1.67718	1.49277	-0.02295	0.02466	0.04307	3.469446951953614e-18	0.04458333333333332	Monocyte	0.000569999999999999	0.03130916519144382	0.022006666666666667	1.2087901087363373	-0.022576666666666655	-1.240099273927781
602	PKNOX1_MA0782.3	PKNOX1_MA0782.3	PKNOX1	MA0782.3	7418	1.1277	1.81163	1.57081	-0.04547	-0.02106	0.02168	-7.679765388438989e-19	0.04455999999999999	Monocyte	-0.022176666666666664	-1.219025244377091	0.022383333333333328	1.23038546760742	-0.00020666666666666633	-0.011360223230329062
603	Nr5a2_MA0505.3	Nr5a2_MA0505.3	Nr5a2	MA0505.3	6081	0.93849	1.5873	1.3782	-0.04528	0.00197	0.0432	2.3129646346357427e-18	0.04455	Monocyte	-0.014436666666666669	-0.692191215318024	0.029493333333333337	1.4141094142539539	-0.015056666666666661	-0.7219181989359299
604	Crx_MA0467.3	Crx_MA0467.3	Crx	MA0467.3	13210	0.68742	1.21319	1.0932	-0.04396	-0.03634	0.0092	-1.734723475976807e-18	0.04448666666666667	Monocyte	-0.026766666666666668	-1.3900964078882783	0.01772	0.9202680578249174	0.009046666666666663	0.46982835006336066
605	GSC_MA0648.2	GSC_MA0648.2	GSC	MA0648.2	13210	0.68742	1.21319	1.0932	-0.04396	-0.03634	0.0092	-1.734723475976807e-18	0.04448666666666667	Monocyte	-0.026766666666666668	-1.3900964078882783	0.01772	0.9202680578249174	0.009046666666666663	0.46982835006336066
606	GSC2_MA0891.2	GSC2_MA0891.2	GSC2	MA0891.2	13210	0.68742	1.21319	1.0932	-0.04396	-0.03634	0.0092	-1.734723475976807e-18	0.04448666666666667	Monocyte	-0.026766666666666668	-1.3900964078882783	0.01772	0.9202680578249174	0.009046666666666663	0.46982835006336066
607	OTX1_MA0711.2	OTX1_MA0711.2	OTX1	MA0711.2	13210	0.68742	1.21319	1.0932	-0.04396	-0.03634	0.0092	-1.734723475976807e-18	0.04448666666666667	Monocyte	-0.026766666666666668	-1.3900964078882783	0.01772	0.9202680578249174	0.009046666666666663	0.46982835006336066
608	PITX1_MA0682.3	PITX1_MA0682.3	PITX1	MA0682.3	13210	0.68742	1.21319	1.0932	-0.04396	-0.03634	0.0092	-1.734723475976807e-18	0.04448666666666667	Monocyte	-0.026766666666666668	-1.3900964078882783	0.01772	0.9202680578249174	0.009046666666666663	0.46982835006336066
609	PITX3_MA0714.2	PITX3_MA0714.2	PITX3	MA0714.2	13210	0.68742	1.21319	1.0932	-0.04396	-0.03634	0.0092	-1.734723475976807e-18	0.04448666666666667	Monocyte	-0.026766666666666668	-1.3900964078882783	0.01772	0.9202680578249174	0.009046666666666663	0.46982835006336066
610	NFATC3_MA0625.3	NFATC3_MA0625.3	NFATC3	MA0625.3	21981	0.93077	1.47913	1.31811	-0.01676	0.03052	0.04232	2.3129646346357427e-18	0.04397333333333332	Monocyte	0.004586666666666667	0.25142540304240796	0.019693333333333334	1.0795212799233624	-0.024279999999999993	-1.3309466829657706
611	Nfatc1_MA0624.3	Nfatc1_MA0624.3	Nfatc1	MA0624.3	21981	0.93077	1.47913	1.31811	-0.01676	0.03052	0.04232	2.3129646346357427e-18	0.04397333333333332	Monocyte	0.004586666666666667	0.25142540304240796	0.019693333333333334	1.0795212799233624	-0.024279999999999993	-1.3309466829657706
612	SMAD5_MA1557.1	SMAD5_MA1557.1	SMAD5	MA1557.1	1044	1.05695	1.65415	1.52782	-0.03275	0.01596	0.04039	3.469446951953614e-18	0.04316333333333332	Monocyte	-0.005596666666666667	-0.309888216555668	0.02438	1.3499240118452374	-0.018783333333333322	-1.0400357952895694
613	Hoxa13_MA0650.4	Hoxa13_MA0650.4	Hoxa13	MA0650.4	4671	0.74723	1.19343	1.05858	-0.00649	0.03862	0.04197	3.469446951953614e-18	0.043016666666666654	Monocyte	0.01071	0.5600061036845131	0.016153333333333332	0.8446279422518363	-0.026863333333333322	-1.4046340459363493
614	CREB3_MA0638.2	CREB3_MA0638.2	CREB3	MA0638.2	1676	1.4434	2.2522	2.0365	-0.04062	0.01054	0.03873	1.1564823173178713e-18	0.042873333333333326	Monocyte	-0.010026666666666665	-0.5309495263750161	0.026449999999999998	1.400626493279838	-0.016423333333333328	-0.8696769669048217
615	ZFP42_MA1651.2	ZFP42_MA1651.2	ZFP42	MA1651.2	5287	1.10218	1.75341	1.68877	-0.04372	-0.02456	0.01642	-1.5901631863120731e-18	0.04280666666666667	Monocyte	-0.022760000000000002	-1.2945975677287946	0.020046666666666667	1.140262122484032	0.00271333333333333	0.15433544524476248
616	GATA1_MA0035.5	GATA1_MA0035.5	GATA1	MA0035.5	2112	0.97125	1.45548	1.38069	-0.0157	0.02835	0.04176	1.1564823173178713e-18	0.042523333333333316	Monocyte	0.004216666666666669	0.23938925914709203	0.019153333333333328	1.0873760340388854	-0.02336999999999999	-1.326765293185977
617	Nr2f6_MA0677.2	Nr2f6_MA0677.2	Nr2f6	MA0677.2	5419	1.00997	1.67271	1.46887	-0.04342	-0.01146	0.02772	-5.782411586589357e-19	0.042006666666666664	Monocyte	-0.018293333333333335	-1.04103943968973	0.023713333333333333	1.349481518577394	-0.0054199999999999995	-0.30844207888766406
618	Nkx3-1_MA0124.3	Nkx3-1_MA0124.3	Nkx3-1	MA0124.3	4450	0.94861	1.50996	1.39373	-0.0411	-0.01643	0.0254	-3.1803263726241462e-18	0.04134333333333334	Monocyte	-0.019176666666666675	-1.1273595229555262	0.022166666666666664	1.3031358991229356	-0.0029899999999999987	-0.17577637616740924
619	Six4_MA2001.2	Six4_MA2001.2	Six4	MA2001.2	6454	0.9572	1.50425	1.32331	-0.01288	0.03269	0.03884	1.1564823173178713e-18	0.041083333333333326	Monocyte	0.0066033333333333335	0.3792835494546125	0.01724	0.990234486511487	-0.023843333333333327	-1.3695180359660992
620	TP73_MA0861.2	TP73_MA0861.2	TP73	MA0861.2	2625	1.02088	1.5224	1.46127	-0.03996	-0.01608	0.02627	-1.0119220276531375e-18	0.04075666666666668	Monocyte	-0.018680000000000006	-1.1111576826379015	0.02207666666666667	1.3132043776072129	-0.003396666666666669	-0.2020466949693115
621	CDX2_MA0465.3	CDX2_MA0465.3	CDX2	MA0465.3	5280	0.73171	1.18249	1.05247	-0.00649	0.03572	0.04001	3.469446951953614e-18	0.04074333333333332	Monocyte	0.009743333333333335	0.541182609161459	0.015499999999999998	0.8609302540543222	-0.025243333333333322	-1.402112863215781
622	Sox6_MA0515.1	Sox6_MA0515.1	Sox6	MA0515.1	7646	0.92545	1.50399	1.34878	-0.02569	0.0194	0.0385	3.469446951953614e-18	0.04069666666666666	Monocyte	-0.0020966666666666664	-0.12569671805393928	0.021396666666666668	1.2827459987094356	-0.01929999999999999	-1.1570492806554962
623	Dmrt1_MA1603.2	Dmrt1_MA1603.2	Dmrt1	MA1603.2	4658	0.78258	1.31315	1.10336	-0.01209	0.03073	0.039	2.3129646346357427e-18	0.04027333333333333	Monocyte	0.006213333333333335	0.36509479491139696	0.01703	1.0006809587995316	-0.023243333333333328	-1.3657757537109287
624	RARA_MA0729.1	RARA_MA0729.1	RARA	MA0729.1	7289	0.84476	1.38919	1.18654	-0.04124	0.00311	0.03786	1.1564823173178713e-18	0.04002333333333333	Monocyte	-0.012710000000000004	-0.681572457388056	0.026366666666666667	1.4139098184997434	-0.013656666666666659	-0.7323373611116872
625	NFIC_MA0161.3	NFIC_MA0161.3	NFIC	MA0161.3	3913	1.06583	1.70838	1.56905	-0.04065	-0.0179	0.01901	-3.577867169202165e-18	0.03940333333333334	Monocyte	-0.019516666666666675	-1.2130840011484043	0.019886666666666664	1.236081836182985	-0.00036999999999999913	-0.02299783503458091
626	ZNF341_MA1655.2	ZNF341_MA1655.2	ZNF341	MA1655.2	5142	1.18675	1.79655	1.65447	-0.0335	0.01261	0.03603	2.3129646346357427e-18	0.03939	Monocyte	-0.006963333333333336	-0.4140447342592775	0.023176666666666672	1.3781010231233866	-0.01621333333333333	-0.9640562888641093
627	MYT1L_MA2682.1	MYT1L_MA2682.1	MYT1L	MA2682.1	16019	0.85932	1.37892	1.20072	-0.00184	0.04072	0.03758	4.625929269271485e-18	0.03924	Monocyte	0.012960000000000003	0.7022246161333161	0.013140000000000002	0.7119777358018343	-0.02609999999999999	-1.4142023519351503
628	RFX3_MA0798.3	RFX3_MA0798.3	RFX3	MA0798.3	1902	1.30016	2.03444	1.86283	-0.01637	0.02954	0.0346	2.3129646346357427e-18	0.03836999999999999	Monocyte	0.004390000000000001	0.2749058876849767	0.016989999999999995	1.0639296199926547	-0.02137999999999999	-1.3388355076776315
629	ZNF317_MA1593.2	ZNF317_MA1593.2	ZNF317	MA1593.2	8064	1.27006	1.89895	1.71818	-0.01722	0.02529	0.03627	4.625929269271485e-18	0.03834999999999998	Monocyte	0.002690000000000002	0.17056142021060514	0.01783	1.1305242090539376	-0.020519999999999986	-1.3010856292645425
630	RXRG_MA0856.1	RXRG_MA0856.1	RXRG	MA0856.1	5110	1.02618	1.68079	1.47636	-0.03966	-0.0015	0.03351	-1.1564823173178713e-18	0.03811	Monocyte	-0.013720000000000003	-0.7934660437847229	0.024389999999999995	1.4105420413928123	-0.010669999999999995	-0.6170759976080894
631	Gmeb1_MA0615.2	Gmeb1_MA0615.2	Gmeb1	MA0615.2	787	1.07098	1.76188	1.55561	-0.03571	-0.0162	0.02651	-8.673617379884035e-19	0.03804333333333333	Monocyte	-0.017303333333333337	-1.1007146975987647	0.020739999999999998	1.319330928233387	-0.0034366666666666634	-0.21861623063462238
632	PITX2_MA1547.2	PITX2_MA1547.2	PITX2	MA1547.2	3444	0.78283	1.29185	1.14399	-0.03629	-0.01226	0.02842	-2.023844055306275e-18	0.03775333333333335	Monocyte	-0.01618333333333334	-1.019331920241229	0.021570000000000002	1.3586193317983508	-0.005386666666666667	-0.3392874115571216
633	RXRB_MA0855.1	RXRB_MA0855.1	RXRB	MA0855.1	5312	1.0207	1.69466	1.51647	-0.03878	-0.01682	0.01847	-2.3852447794681098e-18	0.03761666666666667	Monocyte	-0.01853333333333334	-1.2064508494154733	0.01908333333333333	1.242253797284817	-0.0005499999999999986	-0.03580294786934383
634	NFYA_MA0060.4	NFYA_MA0060.4	NFYA	MA0060.4	2857	1.13263	1.81271	1.59252	-0.03093	0.01154	0.03485	5.782411586589357e-19	0.03739	Monocyte	-0.006463333333333334	-0.4056339603867898	0.021926666666666667	1.3761011817557	-0.01546333333333333	-0.9704672213689103
635	Nr5a1_MA1540.3	Nr5a1_MA1540.3	Nr5a1	MA1540.3	8096	0.86023	1.46163	1.27053	-0.03823	-0.00488	0.03049	0.0	0.037276666666666666	Monocyte	-0.014370000000000003	-0.8777399935799062	0.022906666666666665	1.3991717086247073	-0.008536666666666663	-0.5214317150448012
636	ZNF827_MA2572.1	ZNF827_MA2572.1	ZNF827	MA2572.1	33550	0.95663	1.51033	1.35657	-0.016	0.02385	0.03476	2.3129646346357427e-18	0.03645666666666665	Monocyte	0.0026166666666666664	0.1744683949269742	0.016919999999999998	1.12815486961697	-0.019536666666666657	-1.3026232645439444
637	RFX1_MA0509.3	RFX1_MA0509.3	RFX1	MA0509.3	1807	1.2857	2.00216	1.84208	-0.01887	0.02256	0.03141	2.3129646346357427e-18	0.034749999999999996	Monocyte	0.0012300000000000004	0.08653888515018768	0.01676	1.1791802561928029	-0.017989999999999996	-1.265719141342991
638	Rarg_MA0860.1	Rarg_MA0860.1	Rarg	MA0860.1	7311	1.0167	1.60522	1.4482	-0.03603	-0.00394	0.0281	-1.1564823173178713e-18	0.0347	Monocyte	-0.013323333333333336	-0.8726350827829733	0.021376666666666665	1.4001022731766841	-0.008053333333333332	-0.5274671903937109
639	PPARARXRA_MA1148.2	PPARARXRA_MA1148.2	PPARA::RXRA	MA1148.2	6123	0.99861	1.62717	1.45256	-0.03644	-0.00987	0.02086	1.4456028966473392e-19	0.03453666666666667	Monocyte	-0.015436666666666666	-1.076813089574101	0.0191	1.3323556474324334	-0.0036633333333333322	-0.2555425578583323
640	PpargRxra_MA0065.3	PpargRxra_MA0065.3	Pparg::Rxra	MA0065.3	13557	1.14492	1.82358	1.63509	-0.03024	0.00853	0.03236	3.469446951953614e-18	0.03449666666666666	Monocyte	-0.007236666666666666	-0.48295843467818195	0.02086666666666667	1.3925931833650012	-0.013629999999999993	-0.9096347486868193
641	Ar_MA0007.4	Ar_MA0007.4	Ar	MA0007.4	2513	1.16005	1.75049	1.59648	-0.00819	0.03077	0.03223	2.3129646346357427e-18	0.03447333333333332	Monocyte	0.007526666666666669	0.5002307801712399	0.01347333333333333	0.8954529731851865	-0.02099999999999999	-1.3956837533564264
642	Rfx6_MA1724.2	Rfx6_MA1724.2	Rfx6	MA1724.2	4030	1.21179	1.85646	1.66328	-0.03525	-0.00942	0.02209	5.782411586589357e-19	0.03400333333333333	Monocyte	-0.014889999999999999	-1.0486364867593931	0.019113333333333333	1.3460670729971704	-0.004223333333333332	-0.2974305862377773
643	SOX21_MA0866.1	SOX21_MA0866.1	SOX21	MA0866.1	4343	0.84538	1.42136	1.24028	-0.02575	0.01118	0.03221	1.734723475976807e-18	0.03378333333333333	Monocyte	-0.0048566666666666645	-0.3417032674280227	0.01932	1.3593082621913655	-0.01446333333333333	-1.0176049947633428
644	Sox11_MA0869.3	Sox11_MA0869.3	Sox11	MA0869.3	7021	0.9401	1.50999	1.35262	-0.00973	0.02888	0.03114	3.469446951953614e-18	0.03363	Monocyte	0.006383333333333335	0.4416821853802713	0.013623333333333336	0.9426397345426472	-0.020006666666666662	-1.3843219199229186
645	NFYC_MA1644.2	NFYC_MA1644.2	NFYC	MA1644.2	2180	1.10251	1.73079	1.5501	-0.01381	0.02537	0.03085	3.469446951953614e-18	0.03362666666666666	Monocyte	0.0038533333333333345	0.2753203706777775	0.014886666666666668	1.0636511898330059	-0.018739999999999993	-1.3389715605107835
646	MEIS1_MA0498.3	MEIS1_MA0498.3	MEIS1	MA0498.3	47946	1.08892	1.70506	1.55444	-0.03449	-0.0088	0.02198	-5.782411586589357e-19	0.03325333333333333	Monocyte	-0.01443	-1.0361523594835158	0.01882333333333333	1.3516175500123386	-0.004393333333333332	-0.3154651905288227
647	NR6A1_MA1541.2	NR6A1_MA1541.2	NR6A1	MA1541.2	6300	0.9313	1.51193	1.3456	-0.03411	-0.00071	0.02936	-5.782411586589357e-19	0.03276333333333333	Monocyte	-0.01160666666666667	-0.7746264554627061	0.021156666666666664	1.4119914166633527	-0.009549999999999996	-0.6373649612006467
648	ZNF547_MA2334.1	ZNF547_MA2334.1	ZNF547	MA2334.1	4124	1.15193	1.7357	1.57954	-0.0184	0.01847	0.0307	3.469446951953614e-18	0.032756666666666656	Monocyte	2.3333333333332838e-05	0.001744827022411357	0.016366666666666665	1.2238715257201738	-0.016389999999999988	-1.2256163527425852
649	ZNF324_MA1977.2	ZNF324_MA1977.2	ZNF324	MA1977.2	7769	0.99906	1.57107	1.46886	-0.03307	-0.02662	0.00527	-2.023844055306275e-18	0.03267666666666667	Monocyte	-0.01989666666666667	-1.395495627435223	0.012780000000000001	0.8963528623867728	0.007116666666666663	0.4991427650484504
650	HNF4A_MA1494.2	HNF4A_MA1494.2	HNF4A	MA1494.2	4337	0.98693	1.60013	1.41705	-0.03338	0.00235	0.03115	5.782411586589357e-19	0.03267666666666666	Monocyte	-0.010343333333333338	-0.6798750220587365	0.02151	1.4138683587963343	-0.011166666666666662	-0.7339933367375976
651	RARA_MA0730.1	RARA_MA0730.1	RARA	MA0730.1	5352	1.12668	1.83902	1.65715	-0.03364	-0.01371	0.01614	-8.673617379884035e-19	0.03237666666666667	Monocyte	-0.015783333333333337	-1.1929846727782698	0.016593333333333335	1.2542085957951905	-0.0008100000000000008	-0.0612239230169207
652	ZNF121_MA2582.1	ZNF121_MA2582.1	ZNF121	MA2582.1	9553	0.79056	1.34105	1.20288	-0.0323	-0.02763	0.00285	-3.469446951953614e-18	0.031693333333333344	Monocyte	-0.019976666666666674	-1.4072087475516553	0.011716666666666669	0.8253527027605656	0.008259999999999995	0.5818560447910897
653	Prdm15_MA1616.2	Prdm15_MA1616.2	Prdm15	MA1616.2	7456	0.9726	1.63781	1.46495	-0.0326	0.00051	0.02983	1.734723475976807e-18	0.03150666666666666	Monocyte	-0.010696666666666665	-0.726832791108993	0.02081	1.4140283935473488	-0.010113333333333328	-0.6871956024383559
654	TFAP4_MA0691.1	TFAP4_MA0691.1	TFAP4	MA0691.1	4834	1.27088	1.88479	1.63081	-0.01204	0.02486	0.02842	3.469446951953614e-18	0.031246666666666662	Monocyte	0.004273333333333336	0.32597472989977627	0.013486666666666668	1.0287782817273752	-0.017759999999999995	-1.3547530116271516
655	ZFP14_MA1972.1	ZFP14_MA1972.1	ZFP14	MA1972.1	18798	1.2063	1.88724	1.78523	-0.03156	0.00379	0.02868	1.734723475976807e-18	0.030903333333333335	Monocyte	-0.009256666666666668	-0.6512770075172091	0.020080000000000004	1.4127809482476292	-0.01082333333333333	-0.7615039407304202
656	SCAND3_MA2542.1	SCAND3_MA2542.1	SCAND3	MA2542.1	8918	1.00505	1.62044	1.4425	-0.03274	-0.00161	0.02509	5.782411586589357e-19	0.030726666666666666	Monocyte	-0.01145	-0.835114769215802	0.019276666666666668	1.4059588676491945	-0.007826666666666666	-0.5708440984333923
657	Msgn1_MA1524.3	Msgn1_MA1524.3	Msgn1	MA1524.3	5354	1.03189	1.55681	1.4427	-0.00822	0.0242	0.02941	2.3129646346357427e-18	0.030413333333333327	Monocyte	0.005326666666666667	0.41053567193934637	0.012543333333333333	0.9667370046982233	-0.017869999999999994	-1.3772726766375698
658	ZBTB32_MA1580.1	ZBTB32_MA1580.1	ZBTB32	MA1580.1	4070	0.92313	1.4834	1.2841	-0.03119	-0.00094	0.02722	1.1564823173178713e-18	0.030180000000000005	Monocyte	-0.010710000000000003	-0.7766291222949394	0.019470000000000005	1.4118551831076067	-0.008759999999999999	-0.6352260608126673
659	PPARG_MA0066.2	PPARG_MA0066.2	PPARG	MA0066.2	4777	1.06367	1.68735	1.50131	-0.03141	-0.0115	0.0152	-3.6140072416183483e-19	0.02984	Monocyte	-0.014303333333333335	-1.1711271584512706	0.015536666666666666	1.2721099243862437	-0.0012333333333333322	-0.1009827659349731
660	TP53_MA0106.3	TP53_MA0106.3	TP53	MA0106.3	2556	1.01068	1.56788	1.39334	-0.02299	0.00888	0.02824	1.1564823173178713e-18	0.02944999999999999	Monocyte	-0.004703333333333334	-0.3770383170044183	0.017076666666666664	1.3689350092229866	-0.012373333333333326	-0.9918966922185684
661	NR2C1_MA1535.2	NR2C1_MA1535.2	NR2C1	MA1535.2	9900	1.06891	1.74319	1.5867	-0.03001	-0.01271	0.01469	5.059610138265688e-19	0.029139999999999996	Monocyte	-0.014239999999999997	-1.1960852670997413	0.014899999999999998	1.2515218033557687	-0.0006599999999999993	-0.05543653625602733
662	Mecom_MA0029.2	Mecom_MA0029.2	Mecom	MA0029.2	4526	0.86827	1.40148	1.27086	-0.002	0.02859	0.02825	2.3129646346357427e-18	0.029029999999999993	Monocyte	0.008863333333333336	0.6611185736595309	0.010083333333333331	0.7521187233245882	-0.01894666666666666	-1.4132372969841192
663	ZNF20_MA2580.1	ZNF20_MA2580.1	ZNF20	MA2580.1	6136	1.04474	1.59509	1.43079	-0.03057	-0.02183	0.00295	-2.6020852139652106e-18	0.02864	Monocyte	-0.01746666666666667	-1.396166452059459	0.011173333333333332	0.8931202189510129	0.006293333333333329	0.5030462331084462
664	NR2F1_MA1537.2	NR2F1_MA1537.2	NR2F1	MA1537.2	5739	1.066	1.73371	1.54864	-0.03007	-0.01011	0.01477	-8.673617379884035e-19	0.028340000000000004	Monocyte	-0.013393333333333337	-1.1524342547486812	0.014946666666666669	1.2860913883258056	-0.0015533333333333345	-0.1336571335771243
665	Zfp335_MA2002.2	Zfp335_MA2002.2	Zfp335	MA2002.2	4319	1.11218	1.66935	1.51179	-0.02339	0.00913	0.02553	2.3129646346357427e-18	0.027860000000000003	Monocyte	-0.0047533333333333325	-0.40078588255289077	0.01630666666666667	1.3749260430916836	-0.011553333333333332	-0.9741401605387932
666	Nkx3-2_MA0122.4	Nkx3-2_MA0122.4	Nkx3-2	MA0122.4	4209	0.88341	1.39355	1.26672	-0.02756	-0.0028	0.0254	8.673617379884035e-19	0.027773333333333334	Monocyte	-0.01012	-0.807830579576343	0.017653333333333333	1.4091800887471384	-0.00753333333333333	-0.6013495091707953
667	Rarg_MA0859.2	Rarg_MA0859.2	Rarg	MA0859.2	8327	0.79303	1.31156	1.17948	-0.02815	-0.02067	0.00546	-2.8912057932946786e-18	0.02747666666666667	Monocyte	-0.016273333333333338	-1.3818760984061487	0.01120333333333333	0.951348948534016	0.005069999999999998	0.4305271498721328
668	Nr2e3_MA0164.2	Nr2e3_MA0164.2	Nr2e3	MA0164.2	5766	1.02035	1.63407	1.44465	-0.00868	0.02372	0.02479	2.3129646346357427e-18	0.027326666666666666	Monocyte	0.005013333333333335	0.4282796153641516	0.011156666666666667	0.953093000414771	-0.016169999999999997	-1.3813726157789228
669	ZNF675_MA1714.2	ZNF675_MA1714.2	ZNF675	MA1714.2	8012	0.99199	1.64628	1.48373	-0.02846	0.00068	0.02454	5.782411586589357e-19	0.026926666666666668	Monocyte	-0.009260000000000001	-0.7409733048329058	0.017666666666666667	1.413663972503384	-0.008406666666666665	-0.672690667670478
670	ISL2_MA0914.2	ISL2_MA0914.2	ISL2	MA0914.2	10170	0.93762	1.49223	1.3581	-0.02681	-0.00829	0.01881	8.673617379884035e-19	0.02690666666666667	Monocyte	-0.0117	-1.0389853891012506	0.015206666666666669	1.3503849985982632	-0.0035066666666666657	-0.3113996094970129
671	ZNF768_MA1731.2	ZNF768_MA1731.2	ZNF768	MA1731.2	14389	1.16886	1.81975	1.68889	-0.02859	-0.00817	0.01503	-4.336808689942018e-19	0.02679333333333333	Monocyte	-0.012253333333333333	-1.108177468334343	0.014539999999999997	1.3149809893564754	-0.0022866666666666656	-0.20680352102213245
672	SIX2_MA1119.2	SIX2_MA1119.2	SIX2	MA1119.2	5686	1.00737	1.57951	1.38179	-0.00778	0.02097	0.02502	3.469446951953614e-18	0.026263333333333326	Monocyte	0.004396666666666668	0.39383978625163435	0.010933333333333335	0.9793741462512214	-0.015329999999999993	-1.3732139325028558
673	ZNF732_MA2528.1	ZNF732_MA2528.1	ZNF732	MA2528.1	10730	1.22734	1.90026	1.77286	-0.02758	-0.00384	0.01953	8.673617379884035e-19	0.026176666666666668	Monocyte	-0.010473333333333333	-0.9261569300191551	0.015703333333333333	1.388645861655073	-0.005229999999999998	-0.46248893163591787
674	ZNF878_MA2574.1	ZNF878_MA2574.1	ZNF878	MA2574.1	6357	0.94839	1.49334	1.34858	-0.0044	0.02524	0.02429	3.469446951953614e-18	0.02607333333333333	Monocyte	0.006946666666666667	0.5925619746628833	0.009563333333333335	0.8157679008194878	-0.016509999999999993	-1.4083298754823712
675	SRY_MA0084.2	SRY_MA0084.2	SRY	MA0084.2	4611	0.73952	1.23685	1.11615	-0.00437	0.02322	0.02515	1.1564823173178713e-18	0.02596333333333332	Monocyte	0.006283333333333335	0.5467091715493947	0.009839999999999995	0.856172665471518	-0.016123333333333326	-1.4028818370209126
676	PPARD_MA1550.2	PPARD_MA1550.2	PPARD	MA1550.2	5804	1.0367	1.67392	1.51906	-0.02736	-0.01191	0.01063	3.614007241618348e-20	0.025753333333333336	Monocyte	-0.013090000000000001	-1.2445234624372825	0.012663333333333335	1.2039583992358636	0.0004266666666666656	0.040565063201418824
677	SOX4_MA0867.3	SOX4_MA0867.3	SOX4	MA0867.3	5673	0.93457	1.52521	1.39588	-0.01406	0.01623	0.02331	1.734723475976807e-18	0.025636666666666662	Monocyte	0.000723333333333333	0.06902947488306434	0.012456666666666666	1.188770265612959	-0.013179999999999994	-1.2577997404960233
678	ZNF418_MA1980.1	ZNF418_MA1980.1	ZNF418	MA1980.1	9464	1.08295	1.62013	1.46688	-0.00615	0.02147	0.02192	2.3129646346357427e-18	0.023819999999999994	Monocyte	0.005106666666666668	0.4922916285396946	0.009356666666666668	0.9019990870175737	-0.014463333333333328	-1.3942907155572681
679	NR1I3_MA1534.2	NR1I3_MA1534.2	NR1I3	MA1534.2	3395	0.92488	1.4444	1.27427	-0.00438	0.02389	0.02148	1.734723475976807e-18	0.023743333333333328	Monocyte	0.006503333333333335	0.6061640915691864	0.00862	0.8034548133254308	-0.015123333333333329	-1.4096189048946173
680	Gfi1B_MA0483.2	Gfi1B_MA0483.2	Gfi1B	MA0483.2	9184	1.04973	1.65413	1.48429	-0.02486	-0.01459	0.0053	-5.782411586589357e-19	0.02320333333333334	Monocyte	-0.013150000000000002	-1.352531981585333	0.010053333333333336	1.034026985161309	0.0030966666666666642	0.31850499642402363
681	PROX1_MA0794.1	PROX1_MA0794.1	PROX1	MA0794.1	2000	1.04817	1.68516	1.5948	-0.01104	0.01856	0.01932	1.1564823173178713e-18	0.02274666666666666	Monocyte	0.002506666666666668	0.26514540992204255	0.010119999999999999	1.0704540751639906	-0.012626666666666663	-1.3355994850860333
682	Nr1h3Rxra_MA0494.2	Nr1h3Rxra_MA0494.2	Nr1h3::Rxra	MA0494.2	6858	0.99478	1.54729	1.4333	-0.02251	-0.00545	0.01297	-1.4456028966473392e-19	0.021146666666666668	Monocyte	-0.00932	-1.0575084200564353	0.011826666666666666	1.3419312855365637	-0.002506666666666666	-0.28442286548012846
683	ZNF70_MA2565.1	ZNF70_MA2565.1	ZNF70	MA2565.1	31012	1.20916	1.83637	1.75042	-0.02276	-0.00964	0.00669	-1.3010426069826053e-18	0.02061666666666667	Monocyte	-0.010800000000000002	-1.278804020222175	0.009816666666666666	1.1623697035661438	0.0009833333333333322	0.11643431665603139
684	ELK1SREBF2_MA1933.2	ELK1SREBF2_MA1933.2	ELK1::SREBF2	MA1933.2	2615	1.50196	2.35377	2.27916	-0.02326	0.00153	0.015	5.782411586589357e-19	0.019996666666666666	Monocyte	-0.007243333333333332	-0.800749730821331	0.012753333333333334	1.4098796457075071	-0.00551	-0.6091299148861761
685	Yy1_MA0095.4	Yy1_MA0095.4	Yy1	MA0095.4	8621	0.78431	1.29719	1.18995	-0.021	-0.00767	0.00981	-1.6624433311444402e-18	0.019826666666666666	Monocyte	-0.00955666666666667	-1.178394568265762	0.010269999999999998	1.2663528653040852	-0.000713333333333333	-0.0879582970383231
686	ZNF490_MA2495.1	ZNF490_MA2495.1	ZNF490	MA2495.1	5047	1.19854	1.73294	1.66165	-0.02033	-0.00116	0.01688	-2.8912057932946783e-19	0.01956666666666667	Monocyte	-0.007163333333333335	-0.8135012340410888	0.012403333333333334	1.40857984730893	-0.00524	-0.5950786132678414
687	THRB_MA1576.2	THRB_MA1576.2	THRB	MA1576.2	6449	1.10426	1.69572	1.55512	-0.02033	-0.01117	0.00645	-5.782411586589357e-19	0.01942666666666667	Monocyte	-0.0105	-1.3110982989954219	0.008926666666666666	1.1146416649872188	0.0015733333333333328	0.19645663400820287
688	HOXD10_MA1506.2	HOXD10_MA1506.2	HOXD10	MA1506.2	2004	0.82661	1.37959	1.25747	-0.0186	-0.00726	0.01259	-1.3010426069826053e-18	0.019016666666666668	Monocyte	-0.008620000000000003	-1.0960629948062632	0.010396666666666663	1.321972343697113	-0.0017766666666666647	-0.22590934889084963
689	CREB3L1_MA0839.2	CREB3L1_MA0839.2	CREB3L1	MA0839.2	2397	1.34216	2.07085	2.00964	-0.01972	-0.01682	-0.00054	-2.023844055306275e-18	0.018573333333333334	Monocyte	-0.012180000000000002	-1.4136291758641237	0.0063933333333333325	0.7420199122351915	0.005786666666666663	0.6716092636289321
690	HMBOX1_MA0895.2	HMBOX1_MA0895.2	HMBOX1	MA0895.2	2091	0.74533	1.23372	1.06724	-0.00838	0.01137	0.01726	1.1564823173178713e-18	0.01809	Monocyte	0.0009966666666666672	0.13434407702822987	0.008546666666666668	1.1520341588641525	-0.00954333333333333	-1.2863782358923823
691	Dmrtb1_MA2484.1	Dmrtb1_MA2484.1	Dmrtb1	MA2484.1	3636	0.83421	1.34048	1.177	-0.00807	0.01247	0.01558	1.1564823173178713e-18	0.01723333333333333	Monocyte	0.001466666666666667	0.20623854541841788	0.007883333333333332	1.1085321816239964	-0.009349999999999995	-1.3147707270424143
692	RORA_MA0072.2	RORA_MA0072.2	RORA	MA0072.2	3800	0.93302	1.4832	1.41582	-0.01722	-0.00859	0.00731	-1.264902534566422e-19	0.016779999999999996	Monocyte	-0.008603333333333333	-1.2546703793486458	0.008176666666666665	1.1924472842085347	0.00042666666666666683	0.062223095140111116
693	RARB_MA1552.2	RARB_MA1552.2	RARB	MA1552.2	2854	1.17858	1.76862	1.63454	-0.01235	0.00651	0.0128	1.1564823173178713e-18	0.014819999999999996	Monocyte	-0.0019466666666666662	-0.3137331068569321	0.008383333333333333	1.3510937735362738	-0.0064366666666666635	-1.0373606666793418
694	ZFP3_MA2490.1	ZFP3_MA2490.1	ZFP3	MA2490.1	5689	0.92316	1.47456	1.34901	-0.00964	0.01038	0.01218	1.1564823173178713e-18	0.014793333333333328	Monocyte	0.0002466666666666673	0.040826204191267874	0.007273333333333332	1.2038213181803603	-0.007519999999999996	-1.2446475223716282
695	ZNF8_MA1718.1	ZNF8_MA1718.1	ZNF8	MA1718.1	4011	0.76292	1.22517	1.14396	-0.00931	0.00436	0.01449	2.8912057932946783e-19	0.014216666666666662	Monocyte	-0.0016500000000000004	-0.2787144194950031	0.007933333333333332	1.340081451309307	-0.006283333333333331	-1.0613670318143038
696	CREB3L4_MA1475.2	CREB3L4_MA1475.2	CREB3L4	MA1475.2	1009	1.70324	2.34786	2.37187	-0.01215	0.00936	0.01008	8.673617379884035e-19	0.013889999999999996	Monocyte	-0.0009299999999999994	-0.16291288230556636	0.007409999999999999	1.2980478041766088	-0.006479999999999997	-1.1351349218710425
697	ZNF211_MA1974.2	ZNF211_MA1974.2	ZNF211	MA1974.2	2681	0.7394	1.16259	1.09706	-0.00398	0.00889	0.01364	1.1564823173178713e-18	0.013383333333333334	Monocyte	0.0016366666666666673	0.29304975282973783	0.005873333333333335	1.0516367912138456	-0.0075099999999999984	-1.3446865440435833
698	ZNF780B_MA2532.1	ZNF780B_MA2532.1	ZNF780B	MA2532.1	6345	1.11125	1.68362	1.54373	-0.0089	0.00584	0.01222	8.673617379884035e-19	0.013059999999999999	Monocyte	-0.0010199999999999999	-0.18958103525305656	0.00704	1.3084808707661932	-0.006019999999999998	-1.1188998355131365
699	HOXC10_MA0905.2	HOXC10_MA0905.2	HOXC10	MA0905.2	2416	0.82215	1.31918	1.22104	-0.01151	-0.00041	0.01205	0.0	0.01182666666666667	Monocyte	-0.003973333333333335	-0.715493584320405	0.007853333333333334	1.414180272364827	-0.003879999999999999	-0.6986866880444219
700	PAX3_MA1546.2	PAX3_MA1546.2	PAX3	MA1546.2	1403	1.13248	1.72408	1.58714	-0.0116	-0.00868	0.00216	-7.228014483236697e-19	0.011346666666666668	Monocyte	-0.00676	-1.3850977036858547	0.004586666666666667	0.9397901579249195	0.0021733333333333314	0.44530754576093534
701	ZBTB12_MA1649.2	ZBTB12_MA1649.2	ZBTB12	MA1649.2	3669	1.02143	1.60943	1.54754	-0.00972	-0.00386	0.00313	-5.149960319306146e-19	0.008810000000000002	Monocyte	-0.004526666666666668	-1.2571347559957107	0.0042833333333333334	1.1895568199223037	0.00024333333333333344	0.06757793607340729
702	SOX12_MA1561.2	SOX12_MA1561.2	SOX12	MA1561.2	2234	0.92556	1.48151	1.38256	-0.00879	-0.00647	0.00222	-7.228014483236697e-19	0.008756666666666668	Monocyte	-0.005086666666666668	-1.3701118818350675	0.00367	0.9885276421365724	0.001416666666666666	0.38158423969849514
703	CUX1_MA0754.3	CUX1_MA0754.3	CUX1	MA0754.3	1326	0.65663	1.06559	1.04559	-0.00739	-0.00666	0.003	-6.505213034913027e-19	0.008146666666666667	Monocyte	-0.0046833333333333345	-1.3630497850807963	0.003463333333333333	1.0079777414227384	0.0012199999999999995	0.355072043658058
704	HSF5_MA2676.1	HSF5_MA2676.1	HSF5	MA2676.1	1488	0.96573	1.52092	1.38922	-0.00682	-0.00025	0.00775	4.336808689942018e-19	0.007356666666666664	Monocyte	-0.0023566666666666666	-0.6861385556394006	0.004856666666666666	1.4140083105609709	-0.0024999999999999983	-0.7278697549215702
705	SOX10_MA0442.3	SOX10_MA0442.3	SOX10	MA0442.3	16923	0.94781	1.51789	1.3906	-0.0078	0.00097	0.00459	2.168404344971009e-19	0.006406666666666666	Monocyte	-0.002276666666666667	-0.778225085909818	0.00413	1.4117436038686153	-0.0018533333333333325	-0.6335185179587972
706	RFX7_MA1554.2	RFX7_MA1554.2	RFX7	MA1554.2	1702	1.25041	1.8966	1.86764	-0.00774	-0.00435	-0.00105	-5.782411586589357e-19	0.00626	Monocyte	-0.004030000000000001	-1.4115377440816905	0.0022299999999999998	0.7810742355588512	0.001799999999999999	0.6304635085228394
707	ZNF667_MA1984.2	ZNF667_MA1984.2	ZNF667	MA1984.2	5136	1.08662	1.61949	1.53736	-0.00634	-0.00325	0.00186	-1.9877039828900914e-19	0.005930000000000001	Monocyte	-0.0031966666666666675	-1.308510721224042	0.002733333333333334	1.1188517115784302	0.0004633333333333328	0.18965900964561175
708	ZNF16_MA1654.2	ZNF16_MA1654.2	ZNF16	MA1654.2	9994	1.21016	1.84456	1.75201	-0.00753	-0.00062	0.00151	-1.264902534566422e-19	0.00573	Monocyte	-0.0027166666666666667	-1.1566929847559795	0.003013333333333333	1.2830066972017242	-0.0002966666666666668	-0.126313712445745
709	ZNF841_MA2691.1	ZNF841_MA2691.1	ZNF841	MA2691.1	9766	1.21569	1.80222	1.72375	-0.00469	0.00349	0.00267	1.4456028966473392e-19	0.0045066666666666675	Monocyte	-0.00040000000000000024	-0.2148858940508501	0.0024533333333333343	1.3179668168452132	-0.0020533333333333337	-1.103080922794363
710	ZNF131_MA2546.1	ZNF131_MA2546.1	ZNF131	MA2546.1	10633	2.3659	2.41877	4.10511	0.4541	-0.03831	-0.51676	-3.700743415417188e-17	0.5086433333333333	T_NK_cell	0.13859666666666667	0.6035980405512626	-0.3236200000000001	-1.409387415882053	0.1850233333333333	0.8057893753307902
711	CGGBP1_MA2538.1	CGGBP1_MA2538.1	CGGBP1	MA2538.1	8478	2.30825	2.43021	3.96864	0.39459	-0.0617	-0.4793	-3.700743415417188e-17	0.47163000000000005	T_NK_cell	0.11096333333333334	0.5336940584162929	-0.29129666666666676	-1.4010330761194811	0.1803333333333333	0.8673390177031882
712	KLF15_MA1513.2	KLF15_MA1513.2	KLF15	MA1513.2	9899	2.26201	2.39639	3.88689	0.40909	-0.04259	-0.46813	-3.700743415417188e-17	0.4626466666666667	T_NK_cell	0.12216666666666669	0.588210497597955	-0.29240666666666676	-1.4078854371156286	0.17023999999999995	0.8196749395176737
713	FAM200B_MA2588.1	FAM200B_MA2588.1	FAM200B	MA2588.1	3703	2.13184	2.14796	3.54539	0.42578	-0.00985	-0.45997	0.0	0.4518566666666666	T_NK_cell	0.13864333333333337	0.6636763081441349	-0.29524999999999996	-1.4133418843042513	0.1566066666666666	0.7496655761601164
714	ZBED4_MA2328.1	ZBED4_MA2328.1	ZBED4	MA2328.1	10484	2.2684	2.41193	3.862	0.38965	-0.04137	-0.45025	-3.700743415417188e-17	0.44383999999999996	T_NK_cell	0.11609333333333334	0.5836035381494158	-0.2799666666666667	-1.407398104087786	0.16387333333333326	0.8237945659383703
715	ZNF142_MA2583.1	ZNF142_MA2583.1	ZNF142	MA2583.1	7953	2.21615	2.37598	3.75506	0.39012	-0.02826	-0.44223	-1.850371707708594e-17	0.43428	T_NK_cell	0.12062000000000002	0.6130843073655959	-0.27745000000000003	-1.410215893538257	0.15682999999999997	0.7971315861726611
716	SLC2A4RG_MA2539.1	SLC2A4RG_MA2539.1	SLC2A4RG	MA2539.1	4808	2.32568	2.49299	3.86831	0.39586	0.00128	-0.42142	-9.25185853854297e-18	0.41247333333333325	T_NK_cell	0.13238000000000003	0.687116599175902	-0.27242666666666665	-1.4140269279711966	0.1400466666666666	0.7269103287952945
717	EGR3_MA0732.2	EGR3_MA0732.2	EGR3	MA0732.2	6959	1.9223	2.00328	3.12337	0.32178	-0.05613	-0.39144	-3.700743415417188e-17	0.38693	T_NK_cell	0.08854999999999999	0.5211256431723158	-0.23774000000000003	-1.399123776485447	0.14918999999999993	0.877998133313131
718	HINFP_MA0131.3	HINFP_MA0131.3	HINFP	MA0131.3	1992	2.06686	2.21396	3.41122	0.36109	-0.00912	-0.38692	0.0	0.38135	T_NK_cell	0.11732333333333339	0.6650620065877102	-0.2493366666666667	-1.4133961177022842	0.13201333333333332	0.7483341111145739
719	ZNF610_MA1713.2	ZNF610_MA1713.2	ZNF610	MA1713.2	7538	2.08402	2.29384	3.39349	0.31382	-0.02161	-0.35206	-2.7755575615628914e-17	0.3465166666666667	T_NK_cell	0.09740333333333338	0.6190611371706172	-0.22196000000000007	-1.4106992574489932	0.12455666666666661	0.7916381202783761
720	EGR1_MA0162.5	EGR1_MA0162.5	EGR1	MA0162.5	8229	1.85865	2.03206	3.03107	0.30018	-0.0381	-0.34918	0.0	0.34554666666666656	T_NK_cell	0.08736000000000002	0.567269124158008	-0.2164533333333333	-1.4055321980435134	0.12909333333333328	0.8382630738855052
721	TCFL5_MA0632.3	TCFL5_MA0632.3	TCFL5	MA0632.3	2272	2.093	2.30049	3.42288	0.29496	-0.03418	-0.34202	-9.25185853854297e-18	0.33772666666666656	T_NK_cell	0.08692666666666667	0.5758373905894271	-0.21232666666666664	-1.406537698664212	0.12539999999999993	0.8307003080747846
722	ZBTB14_MA1650.2	ZBTB14_MA1650.2	ZBTB14	MA1650.2	3619	1.93306	2.13358	3.19182	0.27671	-0.05006	-0.34042	-9.25185853854297e-18	0.33586999999999995	T_NK_cell	0.07554999999999999	0.5133953425717919	-0.20570999999999998	-1.3978895555320092	0.13015999999999997	0.8844942129602172
723	Nrf1_MA0506.3	Nrf1_MA0506.3	Nrf1	MA0506.3	4323	2.10248	2.30009	3.43328	0.27678	-0.04801	-0.34052	-1.850371707708594e-17	0.33527666666666656	T_NK_cell	0.0762566666666667	0.5183498364491892	-0.20576666666666665	-1.398685815623046	0.1295099999999999	0.880335979173857
724	EGR4_MA0733.2	EGR4_MA0733.2	EGR4	MA0733.2	8532	1.71711	1.87884	2.78248	0.2801	-0.04319	-0.33433	-9.25185853854297e-18	0.3306499999999999	T_NK_cell	0.07896999999999998	0.540589958457882	-0.20480999999999996	-1.4020289906516246	0.12583999999999995	0.8614390321937425
725	Zfp961_MA2126.1	Zfp961_MA2126.1	Zfp961	MA2126.1	4231	1.93329	2.21514	3.25573	0.25661	-0.04695	-0.31579	0.0	0.31171333333333323	T_NK_cell	0.06988666666666667	0.5119349613040667	-0.19079999999999994	-1.3976513013948664	0.12091333333333328	0.8857163400907996
726	EGR2_MA0472.2	EGR2_MA0472.2	EGR2	MA0472.2	3947	1.89051	2.09858	3.06706	0.25682	-0.04298	-0.30924	-9.25185853854297e-18	0.30609333333333333	T_NK_cell	0.07128	0.5290032178616649	-0.18868666666666667	-1.4003346497510942	0.11740666666666665	0.8713314318894294
727	ZFP57_MA1583.2	ZFP57_MA1583.2	ZFP57	MA1583.2	1483	1.96945	2.30165	3.22615	0.22801	-0.06533	-0.3033	-1.850371707708594e-17	0.2999799999999999	T_NK_cell	0.05422666666666664	0.422560575770976	-0.1771033333333333	-1.3800753596808288	0.1228766666666666	0.9575147839098528
728	KLF7_MA1959.2	KLF7_MA1959.2	KLF7	MA1959.2	12567	1.8511	2.10715	2.97145	0.25343	-0.03758	-0.30067	-2.312964634635743e-17	0.29744999999999994	T_NK_cell	0.07195	0.5464813265238522	-0.1847	-1.4028506047109859	0.11274999999999993	0.8563692781871339
729	ZNF93_MA1721.2	ZNF93_MA1721.2	ZNF93	MA1721.2	10179	2.00488	2.30201	3.2386	0.24502	-0.04038	-0.295	1.3877787807814457e-17	0.2917999999999999	T_NK_cell	0.06821333333333335	0.5307548983309404	-0.1800066666666666	-1.4005974403668604	0.11179333333333329	0.8698425420359202
730	VEZF1_MA1578.2	VEZF1_MA1578.2	VEZF1	MA1578.2	8767	1.38869	1.53714	2.22901	0.24421	-0.04448	-0.29239	-4.625929269271485e-18	0.29115666666666656	T_NK_cell	0.0665766666666667	0.5207515295847028	-0.17886666666666665	-1.3990650917496188	0.11228999999999993	0.8783135621649159
731	TFDP1_MA1122.2	TFDP1_MA1122.2	TFDP1	MA1122.2	4068	1.95544	2.36166	3.28497	0.25613	-0.02297	-0.2943	-2.7755575615628914e-17	0.28923333333333334	T_NK_cell	0.07772000000000001	0.5967375216704314	-0.1834766666666667	-1.4087417826945248	0.10575666666666661	0.8120042610240934
732	Foxn1_MA1684.1	Foxn1_MA1684.1	Foxn1	MA1684.1	3854	1.86933	2.2579	3.13836	0.22084	-0.0535	-0.28793	-1.850371707708594e-17	0.28339999999999993	T_NK_cell	0.05577999999999999	0.45633051213065484	-0.16959	-1.3873985577669008	0.11380999999999994	0.9310680456362459
733	ZBTB33_MA0527.2	ZBTB33_MA0527.2	ZBTB33	MA0527.2	869	2.19963	2.62311	3.79847	0.27236	-0.00336	-0.28481	-1.3877787807814457e-17	0.28178	T_NK_cell	0.08966666666666664	0.6826433845846047	-0.18572333333333332	-1.4139346267249226	0.09605666666666664	0.7312912421403179
734	ZIC5_MA1584.2	ZIC5_MA1584.2	ZIC5	MA1584.2	7277	1.78324	2.10432	2.93222	0.2223	-0.0529	-0.28488	0.0	0.28165333333333326	T_NK_cell	0.05646666666666666	0.4639075294249926	-0.16905999999999996	-1.3889292843787941	0.1125933333333333	0.9250217549538015
735	GLIS2_MA0736.1	GLIS2_MA0736.1	GLIS2	MA0736.1	5482	1.5534	1.75252	2.43769	0.24311	-0.02841	-0.28232	-9.25185853854297e-18	0.27871999999999997	T_NK_cell	0.07156666666666668	0.5746822128850179	-0.17514333333333335	-1.4064055664470185	0.10357666666666664	0.8317233535620006
736	SP9_MA1564.2	SP9_MA1564.2	SP9	MA1564.2	12395	1.80248	2.09325	2.93863	0.22889	-0.0466	-0.28025	-1.3877787807814457e-17	0.2786633333333333	T_NK_cell	0.06076333333333334	0.4996690627617627	-0.16971333333333335	-1.3955867387927134	0.10894999999999998	0.895917676030951
737	PATZ1_MA1961.2	PATZ1_MA1961.2	PATZ1	MA1961.2	25974	1.78006	2.05745	2.86841	0.23174	-0.0362	-0.27695	-4.625929269271485e-18	0.2739466666666666	T_NK_cell	0.06518000000000002	0.5388431029832166	-0.16956333333333332	-1.4017801884858974	0.10438333333333329	0.8629370855026807
738	E2F1_MA0024.3	E2F1_MA0024.3	E2F1	MA0024.3	795	2.01077	2.34306	3.271	0.21441	-0.04036	-0.27769	-2.312964634635743e-17	0.27004999999999996	T_NK_cell	0.05801666666666667	0.49320159262253616	-0.16403333333333334	-1.394452764892559	0.1060166666666666	0.9012511722700232
739	E2F8_MA0865.3	E2F8_MA0865.3	E2F8	MA0865.3	2597	1.74557	2.04605	2.82974	0.21909	-0.04499	-0.27218	-1.850371707708594e-17	0.26948	T_NK_cell	0.05803333333333334	0.4942421839839149	-0.1637566666666667	-1.3946373218022845	0.1057233333333333	0.9003951378183698
740	ZIC4_MA0751.2	ZIC4_MA0751.2	ZIC4	MA0751.2	7301	1.80563	2.1329	2.88892	0.2172	-0.04206	-0.26923	-1.3877787807814457e-17	0.2659066666666666	T_NK_cell	0.05838000000000003	0.5026690961512995	-0.16214333333333336	-1.39610213795179	0.10376333333333329	0.8934330418004903
741	ZBTB41_MA2510.1	ZBTB41_MA2510.1	ZBTB41	MA2510.1	18538	1.57268	1.83315	2.49114	0.20911	-0.04089	-0.25992	-1.3877787807814457e-17	0.2566133333333332	T_NK_cell	0.05607333333333332	0.5005913839542062	-0.15634333333333328	-1.3957459090241424	0.10026999999999991	0.8951545250699361
742	ZIC1_MA0696.1	ZIC1_MA0696.1	ZIC1	MA0696.1	7394	1.76791	2.11953	2.82937	0.19988	-0.04267	-0.2506	-4.625929269271485e-18	0.24791666666666662	T_NK_cell	0.05240333333333335	0.4862000829112265	-0.15016	-1.393190085553395	0.09775666666666662	0.9069900026421682
743	TCF12_MA1648.2	TCF12_MA1648.2	TCF12	MA1648.2	8508	1.61263	1.6431	2.33428	0.23438	-0.00483	-0.25141	-9.25185853854297e-18	0.24734333333333333	T_NK_cell	0.07651666666666668	0.6679213770480469	-0.16193000000000002	-1.413502617103771	0.08541333333333331	0.745581240055724
744	KLF12_MA0742.2	KLF12_MA0742.2	KLF12	MA0742.2	16520	1.78021	2.09368	2.86784	0.21408	-0.02847	-0.24869	-9.25185853854297e-18	0.24664333333333333	T_NK_cell	0.06187000000000002	0.5635554676877739	-0.15425666666666668	-1.4050781950426754	0.09238666666666663	0.8415227273549016
745	KLF11_MA1512.2	KLF11_MA1512.2	KLF11	MA1512.2	12250	1.65593	1.96999	2.68363	0.18542	-0.05869	-0.24541	-1.850371707708594e-17	0.2449766666666666	T_NK_cell	0.04224333333333333	0.4047196707865142	-0.14361	-1.3758808156312934	0.1013666666666666	0.9711611448447792
746	ZNF454_MA1712.2	ZNF454_MA1712.2	ZNF454	MA1712.2	14780	1.72854	2.06295	2.76088	0.20437	-0.0284	-0.24533	-1.850371707708594e-17	0.2411433333333333	T_NK_cell	0.05865666666666666	0.5490814208791742	-0.1499	-1.4032046085660312	0.09124333333333329	0.8541231876868571
747	KLF16_MA0741.1	KLF16_MA0741.1	KLF16	MA0741.1	15537	1.67779	1.99733	2.6733	0.19568	-0.0425	-0.24235	-1.850371707708594e-17	0.24096000000000004	T_NK_cell	0.051060000000000015	0.4872697464409802	-0.14601000000000006	-1.393385344258666	0.09494999999999998	0.9061155978176857
748	SP1_MA0079.5	SP1_MA0079.5	SP1	MA0079.5	18707	1.76538	2.0788	2.78433	0.20665	-0.02871	-0.24366	-4.625929269271485e-18	0.24089333333333335	T_NK_cell	0.059313333333333364	0.5547753355252897	-0.15010333333333337	-1.4039613428143929	0.09079	0.8491860072891033
749	ZBTB7B_MA0694.2	ZBTB7B_MA0694.2	ZBTB7B	MA0694.2	4580	1.41267	1.68851	2.30174	0.20173	-0.03636	-0.23999	-9.25185853854297e-18	0.2393566666666667	T_NK_cell	0.05512333333333336	0.5239658602078637	-0.14724000000000004	-1.3995658207112385	0.09211666666666665	0.8755999605033746
750	KLF2_MA1515.2	KLF2_MA1515.2	KLF2	MA1515.2	14848	1.63614	1.96848	2.62825	0.1903	-0.04539	-0.24115	-1.3877787807814457e-17	0.23933000000000004	T_NK_cell	0.04830333333333333	0.46668077568944255	-0.1438166666666667	-1.3894791296060314	0.09551333333333333	0.9227983539165886
751	TBX2_MA0688.2	TBX2_MA0688.2	TBX2	MA0688.2	5928	1.04454	1.24901	1.72292	0.12912	-0.11117	-0.23582	-1.850371707708594e-17	0.23730999999999997	T_NK_cell	0.005983333333333329	0.06170055278107024	-0.12164666666666667	-1.2544289544247198	0.11566333333333328	1.1927284016436495
752	E2F4_MA0470.3	E2F4_MA0470.3	E2F4	MA0470.3	974	1.85395	2.2022	2.99834	0.17442	-0.05463	-0.24013	-1.850371707708594e-17	0.23643666666666663	T_NK_cell	0.03993000000000001	0.39703832043227544	-0.13818333333333335	-1.3740064757926342	0.09825333333333329	0.976968155360359
753	PLAGL2_MA1548.2	PLAGL2_MA1548.2	PLAGL2	MA1548.2	6601	1.50379	1.75752	2.31452	0.20683	-0.02123	-0.23892	-9.25185853854297e-18	0.23529999999999995	T_NK_cell	0.06186666666666667	0.586119766960278	-0.14858333333333332	-1.4076664122981888	0.08671666666666662	0.8215466453379108
754	TBX3_MA1566.3	TBX3_MA1566.3	TBX3	MA1566.3	5677	1.01428	1.24547	1.71341	0.11732	-0.12041	-0.23347	-1.850371707708594e-17	0.23489	T_NK_cell	-0.001029999999999998	-0.010740779380544381	-0.11693000000000002	-1.2193391582204656	0.11795999999999997	1.2300799376010099
755	SP3_MA0746.3	SP3_MA0746.3	SP3	MA0746.3	13477	1.7259	2.06744	2.75335	0.18497	-0.04656	-0.23477	-4.625929269271485e-18	0.23368999999999995	T_NK_cell	0.046136666666666666	0.4575813773740075	-0.1399133333333333	-1.387654124261006	0.09377666666666663	0.9300727468869986
756	ZBED5_MA2602.1	ZBED5_MA2602.1	ZBED5	MA2602.1	5069	1.64176	2.0217	2.66133	0.17123	-0.05657	-0.23628	4.625929269271485e-18	0.23345333333333324	T_NK_cell	0.03822	0.3858088750226672	-0.1358366666666666	-1.371192871624691	0.09761666666666662	0.9853839966020239
757	ZNF407_MA2553.1	ZNF407_MA2553.1	ZNF407	MA2553.1	5609	1.63978	2.02793	2.71859	0.1711	-0.05901	-0.23372	0.0	0.2325166666666666	T_NK_cell	0.03736333333333335	0.37919762562335435	-0.13493999999999998	-1.3694957873570006	0.09757666666666662	0.9902981617336463
758	E2F2_MA0864.3	E2F2_MA0864.3	E2F2	MA0864.3	1252	1.76409	2.16443	2.85649	0.15973	-0.06493	-0.23545	-2.312964634635743e-17	0.2318533333333333	T_NK_cell	0.03160000000000001	0.32491777338129973	-0.1317266666666667	-1.3544409882365178	0.1001266666666666	1.029523214855218
759	TBX21_MA0690.3	TBX21_MA0690.3	TBX21	MA0690.3	5754	0.99417	1.26036	1.72582	0.10095	-0.13463	-0.22886	-1.850371707708594e-17	0.23109999999999997	T_NK_cell	-0.011226666666666673	-0.11857538903132414	-0.10993666666666667	-1.161144568183523	0.12116333333333329	1.279719957214847
760	KLF10_MA1511.2	KLF10_MA1511.2	KLF10	MA1511.2	18588	1.66239	2.00901	2.63162	0.19102	-0.0346	-0.23101	-4.625929269271485e-18	0.22921333333333327	T_NK_cell	0.05214000000000001	0.5184083824375461	-0.14067666666666664	-1.3986951134133578	0.08853666666666661	0.8802867309758118
761	TBX5_MA0807.1	TBX5_MA0807.1	TBX5	MA0807.1	7125	1.14261	1.27571	1.7442	0.15113	-0.07335	-0.22636	-4.625929269271485e-18	0.22573333333333326	T_NK_cell	0.025926666666666667	0.275929832392246	-0.12582999999999997	-1.339171412056427	0.09990333333333329	1.063241579664181
762	CTCFL_MA1102.3	CTCFL_MA1102.3	CTCFL	MA1102.3	9626	1.95388	2.24063	2.95944	0.21693	0.00049	-0.2302	-9.25185853854297e-18	0.22561333333333328	T_NK_cell	0.07247333333333335	0.6875843787008309	-0.14904333333333333	-1.4140355222541734	0.07656999999999996	0.7264511435533426
763	ZBTB7A_MA0750.4	ZBTB7A_MA0750.4	ZBTB7A	MA0750.4	7066	1.14038	1.37095	1.82426	0.17719	-0.04323	-0.22655	-1.3877787807814457e-17	0.22450666666666663	T_NK_cell	0.04465333333333332	0.46062520861483897	-0.13458	-1.3882712878930654	0.08992666666666664	0.9276460792782266
764	ZNF740_MA0753.3	ZNF740_MA0753.3	ZNF740	MA0753.3	13453	1.50315	1.76745	2.32854	0.18566	-0.03331	-0.22401	-1.3877787807814457e-17	0.22232999999999997	T_NK_cell	0.05078333333333334	0.5202622846879261	-0.1365566666666667	-1.398988186203496	0.0857733333333333	0.87872590151557
765	ZNF148_MA1653.2	ZNF148_MA1653.2	ZNF148	MA1653.2	23466	1.68012	2.01767	2.64928	0.19228	-0.02053	-0.22093	-4.625929269271485e-18	0.21822333333333332	T_NK_cell	0.05725000000000003	0.58504673869645	-0.13773666666666667	-1.407552622397438	0.08048666666666664	0.8225058837009879
766	TBR1_MA0802.2	TBR1_MA0802.2	TBR1	MA0802.2	5756	0.96767	1.22499	1.61227	0.11494	-0.1046	-0.2149	-1.850371707708594e-17	0.21644666666666662	T_NK_cell	0.003446666666666666	0.038990507178385356	-0.10994666666666666	-1.243774553937965	0.10649999999999994	1.2047840467595794
767	MAZ_MA1522.2	MAZ_MA1522.2	MAZ	MA1522.2	16284	1.67581	2.02061	2.66808	0.18287	-0.02797	-0.21798	-2.312964634635743e-17	0.21559999999999996	T_NK_cell	0.05163333333333334	0.5418534025522443	-0.1336166666666667	-1.402207465545946	0.08198333333333328	0.8603540629937017
768	TBX4_MA0806.1	TBX4_MA0806.1	TBX4	MA0806.1	5448	1.14046	1.36931	1.81357	0.11086	-0.1055	-0.21464	-1.850371707708594e-17	0.2152133333333333	T_NK_cell	0.0017866666666666755	0.020333170060022242	-0.10850000000000001	-1.234784860921108	0.10671333333333329	1.2144516908610856
769	TFAP2A_MA0872.1	TFAP2A_MA0872.1	TFAP2A	MA0872.1	6134	1.63925	1.95032	2.53668	0.17875	-0.02644	-0.21818	-1.3877787807814457e-17	0.21385000000000004	T_NK_cell	0.05077	0.5378356958751243	-0.13231000000000004	-1.4016356297269588	0.08153999999999999	0.8637999338518342
770	EOMES_MA0800.2	EOMES_MA0800.2	EOMES	MA0800.2	5464	1.04354	1.29161	1.67437	0.10991	-0.10424	-0.21139	-1.3877787807814457e-17	0.21230999999999997	T_NK_cell	0.0018899999999999857	0.021802955098240255	-0.1071	-1.2355007889002814	0.10520999999999997	1.213697833802041
771	SP2_MA0516.3	SP2_MA0516.3	SP2	MA0516.3	18137	1.69904	2.1015	2.72652	0.16709	-0.03539	-0.20823	-9.25185853854297e-18	0.2063133333333333	T_NK_cell	0.04390000000000001	0.48905328650809116	-0.12510666666666667	-1.393709031831562	0.08120666666666664	0.9046557453234708
772	TBX1_MA0805.1	TBX1_MA0805.1	TBX1	MA0805.1	5494	1.13001	1.38316	1.80096	0.09998	-0.10665	-0.20502	-9.25185853854297e-18	0.20555666666666658	T_NK_cell	-0.0022233333333333315	-0.026489419407266547	-0.10166666666666664	-1.2112852952348327	0.10388999999999994	1.2377747146420992
773	HES1_MA1099.3	HES1_MA1099.3	HES1	MA1099.3	2351	1.85013	2.2237	2.86735	0.18286	-0.01559	-0.20637	-1.3877787807814457e-17	0.20372999999999997	T_NK_cell	0.05575666666666668	0.6057625446541588	-0.12974333333333335	-1.4095830409262757	0.07398666666666663	0.8038204962721169
774	TFAP2C_MA0815.1	TFAP2C_MA0815.1	TFAP2C	MA0815.1	5774	1.64369	1.97366	2.54086	0.1678	-0.02547	-0.20762	-9.25185853854297e-18	0.20283666666666658	T_NK_cell	0.04744333333333334	0.5310119158501693	-0.12513999999999997	-1.4006358002421868	0.07769666666666661	0.8696238843920175
775	Banp_MA2503.1	Banp_MA2503.1	Banp	MA2503.1	424	2.16036	2.73037	3.7343	0.14876	-0.05308	-0.20202	-1.3877787807814457e-17	0.20195999999999997	T_NK_cell	0.03189333333333333	0.3731154712358539	-0.11692666666666666	-1.3679080790145566	0.0850333333333333	0.9947926077787027
776	KLF8_MA2681.1	KLF8_MA2681.1	KLF8	MA2681.1	22826	1.69859	2.09451	2.65702	0.16583	-0.0311	-0.20281	-1.850371707708594e-17	0.20084999999999997	T_NK_cell	0.04491000000000001	0.5107398231473406	-0.12288000000000002	-1.3974551206489683	0.07796999999999996	0.8867152975016277
777	SP8_MA0747.2	SP8_MA0747.2	SP8	MA0747.2	14462	1.51714	1.8654	2.41228	0.15285	-0.04606	-0.20011	-1.3877787807814457e-17	0.19970999999999994	T_NK_cell	0.03559666666666668	0.417173333311054	-0.11765333333333333	-1.3788322850966335	0.08205666666666661	0.9616589517855796
778	KLF14_MA0740.2	KLF14_MA0740.2	KLF14	MA0740.2	19480	1.60014	2.00143	2.51154	0.15772	-0.034	-0.19646	-9.25185853854297e-18	0.19487999999999994	T_NK_cell	0.04124000000000002	0.4866920824666016	-0.11806	-1.3932800013580733	0.07681999999999994	0.9065879188914716
779	KLF3_MA1516.2	KLF3_MA1516.2	KLF3	MA1516.2	9124	1.58423	1.99189	2.57792	0.15034	-0.04154	-0.19512	-9.25185853854297e-18	0.1940399999999999	T_NK_cell	0.036266666666666676	0.43556253053461413	-0.1151533333333333	-1.3829911010890412	0.0788866666666666	0.9474285705544272
780	TBX15_MA0803.1	TBX15_MA0803.1	TBX15	MA0803.1	7932	1.10529	1.34732	1.74342	0.10149	-0.09155	-0.19394	-4.625929269271485e-18	0.19363999999999992	T_NK_cell	0.003313333333333331	0.04189430943053322	-0.09847666666666664	-1.2451545105696595	0.0951633333333333	1.2032602011391262
781	KLF6_MA1517.2	KLF6_MA1517.2	KLF6	MA1517.2	10215	1.56153	1.97796	2.53621	0.13984	-0.05065	-0.19115	-1.3877787807814457e-17	0.19093	T_NK_cell	0.029729999999999996	0.3682557042680572	-0.11033000000000001	-1.3666213202790023	0.08059999999999998	0.9983656160109452
782	TFAP2A_MA0810.2	TFAP2A_MA0810.2	TFAP2A	MA0810.2	10383	1.68038	2.01268	2.57535	0.1723	-0.01039	-0.19476	-4.625929269271485e-18	0.19073666666666664	T_NK_cell	0.05397	0.6223711772508448	-0.12235333333333333	-1.4109540134747396	0.06838333333333331	0.7885828362238945
783	TFAP2E_MA1569.2	TFAP2E_MA1569.2	TFAP2E	MA1569.2	6933	1.67187	2.00023	2.55362	0.17286	-0.00699	-0.19223	-1.850371707708594e-17	0.18810333333333334	T_NK_cell	0.05529	0.641622758599892	-0.12169666666666669	-1.4122508768145807	0.06640666666666664	0.7706281182146888
784	TFAP2B_MA0813.1	TFAP2B_MA0813.1	TFAP2B	MA0813.1	6305	1.62448	1.96857	2.48663	0.15903	-0.02006	-0.19191	-4.625929269271485e-18	0.18763666666666662	T_NK_cell	0.04632333333333336	0.5560241024592102	-0.11698	-1.4041239009644895	0.07065666666666663	0.8480997985052792
785	SP4_MA0685.2	SP4_MA0685.2	SP4	MA0685.2	20725	1.62916	2.01691	2.53575	0.15274	-0.02815	-0.18592	-4.625929269271485e-18	0.18424333333333331	T_NK_cell	0.04153000000000001	0.5143267172251484	-0.11288666666666666	-1.3980406618145012	0.07135666666666664	0.8837139445893526
786	ZNF669_MA1985.1	ZNF669_MA1985.1	ZNF669	MA1985.1	2964	1.62181	2.05484	2.59845	0.12864	-0.05018	-0.18675	-4.625929269271485e-18	0.18410666666666664	T_NK_cell	0.026153333333333327	0.33788569581219546	-0.10513	-1.3582178129264382	0.07897666666666665	1.0203321171142425
787	TBX18_MA1565.2	TBX18_MA1565.2	TBX18	MA1565.2	10047	0.98048	1.27492	1.58341	0.08544	-0.09809	-0.18336	-1.3877787807814457e-17	0.18341666666666662	T_NK_cell	-0.004216666666666668	-0.05626807692825285	-0.08959999999999999	-1.1956410338588463	0.09381666666666662	1.2519091107870992
788	ZNF215_MA2547.1	ZNF215_MA2547.1	ZNF215	MA2547.1	9818	1.39813	1.67197	2.12731	0.1312	-0.04765	-0.18462	-1.3877787807814457e-17	0.18269666666666665	T_NK_cell	0.027850000000000007	0.3610244989087035	-0.10527333333333334	-1.364676926934131	0.0774233333333333	1.0036524280254275
789	ZNF865_MA2515.1	ZNF865_MA2515.1	ZNF865	MA2515.1	5342	1.46363	1.75094	2.13711	0.1507	-0.0275	-0.18259	-4.625929269271485e-18	0.1811266666666666	T_NK_cell	0.04106666666666667	0.5169383375098324	-0.11109666666666665	-1.3984608645182792	0.07002999999999997	0.8815225270084467
790	KLF17_MA1514.2	KLF17_MA1514.2	KLF17	MA1514.2	12099	1.40585	1.78895	2.19171	0.11991	-0.05911	-0.18105	-4.625929269271485e-18	0.18037333333333327	T_NK_cell	0.020266666666666665	0.2701551811819914	-0.10031999999999998	-1.3372681468508567	0.0800533333333333	1.0671129656688652
791	PRDM13_MA2536.1	PRDM13_MA2536.1	PRDM13	MA2536.1	12428	1.57552	1.76025	2.27791	0.16268	-0.01132	-0.183	4.625929269271485e-18	0.17999999999999994	T_NK_cell	0.05045333333333334	0.6176419782620187	-0.11522666666666664	-1.410587202996925	0.06477333333333331	0.7929452247349064
792	CTCF_MA1930.2	CTCF_MA1930.2	CTCF	MA1930.2	11350	2.04463	2.484	3.15022	0.1496	-0.0198	-0.1806	-2.312964634635743e-17	0.17686666666666667	T_NK_cell	0.043266666666666655	0.5517325973340131	-0.1100666666666667	-1.4035601204906865	0.06679999999999998	0.8518275231566736
793	TBX20_MA0689.1	TBX20_MA0689.1	TBX20	MA0689.1	5502	1.03466	1.40619	1.70797	0.06242	-0.11728	-0.17412	-1.3877787807814457e-17	0.17597999999999997	T_NK_cell	-0.01828666666666667	-0.2505094640509461	-0.07884666666666666	-1.0801222863035145	0.0971333333333333	1.3306317503544607
794	ZNF281_MA1630.3	ZNF281_MA1630.3	ZNF281	MA1630.3	25877	1.56997	1.96095	2.44661	0.15362	-0.01759	-0.17743	-9.25185853854297e-18	0.17535666666666666	T_NK_cell	0.04534333333333335	0.578055985421206	-0.11035000000000002	-1.4067884582348757	0.06500666666666664	0.8287324728136699
795	KLF9_MA1107.3	KLF9_MA1107.3	KLF9	MA1107.3	16685	1.42436	1.82774	2.21019	0.11557	-0.05827	-0.17588	-1.850371707708594e-17	0.17519999999999997	T_NK_cell	0.019099999999999995	0.2624021256193224	-0.09715	-1.3346788745506364	0.07804999999999995	1.0722767489313139
796	KLF1_MA0493.3	KLF1_MA0493.3	KLF1	MA0493.3	21531	1.59606	1.99367	2.45057	0.14534	-0.02614	-0.17682	0.0	0.17503999999999997	T_NK_cell	0.039733333333333336	0.5174651211730922	-0.10738666666666666	-1.3985449952778806	0.06765333333333332	0.8810798741047882
797	Tbx6_MA1567.3	Tbx6_MA1567.3	Tbx6	MA1567.3	7556	1.03066	1.37468	1.69386	0.07348	-0.10213	-0.17394	-1.850371707708594e-17	0.17449666666666666	T_NK_cell	-0.009550000000000001	-0.1334594552648403	-0.08247333333333336	-1.1525493340881972	0.0920233333333333	1.2860087893530374
798	ZNF676_MA2569.1	ZNF676_MA2569.1	ZNF676	MA2569.1	3065	1.49381	1.98898	2.33592	0.11069	-0.06026	-0.17241	-1.3877787807814457e-17	0.17192333333333332	T_NK_cell	0.016810000000000012	0.23613929248554555	-0.09436666666666668	-1.3256203391365822	0.07755666666666662	1.0894810466510365
799	YY2_MA0748.3	YY2_MA0748.3	YY2	MA0748.3	787	1.72547	2.13925	2.82698	0.1643	-0.00329	-0.17223	-4.625929269271485e-18	0.17068333333333335	T_NK_cell	0.05367000000000002	0.676409257242872	-0.11217666666666669	-1.4137755874786884	0.05850666666666665	0.7373663302358164
800	RREB1_MA0073.2	RREB1_MA0073.2	RREB1	MA0073.2	16657	1.21255	1.56899	1.8994	0.10984	-0.05847	-0.16879	-9.25185853854297e-18	0.16862999999999997	T_NK_cell	0.01712333333333333	0.2449704968719177	-0.09287666666666666	-1.3287157785365464	0.07575333333333331	1.083745281664629
801	GCM2_MA0767.2	GCM2_MA0767.2	GCM2	MA0767.2	2728	1.37437	1.70644	2.15218	0.1478	-0.01839	-0.16965	0.0	0.1684966666666666	T_NK_cell	0.043136666666666656	0.5732610415880803	-0.10581666666666663	-1.4062415396965928	0.06267999999999997	0.8329804981085125
802	KLF4_MA0039.5	KLF4_MA0039.5	KLF4	MA0039.5	23816	1.53149	1.90363	2.31413	0.14113	-0.02306	-0.17014	-4.625929269271485e-18	0.16815666666666662	T_NK_cell	0.03935666666666667	0.5313013191273246	-0.10375666666666666	-1.4006789328767872	0.06439999999999997	0.8693776137494624
803	ZBTB8A_MA2578.1	ZBTB8A_MA2578.1	ZBTB8A	MA2578.1	16299	1.51853	1.96221	2.43206	0.11975	-0.04396	-0.16901	-9.25185853854297e-18	0.1672433333333333	T_NK_cell	0.025263333333333332	0.3579640001930907	-0.09625333333333333	-1.3638433130460064	0.07098999999999997	1.0058793128529158
804	RUNX2_MA0511.2	RUNX2_MA0511.2	RUNX2	MA0511.2	3723	1.40137	1.96553	2.36695	0.04004	-0.13101	-0.16391	-2.312964634635743e-17	0.16628999999999997	T_NK_cell	-0.03032333333333333	-0.4259298600648435	-0.06798333333333335	-0.9549125531518622	0.09830666666666661	1.3808424132167056
805	GLIS1_MA0735.2	GLIS1_MA0735.2	GLIS1	MA0735.2	2805	1.37791	1.72399	2.11266	0.15748	-0.0062	-0.16755	-1.1564823173178714e-17	0.16625999999999996	T_NK_cell	0.05042666666666668	0.6576993426929685	-0.10834333333333335	-1.413088427786194	0.05791666666666663	0.7553890850932256
806	E2F6_MA0471.3	E2F6_MA0471.3	E2F6	MA0471.3	9147	1.5221	2.01941	2.50635	0.1175	-0.0428	-0.16494	0.0	0.16339333333333325	T_NK_cell	0.024900000000000002	0.3609238267771605	-0.09414666666666663	-1.364649606893456	0.06924666666666662	1.0037257801162953
807	ZBTB7C_MA0695.3	ZBTB7C_MA0695.3	ZBTB7C	MA0695.3	5844	1.31104	1.64794	2.06509	0.12222	-0.03722	-0.16334	-1.3877787807814457e-17	0.16204	T_NK_cell	0.028333333333333342	0.40991620644574084	-0.09518666666666668	-1.3771255519134784	0.0668533333333333	0.9672093454677377
808	SPDEF_MA0686.2	SPDEF_MA0686.2	SPDEF	MA0686.2	1889	1.52822	2.02537	2.62051	0.06282	-0.10331	-0.15913	-1.3877787807814457e-17	0.1614633333333333	T_NK_cell	-0.01349666666666667	-0.2026392214946262	-0.07398333333333333	-1.1107872366197162	0.08747999999999996	1.3134264581143424
809	MGA_MA0801.1	MGA_MA0801.1	MGA	MA0801.1	7693	0.95815	1.32013	1.54479	0.0563	-0.10423	-0.15956	-1.850371707708594e-17	0.15988333333333327	T_NK_cell	-0.015976666666666674	-0.24118440344819325	-0.07195333333333333	-1.086210417866201	0.08792999999999995	1.3273948213143942
810	KLF5_MA0599.1	KLF5_MA0599.1	KLF5	MA0599.1	22848	1.57671	2.01634	2.41893	0.12916	-0.02617	-0.16076	-4.625929269271485e-18	0.15894999999999998	T_NK_cell	0.034330000000000006	0.4955044235754014	-0.09664	-1.3948601076121985	0.06230999999999998	0.8993556840367971
811	PLAG1_MA0163.1	PLAG1_MA0163.1	PLAG1	MA0163.1	14898	1.34191	1.71217	2.06288	0.1252	-0.02905	-0.16102	-1.3877787807814457e-17	0.15876333333333328	T_NK_cell	0.03205000000000001	0.46677449338484256	-0.09540666666666667	-1.3894976130692618	0.06335666666666662	0.9227231196844192
812	AhrArnt_MA0006.2	AhrArnt_MA0006.2	Ahr::Arnt	MA0006.2	19227	1.40423	1.8337	2.21099	0.11422	-0.0408	-0.15973	0.0	0.15815999999999997	T_NK_cell	0.02447333333333334	0.36610769827492906	-0.09131666666666666	-1.3660474522257802	0.06684333333333331	0.999939753950851
813	TFAP2B_MA0812.2	TFAP2B_MA0812.2	TFAP2B	MA0812.2	7496	1.6136	1.9941	2.47101	0.14615	-0.00537	-0.16121	-9.25185853854297e-18	0.15798	T_NK_cell	0.04692666666666668	0.6469924313638654	-0.10245333333333335	-1.412555716039193	0.05552666666666665	0.7655632846753276
814	TFAP2B_MA0811.2	TFAP2B_MA0811.2	TFAP2B	MA0811.2	8468	1.57639	1.92664	2.33251	0.1433	-0.00487	-0.16102	-9.25185853854297e-18	0.15673666666666664	T_NK_cell	0.04614333333333334	0.6424305276513309	-0.10144	-1.4122983325496854	0.05529666666666663	0.7698678048983544
815	ZNF18_MA2492.1	ZNF18_MA2492.1	ZNF18	MA2492.1	7228	1.0424	1.44631	1.65288	0.0605	-0.09263	-0.15384	-1.850371707708594e-17	0.1536033333333333	T_NK_cell	-0.01071	-0.16955878310284483	-0.07144666666666667	-1.1311307055793283	0.08215666666666661	1.300689488682173
816	Wt1_MA1627.2	Wt1_MA1627.2	Wt1	MA1627.2	16434	1.51152	1.88961	2.28739	0.13016	-0.01925	-0.15523	0.0	0.15328999999999998	T_NK_cell	0.03697000000000001	0.5451110154210939	-0.09512999999999999	-1.4026619122804609	0.05815999999999998	0.857550896859367
817	GLI3_MA1491.3	GLI3_MA1491.3	GLI3	MA1491.3	5357	1.24305	1.66115	1.96789	0.08476	-0.06748	-0.15237	-1.850371707708594e-17	0.1523266666666666	T_NK_cell	0.00576	0.09242568810687643	-0.07904333333333334	-1.2683393183323806	0.07328333333333328	1.175913630225504
818	ZNF682_MA1599.2	ZNF682_MA1599.2	ZNF682	MA1599.2	9361	1.48345	1.87535	2.24889	0.11991	-0.02615	-0.15346	-4.625929269271485e-18	0.1509933333333333	T_NK_cell	0.03125333333333334	0.4772632453885352	-0.09112333333333333	-1.3915257401009364	0.05986999999999998	0.9142624947124013
819	ZNF417_MA1727.2	ZNF417_MA1727.2	ZNF417	MA1727.2	4733	1.56872	1.98901	2.46938	0.1093	-0.03613	-0.15081	-6.938893903907228e-18	0.14901666666666663	T_NK_cell	0.024390000000000012	0.38571543866494085	-0.08670333333333333	-1.371169095956508	0.0623133333333333	0.985453657291567
820	ZNF800_MA2571.1	ZNF800_MA2571.1	ZNF800	MA2571.1	1329	1.71415	2.24336	2.79602	0.09325	-0.05545	-0.14824	-9.25185853854297e-18	0.1483933333333333	T_NK_cell	0.012599999999999997	0.20577149087152571	-0.08049666666666666	-1.3145967547768442	0.06789666666666663	1.1088252639053184
821	TFAP2C_MA0524.3	TFAP2C_MA0524.3	TFAP2C	MA0524.3	8568	1.55858	1.93717	2.31665	0.13302	-0.00687	-0.15199	-1.1564823173178714e-17	0.14795666666666665	T_NK_cell	0.04204999999999999	0.6245839846664953	-0.09500333333333334	-1.4111191555275293	0.05295333333333332	0.786535170861034
822	ZNF784_MA1717.2	ZNF784_MA1717.2	ZNF784	MA1717.2	2448	1.15274	1.41488	1.78664	0.11616	-0.03328	-0.14592	-2.3129646346357427e-18	0.1470933333333333	T_NK_cell	0.027626666666666678	0.43748959749559885	-0.08736	-1.383413051540136	0.05973333333333331	0.9459234540445371
823	HES2_MA0616.3	HES2_MA0616.3	HES2	MA0616.3	2280	1.6489	2.10444	2.47083	0.11675	-0.02525	-0.14895	-9.25185853854297e-18	0.14663333333333334	T_NK_cell	0.030500000000000017	0.47933933988676225	-0.08856666666666668	-1.3919176241301925	0.05806666666666664	0.9125782842434305
824	GCM1_MA0646.2	GCM1_MA0646.2	GCM1	MA0646.2	2705	1.37007	1.7579	2.13244	0.08855	-0.05673	-0.14478	-2.312964634635743e-17	0.14494666666666667	T_NK_cell	0.010606666666666658	0.17782209014026015	-0.07777666666666669	-1.3039355214464752	0.06716999999999997	1.1261134313062153
825	ZNF66_MA2581.1	ZNF66_MA2581.1	ZNF66	MA2581.1	11195	1.62322	2.05343	2.45828	0.12162	-0.01744	-0.14716	-6.938893903907228e-18	0.14446	T_NK_cell	0.03472666666666667	0.5435947170894039	-0.08959333333333334	-1.4024514115885	0.054866666666666654	0.8588566944990963
826	TCF7L2_MA0523.2	TCF7L2_MA0523.2	TCF7L2	MA0523.2	5948	0.89194	1.33643	1.61051	0.02938	-0.11559	-0.13298	-4.625929269271485e-18	0.13697666666666664	T_NK_cell	-0.028736666666666667	-0.4829862954401303	-0.054119999999999994	-0.90961205112701	0.08285666666666665	1.3925983465671403
827	ZNF460_MA1596.1	ZNF460_MA1596.1	ZNF460	MA1596.1	34622	1.20472	1.64295	1.93539	0.06482	-0.06887	-0.13578	-1.3877787807814457e-17	0.1350833333333333	T_NK_cell	-0.0013500000000000035	-0.024476119833625062	-0.06686666666666667	-1.212323367561784	0.06821666666666663	1.236799487395409
828	ZNF335_MA2511.1	ZNF335_MA2511.1	ZNF335	MA2511.1	5754	1.18242	1.54157	1.82886	0.11682	-0.01038	-0.13434	-6.938893903907228e-18	0.13195999999999997	T_NK_cell	0.035480000000000005	0.5970276522893164	-0.08372	-1.408769871749198	0.04823999999999998	0.8117422194598818
829	GLIS3_MA0737.1	GLIS3_MA0737.1	GLIS3	MA0737.1	4422	1.23594	1.60624	1.84644	0.10501	-0.02322	-0.13153	-1.3877787807814457e-17	0.13043	T_NK_cell	0.02726333333333333	0.48142776476651045	-0.07884666666666669	-1.392308637704736	0.051583333333333314	0.9108808729382254
830	ZNF524_MA2096.1	ZNF524_MA2096.1	ZNF524	MA2096.1	6175	1.15937	1.58284	1.87529	0.07423	-0.05573	-0.12929	-1.61907524424502e-17	0.12951333333333329	T_NK_cell	0.006166666666666663	0.1162357519571623	-0.06784	-1.2787189318011685	0.06167333333333329	1.162483179844006
831	Bcl11B_MA1989.2	Bcl11B_MA1989.2	Bcl11B	MA1989.2	8056	1.25204	1.76354	2.04045	0.0344	-0.09497	-0.12455	-4.625929269271485e-18	0.12615666666666664	T_NK_cell	-0.020190000000000003	-0.3777692848524834	-0.05298333333333333	-0.9913559159204594	0.07317333333333331	1.3691252007729426
832	ZNF275_MA2550.1	ZNF275_MA2550.1	ZNF275	MA2550.1	11306	1.14976	1.52978	1.75421	0.07179	-0.04873	-0.12306	-6.938893903907228e-18	0.12221333333333331	T_NK_cell	0.007686666666666659	0.15315573184649695	-0.06495	-1.2941194427705949	0.05726333333333331	1.1409637109240982
833	ELK3_MA0759.3	ELK3_MA0759.3	ELK3	MA0759.3	1659	1.87362	2.68579	3.17602	0.04632	-0.07746	-0.12135	-1.3877787807814457e-17	0.12215999999999998	T_NK_cell	-0.010380000000000002	-0.20591631859852264	-0.05589000000000001	-1.1087343975406014	0.06626999999999997	1.314650716139124
834	Hnf1A_MA1991.2	Hnf1A_MA1991.2	Hnf1A	MA1991.2	5810	0.92108	1.41681	1.67161	0.0208	-0.10507	-0.11921	-9.25185853854297e-18	0.12142999999999995	T_NK_cell	-0.028090000000000007	-0.5259834021142705	-0.04666999999999999	-0.8738926798388393	0.07475999999999997	1.3998760819531098
835	ZNF692_MA1986.2	ZNF692_MA1986.2	ZNF692	MA1986.2	9234	1.35281	1.77993	2.00999	0.09139	-0.02508	-0.12346	-6.938893903907228e-18	0.12113	T_NK_cell	0.02210333333333333	0.42619322223520084	-0.07161666666666668	-1.3809020328341561	0.049513333333333326	0.9547088105989553
836	ZNF213_MA2121.1	ZNF213_MA2121.1	ZNF213	MA2121.1	27609	1.25315	1.72536	1.93683	0.07107	-0.04512	-0.12079	-1.1564823173178714e-17	0.11925666666666664	T_NK_cell	0.008649999999999998	0.17628225903484065	-0.06395333333333333	-1.3033338812494983	0.0553033333333333	1.1270516222146578
837	ZBED2_MA1971.2	ZBED2_MA1971.2	ZBED2	MA1971.2	909	1.22331	1.65411	1.80231	0.11318	0.0023	-0.12168	0.0	0.11807999999999996	T_NK_cell	0.038493333333333345	0.6953328670942128	-0.07828666666666666	-1.4141485726164422	0.03979333333333331	0.7188157055222295
838	ETV5_MA0765.4	ETV5_MA0765.4	ETV5	MA0765.4	1537	1.92122	2.69228	3.16505	0.05923	-0.05711	-0.11522	-1.3877787807814457e-17	0.11559333333333333	T_NK_cell	0.000706666666666659	0.014973836908046151	-0.058150000000000014	-1.2321631361361451	0.05744333333333331	1.217189299228099
839	ZNF746_MA2570.1	ZNF746_MA2570.1	ZNF746	MA2570.1	16656	1.38061	1.83353	2.09335	0.0893	-0.02132	-0.1165	0.0	0.11453999999999998	T_NK_cell	0.02266000000000001	0.4584277925809658	-0.0686	-1.387826415315721	0.04593999999999998	0.929398622734755
840	ZXDA_MA2596.1	ZXDA_MA2596.1	ZXDA	MA2596.1	12117	1.30423	1.77098	2.00359	0.06649	-0.04538	-0.11583	-6.938893903907228e-18	0.11450999999999997	T_NK_cell	0.007036666666666669	0.14967631713664994	-0.06077333333333333	-1.2927042226600653	0.05373666666666664	1.1430279055234154
841	ZXDC_MA2577.1	ZXDC_MA2577.1	ZXDC	MA2577.1	9951	1.30351	1.78126	2.00364	0.08591	-0.02429	-0.11541	-6.938893903907228e-18	0.11367333333333332	T_NK_cell	0.020540000000000003	0.42240219388570377	-0.06710666666666668	-1.3800391053727663	0.04656666666666665	0.9576369114870623
842	ZNF320_MA1976.3	ZNF320_MA1976.3	ZNF320	MA1976.3	9035	1.27729	1.69403	1.89434	0.08999	-0.01962	-0.11529	-6.938893903907228e-18	0.11339666666666667	T_NK_cell	0.023456666666666667	0.47699788314423647	-0.06842666666666668	-1.3914754220811258	0.04496999999999999	0.9144775389368894
843	Runx1_MA0002.3	Runx1_MA0002.3	Runx1	MA0002.3	9387	1.27438	1.86504	2.09154	0.0056	-0.10868	-0.10972	-9.25185853854297e-18	0.11124	T_NK_cell	-0.03436	-0.6671285777128713	-0.038440000000000016	-0.7463452423539808	0.07279999999999999	1.413473820066852
844	ZBTB8B_MA2579.1	ZBTB8B_MA2579.1	ZBTB8B	MA2579.1	1982	1.31331	1.78586	2.1054	0.05423	-0.05464	-0.11162	-9.25185853854297e-18	0.11070333333333335	T_NK_cell	-0.00013666666666666805	-0.0030239634417529118	-0.05528333333333335	-1.2232300897920716	0.05541999999999999	1.2262540532338244
845	Gli1_MA1990.2	Gli1_MA1990.2	Gli1	MA1990.2	7199	1.14501	1.59882	1.77813	0.05736	-0.04944	-0.11034	-6.938893903907228e-18	0.10915999999999995	T_NK_cell	0.0026400000000000013	0.05918822709145257	-0.05589999999999999	-1.2532658690955256	0.05325999999999997	1.1940776420040728
846	HES5_MA0821.2	HES5_MA0821.2	HES5	MA0821.2	2071	1.30657	1.7728	2.00616	0.05082	-0.05525	-0.10962	-9.25185853854297e-18	0.10843666666666663	T_NK_cell	-0.0014766666666666687	-0.033347337538365385	-0.05347999999999999	-1.2077306624504216	0.05495666666666663	1.2410779999887869
847	DMTF1_MA2594.1	DMTF1_MA2594.1	DMTF1	MA2594.1	5099	1.29099	1.83204	2.06418	0.03626	-0.06864	-0.10728	-9.25185853854297e-18	0.10648666666666662	T_NK_cell	-0.010793333333333335	-0.2445369125662886	-0.047846666666666655	-1.0840280552737824	0.05863999999999996	1.3285649678400708
848	Zbtb2_MA2340.1	Zbtb2_MA2340.1	Zbtb2	MA2340.1	2918	1.9144	2.70994	2.98877	0.06119	-0.04306	-0.10743	-6.938893903907228e-18	0.10636999999999998	T_NK_cell	0.0060433333333333355	0.1384970006055652	-0.05620666666666667	-1.288106135803109	0.05016333333333331	1.1496091351975437
849	ZFTA_MA2603.1	ZFTA_MA2603.1	ZFTA	MA2603.1	8709	1.37805	1.83248	2.0122	0.08856	-0.01215	-0.10889	-9.25185853854297e-18	0.10616333333333333	T_NK_cell	0.02547	0.5426766650739601	-0.06581666666666668	-1.4023230927738954	0.04034666666666665	0.8596464276999356
850	HOXA9_MA0594.3	HOXA9_MA0594.3	HOXA9	MA0594.3	206	1.16309	1.78129	1.63914	0.04012	-0.06697	-0.10544	-1.1564823173178714e-17	0.10598999999999997	T_NK_cell	-0.00895	-0.2046622231734607	-0.04852	-1.1095207897627177	0.057469999999999966	1.3141830129361787
851	TCF7_MA0769.3	TCF7_MA0769.3	TCF7	MA0769.3	2881	0.83459	1.27674	1.51689	0.01118	-0.10273	-0.10013	-4.625929269271485e-18	0.1047233333333333	T_NK_cell	-0.030516666666666668	-0.6372226944910718	-0.03710333333333332	-0.7747597828924213	0.06761999999999997	1.411982477383493
852	HEY1_MA0823.1	HEY1_MA0823.1	HEY1	MA0823.1	2122	1.52987	2.00512	2.2187	0.06823	-0.03124	-0.10725	-9.25185853854297e-18	0.10465666666666662	T_NK_cell	0.012329999999999997	0.2827567109735004	-0.05849333333333332	-1.341393556140303	0.04616333333333329	1.0586368451668025
853	ZBED1_MA0749.2	ZBED1_MA0749.2	ZBED1	MA0749.2	338	1.33697	1.95696	2.16219	-0.05299	-0.10789	-0.04088	-6.938893903907228e-18	0.10321666666666665	T_NK_cell	-0.05362666666666667	-1.2697332866706625	0.00403666666666667	0.09557726318735557	0.04958999999999998	1.174156023483307
854	KLF13_MA0657.2	KLF13_MA0657.2	KLF13	MA0657.2	4226	1.47562	1.97869	2.22026	0.08217	-0.01609	-0.10168	-4.625929269271485e-18	0.10053999999999998	T_NK_cell	0.022026666666666667	0.5017343801088653	-0.06128333333333333	-1.3959422787986508	0.03925666666666665	0.8942078986897857
855	ZXDB_MA2576.1	ZXDB_MA2576.1	ZXDB	MA2576.1	9887	1.24155	1.74523	1.90117	0.06958	-0.0273	-0.10194	-4.625929269271485e-18	0.10025333333333333	T_NK_cell	0.014093333333333338	0.3345676469624494	-0.05717333333333334	-1.3572621288315818	0.043079999999999986	1.0226944818691324
856	HEY2_MA0649.2	HEY2_MA0649.2	HEY2	MA0649.2	2146	1.5047	2.03024	2.15655	0.07154	-0.02197	-0.10128	-2.3129646346357427e-18	0.09869	T_NK_cell	0.016523333333333338	0.39388230017730885	-0.057606666666666674	-1.3732245131459047	0.041083333333333326	0.9793422129685956
857	TGIF2LX_MA1571.1	TGIF2LX_MA1571.1	TGIF2LX	MA1571.1	2833	1.24805	1.62131	1.71997	0.07097	-0.02381	-0.10053	-9.25185853854297e-18	0.09861333333333333	T_NK_cell	0.015719999999999998	0.3763907560246482	-0.05716666666666668	-1.3687662141269537	0.04144666666666665	0.9923754581023054
858	HIF1A_MA1106.2	HIF1A_MA1106.2	HIF1A	MA1106.2	3182	1.38309	1.9302	2.09481	0.05196	-0.04176	-0.09773	-4.625929269271485e-18	0.0963933333333333	T_NK_cell	0.0034000000000000002	0.08623798049085496	-0.04989666666666666	-1.2655846372231427	0.046496666666666644	1.179346656732288
859	HIF3A_MA2674.1	HIF3A_MA2674.1	HIF3A	MA2674.1	3182	1.38309	1.9302	2.09481	0.05196	-0.04176	-0.09773	-4.625929269271485e-18	0.0963933333333333	T_NK_cell	0.0034000000000000002	0.08623798049085496	-0.04989666666666666	-1.2655846372231427	0.046496666666666644	1.179346656732288
860	NPAS3_MA2683.1	NPAS3_MA2683.1	NPAS3	MA2683.1	3182	1.38309	1.9302	2.09481	0.05196	-0.04176	-0.09773	-4.625929269271485e-18	0.0963933333333333	T_NK_cell	0.0034000000000000002	0.08623798049085496	-0.04989666666666666	-1.2655846372231427	0.046496666666666644	1.179346656732288
861	Zfx_MA0146.3	Zfx_MA0146.3	Zfx	MA0146.3	13023	1.31781	1.80157	2.02983	0.0597	-0.03307	-0.09777	-4.625929269271485e-18	0.09610333333333332	T_NK_cell	0.008876666666666665	0.22340828505869714	-0.052489999999999995	-1.3210703209986114	0.043613333333333316	1.0976620359399143
862	Zic1Zic2_MA1628.2	Zic1Zic2_MA1628.2	Zic1::Zic2	MA1628.2	9742	1.52413	2.07188	2.32474	0.06591	-0.0255	-0.09754	-2.3129646346357427e-18	0.09549666666666665	T_NK_cell	0.013470000000000003	0.33563419210179524	-0.05448333333333333	-1.3575701237079536	0.04101333333333332	1.0219359316061583
863	Zic3_MA0697.3	Zic3_MA0697.3	Zic3	MA0697.3	9742	1.52413	2.07188	2.32474	0.06591	-0.0255	-0.09754	-2.3129646346357427e-18	0.09549666666666665	T_NK_cell	0.013470000000000003	0.33563419210179524	-0.05448333333333333	-1.3575701237079536	0.04101333333333332	1.0219359316061583
864	FEV_MA0156.4	FEV_MA0156.4	FEV	MA0156.4	2134	1.93941	2.77853	3.13246	0.03502	-0.0599	-0.09446	-6.938893903907228e-18	0.09461333333333331	T_NK_cell	-0.008293333333333337	-0.21227748299118904	-0.04316	-1.1047302450843715	0.051453333333333316	1.3170077280755605
865	HES7_MA0822.1	HES7_MA0822.1	HES7	MA0822.1	2587	1.24383	1.64588	1.86027	0.03054	-0.06471	-0.09334	-9.25185853854297e-18	0.09397666666666665	T_NK_cell	-0.011390000000000004	-0.29054593822681896	-0.041293333333333335	-1.053345941689738	0.05268333333333331	1.3438918799165567
866	ZSCAN29_MA1602.2	ZSCAN29_MA1602.2	ZSCAN29	MA1602.2	1742	1.333	1.83541	1.9879	0.05907	-0.03388	-0.09447	-2.3129646346357427e-18	0.09396333333333332	T_NK_cell	0.00839666666666666	0.21631340286567513	-0.05117999999999999	-1.3184898720125355	0.04278333333333332	1.1021764691468603
867	ZNF574_MA1982.2	ZNF574_MA1982.2	ZNF574	MA1982.2	6962	1.4154	1.91322	2.13522	0.06071	-0.02799	-0.09521	-4.625929269271485e-18	0.09303999999999998	T_NK_cell	0.010906666666666667	0.2814009543298376	-0.05197333333333333	-1.3409546698993964	0.04106666666666665	1.059553715569559
868	INSM1_MA0155.1	INSM1_MA0155.1	INSM1	MA0155.1	10396	1.27998	1.76713	1.9214	0.06678	-0.02272	-0.09398	-2.3129646346357427e-18	0.09248666666666665	T_NK_cell	0.01468666666666667	0.37504573076950803	-0.053586666666666664	-1.368414699920701	0.03889999999999998	0.9933689691511927
869	ZNF549_MA1728.2	ZNF549_MA1728.2	ZNF549	MA1728.2	11332	1.45073	1.96301	2.16992	0.07914	-0.00862	-0.09415	-6.938893903907228e-18	0.09201999999999999	T_NK_cell	0.023506666666666672	0.5722176001394721	-0.05776333333333334	-1.4061200783915069	0.03425666666666665	0.8339024782520348
870	ETS1_MA0098.4	ETS1_MA0098.4	ETS1	MA0098.4	3527	1.70966	2.61974	2.79137	-0.0118	-0.0923	-0.07743	-1.61907524424502e-17	0.09127666666666662	T_NK_cell	-0.0347	-0.8600429881040256	-0.02187666666666667	-0.5422153824137097	0.05657666666666662	1.4022583705177352
871	ZNF853_MA2514.1	ZNF853_MA2514.1	ZNF853	MA2514.1	1154	1.46714	2.00441	2.29973	0.06268	-0.02192	-0.09287	0.0	0.09011333333333332	T_NK_cell	0.013586666666666669	0.3573334689634608	-0.05184999999999999	-1.3636707825629615	0.03826333333333332	1.0063373135995006
872	ETV2_MA0762.2	ETV2_MA0762.2	ETV2	MA0762.2	3883	1.64826	2.55128	2.65451	-0.02712	-0.08901	-0.06228	-1.1564823173178714e-17	0.08913999999999998	T_NK_cell	-0.03871000000000001	-1.0371635094968659	-0.011720000000000003	-0.3140159217593196	0.050429999999999975	1.3511794312561856
873	ZNF672_MA2587.1	ZNF672_MA2587.1	ZNF672	MA2587.1	19166	1.19465	1.69494	1.81491	0.04833	-0.03818	-0.09044	-6.938893903907228e-18	0.08912999999999999	T_NK_cell	0.0033833333333333315	0.09278117105015035	-0.04625666666666667	-1.2684968577959945	0.04287333333333332	1.1757156867458443
874	TGIF2_MA0797.1	TGIF2_MA0797.1	TGIF2	MA0797.1	4865	1.08983	1.49675	1.55222	0.04092	-0.0453	-0.09013	-2.3129646346357427e-18	0.08882666666666664	T_NK_cell	-0.00146	-0.040244746361129076	-0.04368333333333332	-1.2041264864442858	0.04514333333333331	1.2443712328054148
875	TGIF1_MA0796.1	TGIF1_MA0796.1	TGIF1	MA0796.1	5036	1.10747	1.48374	1.53679	0.04876	-0.03588	-0.08981	-2.3129646346357427e-18	0.08808666666666665	T_NK_cell	0.004293333333333334	0.11896466798845079	-0.046189999999999995	-1.2798861834751252	0.04189666666666665	1.1609215154866743
876	FLI1_MA0475.3	FLI1_MA0475.3	FLI1	MA0475.3	2685	1.78566	2.65732	2.9237	0.01125	-0.07801	-0.0869	-6.938893903907228e-18	0.08768666666666664	T_NK_cell	-0.022253333333333333	-0.5690854824685067	-0.032716666666666665	-0.8366647708850199	0.05496999999999998	1.4057502533535264
877	RUNX3_MA0684.3	RUNX3_MA0684.3	RUNX3	MA0684.3	6619	1.07033	1.6185	1.73924	-0.01244	-0.08696	-0.07098	-9.25185853854297e-18	0.08577999999999997	T_NK_cell	-0.033133333333333334	-0.8802743258316618	-0.01951333333333333	-0.5184231291165539	0.05264666666666663	1.3986974549482154
878	SP140L_MA2540.1	SP140L_MA2540.1	SP140L	MA2540.1	2781	1.46301	1.96025	2.12007	0.07049	-0.01292	-0.08639	-2.3129646346357427e-18	0.08539666666666665	T_NK_cell	0.01919	0.5129549679900697	-0.052293333333333324	-1.3978178804634722	0.03310333333333332	0.8848629124734025
879	SOHLH2_MA1560.2	SOHLH2_MA1560.2	SOHLH2	MA1560.2	1386	1.35713	1.93403	2.03231	0.01993	-0.06326	-0.08562	-1.1564823173178714e-17	0.08480999999999997	T_NK_cell	-0.014443333333333336	-0.4001100992466818	-0.03518333333333333	-0.9746508418067683	0.04962666666666663	1.3747609410534503
880	NR2C2_MA0504.2	NR2C2_MA0504.2	NR2C2	MA0504.2	11180	1.26847	1.79829	1.94448	0.05517	-0.02689	-0.08589	-4.625929269271485e-18	0.08461333333333333	T_NK_cell	0.009426666666666667	0.2679515265255892	-0.047020000000000006	-1.336536150342984	0.037593333333333326	1.068584623817395
881	TGIF2LY_MA1572.1	TGIF2LY_MA1572.1	TGIF2LY	MA1572.1	2585	1.22921	1.65233	1.71497	0.05426	-0.02793	-0.0857	-4.625929269271485e-18	0.08452999999999995	T_NK_cell	0.008776666666666667	0.25031258769321163	-0.04665333333333332	-1.3305639868416963	0.037876666666666635	1.0802513991484848
882	FOXN3_MA1489.1	FOXN3_MA1489.1	FOXN3	MA1489.1	884	0.93571	1.2697	1.47573	0.08153	-0.0013	-0.08439	-3.469446951953614e-18	0.08387	T_NK_cell	0.02674333333333334	0.683714329877788	-0.05530666666666668	-1.4139583897958687	0.028563333333333326	0.7302440599180807
883	ZNF816_MA1719.2	ZNF816_MA1719.2	ZNF816	MA1719.2	9934	1.31379	1.82966	1.97665	0.06637	-0.01403	-0.08524	-6.938893903907228e-18	0.08362666666666665	T_NK_cell	0.017446666666666662	0.48061111604186296	-0.050536666666666674	-1.3921561196619572	0.03308999999999999	0.911545003620094
884	ZNF770_MA2099.1	ZNF770_MA2099.1	ZNF770	MA2099.1	16911	1.0537	1.54691	1.66576	0.01378	-0.06843	-0.08392	-9.25185853854297e-18	0.08335	T_NK_cell	-0.018216666666666673	-0.5006782500312045	-0.032566666666666674	-0.8950826171646603	0.05078333333333332	1.3957608671958646
885	FERD3L_MA1485.1	FERD3L_MA1485.1	FERD3L	MA1485.1	4921	1.5138	1.99499	2.158	0.07887	0.00156	-0.08438	-4.625929269271485e-18	0.08202333333333334	T_NK_cell	0.026810000000000007	0.6967297630073505	-0.05441666666666668	-1.4141630462632095	0.02760666666666666	0.717433283255859
886	Plagl1_MA1615.2	Plagl1_MA1615.2	Plagl1	MA1615.2	10519	1.29137	1.75492	1.89301	0.06447	-0.01189	-0.08437	-4.625929269271485e-18	0.08169999999999997	T_NK_cell	0.017526666666666663	0.49257212967135217	-0.04961333333333332	-1.3943407337444662	0.032086666666666645	0.9017686040731141
887	Gli2_MA0734.4	Gli2_MA0734.4	Gli2	MA0734.4	9480	1.06341	1.53396	1.62115	0.03238	-0.04803	-0.08175	-6.938893903907228e-18	0.08130333333333332	T_NK_cell	-0.00521666666666667	-0.15620497881533812	-0.03804333333333334	-1.1391485132392687	0.043259999999999986	1.2953534920546066
888	ZNF500_MA2585.1	ZNF500_MA2585.1	ZNF500	MA2585.1	4129	1.23394	1.71802	1.79825	0.06669	-0.01046	-0.08213	-3.469446951953614e-18	0.08046999999999997	T_NK_cell	0.01874333333333334	0.5291069486141496	-0.04960666666666666	-1.4003502773031777	0.03086333333333331	0.8712433286890281
889	ZNF678_MA2520.1	ZNF678_MA2520.1	ZNF678	MA2520.1	4326	1.16961	1.62166	1.79163	0.05035	-0.02966	-0.0804	-9.25185853854297e-18	0.08026999999999998	T_NK_cell	0.006896666666666665	0.20816377453143686	-0.043583333333333335	-1.3154863953593687	0.036686666666666645	1.1073226208279316
890	GSCTBX21_MA2629.1	GSCTBX21_MA2629.1	GSC::TBX21	MA2629.1	5165	0.96078	1.38155	1.4757	0.03472	-0.04691	-0.0794	-2.3129646346357427e-18	0.08014333333333332	T_NK_cell	-0.004063333333333335	-0.12371504550391568	-0.03803999999999999	-1.1581920420760343	0.04210333333333332	1.28190708757995
891	MTF1_MA0863.1	MTF1_MA0863.1	MTF1	MA0863.1	3068	1.37455	1.8594	2.06805	0.06215	-0.01387	-0.08037	0.0	0.07891999999999998	T_NK_cell	0.01609333333333333	0.4709845210323457	-0.047506666666666655	-1.3903213325917545	0.03141333333333332	0.9193368115594087
892	CUX2_MA0755.2	CUX2_MA0755.2	CUX2	MA0755.2	1010	0.65296	0.97826	1.0807	0.0636	-0.01872	-0.0769	-2.3129646346357427e-18	0.07870666666666665	T_NK_cell	0.01496	0.4422326052356285	-0.046833333333333324	-1.3844403082799865	0.031873333333333316	0.9422077030443577
893	ERF_MA0760.2	ERF_MA0760.2	ERF	MA0760.2	3770	1.7309	2.73524	2.70982	-0.04776	-0.07938	-0.02928	-9.25185853854297e-18	0.07859999999999999	T_NK_cell	-0.04238000000000001	-1.3087275157531133	0.006160000000000001	0.19022561342706917	0.03621999999999998	1.118501902326044
894	SP5_MA1965.2	SP5_MA1965.2	SP5	MA1965.2	42304	1.24114	1.75944	1.89896	0.04147	-0.0347	-0.07922	-4.625929269271485e-18	0.07820333333333332	T_NK_cell	0.002256666666666665	0.07059533453454139	-0.040229999999999995	-1.2585156462295106	0.03797333333333332	1.1879203116949695
895	ZNF850_MA2591.1	ZNF850_MA2591.1	ZNF850	MA2591.1	11214	1.2584	1.7823	1.89448	0.04165	-0.0292	-0.07663	-4.625929269271485e-18	0.07470333333333332	T_NK_cell	0.00415	0.1354511035201587	-0.039426666666666665	-1.2868398814750486	0.03527666666666665	1.15138877795489
896	ZSCAN25_MA2517.1	ZSCAN25_MA2517.1	ZSCAN25	MA2517.1	16452	1.33513	1.83315	1.9268	0.05086	-0.01883	-0.076	-4.625929269271485e-18	0.07389666666666664	T_NK_cell	0.010676666666666664	0.3433180109426867	-0.04228666666666666	-1.3597665584823355	0.031609999999999985	1.0164485475396492
897	ZNF331_MA1726.2	ZNF331_MA1726.2	ZNF331	MA1726.2	9895	1.40605	1.88731	2.05724	0.0507	-0.01969	-0.07524	-2.3129646346357427e-18	0.07362333333333332	T_NK_cell	0.010336666666666673	0.3341679639780655	-0.04198	-1.3571465134923424	0.03164333333333332	1.0229785495142767
898	ELK1_MA0028.3	ELK1_MA0028.3	ELK1	MA0028.3	2264	1.92653	2.81456	3.05537	0.02788	-0.04504	-0.07292	-1.1564823173178714e-17	0.07291999999999996	T_NK_cell	-0.00572	-0.19039393582287886	-0.0336	-1.1183979446938355	0.039319999999999966	1.3087918805167147
899	ZNF135_MA1587.1	ZNF135_MA1587.1	ZNF135	MA1587.1	27242	0.85626	1.33587	1.35587	-0.00808	-0.07269	-0.06433	-9.25185853854297e-18	0.07259666666666666	T_NK_cell	-0.026923333333333337	-0.8292308314963946	-0.018750000000000003	-0.5774945434155279	0.045673333333333316	1.4067253749119226
900	Lef1_MA0768.3	Lef1_MA0768.3	Lef1	MA0768.3	4389	0.91481	1.41441	1.521	-0.0017	-0.07328	-0.06622	-4.625929269271485e-18	0.07149333333333333	T_NK_cell	-0.024993333333333336	-0.7594158385585206	-0.021506666666666667	-0.6534743918884468	0.046499999999999986	1.4128902304469673
901	ETV4_MA0764.4	ETV4_MA0764.4	ETV4	MA0764.4	2379	1.9374	2.78919	3.03379	0.02813	-0.04278	-0.07023	-2.3129646346357427e-18	0.07045666666666664	T_NK_cell	-0.004883333333333335	-0.16856321891645606	-0.03278666666666666	-1.131732301202909	0.03766999999999999	1.3002955201193651
902	PKNOX2_MA0783.1	PKNOX2_MA0783.1	PKNOX2	MA0783.1	5613	1.09904	1.47596	1.51762	0.03759	-0.0295	-0.07126	-2.3129646346357427e-18	0.06986999999999999	T_NK_cell	0.002696666666666666	0.09432871440032985	-0.036283333333333334	-1.2691817753369468	0.03358666666666666	1.1748530609366166
903	SREBF1_MA0829.3	SREBF1_MA0829.3	SREBF1	MA0829.3	4283	0.94811	1.38364	1.39843	0.03342	-0.03406	-0.07084	-4.625929269271485e-18	0.06971999999999998	T_NK_cell	-0.0002133333333333345	-0.007494986705302698	-0.03475333333333333	-1.220980177960737	0.03496666666666665	1.22847516466604
904	RORC_MA1151.2	RORC_MA1151.2	RORC	MA1151.2	3918	0.97563	1.55363	1.56396	-0.03779	-0.06973	-0.03116	-9.25185853854297e-18	0.06946999999999999	T_NK_cell	-0.03584000000000001	-1.261792822707365	0.002210000000000001	0.07780586323056052	0.03362999999999998	1.1839869594768042
905	ETS2_MA1484.2	ETS2_MA1484.2	ETS2	MA1484.2	3105	1.80149	2.66216	2.79763	-0.0013	-0.06889	-0.06699	-1.1564823173178714e-17	0.06868999999999997	T_NK_cell	-0.023396666666666673	-0.7303908602078922	-0.021896666666666665	-0.6835642628160197	0.045293333333333304	1.413955123023912
906	Npas2_MA0626.2	Npas2_MA0626.2	Npas2	MA0626.2	2308	1.43671	2.02616	2.1032	0.01902	-0.04568	-0.06913	-9.25185853854297e-18	0.0676533333333333	T_NK_cell	-0.00888666666666667	-0.31373743545940563	-0.02938333333333333	-1.0373576495028736	0.03826999999999997	1.3510950849622791
907	TFAP2A_MA0003.5	TFAP2A_MA0003.5	TFAP2A	MA0003.5	10509	1.40648	1.9423	2.11472	0.04417	-0.01886	-0.06889	-4.625929269271485e-18	0.06693666666666664	T_NK_cell	0.008436666666666669	0.30162871836317506	-0.03768666666666667	-1.347378225924162	0.029249999999999984	1.0457495075609868
908	ZNF530_MA1981.2	ZNF530_MA1981.2	ZNF530	MA1981.2	19832	1.35118	1.94335	2.0746	0.04834	-0.01503	-0.06824	-3.469446951953614e-18	0.06661666666666666	T_NK_cell	0.011103333333333337	0.3922503867870904	-0.03886	-1.372817474981656	0.02775666666666665	0.9805670881945657
909	ZNF836_MA2573.1	ZNF836_MA2573.1	ZNF836	MA2573.1	4600	1.36668	1.9668	2.10318	0.02928	-0.03534	-0.06547	-4.625929269271485e-18	0.06518666666666667	T_NK_cell	-0.002020000000000002	-0.07579552612255247	-0.03158333333333334	-1.1850868151999763	0.033603333333333325	1.260882341322529
910	TBXT_MA0009.2	TBXT_MA0009.2	TBXT	MA0009.2	2199	0.96827	1.47402	1.53268	0.00246	-0.0647	-0.06379	-6.938893903907228e-18	0.0649133333333333	T_NK_cell	-0.020746666666666667	-0.6849277547379256	-0.022083333333333323	-0.7290562942060981	0.04282999999999997	1.4139840489440239
911	NR1I2_MA1533.2	NR1I2_MA1533.2	NR1I2	MA1533.2	3397	1.24685	1.71482	1.81885	0.0372	-0.02528	-0.06577	-1.1564823173178713e-18	0.0646733333333333	T_NK_cell	0.003973333333333332	0.14964435213987715	-0.034323333333333324	-1.292691186228452	0.030349999999999988	1.1430468340885747
912	TFAP2C_MA0814.3	TFAP2C_MA0814.3	TFAP2C	MA0814.3	14446	1.22339	1.74542	1.85983	0.02802	-0.03228	-0.06551	-4.625929269271485e-18	0.06377333333333332	T_NK_cell	-0.0014200000000000022	-0.05450070413006979	-0.031176666666666665	-1.196584708282966	0.032596666666666656	1.251085412413036
913	LEUTX_MA2597.1	LEUTX_MA2597.1	LEUTX	MA2597.1	8607	0.62003	1.11086	1.03761	-0.04429	-0.06453	-0.01736	-1.1564823173178713e-18	0.06357	T_NK_cell	-0.03627333333333333	-1.357671831974076	0.008976666666666662	0.33598697330510807	0.027296666666666667	1.021684858668968
914	ZNF648_MA2512.1	ZNF648_MA2512.1	ZNF648	MA2512.1	16491	1.37728	1.91436	2.05806	0.04912	-0.01056	-0.06474	0.0	0.06305333333333332	T_NK_cell	0.012853333333333335	0.4708387412741839	-0.037953333333333325	-1.3902930259719544	0.02509999999999999	0.9194542846977705
915	Npas4_MA1995.2	Npas4_MA1995.2	Npas4	MA1995.2	444	1.21738	1.86104	1.92087	-0.03208	-0.06154	-0.03185	-6.938893903907228e-18	0.06233666666666665	T_NK_cell	-0.03120666666666667	-1.2262483792946843	7.666666666666644e-05	0.0030125734590664612	0.031129999999999984	1.2232358058356179
916	ZNF449_MA1656.2	ZNF449_MA1656.2	ZNF449	MA1656.2	8915	1.26185	1.81484	1.88803	0.02269	-0.03599	-0.06383	-6.938893903907228e-18	0.062113333333333326	T_NK_cell	-0.004433333333333336	-0.17351123047970735	-0.028840000000000008	-1.1287362151206237	0.03327333333333332	1.302247445600331
917	Zic2_MA1629.2	Zic2_MA1629.2	Zic2	MA1629.2	12011	1.39575	1.94705	2.05428	0.03885	-0.01866	-0.06401	-1.1564823173178713e-18	0.06184333333333332	T_NK_cell	0.00673	0.2619491326674573	-0.03428666666666666	-1.3345263886168721	0.027556666666666656	1.0725772559494147
918	Prdm14_MA1998.2	Prdm14_MA1998.2	Prdm14	MA1998.2	5457	0.80492	1.20383	1.25449	0.03026	-0.03117	-0.06141	-5.782411586589357e-18	0.06141666666666665	T_NK_cell	-0.00030333333333333487	-0.012097444291042253	-0.030556666666666666	-1.2186513386372073	0.030859999999999985	1.2307487829282497
919	ARNTHIF1A_MA0259.2	ARNTHIF1A_MA0259.2	ARNT::HIF1A	MA0259.2	11949	1.33214	1.9058	2.00672	0.04117	-0.01624	-0.06259	-3.469446951953614e-18	0.060863333333333325	T_NK_cell	0.00831	0.32546494915383206	-0.03458666666666667	-1.354602612282455	0.02627666666666666	1.0291376631286229
920	MYCN_MA0104.5	MYCN_MA0104.5	MYCN	MA0104.5	1594	1.51188	2.18101	2.31922	0.03841	-0.01633	-0.06306	-4.625929269271485e-18	0.06028666666666666	T_NK_cell	0.00736	0.2925726038890494	-0.03382333333333334	-1.3445354219484518	0.026463333333333325	1.0519628180594025
921	USF3_MA2601.1	USF3_MA2601.1	USF3	MA2601.1	1594	1.51188	2.18101	2.31922	0.03841	-0.01633	-0.06306	-4.625929269271485e-18	0.06028666666666666	T_NK_cell	0.00736	0.2925726038890494	-0.03382333333333334	-1.3445354219484518	0.026463333333333325	1.0519628180594025
922	ESR1_MA0112.4	ESR1_MA0112.4	ESR1	MA0112.4	5434	1.06222	1.64704	1.58758	-0.03668	-0.05961	-0.02432	-6.938893903907228e-18	0.06007333333333334	T_NK_cell	-0.032096666666666676	-1.2996042368343106	0.004119999999999994	0.1668201097442318	0.02797666666666666	1.1327841270900787
923	BHLHE40_MA0464.3	BHLHE40_MA0464.3	BHLHE40	MA0464.3	1661	1.32649	2.11425	2.02212	-0.04775	-0.05637	-0.01829	-3.469446951953614e-18	0.05959333333333333	T_NK_cell	-0.03470666666666667	-1.3717831152931381	0.00982	0.3881360985068754	0.024886666666666658	0.9836470167862628
924	RHOXF1_MA0719.2	RHOXF1_MA0719.2	RHOXF1	MA0719.2	10037	0.78614	1.2924	1.26166	-0.02138	-0.05869	-0.03567	-9.25185853854297e-18	0.058143333333333325	T_NK_cell	-0.026690000000000005	-1.1132572460934003	-0.004763333333333338	-0.19868172907049675	0.03145333333333332	1.311938975163897
925	ELK4_MA0076.3	ELK4_MA0076.3	ELK4	MA0076.3	4580	1.73855	2.67055	2.74158	-0.02158	-0.05753	-0.03617	-4.625929269271485e-18	0.05760333333333331	T_NK_cell	-0.026369999999999998	-1.109541524736812	-0.0048633333333333315	-0.20462913469738425	0.031233333333333314	1.314170659434196
926	REST_MA0138.3	REST_MA0138.3	REST	MA0138.3	8435	1.23228	1.78678	1.89654	0.02094	-0.03555	-0.05781	-5.782411586589357e-18	0.05736999999999999	T_NK_cell	-0.004870000000000001	-0.20571953418790384	-0.026250000000000002	-1.1088578588157045	0.031119999999999984	1.3145773930036084
927	Hic1_MA0739.2	Hic1_MA0739.2	Hic1	MA0739.2	6420	1.11151	1.6166	1.6665	0.01514	-0.03901	-0.05873	-4.625929269271485e-18	0.057203333333333314	T_NK_cell	-0.00795666666666667	-0.3312333363140831	-0.024623333333333327	-1.0250610202564439	0.032579999999999984	1.3562943565705272
928	CLOCK_MA0819.3	CLOCK_MA0819.3	CLOCK	MA0819.3	2426	1.44854	2.09147	2.1953	0.01837	-0.03342	-0.05938	-4.625929269271485e-18	0.05685	T_NK_cell	-0.005016666666666666	-0.21367119427524925	-0.02591666666666667	-1.103849525242568	0.030933333333333323	1.3175207195178171
929	ZBTB21_MA2487.1	ZBTB21_MA2487.1	ZBTB21	MA2487.1	16703	1.01354	1.50219	1.53055	0.00674	-0.049	-0.05702	-6.938893903907228e-18	0.05659333333333333	T_NK_cell	-0.014086666666666671	-0.559886780340035	-0.021253333333333343	-0.8447321607780559	0.03533999999999999	1.4046189411180907
930	RARARXRG_MA1149.2	RARARXRG_MA1149.2	RARA::RXRG	MA1149.2	5699	1.2446	1.85409	1.88446	0.02443	-0.03013	-0.05756	-8.0953762212251e-18	0.056559999999999985	T_NK_cell	-0.0019000000000000006	-0.08214590852096577	-0.027330000000000004	-1.1816040420410543	0.02922999999999998	1.26374995056202
931	ZNF76_MA1716.2	ZNF76_MA1716.2	ZNF76	MA1716.2	6964	1.20842	1.74848	1.79519	0.01386	-0.04186	-0.0569	-4.625929269271485e-18	0.05650666666666666	T_NK_cell	-0.009333333333333334	-0.3889825040713121	-0.02358666666666667	-0.983014356717359	0.03291999999999999	1.3719968607886712
932	Hand1_MA2123.1	Hand1_MA2123.1	Hand1	MA2123.1	8618	1.13746	1.69106	1.73371	0.01632	-0.03633	-0.05653	-4.625929269271485e-18	0.055236666666666635	T_NK_cell	-0.006670000000000002	-0.2895189605881759	-0.024283333333333323	-1.054045791046907	0.030953333333333312	1.3435647516350828
933	FEZF2_MA2341.1	FEZF2_MA2341.1	FEZF2	MA2341.1	29836	1.01729	1.53381	1.55326	0.00248	-0.05046	-0.05585	-6.938893903907228e-18	0.054879999999999984	T_NK_cell	-0.01599333333333334	-0.63725923726888	-0.019443333333333333	-0.7747255379302576	0.03543666666666665	1.4119847751991375
934	MYC_MA0147.4	MYC_MA0147.4	MYC	MA0147.4	2488	1.42599	2.09901	2.15693	0.01141	-0.03903	-0.05694	-4.625929269271485e-18	0.05477333333333331	T_NK_cell	-0.00920666666666667	-0.39531397431466336	-0.02278333333333333	-0.9782661167417537	0.031989999999999984	1.3735800910564169
935	RORB_MA1150.2	RORB_MA1150.2	RORB	MA1150.2	4038	0.91189	1.47366	1.46115	-0.03438	-0.05488	-0.01958	-4.625929269271485e-18	0.05457333333333332	T_NK_cell	-0.029753333333333336	-1.3193848702637527	0.004933333333333335	0.2187642401960964	0.024819999999999988	1.1006206300676562
936	Zfp809_MA2125.1	Zfp809_MA2125.1	Zfp809	MA2125.1	18715	0.91738	1.46725	1.44449	-0.02448	-0.05463	-0.02987	-6.938893903907228e-18	0.054536666666666664	T_NK_cell	-0.026370000000000008	-1.1824731572210345	-0.001796666666666664	-0.0805654192570009	0.028166666666666652	1.2630385764780354
937	ZSCAN4_MA1155.1	ZSCAN4_MA1155.1	ZSCAN4	MA1155.1	7540	1.14878	1.63936	1.6547	0.03457	-0.01822	-0.0543	-4.625929269271485e-18	0.05379666666666666	T_NK_cell	0.005450000000000001	0.2444171942119663	-0.029623333333333335	-1.3285233057869983	0.02417333333333332	1.084106111575032
938	TBX19_MA0804.2	TBX19_MA0804.2	TBX19	MA0804.2	2194	0.99202	1.52861	1.54762	0.01344	-0.04059	-0.05267	-6.938893903907228e-18	0.05312333333333334	T_NK_cell	-0.009050000000000002	-0.4002312200957574	-0.02203666666666668	-0.9745593355628193	0.031086666666666662	1.3747905556585767
939	PRDM9_MA1723.2	PRDM9_MA1723.2	PRDM9	MA1723.2	32689	1.31088	1.85551	1.94819	0.03684	-0.0113	-0.05375	-4.625929269271485e-18	0.051879999999999975	T_NK_cell	0.008513333333333331	0.38663932185569944	-0.03019666666666666	-1.3714039219619336	0.021683333333333315	0.9847646001062341
940	NR2F6_MA1539.1	NR2F6_MA1539.1	NR2F6	MA1539.1	2885	1.17187	1.71079	1.69953	0.02518	-0.02332	-0.0529	-3.469446951953614e-18	0.05143333333333332	T_NK_cell	0.0006199999999999997	0.029520791897920298	-0.026026666666666663	-1.2392384039729059	0.025406666666666654	1.2097176120749855
941	HES6_MA1493.1	HES6_MA1493.1	HES6	MA1493.1	2808	1.19108	1.73841	1.7653	0.00237	-0.04566	-0.05269	-4.625929269271485e-18	0.051136666666666664	T_NK_cell	-0.01443	-0.621003465661607	-0.018353333333333336	-0.7898464037728827	0.032783333333333324	1.41084986943449
942	MSANTD3_MA1523.2	MSANTD3_MA1523.2	MSANTD3	MA1523.2	4013	1.22374	1.74386	1.77901	0.01936	-0.03212	-0.04876	-1.1564823173178713e-18	0.049666666666666644	T_NK_cell	-0.004253333333333336	-0.20749817842274942	-0.022706666666666656	-1.1077410591032664	0.026959999999999987	1.3152392375260156
943	ESR2_MA0258.2	ESR2_MA0258.2	ESR2	MA0258.2	7688	1.12737	1.73696	1.70832	-0.0145	-0.04871	-0.037	-4.625929269271485e-18	0.049640000000000004	T_NK_cell	-0.021070000000000005	-1.0058301765675062	-0.007500000000000002	-0.35803162431211644	0.028569999999999995	1.3638618008796226
944	Tfcp2l1_MA0145.2	Tfcp2l1_MA0145.2	Tfcp2l1	MA0145.2	7688	1.33815	1.91407	2.02833	0.03006	-0.01279	-0.05085	-1.1564823173178713e-18	0.04818333333333332	T_NK_cell	0.0057566666666666695	0.28657923372029415	-0.026969999999999997	-1.3426245396820489	0.021213333333333324	1.0560453059617545
945	SREBF2_MA0596.1	SREBF2_MA0596.1	SREBF2	MA0596.1	6113	1.06382	1.6457	1.55415	-0.03606	-0.0468	-0.01471	-3.469446951953614e-18	0.04812333333333334	T_NK_cell	-0.02762000000000001	-1.3618982679426739	0.007116666666666668	0.3509115136444135	0.020503333333333332	1.0109867542982605
946	Arntl_MA0603.2	Arntl_MA0603.2	Arntl	MA0603.2	1980	1.38597	2.1377	2.05555	-0.03363	-0.04547	-0.01923	-3.469446951953614e-18	0.04793333333333333	T_NK_cell	-0.026366666666666667	-1.3275687038602741	0.004799999999999996	0.24168128110730655	0.02156666666666666	1.0858874227529676
947	ZNF728_MA2589.1	ZNF728_MA2589.1	ZNF728	MA2589.1	11267	1.15697	1.64519	1.68413	0.01834	-0.02504	-0.04991	-3.469446951953614e-18	0.04773333333333332	T_NK_cell	-0.0022333333333333346	-0.11423153370360264	-0.02275	-1.1636271903389384	0.024983333333333323	1.277858724042541
948	Nkx2-1_MA1994.2	Nkx2-1_MA1994.2	Nkx2-1	MA1994.2	4816	0.88909	1.36398	1.31698	-0.01276	-0.04708	-0.03572	-3.469446951953614e-18	0.04754666666666667	T_NK_cell	-0.019946666666666668	-0.9898539516586287	-0.007653333333333337	-0.3797969039118001	0.027599999999999996	1.3696508555704288
949	ZNF708_MA1730.2	ZNF708_MA1730.2	ZNF708	MA1730.2	7497	1.24347	1.72497	1.79139	0.04098	-0.00193	-0.04978	-1.1564823173178713e-18	0.04748999999999999	T_NK_cell	0.01301666666666667	0.6065096893154794	-0.03025333333333333	-1.409649664590855	0.017236666666666657	0.8031399752753755
950	NR1D2_MA1532.2	NR1D2_MA1532.2	NR1D2	MA1532.2	6104	0.97236	1.47659	1.46434	0.00516	-0.04036	-0.04708	-5.782411586589357e-18	0.046559999999999976	T_NK_cell	-0.011733333333333335	-0.5657387284645178	-0.01741333333333333	-0.839607703834841	0.029146666666666647	1.4053464322993587
951	Arnt_MA0004.1	Arnt_MA0004.1	Arnt	MA0004.1	3081	1.43758	2.10374	2.13871	0.00093	-0.04077	-0.04883	-5.782411586589357e-18	0.046453333333333326	T_NK_cell	-0.013280000000000004	-0.6275392394881131	-0.01658666666666667	-0.7837939898827435	0.029866666666666656	1.4113332293708567
952	MAX_MA0058.4	MAX_MA0058.4	MAX	MA0058.4	3081	1.43758	2.10374	2.13871	0.00093	-0.04077	-0.04883	-5.782411586589357e-18	0.046453333333333326	T_NK_cell	-0.013280000000000004	-0.6275392394881131	-0.01658666666666667	-0.7837939898827435	0.029866666666666656	1.4113332293708567
953	MNT_MA0825.2	MNT_MA0825.2	MNT	MA0825.2	3081	1.43758	2.10374	2.13871	0.00093	-0.04077	-0.04883	-5.782411586589357e-18	0.046453333333333326	T_NK_cell	-0.013280000000000004	-0.6275392394881131	-0.01658666666666667	-0.7837939898827435	0.029866666666666656	1.4113332293708567
954	Mlxip_MA0622.2	Mlxip_MA0622.2	Mlxip	MA0622.2	3081	1.43758	2.10374	2.13871	0.00093	-0.04077	-0.04883	-5.782411586589357e-18	0.046453333333333326	T_NK_cell	-0.013280000000000004	-0.6275392394881131	-0.01658666666666667	-0.7837939898827435	0.029866666666666656	1.4113332293708567
955	ZNF436_MA2494.1	ZNF436_MA2494.1	ZNF436	MA2494.1	13942	1.33921	1.92711	2.0129	0.03574	-0.00474	-0.04754	-2.3129646346357427e-18	0.04518666666666666	T_NK_cell	0.010333333333333335	0.5207876262996571	-0.02776	-1.3990707586527558	0.01742666666666666	0.8782831323530987
956	ZKSCAN3_MA1973.2	ZKSCAN3_MA1973.2	ZKSCAN3	MA1973.2	6963	1.25396	1.80323	1.84852	0.02176	-0.01872	-0.04683	-4.625929269271485e-18	0.04471333333333333	T_NK_cell	0.0010133333333333329	0.055469797388203144	-0.022863333333333336	-1.2515373035713284	0.02184999999999999	1.1960675061831252
957	THAP1_MA0597.3	THAP1_MA0597.3	THAP1	MA0597.3	9867	1.26198	1.87236	1.83891	-0.00556	-0.04231	-0.04202	-3.469446951953614e-18	0.044066666666666664	T_NK_cell	-0.01595666666666667	-0.8003413905358595	-0.012153333333333334	-0.6095769187160524	0.028109999999999993	1.4099183092519119
958	TCF7L1_MA1421.1	TCF7L1_MA1421.1	TCF7L1	MA1421.1	6914	0.89834	1.4482	1.42632	-0.01268	-0.04444	-0.03015	-3.469446951953614e-18	0.04390333333333332	T_NK_cell	-0.01904	-1.0353239408353003	-0.0058233333333333305	-0.31665107224076816	0.02486333333333332	1.3519750130760684
959	ZNF257_MA1710.2	ZNF257_MA1710.2	ZNF257	MA1710.2	21619	1.1293	1.69287	1.74401	0.00645	-0.03396	-0.04422	-5.782411586589357e-18	0.04294999999999998	T_NK_cell	-0.009170000000000001	-0.49051120770312273	-0.01689	-0.9034606650060788	0.026059999999999982	1.3939718727092016
960	NR1D1_MA1531.2	NR1D1_MA1531.2	NR1D1	MA1531.2	7125	0.98573	1.53511	1.48972	-0.00452	-0.04166	-0.03979	-5.782411586589357e-18	0.04254333333333332	T_NK_cell	-0.015393333333333335	-0.7994347660863582	-0.011756666666666665	-0.6105687353803777	0.027149999999999983	1.4100035014667358
961	RXRB_MA1555.1	RXRB_MA1555.1	RXRB	MA1555.1	3149	1.14132	1.76249	1.71556	-0.01255	-0.04101	-0.02927	-5.782411586589357e-18	0.04127999999999999	T_NK_cell	-0.017853333333333336	-1.0315582806291093	-0.0055733333333333355	-0.32202491508810116	0.023426666666666655	1.3535831957172106
962	SREBF1_MA0595.1	SREBF1_MA0595.1	SREBF1	MA0595.1	7831	1.04969	1.56485	1.50364	-0.00824	-0.03901	-0.03688	-3.469446951953614e-18	0.04104666666666666	T_NK_cell	-0.015750000000000004	-0.8718115698507819	-0.009546666666666663	-0.5284377430799233	0.02529666666666666	1.4002493129307052
963	ZBTB5_MA2509.1	ZBTB5_MA2509.1	ZBTB5	MA2509.1	5191	0.86779	1.33379	1.31488	-0.0034	-0.04056	-0.03804	-3.469446951953614e-18	0.040853333333333325	T_NK_cell	-0.014653333333333332	-0.789105032133033	-0.011546666666666669	-0.6218061490693418	0.02619999999999999	1.4109111812023747
964	MEIS2_MA0774.1	MEIS2_MA0774.1	MEIS2	MA0774.1	4958	1.25581	1.76432	1.80845	0.03841	0.00113	-0.04182	-1.1564823173178713e-18	0.040306666666666664	T_NK_cell	0.013180000000000002	0.6969473957196988	-0.026743333333333334	-1.4141651380523879	0.013563333333333328	0.7172177423326891
965	NKX2-4_MA2003.2	NKX2-4_MA2003.2	NKX2-4	MA2003.2	3933	1.02824	1.58369	1.54644	-0.03621	-0.041	-0.00218	-5.204170427930421e-18	0.04013	T_NK_cell	-0.025736666666666675	-1.410914904533291	0.011343333333333332	0.6218551250002319	0.014393333333333327	0.7890597795330591
966	ZSCAN16_MA2100.1	ZSCAN16_MA2100.1	ZSCAN16	MA2100.1	4935	1.15046	1.63188	1.71245	0.02402	-0.01505	-0.03981	-5.782411586589357e-18	0.039563333333333325	T_NK_cell	0.0029899999999999983	0.1835543543404623	-0.02127666666666667	-1.3061621446545921	0.018286666666666652	1.1226077903141298
967	ZNF382_MA1594.1	ZNF382_MA1594.1	ZNF382	MA1594.1	4610	1.05515	1.61817	1.62625	-0.01815	-0.03702	-0.02223	-3.469446951953614e-18	0.03813999999999999	T_NK_cell	-0.018390000000000004	-1.1788266166942483	-0.00136	-0.087178042343892	0.019749999999999993	1.2660046590381404
968	ETV3_MA0763.2	ETV3_MA0763.2	ETV3	MA0763.2	2306	1.72722	2.49023	2.58645	0.01205	-0.02377	-0.0383	-3.469446951953614e-18	0.037473333333333324	T_NK_cell	-0.003906666666666668	-0.2512999854247601	-0.016783333333333334	-1.079603606325655	0.02068999999999999	1.330903591750415
969	ZBTB24_MA2330.2	ZBTB24_MA2330.2	ZBTB24	MA2330.2	8513	1.21371	1.73807	1.7778	0.02277	-0.01056	-0.03856	-3.469446951953614e-18	0.036816666666666664	T_NK_cell	0.004070000000000001	0.26595422320621875	-0.020443333333333338	-1.3358699843765258	0.016373333333333327	1.0699157611703072
970	ZGLP1_MA2557.1	ZGLP1_MA2557.1	ZGLP1	MA2557.1	50853	0.965	1.46065	1.47433	0.00299	-0.03283	-0.03713	-3.469446951953614e-18	0.03669333333333332	T_NK_cell	-0.009946666666666668	-0.6010446759194321	-0.01337333333333333	-0.8081069838434186	0.02331999999999999	1.4091516597628508
971	Six3_MA0631.2	Six3_MA0631.2	Six3	MA0631.2	2215	0.97883	1.40705	1.47254	0.02719	-0.00989	-0.0358	-5.782411586589357e-19	0.036226666666666664	T_NK_cell	0.00576666666666667	0.37589141712652857	-0.020996666666666667	-1.3686358592369954	0.015229999999999995	0.9927444421104666
972	ZNF322_MA2493.1	ZNF322_MA2493.1	ZNF322	MA2493.1	7035	1.19454	1.69143	1.6936	0.0215	-0.00946	-0.03644	-2.3129646346357427e-18	0.03461333333333333	T_NK_cell	0.004013333333333334	0.2784527739892699	-0.019313333333333335	-1.3399961565563359	0.015299999999999994	1.061543382567066
973	ZNF623_MA2497.1	ZNF623_MA2497.1	ZNF623	MA2497.1	8910	1.2226	1.82182	1.80166	0.01062	-0.0205	-0.03507	-4.625929269271485e-18	0.03375333333333332	T_NK_cell	-0.0032933333333333343	-0.23565671318737685	-0.01523	-1.0897930390213824	0.018523333333333322	1.3254497522087594
974	NFIX_MA1528.2	NFIX_MA1528.2	NFIX	MA1528.2	5579	1.27661	1.98273	1.90696	-0.0329	-0.03288	-0.00108	-3.469446951953614e-18	0.03324666666666667	T_NK_cell	-0.02192666666666667	-1.4139641668444984	0.010606666666666665	0.6839820582090598	0.011319999999999995	0.7299821086354388
975	THRA_MA1969.2	THRA_MA1969.2	THRA	MA1969.2	10370	1.08983	1.62536	1.60984	0.00321	-0.02669	-0.03302	-5.782411586589357e-18	0.03197999999999999	T_NK_cell	-0.007826666666666668	-0.5519382646191913	-0.012076666666666668	-0.8516492047339568	0.019903333333333318	1.403587469353148
976	NKX2-2_MA1645.2	NKX2-2_MA1645.2	NKX2-2	MA1645.2	5458	1.10477	1.6926	1.62677	-0.0157	-0.0287	-0.01675	-2.8912057932946786e-18	0.029949999999999997	T_NK_cell	-0.014800000000000004	-1.210184447385008	-0.0003500000000000005	-0.028619226796266883	0.015149999999999995	1.238803674181275
977	RARARXRA_MA0159.1	RARARXRA_MA0159.1	RARA::RXRA	MA0159.1	6372	1.15664	1.76121	1.68546	-0.00567	-0.02856	-0.02632	-4.625929269271485e-18	0.029703333333333328	T_NK_cell	-0.011410000000000003	-0.8732133575543225	-0.006883333333333336	-0.5267851543528121	0.018293333333333325	1.3999985119071345
978	ZBTB6_MA1581.2	ZBTB6_MA1581.2	ZBTB6	MA1581.2	9268	1.12297	1.71537	1.66751	-0.00558	-0.02792	-0.02755	-2.3129646346357427e-18	0.029656666666666665	T_NK_cell	-0.011166666666666667	-0.8480014663206449	-0.007323333333333336	-0.5561370810467037	0.018489999999999996	1.4041385473673487
979	ZNF707_MA1715.1	ZNF707_MA1715.1	ZNF707	MA1715.1	9705	1.23385	1.85757	1.8521	0.00387	-0.02116	-0.03065	-2.3129646346357427e-18	0.028776666666666666	T_NK_cell	-0.005763333333333335	-0.46348443217650076	-0.01150666666666667	-0.9253604741892894	0.017269999999999997	1.3888449063657902
980	ZNF841_MA2590.1	ZNF841_MA2590.1	ZNF841	MA2590.1	6692	1.20681	1.80844	1.79926	-0.0008	-0.02664	-0.0299	-2.3129646346357427e-18	0.028546666666666668	T_NK_cell	-0.00914666666666667	-0.6862477229524166	-0.009700000000000004	-0.7277627091077015	0.018846666666666664	1.414010432060118
981	Thap11_MA1573.2	Thap11_MA1573.2	Thap11	MA1573.2	6357	1.04619	1.61585	1.5426	-0.01735	-0.02719	-0.01235	-4.04768811061255e-18	0.028026666666666665	T_NK_cell	-0.014846666666666671	-1.2907482553749792	0.0016666666666666679	0.1448976487847983	0.013179999999999992	1.1458506065901808
982	Nr2F6_MA0728.1	Nr2F6_MA0728.1	Nr2F6	MA0728.1	8698	0.8027	1.32645	1.2095	-0.01807	-0.02628	-0.01198	-2.8912057932946786e-18	0.027536666666666664	T_NK_cell	-0.014783333333333338	-1.3044421945226177	0.0020300000000000027	0.1791218255838278	0.012753333333333327	1.1253203689387898
983	Spz1_MA0111.1	Spz1_MA0111.1	Spz1	MA0111.1	6746	0.95404	1.42854	1.40261	0.01644	-0.00828	-0.02878	-1.1564823173178713e-18	0.027426666666666665	T_NK_cell	0.0027200000000000006	0.23941812299182996	-0.015073333333333334	-1.3267754315797233	0.01235333333333333	1.0873573085878936
984	ZNF143_MA0088.3	ZNF143_MA0088.3	ZNF143	MA0088.3	7792	1.13803	1.66552	1.6546	0.00682	-0.01725	-0.02851	-1.734723475976807e-18	0.027029999999999995	T_NK_cell	-0.0034766666666666683	-0.30752063002965313	-0.011776666666666666	-1.041678222334386	0.015253333333333329	1.349198852364039
985	MAXMYC_MA0059.2	MAXMYC_MA0059.2	MAX::MYC	MA0059.2	2963	1.31112	1.99806	1.97042	-0.00374	-0.0253	-0.0266	-4.625929269271485e-18	0.02697999999999999	T_NK_cell	-0.009680000000000001	-0.7894422533035573	-0.007620000000000001	-0.6214411126211886	0.01729999999999999	1.410883365924746
986	ZNF75D_MA1601.2	ZNF75D_MA1601.2	ZNF75D	MA1601.2	7089	1.1046	1.68822	1.68942	-0.00856	-0.02667	-0.01901	-2.8912057932946786e-18	0.026969999999999997	T_NK_cell	-0.011743333333333338	-1.0408361794459573	-0.00348333333333333	-0.30873511425518685	0.01522666666666666	1.3495712937011441
987	ZNF75A_MA2097.1	ZNF75A_MA2097.1	ZNF75A	MA2097.1	7777	1.05997	1.61454	1.57815	-0.00161	-0.02521	-0.02623	-4.625929269271485e-18	0.02608666666666666	T_NK_cell	-0.008940000000000002	-0.7371238364917241	-0.008206666666666668	-0.6766587939756243	0.017146666666666657	1.4137826304673486
988	ZNF354C_MA0130.1	ZNF354C_MA0130.1	ZNF354C	MA0130.1	9196	0.92505	1.46151	1.37917	-0.02418	-0.02542	-0.00249	-2.3129646346357427e-18	0.025836666666666664	T_NK_cell	-0.016533333333333334	-1.4105214252071983	0.007229999999999997	0.6168187442085511	0.00930333333333333	0.7937026809986473
989	DPRX_MA1480.2	DPRX_MA1480.2	DPRX	MA1480.2	2549	0.85984	1.3861	1.35659	-0.01361	-0.02555	-0.01278	-1.734723475976807e-18	0.02583	T_NK_cell	-0.013053333333333335	-1.2376502174294397	0.000276666666666668	0.026232116457263695	0.012776666666666662	1.211418100972176
990	ZNF57_MA2545.1	ZNF57_MA2545.1	ZNF57	MA2545.1	7179	1.22903	1.8349	1.83905	0.00305	-0.01884	-0.02667	-1.734723475976807e-18	0.02507666666666666	T_NK_cell	-0.005263333333333333	-0.48318405450958823	-0.009906666666666666	-0.9094509246374264	0.015169999999999994	1.3926349791470145
991	HOXD11_MA0908.2	HOXD11_MA0908.2	HOXD11	MA0908.2	1982	0.84582	1.32285	1.27783	0.02168	-0.00291	-0.02475	-2.3129646346357427e-18	0.024696666666666665	T_NK_cell	0.006256666666666667	0.5682547139313674	-0.01547666666666667	-1.4056508453827052	0.009219999999999996	0.8373961314513377
992	ARNT2_MA1464.2	ARNT2_MA1464.2	ARNT2	MA1464.2	2126	1.46806	2.22615	2.12042	-0.02357	-0.02026	-0.00609	-2.3129646346357427e-18	0.02339333333333333	T_NK_cell	-0.01461	-1.4046581590449203	0.005826666666666666	0.5601967743578649	0.008783333333333327	0.8444613846870553
993	NKX2-3_MA0672.2	NKX2-3_MA0672.2	NKX2-3	MA0672.2	4248	1.01969	1.54368	1.49207	-0.01632	-0.02311	-0.00751	-1.734723475976807e-18	0.023349999999999996	T_NK_cell	-0.013143333333333335	-1.3471847128726329	0.0029366666666666677	0.3010067796197795	0.010206666666666663	1.0461779332528534
994	HIC2_MA0738.2	HIC2_MA0738.2	HIC2	MA0738.2	10470	1.06604	1.61803	1.5489	-0.0202	-0.02214	-0.00549	-2.8912057932946786e-18	0.023323333333333335	T_NK_cell	-0.014113333333333337	-1.3927640118953233	0.0049033333333333325	0.4838818756490366	0.009209999999999996	0.9088821362462867
995	ZNF263_MA0528.3	ZNF263_MA0528.3	ZNF263	MA0528.3	10046	1.27954	1.95812	1.93413	-0.01525	-0.02137	-0.01069	-2.8912057932946786e-18	0.02289333333333333	T_NK_cell	-0.01220666666666667	-1.2975101530436772	0.0015199999999999994	0.1615687137596717	0.010686666666666662	1.135941439284006
996	ZNF551_MA2518.1	ZNF551_MA2518.1	ZNF551	MA2518.1	6039	0.86173	1.35951	1.29067	0.00517	-0.01899	-0.02183	-2.3129646346357427e-18	0.022606666666666657	T_NK_cell	-0.004606666666666668	-0.47068696999996534	-0.009	-0.9195765694644764	0.01360666666666666	1.3902635394644416
997	ZNF416_MA1979.2	ZNF416_MA1979.2	ZNF416	MA1979.2	12640	1.01426	1.5742	1.48113	-0.0112	-0.02161	-0.01321	-2.8912057932946786e-18	0.022543333333333325	T_NK_cell	-0.010936666666666667	-1.186773401043254	-0.0006700000000000011	-0.07270388711054358	0.01160666666666666	1.2594772881537977
998	RXRG_MA1556.1	RXRG_MA1556.1	RXRG	MA1556.1	3694	1.19961	1.8037	1.72171	-0.01612	-0.02191	-0.00702	-2.8912057932946786e-18	0.02232	T_NK_cell	-0.01267666666666667	-1.3541796932210677	0.0030333333333333328	0.32403458344232783	0.009643333333333328	1.0301451097787402
999	ZNF684_MA1600.2	ZNF684_MA1600.2	ZNF684	MA1600.2	8114	1.18208	1.79882	1.77777	0.0012	-0.01751	-0.02377	-2.8912057932946786e-18	0.022083333333333323	T_NK_cell	-0.005436666666666668	-0.5547110583646645	-0.008323333333333332	-0.8492418839586553	0.013759999999999991	1.40395294232332
1000	Hoxa11_MA0911.2	Hoxa11_MA0911.2	Hoxa11	MA0911.2	1689	0.83814	1.3452	1.30882	0.00551	-0.01672	-0.02059	-2.3129646346357427e-18	0.021136666666666665	T_NK_cell	-0.0037366666666666668	-0.41405925181546516	-0.008700000000000003	-0.9640451804088892	0.012436666666666662	1.3781044322243543
1001	ZNF606_MA2519.1	ZNF606_MA2519.1	ZNF606	MA2519.1	11741	1.15901	1.73302	1.73878	-0.00344	-0.01982	-0.02027	-2.3129646346357427e-18	0.021116666666666662	T_NK_cell	-0.007753333333333334	-0.8170235523287874	-0.00561	-0.5911653648191526	0.013363333333333328	1.40818891714794
1002	HOXB9_MA1503.2	HOXB9_MA1503.2	HOXB9	MA1503.2	1809	0.83904	1.34301	1.29121	-0.00543	-0.0217	-0.01268	-1.734723475976807e-18	0.020503333333333332	T_NK_cell	-0.009043333333333336	-1.0585538768067597	-0.0024166666666666655	-0.28287930729262806	0.011459999999999996	1.3414331840993878
1003	HOXC12_MA0906.2	HOXC12_MA0906.2	HOXC12	MA0906.2	2046	0.83135	1.32626	1.21414	0.01699	-0.00079	-0.02029	-2.8912057932946783e-19	0.01945333333333333	T_NK_cell	0.005400000000000002	0.6127980209102845	-0.012426666666666666	-1.4101919888602095	0.007026666666666663	0.7973939679499249
1004	SMAD2_MA1964.2	SMAD2_MA1964.2	SMAD2	MA1964.2	13128	1.16939	1.74638	1.7152	-0.0088	-0.01794	-0.01333	-1.1564823173178713e-18	0.01933666666666666	T_NK_cell	-0.008913333333333334	-1.1189161466170778	-0.001509999999999999	-0.18955460524215992	0.01042333333333333	1.308470751859238
1005	FIZ1_MA2521.1	FIZ1_MA2521.1	FIZ1	MA2521.1	7975	0.88355	1.3707	1.32704	0.00144	-0.0174	-0.01918	-1.1564823173178713e-18	0.019066666666666662	T_NK_cell	-0.005319999999999999	-0.6153648354150202	-0.006873333333333333	-0.7950390292141427	0.012193333333333329	1.410403864629163
1006	HOXC9_MA0485.3	HOXC9_MA0485.3	HOXC9	MA0485.3	1799	0.83725	1.34446	1.28324	-0.0071	-0.01928	-0.00984	-2.3129646346357427e-18	0.018499999999999996	T_NK_cell	-0.008793333333333335	-1.16004658147021	-0.0009133333333333324	-0.12049005433011234	0.00970666666666666	1.2805366358003218
1007	ZNF814_MA2533.1	ZNF814_MA2533.1	ZNF814	MA2533.1	10574	1.22824	1.8535	1.81243	0.00208	-0.01033	-0.01873	-1.734723475976807e-18	0.016623333333333334	T_NK_cell	-0.0027500000000000007	-0.3895437418508494	-0.006936666666666668	-0.9825945779292338	0.009686666666666665	1.3721383197800832
1008	NR2F1_MA1538.1	NR2F1_MA1538.1	NR2F1	MA1538.1	3094	1.21187	1.8445	1.76213	0.00564	-0.00523	-0.01576	-8.673617379884035e-19	0.014129999999999997	T_NK_cell	0.00013666666666666656	0.023688367493187194	-0.007133333333333333	-1.2364172301322025	0.006996666666666663	1.2127288626390154
1009	NKX2-8_MA0673.2	NKX2-8_MA0673.2	NKX2-8	MA0673.2	3965	1.11199	1.625	1.57094	-0.00099	-0.01365	-0.01388	-2.8912057932946786e-18	0.014056666666666662	T_NK_cell	-0.0048800000000000015	-0.7515494816153314	-0.004296666666666668	-0.6617126241818048	0.009176666666666661	1.4132621057971362
1010	ZNF157_MA2331.1	ZNF157_MA2331.1	ZNF157	MA2331.1	3571	0.99737	1.48462	1.4372	0.00133	-0.01158	-0.0137	-1.734723475976807e-18	0.013436666666666666	T_NK_cell	-0.0034166666666666672	-0.570018916559479	-0.005010000000000001	-0.8358423722818509	0.008426666666666664	1.40586128884133
1011	THRB_MA1574.2	THRB_MA1574.2	THRB	MA1574.2	5611	1.11291	1.69272	1.63134	-0.00527	-0.01136	-0.01037	-2.023844055306275e-18	0.012786666666666665	T_NK_cell	-0.005543333333333335	-1.0348307788187545	-0.0017	-0.3173564024038269	0.007243333333333329	1.3521871812225812
1012	Creb3l2_MA0608.1	Creb3l2_MA0608.1	Creb3l2	MA0608.1	1597	1.47793	2.24152	2.24126	-0.0077	-0.00772	-0.01313	-1.734723475976807e-18	0.012089999999999997	T_NK_cell	-0.0051400000000000005	-1.0080485660069785	-0.00181	-0.3549743004810564	0.006949999999999995	1.3630228664880348
1013	OSR1_MA1542.2	OSR1_MA1542.2	OSR1	MA1542.2	3473	1.23836	1.81423	1.78612	0.00047	-0.00648	-0.01435	-1.734723475976807e-18	0.011883333333333329	T_NK_cell	-0.002003333333333334	-0.3963906820268215	-0.00494	-0.9774558914538262	0.006943333333333329	1.3738465734806478
1014	GATA5_MA0766.3	GATA5_MA0766.3	GATA5	MA0766.3	2570	0.90566	1.32789	1.38443	0.01019	-0.00134	-0.01085	-5.782411586589357e-19	0.011076666666666665	T_NK_cell	0.0029500000000000004	0.592374166598729	-0.007013333333333334	-1.4083110130211587	0.004063333333333332	0.8159368464224298
1015	DMRT3_MA0610.2	DMRT3_MA0610.2	DMRT3	MA0610.2	2146	0.84286	1.25037	1.17599	-0.0074	-0.01054	-0.00191	-5.782411586589357e-19	0.01013	T_NK_cell	-0.00598	-1.3800187814484977	0.0018299999999999994	0.42231343980781794	0.004149999999999999	0.95770534164068
1016	MSANTD1_MA2598.1	MSANTD1_MA2598.1	MSANTD1	MA2598.1	1878	0.88588	1.38531	1.29033	0.00182	-0.00103	-0.00912	-7.228014483236697e-19	0.00703	T_NK_cell	0.0002633333333333334	0.09156173030137954	-0.0036466666666666674	-1.2679561132874546	0.003383333333333332	1.1763943829860752
1017	HELT_MA2628.1	HELT_MA2628.1	HELT	MA2628.1	1795	1.46926	2.29633	2.10046	-0.00726	-0.00316	-0.00488	-1.0119220276531375e-18	0.006153333333333332	T_NK_cell	-0.0034733333333333343	-1.349411912693222	0.0007933333333333335	0.30821500501054444	0.002679999999999998	1.0411969076826775
1018	CREB3L4_MA1474.2	CREB3L4_MA1474.2	CREB3L4	MA1474.2	2027	1.44474	2.21242	2.13696	-0.00627	-0.00189	-0.00391	-5.782411586589357e-19	0.004653333333333332	T_NK_cell	-0.00272	-1.3740983058277978	0.0007866666666666665	0.39741078452862805	0.001933333333333332	0.9766875212991698
1019	RXRAVDR_MA0074.1	RXRAVDR_MA0074.1	RXRA::VDR	MA0074.1	3030	1.05783	1.55497	1.50592	-0.00246	0.0022	-0.00564	-5.059610138265688e-19	0.002206666666666666	T_NK_cell	-8.666666666666664e-05	-0.09598170047631704	-0.0010600000000000002	-1.173930028902654	0.0011466666666666654	1.2699117293789708
