tf	group	offset_bp	cutsite_cpm	n_sites	total_motif_hits	signal_column	site_coordinate	lineage
RUNX3	B_cell	-250	0.0030912873805859567	37694	37694	cutsite_bigwig	motif_center	T_NK
RUNX3	B_cell	-249	0.003135525411509889	37694	37694	cutsite_bigwig	motif_center	T_NK
RUNX3	B_cell	-248	0.0030164548259199015	37694	37694	cutsite_bigwig	motif_center	T_NK
RUNX3	B_cell	-247	0.0032020891752862334	37694	37694	cutsite_bigwig	motif_center	T_NK
RUNX3	B_cell	-246	0.003350100532646912	37694	37694	cutsite_bigwig	motif_center	T_NK
RUNX3	B_cell	-245	0.0033525811693999106	37694	37694	cutsite_bigwig	motif_center	T_NK
RUNX3	B_cell	-244	0.0032211073992542924	37694	37694	cutsite_bigwig	motif_center	T_NK
RUNX3	B_cell	-243	0.003084258911729447	37694	37694	cutsite_bigwig	motif_center	T_NK
RUNX3	B_cell	-242	0.0030119069904561775	37694	37694	cutsite_bigwig	motif_center	T_NK
RUNX3	B_cell	-241	0.0029205368487727214	37694	37694	cutsite_bigwig	motif_center	T_NK
RUNX3	B_cell	-240	0.003170254335144208	37694	37694	cutsite_bigwig	motif_center	T_NK
RUNX3	B_cell	-239	0.0029052395885323518	37694	37694	cutsite_bigwig	motif_center	T_NK
RUNX3	B_cell	-238	0.003073922921338372	37694	37694	cutsite_bigwig	motif_center	T_NK
RUNX3	B_cell	-237	0.003110305599118377	37694	37694	cutsite_bigwig	motif_center	T_NK
RUNX3	B_cell	-236	0.0031305641382015524	37694	37694	cutsite_bigwig	motif_center	T_NK
RUNX3	B_cell	-235	0.0030743363628396875	37694	37694	cutsite_bigwig	motif_center	T_NK
RUNX3	B_cell	-234	0.0030408477607444216	37694	37694	cutsite_bigwig	motif_center	T_NK
RUNX3	B_cell	-233	0.0031847247093182225	37694	37694	cutsite_bigwig	motif_center	T_NK
RUNX3	B_cell	-232	0.00320332949010486	37694	37694	cutsite_bigwig	motif_center	T_NK
RUNX3	B_cell	-231	0.0031888591132624407	37694	37694	cutsite_bigwig	motif_center	T_NK
RUNX3	B_cell	-230	0.0033149581736387256	37694	37694	cutsite_bigwig	motif_center	T_NK
RUNX3	B_cell	-229	0.003230203067513336	37694	37694	cutsite_bigwig	motif_center	T_NK
RUNX3	B_cell	-228	0.00334803333225608	37694	37694	cutsite_bigwig	motif_center	T_NK
RUNX3	B_cell	-227	0.0031417270011193	37694	37694	cutsite_bigwig	motif_center	T_NK
RUNX3	B_cell	-226	0.0030354730486031735	37694	37694	cutsite_bigwig	motif_center	T_NK
RUNX3	B_cell	-225	0.0030313386486121472	37694	37694	cutsite_bigwig	motif_center	T_NK
RUNX3	B_cell	-224	0.0030854992242749886	37694	37694	cutsite_bigwig	motif_center	T_NK
RUNX3	B_cell	-223	0.0032554228785212315	37694	37694	cutsite_bigwig	motif_center	T_NK
RUNX3	B_cell	-222	0.0031776962459961816	37694	37694	cutsite_bigwig	motif_center	T_NK
RUNX3	B_cell	-221	0.003080124507884059	37694	37694	cutsite_bigwig	motif_center	T_NK
RUNX3	B_cell	-220	0.0031388329333409443	37694	37694	cutsite_bigwig	motif_center	T_NK
RUNX3	B_cell	-219	0.0032227611560683837	37694	37694	cutsite_bigwig	motif_center	T_NK
RUNX3	B_cell	-218	0.00320539669632665	37694	37694	cutsite_bigwig	motif_center	T_NK
RUNX3	B_cell	-217	0.0033918579270155063	37694	37694	cutsite_bigwig	motif_center	T_NK
RUNX3	B_cell	-216	0.0031900994349991526	37694	37694	cutsite_bigwig	motif_center	T_NK
RUNX3	B_cell	-215	0.0031896859925095392	37694	37694	cutsite_bigwig	motif_center	T_NK
RUNX3	B_cell	-214	0.003210357969239668	37694	37694	cutsite_bigwig	motif_center	T_NK
RUNX3	B_cell	-213	0.002980072143099577	37694	37694	cutsite_bigwig	motif_center	T_NK
RUNX3	B_cell	-212	0.0031069980870714717	37694	37694	cutsite_bigwig	motif_center	T_NK
RUNX3	B_cell	-211	0.0031578511419903853	37694	37694	cutsite_bigwig	motif_center	T_NK
RUNX3	B_cell	-210	0.0030892201834565075	37694	37694	cutsite_bigwig	motif_center	T_NK
RUNX3	B_cell	-209	0.003144621079867763	37694	37694	cutsite_bigwig	motif_center	T_NK
RUNX3	B_cell	-208	0.003198368218476629	37694	37694	cutsite_bigwig	motif_center	T_NK
RUNX3	B_cell	-207	0.003110719035974692	37694	37694	cutsite_bigwig	motif_center	T_NK
RUNX3	B_cell	-206	0.003152476427378392	37694	37694	cutsite_bigwig	motif_center	T_NK
RUNX3	B_cell	-205	0.003212838605795007	37694	37694	cutsite_bigwig	motif_center	T_NK
RUNX3	B_cell	-204	0.003310823780664615	37694	37694	cutsite_bigwig	motif_center	T_NK
RUNX3	B_cell	-203	0.0034484991370594305	37694	37694	cutsite_bigwig	motif_center	T_NK
RUNX3	B_cell	-202	0.0035717041276807637	37694	37694	cutsite_bigwig	motif_center	T_NK
RUNX3	B_cell	-201	0.0031706677669602035	37694	37694	cutsite_bigwig	motif_center	T_NK
RUNX3	B_cell	-200	0.003152889868385559	37694	37694	cutsite_bigwig	motif_center	T_NK
RUNX3	B_cell	-199	0.003173975289581897	37694	37694	cutsite_bigwig	motif_center	T_NK
RUNX3	B_cell	-198	0.003350100527903082	37694	37694	cutsite_bigwig	motif_center	T_NK
RUNX3	B_cell	-197	0.0033257075906078172	37694	37694	cutsite_bigwig	motif_center	T_NK
RUNX3	B_cell	-196	0.0032459137676737445	37694	37694	cutsite_bigwig	motif_center	T_NK
RUNX3	B_cell	-195	0.003378627858370117	37694	37694	cutsite_bigwig	motif_center	T_NK
RUNX3	B_cell	-194	0.00317480216675357	37694	37694	cutsite_bigwig	motif_center	T_NK
RUNX3	B_cell	-193	0.003489843089926709	37694	37694	cutsite_bigwig	motif_center	T_NK
RUNX3	B_cell	-192	0.0034766130279029164	37694	37694	cutsite_bigwig	motif_center	T_NK
RUNX3	B_cell	-191	0.0033848294543046345	37694	37694	cutsite_bigwig	motif_center	T_NK
RUNX3	B_cell	-190	0.0034795071029946768	37694	37694	cutsite_bigwig	motif_center	T_NK
RUNX3	B_cell	-189	0.0033004877841460926	37694	37694	cutsite_bigwig	motif_center	T_NK
RUNX3	B_cell	-188	0.003360436519974264	37694	37694	cutsite_bigwig	motif_center	T_NK
RUNX3	B_cell	-187	0.003479920541135779	37694	37694	cutsite_bigwig	motif_center	T_NK
RUNX3	B_cell	-186	0.0031863784695913564	37694	37694	cutsite_bigwig	motif_center	T_NK
RUNX3	B_cell	-185	0.003363330600205173	37694	37694	cutsite_bigwig	motif_center	T_NK
RUNX3	B_cell	-184	0.0034154239811104805	37694	37694	cutsite_bigwig	motif_center	T_NK
RUNX3	B_cell	-183	0.00353821551481305	37694	37694	cutsite_bigwig	motif_center	T_NK
RUNX3	B_cell	-182	0.003385656332365776	37694	37694	cutsite_bigwig	motif_center	T_NK
RUNX3	B_cell	-181	0.003174802167643038	37694	37694	cutsite_bigwig	motif_center	T_NK
RUNX3	B_cell	-180	0.0029813124623655446	37694	37694	cutsite_bigwig	motif_center	T_NK
RUNX3	B_cell	-179	0.0032802292515856837	37694	37694	cutsite_bigwig	motif_center	T_NK
RUNX3	B_cell	-178	0.0034088089479243286	37694	37694	cutsite_bigwig	motif_center	T_NK
RUNX3	B_cell	-177	0.0036258647002798813	37694	37694	cutsite_bigwig	motif_center	T_NK
RUNX3	B_cell	-176	0.003491083409192676	37694	37694	cutsite_bigwig	motif_center	T_NK
RUNX3	B_cell	-175	0.003139246366639387	37694	37694	cutsite_bigwig	motif_center	T_NK
RUNX3	B_cell	-174	0.0031144399971328074	37694	37694	cutsite_bigwig	motif_center	T_NK
RUNX3	B_cell	-173	0.0033488602179271155	37694	37694	cutsite_bigwig	motif_center	T_NK
RUNX3	B_cell	-172	0.003501419399386092	37694	37694	cutsite_bigwig	motif_center	T_NK
RUNX3	B_cell	-171	0.0034807474292775594	37694	37694	cutsite_bigwig	motif_center	T_NK
RUNX3	B_cell	-170	0.0033629171564307724	37694	37694	cutsite_bigwig	motif_center	T_NK
RUNX3	B_cell	-169	0.0032149057972911577	37694	37694	cutsite_bigwig	motif_center	T_NK
RUNX3	B_cell	-168	0.0032682394967706234	37694	37694	cutsite_bigwig	motif_center	T_NK
RUNX3	B_cell	-167	0.00346875768365367	37694	37694	cutsite_bigwig	motif_center	T_NK
RUNX3	B_cell	-166	0.00335878276434613	37694	37694	cutsite_bigwig	motif_center	T_NK
RUNX3	B_cell	-165	0.0032955265102447766	37694	37694	cutsite_bigwig	motif_center	T_NK
RUNX3	B_cell	-164	0.003185551592320854	37694	37694	cutsite_bigwig	motif_center	T_NK
RUNX3	B_cell	-163	0.0032599707144791044	37694	37694	cutsite_bigwig	motif_center	T_NK
RUNX3	B_cell	-162	0.0033033818603249807	37694	37694	cutsite_bigwig	motif_center	T_NK
RUNX3	B_cell	-161	0.0031611586600659085	37694	37694	cutsite_bigwig	motif_center	T_NK
RUNX3	B_cell	-160	0.0033108237725605716	37694	37694	cutsite_bigwig	motif_center	T_NK
RUNX3	B_cell	-159	0.003342245180590112	37694	37694	cutsite_bigwig	motif_center	T_NK
RUNX3	B_cell	-158	0.0032909786708278607	37694	37694	cutsite_bigwig	motif_center	T_NK
RUNX3	B_cell	-157	0.003233924025410068	37694	37694	cutsite_bigwig	motif_center	T_NK
RUNX3	B_cell	-156	0.003311237208428589	37694	37694	cutsite_bigwig	motif_center	T_NK
RUNX3	B_cell	-155	0.0032603841590441436	37694	37694	cutsite_bigwig	motif_center	T_NK
RUNX3	B_cell	-154	0.0031855515977564923	37694	37694	cutsite_bigwig	motif_center	T_NK
RUNX3	B_cell	-153	0.003429894359336517	37694	37694	cutsite_bigwig	motif_center	T_NK
RUNX3	B_cell	-152	0.003097075540355968	37694	37694	cutsite_bigwig	motif_center	T_NK
RUNX3	B_cell	-151	0.0032182133124017864	37694	37694	cutsite_bigwig	motif_center	T_NK
RUNX3	B_cell	-150	0.0031971278964434274	37694	37694	cutsite_bigwig	motif_center	T_NK
RUNX3	B_cell	-149	0.003462969525267276	37694	37694	cutsite_bigwig	motif_center	T_NK
RUNX3	B_cell	-148	0.0034869490133525014	37694	37694	cutsite_bigwig	motif_center	T_NK
RUNX3	B_cell	-147	0.003336870458763544	37694	37694	cutsite_bigwig	motif_center	T_NK
RUNX3	B_cell	-146	0.0032115982832676563	37694	37694	cutsite_bigwig	motif_center	T_NK
RUNX3	B_cell	-145	0.00334307205538987	37694	37694	cutsite_bigwig	motif_center	T_NK
RUNX3	B_cell	-144	0.0034141836637222793	37694	37694	cutsite_bigwig	motif_center	T_NK
RUNX3	B_cell	-143	0.0033327360675683695	37694	37694	cutsite_bigwig	motif_center	T_NK
RUNX3	B_cell	-142	0.0032814695644277146	37694	37694	cutsite_bigwig	motif_center	T_NK
RUNX3	B_cell	-141	0.0033513408455877725	37694	37694	cutsite_bigwig	motif_center	T_NK
RUNX3	B_cell	-140	0.003514236026727825	37694	37694	cutsite_bigwig	motif_center	T_NK
RUNX3	B_cell	-139	0.0035799729121465383	37694	37694	cutsite_bigwig	motif_center	T_NK
RUNX3	B_cell	-138	0.0034017804669117546	37694	37694	cutsite_bigwig	motif_center	T_NK
RUNX3	B_cell	-137	0.003210771409060877	37694	37694	cutsite_bigwig	motif_center	T_NK
RUNX3	B_cell	-136	0.0032426062511794985	37694	37694	cutsite_bigwig	motif_center	T_NK
RUNX3	B_cell	-135	0.0035948567355305926	37694	37694	cutsite_bigwig	motif_center	T_NK
RUNX3	B_cell	-134	0.003589895462321085	37694	37694	cutsite_bigwig	motif_center	T_NK
RUNX3	B_cell	-133	0.0033955788788836206	37694	37694	cutsite_bigwig	motif_center	T_NK
RUNX3	B_cell	-132	0.0034278271637883445	37694	37694	cutsite_bigwig	motif_center	T_NK
RUNX3	B_cell	-131	0.0033529946092211195	37694	37694	cutsite_bigwig	motif_center	T_NK
RUNX3	B_cell	-130	0.003551445584743227	37694	37694	cutsite_bigwig	motif_center	T_NK
RUNX3	B_cell	-129	0.0034728920696108652	37694	37694	cutsite_bigwig	motif_center	T_NK
RUNX3	B_cell	-128	0.003490669970557425	37694	37694	cutsite_bigwig	motif_center	T_NK
RUNX3	B_cell	-127	0.003373253148106635	37694	37694	cutsite_bigwig	motif_center	T_NK
RUNX3	B_cell	-126	0.0034724786330510393	37694	37694	cutsite_bigwig	motif_center	T_NK
RUNX3	B_cell	-125	0.003754857842962502	37694	37694	cutsite_bigwig	motif_center	T_NK
RUNX3	B_cell	-124	0.0037933077093725933	37694	37694	cutsite_bigwig	motif_center	T_NK
RUNX3	B_cell	-123	0.003668862406403378	37694	37694	cutsite_bigwig	motif_center	T_NK
RUNX3	B_cell	-122	0.003521677934614905	37694	37694	cutsite_bigwig	motif_center	T_NK
RUNX3	B_cell	-121	0.0036514979490335597	37694	37694	cutsite_bigwig	motif_center	T_NK
RUNX3	B_cell	-120	0.0035576471748467865	37694	37694	cutsite_bigwig	motif_center	T_NK
RUNX3	B_cell	-119	0.003231443386581644	37694	37694	cutsite_bigwig	motif_center	T_NK
RUNX3	B_cell	-118	0.0033525811666326763	37694	37694	cutsite_bigwig	motif_center	T_NK
RUNX3	B_cell	-117	0.003325294159088311	37694	37694	cutsite_bigwig	motif_center	T_NK
RUNX3	B_cell	-116	0.003568810041223577	37694	37694	cutsite_bigwig	motif_center	T_NK
RUNX3	B_cell	-115	0.0037672610321631324	37694	37694	cutsite_bigwig	motif_center	T_NK
RUNX3	B_cell	-114	0.003621316860467646	37694	37694	cutsite_bigwig	motif_center	T_NK
RUNX3	B_cell	-113	0.0032798158094913894	37694	37694	cutsite_bigwig	motif_center	T_NK
RUNX3	B_cell	-112	0.0034307212334444663	37694	37694	cutsite_bigwig	motif_center	T_NK
RUNX3	B_cell	-111	0.0035663294108945155	37694	37694	cutsite_bigwig	motif_center	T_NK
RUNX3	B_cell	-110	0.0035981642494552642	37694	37694	cutsite_bigwig	motif_center	T_NK
RUNX3	B_cell	-109	0.0033724262576917694	37694	37694	cutsite_bigwig	motif_center	T_NK
RUNX3	B_cell	-108	0.0033811084970997115	37694	37694	cutsite_bigwig	motif_center	T_NK
RUNX3	B_cell	-107	0.00341046269485544	37694	37694	cutsite_bigwig	motif_center	T_NK
RUNX3	B_cell	-106	0.0036250378243929955	37694	37694	cutsite_bigwig	motif_center	T_NK
RUNX3	B_cell	-105	0.003583693866683057	37694	37694	cutsite_bigwig	motif_center	T_NK
RUNX3	B_cell	-104	0.0035630218879763326	37694	37694	cutsite_bigwig	motif_center	T_NK
RUNX3	B_cell	-103	0.003438163145383568	37694	37694	cutsite_bigwig	motif_center	T_NK
RUNX3	B_cell	-102	0.003444364736673085	37694	37694	cutsite_bigwig	motif_center	T_NK
RUNX3	B_cell	-101	0.003687053748455934	37694	37694	cutsite_bigwig	motif_center	T_NK
RUNX3	B_cell	-100	0.003705245086752958	37694	37694	cutsite_bigwig	motif_center	T_NK
RUNX3	B_cell	-99	0.0036395082052874364	37694	37694	cutsite_bigwig	motif_center	T_NK
RUNX3	B_cell	-98	0.003516303220497061	37694	37694	cutsite_bigwig	motif_center	T_NK
RUNX3	B_cell	-97	0.0035588874919384983	37694	37694	cutsite_bigwig	motif_center	T_NK
RUNX3	B_cell	-96	0.003709379484866218	37694	37694	cutsite_bigwig	motif_center	T_NK
RUNX3	B_cell	-95	0.003534494558299936	37694	37694	cutsite_bigwig	motif_center	T_NK
RUNX3	B_cell	-94	0.003518783851517931	37694	37694	cutsite_bigwig	motif_center	T_NK
RUNX3	B_cell	-93	0.003762713180491322	37694	37694	cutsite_bigwig	motif_center	T_NK
RUNX3	B_cell	-92	0.0039872108579303385	37694	37694	cutsite_bigwig	motif_center	T_NK
RUNX3	B_cell	-91	0.003570050358710608	37694	37694	cutsite_bigwig	motif_center	T_NK
RUNX3	B_cell	-90	0.0034886027703642524	37694	37694	cutsite_bigwig	motif_center	T_NK
RUNX3	B_cell	-89	0.0035663294030869614	37694	37694	cutsite_bigwig	motif_center	T_NK
RUNX3	B_cell	-88	0.0037420412119640663	37694	37694	cutsite_bigwig	motif_center	T_NK
RUNX3	B_cell	-87	0.0036680355349638333	37694	37694	cutsite_bigwig	motif_center	T_NK
RUNX3	B_cell	-86	0.0033509274053712445	37694	37694	cutsite_bigwig	motif_center	T_NK
RUNX3	B_cell	-85	0.0033352167021471124	37694	37694	cutsite_bigwig	motif_center	T_NK
RUNX3	B_cell	-84	0.0035973373672432713	37694	37694	cutsite_bigwig	motif_center	T_NK
RUNX3	B_cell	-83	0.003600231440852585	37694	37694	cutsite_bigwig	motif_center	T_NK
RUNX3	B_cell	-82	0.0037627131848398327	37694	37694	cutsite_bigwig	motif_center	T_NK
RUNX3	B_cell	-81	0.0037494831157991247	37694	37694	cutsite_bigwig	motif_center	T_NK
RUNX3	B_cell	-80	0.003432374993322281	37694	37694	cutsite_bigwig	motif_center	T_NK
RUNX3	B_cell	-79	0.003629585646020548	37694	37694	cutsite_bigwig	motif_center	T_NK
RUNX3	B_cell	-78	0.003727984255967535	37694	37694	cutsite_bigwig	motif_center	T_NK
RUNX3	B_cell	-77	0.0035431767847611743	37694	37694	cutsite_bigwig	motif_center	T_NK
RUNX3	B_cell	-76	0.0035448305467144147	37694	37694	cutsite_bigwig	motif_center	T_NK
RUNX3	B_cell	-75	0.0034770264687124233	37694	37694	cutsite_bigwig	motif_center	T_NK
RUNX3	B_cell	-74	0.0033897907230668015	37694	37694	cutsite_bigwig	motif_center	T_NK
RUNX3	B_cell	-73	0.003738733688848224	37694	37694	cutsite_bigwig	motif_center	T_NK
RUNX3	B_cell	-72	0.0036618339303322936	37694	37694	cutsite_bigwig	motif_center	T_NK
RUNX3	B_cell	-71	0.0038528430021181723	37694	37694	cutsite_bigwig	motif_center	T_NK
RUNX3	B_cell	-70	0.003833411338328904	37694	37694	cutsite_bigwig	motif_center	T_NK
RUNX3	B_cell	-69	0.0035617815691056844	37694	37694	cutsite_bigwig	motif_center	T_NK
RUNX3	B_cell	-68	0.0036080867943918318	37694	37694	cutsite_bigwig	motif_center	T_NK
RUNX3	B_cell	-67	0.003619249665907772	37694	37694	cutsite_bigwig	motif_center	T_NK
RUNX3	B_cell	-66	0.003769328219310772	37694	37694	cutsite_bigwig	motif_center	T_NK
RUNX3	B_cell	-65	0.0035059672316872627	37694	37694	cutsite_bigwig	motif_center	T_NK
RUNX3	B_cell	-64	0.0038094318532085726	37694	37694	cutsite_bigwig	motif_center	T_NK
RUNX3	B_cell	-63	0.0036605936187750505	37694	37694	cutsite_bigwig	motif_center	T_NK
RUNX3	B_cell	-62	0.0037763566964689843	37694	37694	cutsite_bigwig	motif_center	T_NK
RUNX3	B_cell	-61	0.003885091283465024	37694	37694	cutsite_bigwig	motif_center	T_NK
RUNX3	B_cell	-60	0.003822661923632898	37694	37694	cutsite_bigwig	motif_center	T_NK
RUNX3	B_cell	-59	0.003647363556158279	37694	37694	cutsite_bigwig	motif_center	T_NK
RUNX3	B_cell	-58	0.0038098452940180795	37694	37694	cutsite_bigwig	motif_center	T_NK
RUNX3	B_cell	-57	0.0034604888834739583	37694	37694	cutsite_bigwig	motif_center	T_NK
RUNX3	B_cell	-56	0.0036651414508785613	37694	37694	cutsite_bigwig	motif_center	T_NK
RUNX3	B_cell	-55	0.003773876055268645	37694	37694	cutsite_bigwig	motif_center	T_NK
RUNX3	B_cell	-54	0.0037370799321329623	37694	37694	cutsite_bigwig	motif_center	T_NK
RUNX3	B_cell	-53	0.0037073122855625132	37694	37694	cutsite_bigwig	motif_center	T_NK
RUNX3	B_cell	-52	0.0038276231847851703	37694	37694	cutsite_bigwig	motif_center	T_NK
RUNX3	B_cell	-51	0.003976874860423518	37694	37694	cutsite_bigwig	motif_center	T_NK
RUNX3	B_cell	-50	0.003856977389360155	37694	37694	cutsite_bigwig	motif_center	T_NK
RUNX3	B_cell	-49	0.003553099334836892	37694	37694	cutsite_bigwig	motif_center	T_NK
RUNX3	B_cell	-48	0.0036138749483308847	37694	37694	cutsite_bigwig	motif_center	T_NK
RUNX3	B_cell	-47	0.0035795594707440526	37694	37694	cutsite_bigwig	motif_center	T_NK
RUNX3	B_cell	-46	0.0037523771941522684	37694	37694	cutsite_bigwig	motif_center	T_NK
RUNX3	B_cell	-45	0.0035969239264337645	37694	37694	cutsite_bigwig	motif_center	T_NK
RUNX3	B_cell	-44	0.003960750717674667	37694	37694	cutsite_bigwig	motif_center	T_NK
RUNX3	B_cell	-43	0.004032689194382898	37694	37694	cutsite_bigwig	motif_center	T_NK
RUNX3	B_cell	-42	0.0038143931242438246	37694	37694	cutsite_bigwig	motif_center	T_NK
RUNX3	B_cell	-41	0.0037606459868209157	37694	37694	cutsite_bigwig	motif_center	T_NK
RUNX3	B_cell	-40	0.00383093071402846	37694	37694	cutsite_bigwig	motif_center	T_NK
RUNX3	B_cell	-39	0.003859871472753618	37694	37694	cutsite_bigwig	motif_center	T_NK
RUNX3	B_cell	-38	0.0038507757970823397	37694	37694	cutsite_bigwig	motif_center	T_NK
RUNX3	B_cell	-37	0.0037986824200313945	37694	37694	cutsite_bigwig	motif_center	T_NK
RUNX3	B_cell	-36	0.003682092473269831	37694	37694	cutsite_bigwig	motif_center	T_NK
RUNX3	B_cell	-35	0.003909070777776526	37694	37694	cutsite_bigwig	motif_center	T_NK
RUNX3	B_cell	-34	0.0038615252274922835	37694	37694	cutsite_bigwig	motif_center	T_NK
RUNX3	B_cell	-33	0.003930156187409778	37694	37694	cutsite_bigwig	motif_center	T_NK
RUNX3	B_cell	-32	0.003910724531526894	37694	37694	cutsite_bigwig	motif_center	T_NK
RUNX3	B_cell	-31	0.003917339561846982	37694	37694	cutsite_bigwig	motif_center	T_NK
RUNX3	B_cell	-30	0.0037730491699929287	37694	37694	cutsite_bigwig	motif_center	T_NK
RUNX3	B_cell	-29	0.0040347563890416015	37694	37694	cutsite_bigwig	motif_center	T_NK
RUNX3	B_cell	-28	0.004088090099194685	37694	37694	cutsite_bigwig	motif_center	T_NK
RUNX3	B_cell	-27	0.0037536175100580226	37694	37694	cutsite_bigwig	motif_center	T_NK
RUNX3	B_cell	-26	0.0037494831157991247	37694	37694	cutsite_bigwig	motif_center	T_NK
RUNX3	B_cell	-25	0.004053361175362707	37694	37694	cutsite_bigwig	motif_center	T_NK
RUNX3	B_cell	-24	0.0040302085629667075	37694	37694	cutsite_bigwig	motif_center	T_NK
RUNX3	B_cell	-23	0.0039433862596130395	37694	37694	cutsite_bigwig	motif_center	T_NK
RUNX3	B_cell	-22	0.004074860035490786	37694	37694	cutsite_bigwig	motif_center	T_NK
RUNX3	B_cell	-21	0.004416774525299954	37694	37694	cutsite_bigwig	motif_center	T_NK
RUNX3	B_cell	-20	0.004364267698149501	37694	37694	cutsite_bigwig	motif_center	T_NK
RUNX3	B_cell	-19	0.004038063915221168	37694	37694	cutsite_bigwig	motif_center	T_NK
RUNX3	B_cell	-18	0.004014084418735409	37694	37694	cutsite_bigwig	motif_center	T_NK
RUNX3	B_cell	-17	0.0037188885924523216	37694	37694	cutsite_bigwig	motif_center	T_NK
RUNX3	B_cell	-16	0.0037693282165435376	37694	37694	cutsite_bigwig	motif_center	T_NK
RUNX3	B_cell	-15	0.003855737079483018	37694	37694	cutsite_bigwig	motif_center	T_NK
RUNX3	B_cell	-14	0.003342658614778023	37694	37694	cutsite_bigwig	motif_center	T_NK
RUNX3	B_cell	-13	0.003236818093979062	37694	37694	cutsite_bigwig	motif_center	T_NK
RUNX3	B_cell	-12	0.00304498215016066	37694	37694	cutsite_bigwig	motif_center	T_NK
RUNX3	B_cell	-11	0.003534494555335042	37694	37694	cutsite_bigwig	motif_center	T_NK
RUNX3	B_cell	-10	0.003436922824141005	37694	37694	cutsite_bigwig	motif_center	T_NK
RUNX3	B_cell	-9	0.0032554228694288904	37694	37694	cutsite_bigwig	motif_center	T_NK
RUNX3	B_cell	-8	0.002275157737936393	37694	37694	cutsite_bigwig	motif_center	T_NK
RUNX3	B_cell	-7	0.002939141631634784	37694	37694	cutsite_bigwig	motif_center	T_NK
RUNX3	B_cell	-6	0.004952178717817041	37694	37694	cutsite_bigwig	motif_center	T_NK
RUNX3	B_cell	-5	0.00329676682644702	37694	37694	cutsite_bigwig	motif_center	T_NK
RUNX3	B_cell	-4	0.004287781387756482	37694	37694	cutsite_bigwig	motif_center	T_NK
RUNX3	B_cell	-3	0.004422976110857343	37694	37694	cutsite_bigwig	motif_center	T_NK
RUNX3	B_cell	-2	0.00249055974019828	37694	37694	cutsite_bigwig	motif_center	T_NK
RUNX3	B_cell	-1	0.0020179983476310177	37694	37694	cutsite_bigwig	motif_center	T_NK
RUNX3	B_cell	0	0.0026216200690402426	37694	37694	cutsite_bigwig	motif_center	T_NK
RUNX3	B_cell	1	0.004738017047076015	37694	37694	cutsite_bigwig	motif_center	T_NK
RUNX3	B_cell	2	0.00444984968273135	37694	37694	cutsite_bigwig	motif_center	T_NK
RUNX3	B_cell	3	0.00330834313264502	37694	37694	cutsite_bigwig	motif_center	T_NK
RUNX3	B_cell	4	0.004684683343544527	37694	37694	cutsite_bigwig	motif_center	T_NK
RUNX3	B_cell	5	0.0028998648745133374	37694	37694	cutsite_bigwig	motif_center	T_NK
RUNX3	B_cell	6	0.002324357039500258	37694	37694	cutsite_bigwig	motif_center	T_NK
RUNX3	B_cell	7	0.003372426259273046	37694	37694	cutsite_bigwig	motif_center	T_NK
RUNX3	B_cell	8	0.0034050879878533414	37694	37694	cutsite_bigwig	motif_center	T_NK
RUNX3	B_cell	9	0.0036853999829448213	37694	37694	cutsite_bigwig	motif_center	T_NK
RUNX3	B_cell	10	0.002914335256989055	37694	37694	cutsite_bigwig	motif_center	T_NK
RUNX3	B_cell	11	0.00310947871423798	37694	37694	cutsite_bigwig	motif_center	T_NK
RUNX3	B_cell	12	0.0033736665810097585	37694	37694	cutsite_bigwig	motif_center	T_NK
RUNX3	B_cell	13	0.0037131004396003964	37694	37694	cutsite_bigwig	motif_center	T_NK
RUNX3	B_cell	14	0.003985557089948481	37694	37694	cutsite_bigwig	motif_center	T_NK
RUNX3	B_cell	15	0.003967365745227521	37694	37694	cutsite_bigwig	motif_center	T_NK
RUNX3	B_cell	16	0.003971086706682125	37694	37694	cutsite_bigwig	motif_center	T_NK
RUNX3	B_cell	17	0.004183181183950404	37694	37694	cutsite_bigwig	motif_center	T_NK
RUNX3	B_cell	18	0.00418235430243022	37694	37694	cutsite_bigwig	motif_center	T_NK
RUNX3	B_cell	19	0.004316308719112986	37694	37694	cutsite_bigwig	motif_center	T_NK
RUNX3	B_cell	20	0.003933877146690128	37694	37694	cutsite_bigwig	motif_center	T_NK
RUNX3	B_cell	21	0.004138116282081075	37694	37694	cutsite_bigwig	motif_center	T_NK
RUNX3	B_cell	22	0.003947520646657363	37694	37694	cutsite_bigwig	motif_center	T_NK
RUNX3	B_cell	23	0.003897081026815828	37694	37694	cutsite_bigwig	motif_center	T_NK
RUNX3	B_cell	24	0.003788759872228763	37694	37694	cutsite_bigwig	motif_center	T_NK
RUNX3	B_cell	25	0.003692841897157008	37694	37694	cutsite_bigwig	motif_center	T_NK
RUNX3	B_cell	26	0.004303905528726398	37694	37694	cutsite_bigwig	motif_center	T_NK
RUNX3	B_cell	27	0.004180700545319639	37694	37694	cutsite_bigwig	motif_center	T_NK
RUNX3	B_cell	28	0.003947107216126154	37694	37694	cutsite_bigwig	motif_center	T_NK
RUNX3	B_cell	29	0.003871861213337188	37694	37694	cutsite_bigwig	motif_center	T_NK
RUNX3	B_cell	30	0.003854496762984285	37694	37694	cutsite_bigwig	motif_center	T_NK
RUNX3	B_cell	31	0.004193930617720561	37694	37694	cutsite_bigwig	motif_center	T_NK
RUNX3	B_cell	32	0.003965711992663111	37694	37694	cutsite_bigwig	motif_center	T_NK
RUNX3	B_cell	33	0.00381604687878483	37694	37694	cutsite_bigwig	motif_center	T_NK
RUNX3	B_cell	34	0.0036581129757957747	37694	37694	cutsite_bigwig	motif_center	T_NK
RUNX3	B_cell	35	0.0037614728564815242	37694	37694	cutsite_bigwig	motif_center	T_NK
RUNX3	B_cell	36	0.0038933600725757985	37694	37694	cutsite_bigwig	motif_center	T_NK
RUNX3	B_cell	37	0.0036961494169126374	37694	37694	cutsite_bigwig	motif_center	T_NK
RUNX3	B_cell	38	0.003793721146426568	37694	37694	cutsite_bigwig	motif_center	T_NK
RUNX3	B_cell	39	0.003692841903580945	37694	37694	cutsite_bigwig	motif_center	T_NK
RUNX3	B_cell	40	0.003957443188431377	37694	37694	cutsite_bigwig	motif_center	T_NK
RUNX3	B_cell	41	0.004020286002513862	37694	37694	cutsite_bigwig	motif_center	T_NK
RUNX3	B_cell	42	0.0038342382159947262	37694	37694	cutsite_bigwig	motif_center	T_NK
RUNX3	B_cell	43	0.0037374933700764054	37694	37694	cutsite_bigwig	motif_center	T_NK
RUNX3	B_cell	44	0.0035956836119116274	37694	37694	cutsite_bigwig	motif_center	T_NK
RUNX3	B_cell	45	0.0034245196414631404	37694	37694	cutsite_bigwig	motif_center	T_NK
RUNX3	B_cell	46	0.00346710391191628	37694	37694	cutsite_bigwig	motif_center	T_NK
RUNX3	B_cell	47	0.0034344421873880064	37694	37694	cutsite_bigwig	motif_center	T_NK
RUNX3	B_cell	48	0.003698216610385384	37694	37694	cutsite_bigwig	motif_center	T_NK
RUNX3	B_cell	49	0.0038615252259110067	37694	37694	cutsite_bigwig	motif_center	T_NK
RUNX3	B_cell	50	0.0037945480194473895	37694	37694	cutsite_bigwig	motif_center	T_NK
RUNX3	B_cell	51	0.003858631150423927	37694	37694	cutsite_bigwig	motif_center	T_NK
RUNX3	B_cell	52	0.003771808855371962	37694	37694	cutsite_bigwig	motif_center	T_NK
RUNX3	B_cell	53	0.003639921635225666	37694	37694	cutsite_bigwig	motif_center	T_NK
RUNX3	B_cell	54	0.003503900032778877	37694	37694	cutsite_bigwig	motif_center	T_NK
RUNX3	B_cell	55	0.0036651414518668593	37694	37694	cutsite_bigwig	motif_center	T_NK
RUNX3	B_cell	56	0.0038958407154562444	37694	37694	cutsite_bigwig	motif_center	T_NK
RUNX3	B_cell	57	0.0035820401095724764	37694	37694	cutsite_bigwig	motif_center	T_NK
RUNX3	B_cell	58	0.003840439814202329	37694	37694	cutsite_bigwig	motif_center	T_NK
RUNX3	B_cell	59	0.0037317052193987354	37694	37694	cutsite_bigwig	motif_center	T_NK
RUNX3	B_cell	60	0.003740800885384694	37694	37694	cutsite_bigwig	motif_center	T_NK
RUNX3	B_cell	61	0.0038511892384848253	37694	37694	cutsite_bigwig	motif_center	T_NK
RUNX3	B_cell	62	0.00389005255242485	37694	37694	cutsite_bigwig	motif_center	T_NK
RUNX3	B_cell	63	0.0038681402643351375	37694	37694	cutsite_bigwig	motif_center	T_NK
RUNX3	B_cell	64	0.003641161961805038	37694	37694	cutsite_bigwig	motif_center	T_NK
RUNX3	B_cell	65	0.0037676744603224255	37694	37694	cutsite_bigwig	motif_center	T_NK
RUNX3	B_cell	66	0.0037304648987491512	37694	37694	cutsite_bigwig	motif_center	T_NK
RUNX3	B_cell	67	0.003844574203420907	37694	37694	cutsite_bigwig	motif_center	T_NK
RUNX3	B_cell	68	0.003973567343138634	37694	37694	cutsite_bigwig	motif_center	T_NK
RUNX3	B_cell	69	0.003783385164534855	37694	37694	cutsite_bigwig	motif_center	T_NK
RUNX3	B_cell	70	0.003622143742580809	37694	37694	cutsite_bigwig	motif_center	T_NK
RUNX3	B_cell	71	0.003707312289120386	37694	37694	cutsite_bigwig	motif_center	T_NK
RUNX3	B_cell	72	0.003661007061659983	37694	37694	cutsite_bigwig	motif_center	T_NK
RUNX3	B_cell	73	0.0035671562826305498	37694	37694	cutsite_bigwig	motif_center	T_NK
RUNX3	B_cell	74	0.0036316528536259555	37694	37694	cutsite_bigwig	motif_center	T_NK
RUNX3	B_cell	75	0.0036791983971897727	37694	37694	cutsite_bigwig	motif_center	T_NK
RUNX3	B_cell	76	0.0037606459801004894	37694	37694	cutsite_bigwig	motif_center	T_NK
RUNX3	B_cell	77	0.003987210848146189	37694	37694	cutsite_bigwig	motif_center	T_NK
RUNX3	B_cell	78	0.0038222484820327526	37694	37694	cutsite_bigwig	motif_center	T_NK
RUNX3	B_cell	79	0.003788759869758018	37694	37694	cutsite_bigwig	motif_center	T_NK
RUNX3	B_cell	80	0.0037837985925953184	37694	37694	cutsite_bigwig	motif_center	T_NK
RUNX3	B_cell	81	0.003783798602082979	37694	37694	cutsite_bigwig	motif_center	T_NK
RUNX3	B_cell	82	0.0036341334880070388	37694	37694	cutsite_bigwig	motif_center	T_NK
RUNX3	B_cell	83	0.0034786802224627904	37694	37694	cutsite_bigwig	motif_center	T_NK
RUNX3	B_cell	84	0.003488189335978682	37694	37694	cutsite_bigwig	motif_center	T_NK
RUNX3	B_cell	85	0.003450979773812429	37694	37694	cutsite_bigwig	motif_center	T_NK
RUNX3	B_cell	86	0.0035369751935704873	37694	37694	cutsite_bigwig	motif_center	T_NK
RUNX3	B_cell	87	0.0036254512555171825	37694	37694	cutsite_bigwig	motif_center	T_NK
RUNX3	B_cell	88	0.0037226095536104366	37694	37694	cutsite_bigwig	motif_center	T_NK
RUNX3	B_cell	89	0.0037403874442786976	37694	37694	cutsite_bigwig	motif_center	T_NK
RUNX3	B_cell	90	0.0036944956510062054	37694	37694	cutsite_bigwig	motif_center	T_NK
RUNX3	B_cell	91	0.0037246767489609494	37694	37694	cutsite_bigwig	motif_center	T_NK
RUNX3	B_cell	92	0.003584107303045223	37694	37694	cutsite_bigwig	motif_center	T_NK
RUNX3	B_cell	93	0.0036180093554376565	37694	37694	cutsite_bigwig	motif_center	T_NK
RUNX3	B_cell	94	0.003615115268189831	37694	37694	cutsite_bigwig	motif_center	T_NK
RUNX3	B_cell	95	0.0036494307512123024	37694	37694	cutsite_bigwig	motif_center	T_NK
RUNX3	B_cell	96	0.003713100442960609	37694	37694	cutsite_bigwig	motif_center	T_NK
RUNX3	B_cell	97	0.003626278138618643	37694	37694	cutsite_bigwig	motif_center	T_NK
RUNX3	B_cell	98	0.0034898430877524536	37694	37694	cutsite_bigwig	motif_center	T_NK
RUNX3	B_cell	99	0.0037519637537380803	37694	37694	cutsite_bigwig	motif_center	T_NK
RUNX3	B_cell	100	0.0036899478207804604	37694	37694	cutsite_bigwig	motif_center	T_NK
RUNX3	B_cell	101	0.0035795594687674567	37694	37694	cutsite_bigwig	motif_center	T_NK
RUNX3	B_cell	102	0.003679611837208641	37694	37694	cutsite_bigwig	motif_center	T_NK
RUNX3	B_cell	103	0.0035659159668236253	37694	37694	cutsite_bigwig	motif_center	T_NK
RUNX3	B_cell	104	0.0035886551403867136	37694	37694	cutsite_bigwig	motif_center	T_NK
RUNX3	B_cell	105	0.0037420412060342784	37694	37694	cutsite_bigwig	motif_center	T_NK
RUNX3	B_cell	106	0.003824315674714861	37694	37694	cutsite_bigwig	motif_center	T_NK
RUNX3	B_cell	107	0.0035874148154874477	37694	37694	cutsite_bigwig	motif_center	T_NK
RUNX3	B_cell	108	0.0036878806269123945	37694	37694	cutsite_bigwig	motif_center	T_NK
RUNX3	B_cell	109	0.003560954688573798	37694	37694	cutsite_bigwig	motif_center	T_NK
RUNX3	B_cell	110	0.0035096881842471856	37694	37694	cutsite_bigwig	motif_center	T_NK
RUNX3	B_cell	111	0.0036498441884639365	37694	37694	cutsite_bigwig	motif_center	T_NK
RUNX3	B_cell	112	0.003656459222836046	37694	37694	cutsite_bigwig	motif_center	T_NK
RUNX3	B_cell	113	0.0035650890955817396	37694	37694	cutsite_bigwig	motif_center	T_NK
RUNX3	B_cell	114	0.0034067417486206243	37694	37694	cutsite_bigwig	motif_center	T_NK
RUNX3	B_cell	115	0.0035969239238641897	37694	37694	cutsite_bigwig	motif_center	T_NK
RUNX3	B_cell	116	0.00341749117319961	37694	37694	cutsite_bigwig	motif_center	T_NK
RUNX3	B_cell	117	0.0034604888867353417	37694	37694	cutsite_bigwig	motif_center	T_NK
RUNX3	B_cell	118	0.003677958085731359	37694	37694	cutsite_bigwig	motif_center	T_NK
RUNX3	B_cell	119	0.003351754285310152	37694	37694	cutsite_bigwig	motif_center	T_NK
RUNX3	B_cell	120	0.003483641499032511	37694	37694	cutsite_bigwig	motif_center	T_NK
RUNX3	B_cell	121	0.0034782667788860492	37694	37694	cutsite_bigwig	motif_center	T_NK
RUNX3	B_cell	122	0.003475372715258545	37694	37694	cutsite_bigwig	motif_center	T_NK
RUNX3	B_cell	123	0.0033492736481618344	37694	37694	cutsite_bigwig	motif_center	T_NK
RUNX3	B_cell	124	0.003193406948034356	37694	37694	cutsite_bigwig	motif_center	T_NK
RUNX3	B_cell	125	0.0033091700152523317	37694	37694	cutsite_bigwig	motif_center	T_NK
RUNX3	B_cell	126	0.003436509381453732	37694	37694	cutsite_bigwig	motif_center	T_NK
RUNX3	B_cell	127	0.0033951654362951774	37694	37694	cutsite_bigwig	motif_center	T_NK
RUNX3	B_cell	128	0.003486949016613885	37694	37694	cutsite_bigwig	motif_center	T_NK
RUNX3	B_cell	129	0.0035183704164405524	37694	37694	cutsite_bigwig	motif_center	T_NK
RUNX3	B_cell	130	0.0033496870908491074	37694	37694	cutsite_bigwig	motif_center	T_NK
RUNX3	B_cell	131	0.003457594809370496	37694	37694	cutsite_bigwig	motif_center	T_NK
RUNX3	B_cell	132	0.003281056123717037	37694	37694	cutsite_bigwig	motif_center	T_NK
RUNX3	B_cell	133	0.003567569723341227	37694	37694	cutsite_bigwig	motif_center	T_NK
RUNX3	B_cell	134	0.0035167166622948657	37694	37694	cutsite_bigwig	motif_center	T_NK
RUNX3	B_cell	135	0.0032918055518538956	37694	37694	cutsite_bigwig	motif_center	T_NK
RUNX3	B_cell	136	0.003292218987227764	37694	37694	cutsite_bigwig	motif_center	T_NK
RUNX3	B_cell	137	0.003492323736562687	37694	37694	cutsite_bigwig	motif_center	T_NK
RUNX3	B_cell	138	0.0036299990890043105	37694	37694	cutsite_bigwig	motif_center	T_NK
RUNX3	B_cell	139	0.003692015025717463	37694	37694	cutsite_bigwig	motif_center	T_NK
RUNX3	B_cell	140	0.003768501345005163	37694	37694	cutsite_bigwig	motif_center	T_NK
RUNX3	B_cell	141	0.003451393222133	37694	37694	cutsite_bigwig	motif_center	T_NK
RUNX3	B_cell	142	0.0035353214353727788	37694	37694	cutsite_bigwig	motif_center	T_NK
RUNX3	B_cell	143	0.0033699456222235583	37694	37694	cutsite_bigwig	motif_center	T_NK
RUNX3	B_cell	144	0.0035353214433779924	37694	37694	cutsite_bigwig	motif_center	T_NK
RUNX3	B_cell	145	0.0033356301415730025	37694	37694	cutsite_bigwig	motif_center	T_NK
RUNX3	B_cell	146	0.0031822440748383095	37694	37694	cutsite_bigwig	motif_center	T_NK
RUNX3	B_cell	147	0.0032421928084922255	37694	37694	cutsite_bigwig	motif_center	T_NK
RUNX3	B_cell	148	0.0032686529383707686	37694	37694	cutsite_bigwig	motif_center	T_NK
RUNX3	B_cell	149	0.0034249330860281796	37694	37694	cutsite_bigwig	motif_center	T_NK
RUNX3	B_cell	150	0.0036998703752046886	37694	37694	cutsite_bigwig	motif_center	T_NK
RUNX3	B_cell	151	0.003436922833727495	37694	37694	cutsite_bigwig	motif_center	T_NK
RUNX3	B_cell	152	0.003682092477914831	37694	37694	cutsite_bigwig	motif_center	T_NK
RUNX3	B_cell	153	0.003584520748104411	37694	37694	cutsite_bigwig	motif_center	T_NK
RUNX3	B_cell	154	0.0032831233206488267	37694	37694	cutsite_bigwig	motif_center	T_NK
RUNX3	B_cell	155	0.003240952489226258	37694	37694	cutsite_bigwig	motif_center	T_NK
RUNX3	B_cell	156	0.0032206939523173384	37694	37694	cutsite_bigwig	motif_center	T_NK
RUNX3	B_cell	157	0.0032235880295833543	37694	37694	cutsite_bigwig	motif_center	T_NK
RUNX3	B_cell	158	0.0034600754391065787	37694	37694	cutsite_bigwig	motif_center	T_NK
RUNX3	B_cell	159	0.0034766130239497245	37694	37694	cutsite_bigwig	motif_center	T_NK
RUNX3	B_cell	160	0.0034203852512562642	37694	37694	cutsite_bigwig	motif_center	T_NK
RUNX3	B_cell	161	0.003491083407907889	37694	37694	cutsite_bigwig	motif_center	T_NK
RUNX3	B_cell	162	0.003508447870713346	37694	37694	cutsite_bigwig	motif_center	T_NK
RUNX3	B_cell	163	0.0034613157580760568	37694	37694	cutsite_bigwig	motif_center	T_NK
RUNX3	B_cell	164	0.003372012824788646	37694	37694	cutsite_bigwig	motif_center	T_NK
RUNX3	B_cell	165	0.003338937655300014	37694	37694	cutsite_bigwig	motif_center	T_NK
RUNX3	B_cell	166	0.003429480914672648	37694	37694	cutsite_bigwig	motif_center	T_NK
RUNX3	B_cell	167	0.003418318059463624	37694	37694	cutsite_bigwig	motif_center	T_NK
RUNX3	B_cell	168	0.0034323750035017498	37694	37694	cutsite_bigwig	motif_center	T_NK
RUNX3	B_cell	169	0.003332322627055352	37694	37694	cutsite_bigwig	motif_center	T_NK
RUNX3	B_cell	170	0.0032645185427282535	37694	37694	cutsite_bigwig	motif_center	T_NK
RUNX3	B_cell	171	0.003164466176757814	37694	37694	cutsite_bigwig	motif_center	T_NK
RUNX3	B_cell	172	0.003233510577880135	37694	37694	cutsite_bigwig	motif_center	T_NK
RUNX3	B_cell	173	0.003333562947606107	37694	37694	cutsite_bigwig	motif_center	T_NK
RUNX3	B_cell	174	0.0032525287997727686	37694	37694	cutsite_bigwig	motif_center	T_NK
RUNX3	B_cell	175	0.003251288475664141	37694	37694	cutsite_bigwig	motif_center	T_NK
RUNX3	B_cell	176	0.0034596620076859023	37694	37694	cutsite_bigwig	motif_center	T_NK
RUNX3	B_cell	177	0.003450979771242854	37694	37694	cutsite_bigwig	motif_center	T_NK
RUNX3	B_cell	178	0.0037188886012481733	37694	37694	cutsite_bigwig	motif_center	T_NK
RUNX3	B_cell	179	0.0037900002033543056	37694	37694	cutsite_bigwig	motif_center	T_NK
RUNX3	B_cell	180	0.0035717041211579975	37694	37694	cutsite_bigwig	motif_center	T_NK
RUNX3	B_cell	181	0.0034604888868341715	37694	37694	cutsite_bigwig	motif_center	T_NK
RUNX3	B_cell	182	0.0034757861507312433	37694	37694	cutsite_bigwig	motif_center	T_NK
RUNX3	B_cell	183	0.003510515071400668	37694	37694	cutsite_bigwig	motif_center	T_NK
RUNX3	B_cell	184	0.0033926848039895195	37694	37694	cutsite_bigwig	motif_center	T_NK
RUNX3	B_cell	185	0.0033505139689102483	37694	37694	cutsite_bigwig	motif_center	T_NK
RUNX3	B_cell	186	0.003338110784947597	37694	37694	cutsite_bigwig	motif_center	T_NK
RUNX3	B_cell	187	0.0035898954610362977	37694	37694	cutsite_bigwig	motif_center	T_NK
RUNX3	B_cell	188	0.0033046221831488204	37694	37694	cutsite_bigwig	motif_center	T_NK
RUNX3	B_cell	189	0.003380695051249885	37694	37694	cutsite_bigwig	motif_center	T_NK
RUNX3	B_cell	190	0.003369118749103907	37694	37694	cutsite_bigwig	motif_center	T_NK
RUNX3	B_cell	191	0.003252115359259751	37694	37694	cutsite_bigwig	motif_center	T_NK
RUNX3	B_cell	192	0.0033897907243515884	37694	37694	cutsite_bigwig	motif_center	T_NK
RUNX3	B_cell	193	0.003300074345412011	37694	37694	cutsite_bigwig	motif_center	T_NK
RUNX3	B_cell	194	0.0032628647895708647	37694	37694	cutsite_bigwig	motif_center	T_NK
RUNX3	B_cell	195	0.003324053841008301	37694	37694	cutsite_bigwig	motif_center	T_NK
RUNX3	B_cell	196	0.003311237217026781	37694	37694	cutsite_bigwig	motif_center	T_NK
RUNX3	B_cell	197	0.003388136969316434	37694	37694	cutsite_bigwig	motif_center	T_NK
RUNX3	B_cell	198	0.003260797586116309	37694	37694	cutsite_bigwig	motif_center	T_NK
RUNX3	B_cell	199	0.003147928595571371	37694	37694	cutsite_bigwig	motif_center	T_NK
RUNX3	B_cell	200	0.00332074631720065	37694	37694	cutsite_bigwig	motif_center	T_NK
RUNX3	B_cell	201	0.0034720651927356815	37694	37694	cutsite_bigwig	motif_center	T_NK
RUNX3	B_cell	202	0.0034815743041761472	37694	37694	cutsite_bigwig	motif_center	T_NK
RUNX3	B_cell	203	0.0034083955037546086	37694	37694	cutsite_bigwig	motif_center	T_NK
RUNX3	B_cell	204	0.0031111324752029225	37694	37694	cutsite_bigwig	motif_center	T_NK
RUNX3	B_cell	205	0.0033161984908292672	37694	37694	cutsite_bigwig	motif_center	T_NK
RUNX3	B_cell	206	0.003452220093671375	37694	37694	cutsite_bigwig	motif_center	T_NK
RUNX3	B_cell	207	0.00348942965504699	37694	37694	cutsite_bigwig	motif_center	T_NK
RUNX3	B_cell	208	0.0034956312536499118	37694	37694	cutsite_bigwig	motif_center	T_NK
RUNX3	B_cell	209	0.0031603317809176393	37694	37694	cutsite_bigwig	motif_center	T_NK
RUNX3	B_cell	210	0.003201675735465024	37694	37694	cutsite_bigwig	motif_center	T_NK
RUNX3	B_cell	211	0.003259557268530448	37694	37694	cutsite_bigwig	motif_center	T_NK
RUNX3	B_cell	212	0.003354648358622976	37694	37694	cutsite_bigwig	motif_center	T_NK
RUNX3	B_cell	213	0.00324632720907623	37694	37694	cutsite_bigwig	motif_center	T_NK
RUNX3	B_cell	214	0.003317025363751259	37694	37694	cutsite_bigwig	motif_center	T_NK
RUNX3	B_cell	215	0.0033286016786462807	37694	37694	cutsite_bigwig	motif_center	T_NK
RUNX3	B_cell	216	0.0031863784758176337	37694	37694	cutsite_bigwig	motif_center	T_NK
RUNX3	B_cell	217	0.0032951130826784623	37694	37694	cutsite_bigwig	motif_center	T_NK
RUNX3	B_cell	218	0.003239298737748976	37694	37694	cutsite_bigwig	motif_center	T_NK
RUNX3	B_cell	219	0.0031896859882598583	37694	37694	cutsite_bigwig	motif_center	T_NK
RUNX3	B_cell	220	0.003326947915803572	37694	37694	cutsite_bigwig	motif_center	T_NK
RUNX3	B_cell	221	0.0031140265564221304	37694	37694	cutsite_bigwig	motif_center	T_NK
RUNX3	B_cell	222	0.0032525288033306413	37694	37694	cutsite_bigwig	motif_center	T_NK
RUNX3	B_cell	223	0.0032455003270618972	37694	37694	cutsite_bigwig	motif_center	T_NK
RUNX3	B_cell	224	0.003250461605311724	37694	37694	cutsite_bigwig	motif_center	T_NK
RUNX3	B_cell	225	0.003332736072707519	37694	37694	cutsite_bigwig	motif_center	T_NK
RUNX3	B_cell	226	0.00325955726764098	37694	37694	cutsite_bigwig	motif_center	T_NK
RUNX3	B_cell	227	0.0032872577179714484	37694	37694	cutsite_bigwig	motif_center	T_NK
RUNX3	B_cell	228	0.0031781096840384545	37694	37694	cutsite_bigwig	motif_center	T_NK
RUNX3	B_cell	229	0.0032008488592816494	37694	37694	cutsite_bigwig	motif_center	T_NK
RUNX3	B_cell	230	0.0032694798227570166	37694	37694	cutsite_bigwig	motif_center	T_NK
RUNX3	B_cell	231	0.003190099424720854	37694	37694	cutsite_bigwig	motif_center	T_NK
RUNX3	B_cell	232	0.0032128386001617085	37694	37694	cutsite_bigwig	motif_center	T_NK
RUNX3	B_cell	233	0.0031417270067525985	37694	37694	cutsite_bigwig	motif_center	T_NK
RUNX3	B_cell	234	0.003170254331685165	37694	37694	cutsite_bigwig	motif_center	T_NK
RUNX3	B_cell	235	0.003253355674869016	37694	37694	cutsite_bigwig	motif_center	T_NK
RUNX3	B_cell	236	0.003607673362674666	37694	37694	cutsite_bigwig	motif_center	T_NK
RUNX3	B_cell	237	0.0036440560432219053	37694	37694	cutsite_bigwig	motif_center	T_NK
RUNX3	B_cell	238	0.003307929697666471	37694	37694	cutsite_bigwig	motif_center	T_NK
RUNX3	B_cell	239	0.0031012099343183763	37694	37694	cutsite_bigwig	motif_center	T_NK
RUNX3	B_cell	240	0.003098315856854701	37694	37694	cutsite_bigwig	motif_center	T_NK
RUNX3	B_cell	241	0.0031834844084345972	37694	37694	cutsite_bigwig	motif_center	T_NK
RUNX3	B_cell	242	0.003170667773878289	37694	37694	cutsite_bigwig	motif_center	T_NK
RUNX3	B_cell	243	0.0032806426933834885	37694	37694	cutsite_bigwig	motif_center	T_NK
RUNX3	B_cell	244	0.0033356301482934283	37694	37694	cutsite_bigwig	motif_center	T_NK
RUNX3	B_cell	245	0.0031942338236247525	37694	37694	cutsite_bigwig	motif_center	T_NK
RUNX3	B_cell	246	0.0030656541308439803	37694	37694	cutsite_bigwig	motif_center	T_NK
RUNX3	B_cell	247	0.003038367116480359	37694	37694	cutsite_bigwig	motif_center	T_NK
RUNX3	B_cell	248	0.0030859126601430055	37694	37694	cutsite_bigwig	motif_center	T_NK
RUNX3	B_cell	249	0.0033467930100252188	37694	37694	cutsite_bigwig	motif_center	T_NK
RUNX3	CD4_T	-250	0.0029988074510033077	37694	37694	cutsite_bigwig	motif_center	T_NK
RUNX3	CD4_T	-249	0.0029819514180913637	37694	37694	cutsite_bigwig	motif_center	T_NK
RUNX3	CD4_T	-248	0.0030841008063433226	37694	37694	cutsite_bigwig	motif_center	T_NK
RUNX3	CD4_T	-247	0.00299853112703456	37694	37694	cutsite_bigwig	motif_center	T_NK
RUNX3	CD4_T	-246	0.003251555794002526	37694	37694	cutsite_bigwig	motif_center	T_NK
RUNX3	CD4_T	-245	0.0032320285909561357	37694	37694	cutsite_bigwig	motif_center	T_NK
RUNX3	CD4_T	-244	0.003133287256648898	37694	37694	cutsite_bigwig	motif_center	T_NK
RUNX3	CD4_T	-243	0.0031760260418040444	37694	37694	cutsite_bigwig	motif_center	T_NK
RUNX3	CD4_T	-242	0.0030347301394614856	37694	37694	cutsite_bigwig	motif_center	T_NK
RUNX3	CD4_T	-241	0.0029571739746575005	37694	37694	cutsite_bigwig	motif_center	T_NK
RUNX3	CD4_T	-240	0.0030906405732282318	37694	37694	cutsite_bigwig	motif_center	T_NK
RUNX3	CD4_T	-239	0.0029840699427219996	37694	37694	cutsite_bigwig	motif_center	T_NK
RUNX3	CD4_T	-238	0.003069731731350429	37694	37694	cutsite_bigwig	motif_center	T_NK
RUNX3	CD4_T	-237	0.0030482702300091064	37694	37694	cutsite_bigwig	motif_center	T_NK
RUNX3	CD4_T	-236	0.0031051017603450875	37694	37694	cutsite_bigwig	motif_center	T_NK
RUNX3	CD4_T	-235	0.003004149800030992	37694	37694	cutsite_bigwig	motif_center	T_NK
RUNX3	CD4_T	-234	0.002984806815895717	37694	37694	cutsite_bigwig	motif_center	T_NK
RUNX3	CD4_T	-233	0.003230739056712914	37694	37694	cutsite_bigwig	motif_center	T_NK
RUNX3	CD4_T	-232	0.003233870778572491	37694	37694	cutsite_bigwig	motif_center	T_NK
RUNX3	CD4_T	-231	0.0031557619627919946	37694	37694	cutsite_bigwig	motif_center	T_NK
RUNX3	CD4_T	-230	0.0031143127111635536	37694	37694	cutsite_bigwig	motif_center	T_NK
RUNX3	CD4_T	-229	0.003090272139593913	37694	37694	cutsite_bigwig	motif_center	T_NK
RUNX3	CD4_T	-228	0.0032575429012880242	37694	37694	cutsite_bigwig	motif_center	T_NK
RUNX3	CD4_T	-227	0.003060336566216433	37694	37694	cutsite_bigwig	motif_center	T_NK
RUNX3	CD4_T	-226	0.0029341466169696215	37694	37694	cutsite_bigwig	motif_center	T_NK
RUNX3	CD4_T	-225	0.0030217427016816663	37694	37694	cutsite_bigwig	motif_center	T_NK
RUNX3	CD4_T	-224	0.003019808412059049	37694	37694	cutsite_bigwig	motif_center	T_NK
RUNX3	CD4_T	-223	0.0032899654343758445	37694	37694	cutsite_bigwig	motif_center	T_NK
RUNX3	CD4_T	-222	0.0032020930199505707	37694	37694	cutsite_bigwig	motif_center	T_NK
RUNX3	CD4_T	-221	0.003084653465485646	37694	37694	cutsite_bigwig	motif_center	T_NK
RUNX3	CD4_T	-220	0.0030400724841283056	37694	37694	cutsite_bigwig	motif_center	T_NK
RUNX3	CD4_T	-219	0.003114957477858961	37694	37694	cutsite_bigwig	motif_center	T_NK
RUNX3	CD4_T	-218	0.003177776118618286	37694	37694	cutsite_bigwig	motif_center	T_NK
RUNX3	CD4_T	-217	0.003252200560129662	37694	37694	cutsite_bigwig	motif_center	T_NK
RUNX3	CD4_T	-216	0.00310832559371094	37694	37694	cutsite_bigwig	motif_center	T_NK
RUNX3	CD4_T	-215	0.00303592756037008	37694	37694	cutsite_bigwig	motif_center	T_NK
RUNX3	CD4_T	-214	0.003182197371904435	37694	37694	cutsite_bigwig	motif_center	T_NK
RUNX3	CD4_T	-213	0.0030656789150217503	37694	37694	cutsite_bigwig	motif_center	T_NK
RUNX3	CD4_T	-212	0.003084285024340263	37694	37694	cutsite_bigwig	motif_center	T_NK
RUNX3	CD4_T	-211	0.0032217123276716275	37694	37694	cutsite_bigwig	motif_center	T_NK
RUNX3	CD4_T	-210	0.0032137909222394426	37694	37694	cutsite_bigwig	motif_center	T_NK
RUNX3	CD4_T	-209	0.0031602753219017064	37694	37694	cutsite_bigwig	motif_center	T_NK
RUNX3	CD4_T	-208	0.0031420376499977525	37694	37694	cutsite_bigwig	motif_center	T_NK
RUNX3	CD4_T	-207	0.0030479017922857054	37694	37694	cutsite_bigwig	motif_center	T_NK
RUNX3	CD4_T	-206	0.003100035744279662	37694	37694	cutsite_bigwig	motif_center	T_NK
RUNX3	CD4_T	-205	0.003280662380006901	37694	37694	cutsite_bigwig	motif_center	T_NK
RUNX3	CD4_T	-204	0.0032418843009712982	37694	37694	cutsite_bigwig	motif_center	T_NK
RUNX3	CD4_T	-203	0.0034431434510620736	37694	37694	cutsite_bigwig	motif_center	T_NK
RUNX3	CD4_T	-202	0.0034955537325716	37694	37694	cutsite_bigwig	motif_center	T_NK
RUNX3	CD4_T	-201	0.003159538449889239	37694	37694	cutsite_bigwig	motif_center	T_NK
RUNX3	CD4_T	-200	0.0030521388340235584	37694	37694	cutsite_bigwig	motif_center	T_NK
RUNX3	CD4_T	-199	0.003193618947148482	37694	37694	cutsite_bigwig	motif_center	T_NK
RUNX3	CD4_T	-198	0.003277899095005965	37694	37694	cutsite_bigwig	motif_center	T_NK
RUNX3	CD4_T	-197	0.0034246294480118583	37694	37694	cutsite_bigwig	motif_center	T_NK
RUNX3	CD4_T	-196	0.0033099531848235614	37694	37694	cutsite_bigwig	motif_center	T_NK
RUNX3	CD4_T	-195	0.003301110676324082	37694	37694	cutsite_bigwig	motif_center	T_NK
RUNX3	CD4_T	-194	0.003149866955968543	37694	37694	cutsite_bigwig	motif_center	T_NK
RUNX3	CD4_T	-193	0.003266938062913563	37694	37694	cutsite_bigwig	motif_center	T_NK
RUNX3	CD4_T	-192	0.0033553631470312406	37694	37694	cutsite_bigwig	motif_center	T_NK
RUNX3	CD4_T	-191	0.0034316297739970703	37694	37694	cutsite_bigwig	motif_center	T_NK
RUNX3	CD4_T	-190	0.0034304323437984756	37694	37694	cutsite_bigwig	motif_center	T_NK
RUNX3	CD4_T	-189	0.0033332568808722767	37694	37694	cutsite_bigwig	motif_center	T_NK
RUNX3	CD4_T	-188	0.0032842546447586947	37694	37694	cutsite_bigwig	motif_center	T_NK
RUNX3	CD4_T	-187	0.0033016633387772036	37694	37694	cutsite_bigwig	motif_center	T_NK
RUNX3	CD4_T	-186	0.003199053406360594	37694	37694	cutsite_bigwig	motif_center	T_NK
RUNX3	CD4_T	-185	0.0033989309139509016	37694	37694	cutsite_bigwig	motif_center	T_NK
RUNX3	CD4_T	-184	0.0034778687203535327	37694	37694	cutsite_bigwig	motif_center	T_NK
RUNX3	CD4_T	-183	0.00350835694605408	37694	37694	cutsite_bigwig	motif_center	T_NK
RUNX3	CD4_T	-182	0.003488829744008341	37694	37694	cutsite_bigwig	motif_center	T_NK
RUNX3	CD4_T	-181	0.0032133303686983153	37694	37694	cutsite_bigwig	motif_center	T_NK
RUNX3	CD4_T	-180	0.0030183346546673842	37694	37694	cutsite_bigwig	motif_center	T_NK
RUNX3	CD4_T	-179	0.003252200556584143	37694	37694	cutsite_bigwig	motif_center	T_NK
RUNX3	CD4_T	-178	0.003281491364711602	37694	37694	cutsite_bigwig	motif_center	T_NK
RUNX3	CD4_T	-177	0.003590887013848292	37694	37694	cutsite_bigwig	motif_center	T_NK
RUNX3	CD4_T	-176	0.0035253971911567133	37694	37694	cutsite_bigwig	motif_center	T_NK
RUNX3	CD4_T	-175	0.003087785191298414	37694	37694	cutsite_bigwig	motif_center	T_NK
RUNX3	CD4_T	-174	0.003155946182197259	37694	37694	cutsite_bigwig	motif_center	T_NK
RUNX3	CD4_T	-173	0.0033837328572305543	37694	37694	cutsite_bigwig	motif_center	T_NK
RUNX3	CD4_T	-172	0.0034680130006777576	37694	37694	cutsite_bigwig	motif_center	T_NK
RUNX3	CD4_T	-171	0.003503935689074167	37694	37694	cutsite_bigwig	motif_center	T_NK
RUNX3	CD4_T	-170	0.003307558335161758	37694	37694	cutsite_bigwig	motif_center	T_NK
RUNX3	CD4_T	-169	0.003243726492021989	37694	37694	cutsite_bigwig	motif_center	T_NK
RUNX3	CD4_T	-168	0.003275964798909996	37694	37694	cutsite_bigwig	motif_center	T_NK
RUNX3	CD4_T	-167	0.00339874669412561	37694	37694	cutsite_bigwig	motif_center	T_NK
RUNX3	CD4_T	-166	0.0033760877761253747	37694	37694	cutsite_bigwig	motif_center	T_NK
RUNX3	CD4_T	-165	0.0032736620646582454	37694	37694	cutsite_bigwig	motif_center	T_NK
RUNX3	CD4_T	-164	0.003210382865354535	37694	37694	cutsite_bigwig	motif_center	T_NK
RUNX3	CD4_T	-163	0.003410536709687341	37694	37694	cutsite_bigwig	motif_center	T_NK
RUNX3	CD4_T	-162	0.0031964743425562125	37694	37694	cutsite_bigwig	motif_center	T_NK
RUNX3	CD4_T	-161	0.003176855028905368	37694	37694	cutsite_bigwig	motif_center	T_NK
RUNX3	CD4_T	-160	0.0032260414733182165	37694	37694	cutsite_bigwig	motif_center	T_NK
RUNX3	CD4_T	-159	0.0033490075898539224	37694	37694	cutsite_bigwig	motif_center	T_NK
RUNX3	CD4_T	-158	0.0032738462835940688	37694	37694	cutsite_bigwig	motif_center	T_NK
RUNX3	CD4_T	-157	0.003271911982062461	37694	37694	cutsite_bigwig	motif_center	T_NK
RUNX3	CD4_T	-156	0.003399483577639395	37694	37694	cutsite_bigwig	motif_center	T_NK
RUNX3	CD4_T	-155	0.003375995662728979	37694	37694	cutsite_bigwig	motif_center	T_NK
RUNX3	CD4_T	-154	0.0034264716428304347	37694	37694	cutsite_bigwig	motif_center	T_NK
RUNX3	CD4_T	-153	0.003404918025733155	37694	37694	cutsite_bigwig	motif_center	T_NK
RUNX3	CD4_T	-152	0.003217843738666951	37694	37694	cutsite_bigwig	motif_center	T_NK
RUNX3	CD4_T	-151	0.003245016023275609	37694	37694	cutsite_bigwig	motif_center	T_NK
RUNX3	CD4_T	-150	0.0033751666811868315	37694	37694	cutsite_bigwig	motif_center	T_NK
RUNX3	CD4_T	-149	0.003696352339560145	37694	37694	cutsite_bigwig	motif_center	T_NK
RUNX3	CD4_T	-148	0.0035196864026637523	37694	37694	cutsite_bigwig	motif_center	T_NK
RUNX3	CD4_T	-147	0.003375258785540301	37694	37694	cutsite_bigwig	motif_center	T_NK
RUNX3	CD4_T	-146	0.0032686881451387357	37694	37694	cutsite_bigwig	motif_center	T_NK
RUNX3	CD4_T	-145	0.003298623725545485	37694	37694	cutsite_bigwig	motif_center	T_NK
RUNX3	CD4_T	-144	0.003493250998011006	37694	37694	cutsite_bigwig	motif_center	T_NK
RUNX3	CD4_T	-143	0.003305624049282319	37694	37694	cutsite_bigwig	motif_center	T_NK
RUNX3	CD4_T	-142	0.003409155064036673	37694	37694	cutsite_bigwig	motif_center	T_NK
RUNX3	CD4_T	-141	0.0034401038389421904	37694	37694	cutsite_bigwig	motif_center	T_NK
RUNX3	CD4_T	-140	0.0035406873656466747	37694	37694	cutsite_bigwig	motif_center	T_NK
RUNX3	CD4_T	-139	0.00352604196478256	37694	37694	cutsite_bigwig	motif_center	T_NK
RUNX3	CD4_T	-138	0.0035020935052998206	37694	37694	cutsite_bigwig	motif_center	T_NK
RUNX3	CD4_T	-137	0.003457051975330489	37694	37694	cutsite_bigwig	motif_center	T_NK
RUNX3	CD4_T	-136	0.0035338712647865014	37694	37694	cutsite_bigwig	motif_center	T_NK
RUNX3	CD4_T	-135	0.0036812463856861133	37694	37694	cutsite_bigwig	motif_center	T_NK
RUNX3	CD4_T	-134	0.0036372180695120678	37694	37694	cutsite_bigwig	motif_center	T_NK
RUNX3	CD4_T	-133	0.0034644207314292086	37694	37694	cutsite_bigwig	motif_center	T_NK
RUNX3	CD4_T	-132	0.0033925753621351	37694	37694	cutsite_bigwig	motif_center	T_NK
RUNX3	CD4_T	-131	0.0034899350549795825	37694	37694	cutsite_bigwig	motif_center	T_NK
RUNX3	CD4_T	-130	0.0034701315184397226	37694	37694	cutsite_bigwig	motif_center	T_NK
RUNX3	CD4_T	-129	0.0035039356929161755	37694	37694	cutsite_bigwig	motif_center	T_NK
RUNX3	CD4_T	-128	0.003438722202544462	37694	37694	cutsite_bigwig	motif_center	T_NK
RUNX3	CD4_T	-127	0.003511028118745748	37694	37694	cutsite_bigwig	motif_center	T_NK
RUNX3	CD4_T	-126	0.0036129932842816443	37694	37694	cutsite_bigwig	motif_center	T_NK
RUNX3	CD4_T	-125	0.0036835491245334495	37694	37694	cutsite_bigwig	motif_center	T_NK
RUNX3	CD4_T	-124	0.0037448019129364706	37694	37694	cutsite_bigwig	motif_center	T_NK
RUNX3	CD4_T	-123	0.003563806832839526	37694	37694	cutsite_bigwig	motif_center	T_NK
RUNX3	CD4_T	-122	0.0035062384243883383	37694	37694	cutsite_bigwig	motif_center	T_NK
RUNX3	CD4_T	-121	0.0036490080790822416	37694	37694	cutsite_bigwig	motif_center	T_NK
RUNX3	CD4_T	-120	0.0037216824409627277	37694	37694	cutsite_bigwig	motif_center	T_NK
RUNX3	CD4_T	-119	0.0034366036780003025	37694	37694	cutsite_bigwig	motif_center	T_NK
RUNX3	CD4_T	-118	0.0034406564976397795	37694	37694	cutsite_bigwig	motif_center	T_NK
RUNX3	CD4_T	-117	0.0035568065141677193	37694	37694	cutsite_bigwig	motif_center	T_NK
RUNX3	CD4_T	-116	0.0037294196340930397	37694	37694	cutsite_bigwig	motif_center	T_NK
RUNX3	CD4_T	-115	0.003919809878076254	37694	37694	cutsite_bigwig	motif_center	T_NK
RUNX3	CD4_T	-114	0.0037519864451949383	37694	37694	cutsite_bigwig	motif_center	T_NK
RUNX3	CD4_T	-113	0.003419471326703495	37694	37694	cutsite_bigwig	motif_center	T_NK
RUNX3	CD4_T	-112	0.0034809083293602778	37694	37694	cutsite_bigwig	motif_center	T_NK
RUNX3	CD4_T	-111	0.0035286210245966884	37694	37694	cutsite_bigwig	motif_center	T_NK
RUNX3	CD4_T	-110	0.003497119592068356	37694	37694	cutsite_bigwig	motif_center	T_NK
RUNX3	CD4_T	-109	0.0034071286562985374	37694	37694	cutsite_bigwig	motif_center	T_NK
RUNX3	CD4_T	-108	0.003468197223640895	37694	37694	cutsite_bigwig	motif_center	T_NK
RUNX3	CD4_T	-107	0.0035915317824091117	37694	37694	cutsite_bigwig	motif_center	T_NK
RUNX3	CD4_T	-106	0.003710537193220593	37694	37694	cutsite_bigwig	motif_center	T_NK
RUNX3	CD4_T	-105	0.003742591284681235	37694	37694	cutsite_bigwig	motif_center	T_NK
RUNX3	CD4_T	-104	0.003584899903511424	37694	37694	cutsite_bigwig	motif_center	T_NK
RUNX3	CD4_T	-103	0.0035791891136471997	37694	37694	cutsite_bigwig	motif_center	T_NK
RUNX3	CD4_T	-102	0.00360654562296087	37694	37694	cutsite_bigwig	motif_center	T_NK
RUNX3	CD4_T	-101	0.003856991225037327	37694	37694	cutsite_bigwig	motif_center	T_NK
RUNX3	CD4_T	-100	0.0038738472565285923	37694	37694	cutsite_bigwig	motif_center	T_NK
RUNX3	CD4_T	-99	0.003806423129044023	37694	37694	cutsite_bigwig	motif_center	T_NK
RUNX3	CD4_T	-98	0.003635191655263519	37694	37694	cutsite_bigwig	motif_center	T_NK
RUNX3	CD4_T	-97	0.0037892907782784255	37694	37694	cutsite_bigwig	motif_center	T_NK
RUNX3	CD4_T	-96	0.003790948743129303	37694	37694	cutsite_bigwig	motif_center	T_NK
RUNX3	CD4_T	-95	0.003670745911322751	37694	37694	cutsite_bigwig	motif_center	T_NK
RUNX3	CD4_T	-94	0.003713576808737751	37694	37694	cutsite_bigwig	motif_center	T_NK
RUNX3	CD4_T	-93	0.0038366350366438417	37694	37694	cutsite_bigwig	motif_center	T_NK
RUNX3	CD4_T	-92	0.003930586675815385	37694	37694	cutsite_bigwig	motif_center	T_NK
RUNX3	CD4_T	-91	0.003816463064258347	37694	37694	cutsite_bigwig	motif_center	T_NK
RUNX3	CD4_T	-90	0.0035551485446100725	37694	37694	cutsite_bigwig	motif_center	T_NK
RUNX3	CD4_T	-89	0.003658034804788023	37694	37694	cutsite_bigwig	motif_center	T_NK
RUNX3	CD4_T	-88	0.0037209455622545418	37694	37694	cutsite_bigwig	motif_center	T_NK
RUNX3	CD4_T	-87	0.003771974199954105	37694	37694	cutsite_bigwig	motif_center	T_NK
RUNX3	CD4_T	-86	0.0036640219217959017	37694	37694	cutsite_bigwig	motif_center	T_NK
RUNX3	CD4_T	-85	0.0035692412879749095	37694	37694	cutsite_bigwig	motif_center	T_NK
RUNX3	CD4_T	-84	0.003647626432764473	37694	37694	cutsite_bigwig	motif_center	T_NK
RUNX3	CD4_T	-83	0.0037902118762436314	37694	37694	cutsite_bigwig	motif_center	T_NK
RUNX3	CD4_T	-82	0.0039017564195242397	37694	37694	cutsite_bigwig	motif_center	T_NK
RUNX3	CD4_T	-81	0.003776856001321035	37694	37694	cutsite_bigwig	motif_center	T_NK
RUNX3	CD4_T	-80	0.003687325610061771	37694	37694	cutsite_bigwig	motif_center	T_NK
RUNX3	CD4_T	-79	0.003949745442163734	37694	37694	cutsite_bigwig	motif_center	T_NK
RUNX3	CD4_T	-78	0.003913730648672631	37694	37694	cutsite_bigwig	motif_center	T_NK
RUNX3	CD4_T	-77	0.0038247529098723245	37694	37694	cutsite_bigwig	motif_center	T_NK
RUNX3	CD4_T	-76	0.0036738776297727	37694	37694	cutsite_bigwig	motif_center	T_NK
RUNX3	CD4_T	-75	0.003632428379799658	37694	37694	cutsite_bigwig	motif_center	T_NK
RUNX3	CD4_T	-74	0.003753368089820247	37694	37694	cutsite_bigwig	motif_center	T_NK
RUNX3	CD4_T	-73	0.003913454317279295	37694	37694	cutsite_bigwig	motif_center	T_NK
RUNX3	CD4_T	-72	0.003800896568937484	37694	37694	cutsite_bigwig	motif_center	T_NK
RUNX3	CD4_T	-71	0.003992668444142216	37694	37694	cutsite_bigwig	motif_center	T_NK
RUNX3	CD4_T	-70	0.003949929658863533	37694	37694	cutsite_bigwig	motif_center	T_NK
RUNX3	CD4_T	-69	0.00378717225776158	37694	37694	cutsite_bigwig	motif_center	T_NK
RUNX3	CD4_T	-68	0.0038460301997518273	37694	37694	cutsite_bigwig	motif_center	T_NK
RUNX3	CD4_T	-67	0.0038699786553554973	37694	37694	cutsite_bigwig	motif_center	T_NK
RUNX3	CD4_T	-66	0.0039154807288841464	37694	37694	cutsite_bigwig	motif_center	T_NK
RUNX3	CD4_T	-65	0.003900927434498342	37694	37694	cutsite_bigwig	motif_center	T_NK
RUNX3	CD4_T	-64	0.004010261355712931	37694	37694	cutsite_bigwig	motif_center	T_NK
RUNX3	CD4_T	-63	0.003814805092563506	37694	37694	cutsite_bigwig	motif_center	T_NK
RUNX3	CD4_T	-62	0.003872649836830663	37694	37694	cutsite_bigwig	motif_center	T_NK
RUNX3	CD4_T	-61	0.004137003959358235	37694	37694	cutsite_bigwig	motif_center	T_NK
RUNX3	CD4_T	-60	0.0038795580354721248	37694	37694	cutsite_bigwig	motif_center	T_NK
RUNX3	CD4_T	-59	0.00398198374639569	37694	37694	cutsite_bigwig	motif_center	T_NK
RUNX3	CD4_T	-58	0.003859754507814593	37694	37694	cutsite_bigwig	motif_center	T_NK
RUNX3	CD4_T	-57	0.0037001288243348894	37694	37694	cutsite_bigwig	motif_center	T_NK
RUNX3	CD4_T	-56	0.003873478812887757	37694	37694	cutsite_bigwig	motif_center	T_NK
RUNX3	CD4_T	-55	0.0039213757360411486	37694	37694	cutsite_bigwig	motif_center	T_NK
RUNX3	CD4_T	-54	0.004043144426343805	37694	37694	cutsite_bigwig	motif_center	T_NK
RUNX3	CD4_T	-53	0.004038446850781368	37694	37694	cutsite_bigwig	motif_center	T_NK
RUNX3	CD4_T	-52	0.0038756894425883786	37694	37694	cutsite_bigwig	motif_center	T_NK
RUNX3	CD4_T	-51	0.004019656517807911	37694	37694	cutsite_bigwig	motif_center	T_NK
RUNX3	CD4_T	-50	0.004107344712605553	37694	37694	cutsite_bigwig	motif_center	T_NK
RUNX3	CD4_T	-49	0.0038862820265926044	37694	37694	cutsite_bigwig	motif_center	T_NK
RUNX3	CD4_T	-48	0.003795830547905861	37694	37694	cutsite_bigwig	motif_center	T_NK
RUNX3	CD4_T	-47	0.003776487562263432	37694	37694	cutsite_bigwig	motif_center	T_NK
RUNX3	CD4_T	-46	0.003882873978837099	37694	37694	cutsite_bigwig	motif_center	T_NK
RUNX3	CD4_T	-45	0.003995431733479309	37694	37694	cutsite_bigwig	motif_center	T_NK
RUNX3	CD4_T	-44	0.004254904057258941	37694	37694	cutsite_bigwig	motif_center	T_NK
RUNX3	CD4_T	-43	0.004388462771140895	37694	37694	cutsite_bigwig	motif_center	T_NK
RUNX3	CD4_T	-42	0.004231600365361077	37694	37694	cutsite_bigwig	motif_center	T_NK
RUNX3	CD4_T	-41	0.003925704872360675	37694	37694	cutsite_bigwig	motif_center	T_NK
RUNX3	CD4_T	-40	0.004067092884727063	37694	37694	cutsite_bigwig	motif_center	T_NK
RUNX3	CD4_T	-39	0.004095186269339292	37694	37694	cutsite_bigwig	motif_center	T_NK
RUNX3	CD4_T	-38	0.004164084144283132	37694	37694	cutsite_bigwig	motif_center	T_NK
RUNX3	CD4_T	-37	0.00414584646920427	37694	37694	cutsite_bigwig	motif_center	T_NK
RUNX3	CD4_T	-36	0.004073724766737889	37694	37694	cutsite_bigwig	motif_center	T_NK
RUNX3	CD4_T	-35	0.004209401986991675	37694	37694	cutsite_bigwig	motif_center	T_NK
RUNX3	CD4_T	-34	0.003923402135477582	37694	37694	cutsite_bigwig	motif_center	T_NK
RUNX3	CD4_T	-33	0.004016801121658957	37694	37694	cutsite_bigwig	motif_center	T_NK
RUNX3	CD4_T	-32	0.004237034824585542	37694	37694	cutsite_bigwig	motif_center	T_NK
RUNX3	CD4_T	-31	0.004048118340625336	37694	37694	cutsite_bigwig	motif_center	T_NK
RUNX3	CD4_T	-30	0.0039152965047721125	37694	37694	cutsite_bigwig	motif_center	T_NK
RUNX3	CD4_T	-29	0.003864359974563865	37694	37694	cutsite_bigwig	motif_center	T_NK
RUNX3	CD4_T	-28	0.004273694382449552	37694	37694	cutsite_bigwig	motif_center	T_NK
RUNX3	CD4_T	-27	0.004112871279753715	37694	37694	cutsite_bigwig	motif_center	T_NK
RUNX3	CD4_T	-26	0.004266878287074433	37694	37694	cutsite_bigwig	motif_center	T_NK
RUNX3	CD4_T	-25	0.004289997763977311	37694	37694	cutsite_bigwig	motif_center	T_NK
RUNX3	CD4_T	-24	0.004222942082233711	37694	37694	cutsite_bigwig	motif_center	T_NK
RUNX3	CD4_T	-23	0.004203967532795175	37694	37694	cutsite_bigwig	motif_center	T_NK
RUNX3	CD4_T	-22	0.004320578093598948	37694	37694	cutsite_bigwig	motif_center	T_NK
RUNX3	CD4_T	-21	0.004836667355052835	37694	37694	cutsite_bigwig	motif_center	T_NK
RUNX3	CD4_T	-20	0.0045876955129005555	37694	37694	cutsite_bigwig	motif_center	T_NK
RUNX3	CD4_T	-19	0.004449255006113972	37694	37694	cutsite_bigwig	motif_center	T_NK
RUNX3	CD4_T	-18	0.004419319432501772	37694	37694	cutsite_bigwig	motif_center	T_NK
RUNX3	CD4_T	-17	0.004074093201867008	37694	37694	cutsite_bigwig	motif_center	T_NK
RUNX3	CD4_T	-16	0.004060645221899134	37694	37694	cutsite_bigwig	motif_center	T_NK
RUNX3	CD4_T	-15	0.004100989167016029	37694	37694	cutsite_bigwig	motif_center	T_NK
RUNX3	CD4_T	-14	0.003558740814513369	37694	37694	cutsite_bigwig	motif_center	T_NK
RUNX3	CD4_T	-13	0.003436143141729682	37694	37694	cutsite_bigwig	motif_center	T_NK
RUNX3	CD4_T	-12	0.0032490688358611094	37694	37694	cutsite_bigwig	motif_center	T_NK
RUNX3	CD4_T	-11	0.00380909431128512	37694	37694	cutsite_bigwig	motif_center	T_NK
RUNX3	CD4_T	-10	0.0037585262148594352	37694	37694	cutsite_bigwig	motif_center	T_NK
RUNX3	CD4_T	-9	0.003364758309459771	37694	37694	cutsite_bigwig	motif_center	T_NK
RUNX3	CD4_T	-8	0.0022819195842409823	37694	37694	cutsite_bigwig	motif_center	T_NK
RUNX3	CD4_T	-7	0.003112562628295987	37694	37694	cutsite_bigwig	motif_center	T_NK
RUNX3	CD4_T	-6	0.005220211123276369	37694	37694	cutsite_bigwig	motif_center	T_NK
RUNX3	CD4_T	-5	0.0035512799505897836	37694	37694	cutsite_bigwig	motif_center	T_NK
RUNX3	CD4_T	-4	0.004590274582807677	37694	37694	cutsite_bigwig	motif_center	T_NK
RUNX3	CD4_T	-3	0.0047842570821167935	37694	37694	cutsite_bigwig	motif_center	T_NK
RUNX3	CD4_T	-2	0.0026472256694916258	37694	37694	cutsite_bigwig	motif_center	T_NK
RUNX3	CD4_T	-1	0.0022041792034907756	37694	37694	cutsite_bigwig	motif_center	T_NK
RUNX3	CD4_T	0	0.002791929623567589	37694	37694	cutsite_bigwig	motif_center	T_NK
RUNX3	CD4_T	1	0.004864300201714336	37694	37694	cutsite_bigwig	motif_center	T_NK
RUNX3	CD4_T	2	0.004585576990110625	37694	37694	cutsite_bigwig	motif_center	T_NK
RUNX3	CD4_T	3	0.003376456211390385	37694	37694	cutsite_bigwig	motif_center	T_NK
RUNX3	CD4_T	4	0.005009004149712267	37694	37694	cutsite_bigwig	motif_center	T_NK
RUNX3	CD4_T	5	0.0030771925987701184	37694	37694	cutsite_bigwig	motif_center	T_NK
RUNX3	CD4_T	6	0.002474059900381084	37694	37694	cutsite_bigwig	motif_center	T_NK
RUNX3	CD4_T	7	0.003545569166074722	37694	37694	cutsite_bigwig	motif_center	T_NK
RUNX3	CD4_T	8	0.0036216515686567363	37694	37694	cutsite_bigwig	motif_center	T_NK
RUNX3	CD4_T	9	0.0038116733686408572	37694	37694	cutsite_bigwig	motif_center	T_NK
RUNX3	CD4_T	10	0.003138998043128202	37694	37694	cutsite_bigwig	motif_center	T_NK
RUNX3	CD4_T	11	0.0033447705550588625	37694	37694	cutsite_bigwig	motif_center	T_NK
RUNX3	CD4_T	12	0.0034715131638186087	37694	37694	cutsite_bigwig	motif_center	T_NK
RUNX3	CD4_T	13	0.003926441747733356	37694	37694	cutsite_bigwig	motif_center	T_NK
RUNX3	CD4_T	14	0.004111673855571383	37694	37694	cutsite_bigwig	motif_center	T_NK
RUNX3	CD4_T	15	0.004174124074135939	37694	37694	cutsite_bigwig	motif_center	T_NK
RUNX3	CD4_T	16	0.00412088480914473	37694	37694	cutsite_bigwig	motif_center	T_NK
RUNX3	CD4_T	17	0.004400252773274127	37694	37694	cutsite_bigwig	motif_center	T_NK
RUNX3	CD4_T	18	0.004518613421701651	37694	37694	cutsite_bigwig	motif_center	T_NK
RUNX3	CD4_T	19	0.004637342511496926	37694	37694	cutsite_bigwig	motif_center	T_NK
RUNX3	CD4_T	20	0.0044236485740222166	37694	37694	cutsite_bigwig	motif_center	T_NK
RUNX3	CD4_T	21	0.00442889881391554	37694	37694	cutsite_bigwig	motif_center	T_NK
RUNX3	CD4_T	22	0.004309709176224791	37694	37694	cutsite_bigwig	motif_center	T_NK
RUNX3	CD4_T	23	0.0042488248355763945	37694	37694	cutsite_bigwig	motif_center	T_NK
RUNX3	CD4_T	24	0.004211704724430686	37694	37694	cutsite_bigwig	motif_center	T_NK
RUNX3	CD4_T	25	0.004109739557227037	37694	37694	cutsite_bigwig	motif_center	T_NK
RUNX3	CD4_T	26	0.00447587463649709	37694	37694	cutsite_bigwig	motif_center	T_NK
RUNX3	CD4_T	27	0.0043560402394861066	37694	37694	cutsite_bigwig	motif_center	T_NK
RUNX3	CD4_T	28	0.004388923310969388	37694	37694	cutsite_bigwig	motif_center	T_NK
RUNX3	CD4_T	29	0.004168689610031752	37694	37694	cutsite_bigwig	motif_center	T_NK
RUNX3	CD4_T	30	0.004207559798856463	37694	37694	cutsite_bigwig	motif_center	T_NK
RUNX3	CD4_T	31	0.004271299543251353	37694	37694	cutsite_bigwig	motif_center	T_NK
RUNX3	CD4_T	32	0.004153215224289984	37694	37694	cutsite_bigwig	motif_center	T_NK
RUNX3	CD4_T	33	0.004092791419282169	37694	37694	cutsite_bigwig	motif_center	T_NK
RUNX3	CD4_T	34	0.004011550881382667	37694	37694	cutsite_bigwig	motif_center	T_NK
RUNX3	CD4_T	35	0.004184808765594419	37694	37694	cutsite_bigwig	motif_center	T_NK
RUNX3	CD4_T	36	0.004232889895021066	37694	37694	cutsite_bigwig	motif_center	T_NK
RUNX3	CD4_T	37	0.003979588908815829	37694	37694	cutsite_bigwig	motif_center	T_NK
RUNX3	CD4_T	38	0.004065434911315054	37694	37694	cutsite_bigwig	motif_center	T_NK
RUNX3	CD4_T	39	0.00401993284466743	37694	37694	cutsite_bigwig	motif_center	T_NK
RUNX3	CD4_T	40	0.00407658016645707	37694	37694	cutsite_bigwig	motif_center	T_NK
RUNX3	CD4_T	41	0.004309893404327077	37694	37694	cutsite_bigwig	motif_center	T_NK
RUNX3	CD4_T	42	0.004125858716471115	37694	37694	cutsite_bigwig	motif_center	T_NK
RUNX3	CD4_T	43	0.004029696447821317	37694	37694	cutsite_bigwig	motif_center	T_NK
RUNX3	CD4_T	44	0.003988247195315761	37694	37694	cutsite_bigwig	motif_center	T_NK
RUNX3	CD4_T	45	0.0038660179485194377	37694	37694	cutsite_bigwig	motif_center	T_NK
RUNX3	CD4_T	46	0.003920178308832155	37694	37694	cutsite_bigwig	motif_center	T_NK
RUNX3	CD4_T	47	0.0038178447046092667	37694	37694	cutsite_bigwig	motif_center	T_NK
RUNX3	CD4_T	48	0.003968627882010821	37694	37694	cutsite_bigwig	motif_center	T_NK
RUNX3	CD4_T	49	0.004220363015797986	37694	37694	cutsite_bigwig	motif_center	T_NK
RUNX3	CD4_T	50	0.00423979811121717	37694	37694	cutsite_bigwig	motif_center	T_NK
RUNX3	CD4_T	51	0.004203506985146774	37694	37694	cutsite_bigwig	motif_center	T_NK
RUNX3	CD4_T	52	0.003982812732039274	37694	37694	cutsite_bigwig	motif_center	T_NK
RUNX3	CD4_T	53	0.003890611175031135	37694	37694	cutsite_bigwig	motif_center	T_NK
RUNX3	CD4_T	54	0.0038719129553181817	37694	37694	cutsite_bigwig	motif_center	T_NK
RUNX3	CD4_T	55	0.004043144426529111	37694	37694	cutsite_bigwig	motif_center	T_NK
RUNX3	CD4_T	56	0.004133964344384641	37694	37694	cutsite_bigwig	motif_center	T_NK
RUNX3	CD4_T	57	0.003906177673823394	37694	37694	cutsite_bigwig	motif_center	T_NK
RUNX3	CD4_T	58	0.004054013339468282	37694	37694	cutsite_bigwig	motif_center	T_NK
RUNX3	CD4_T	59	0.00402490675649057	37694	37694	cutsite_bigwig	motif_center	T_NK
RUNX3	CD4_T	60	0.003984931253593832	37694	37694	cutsite_bigwig	motif_center	T_NK
RUNX3	CD4_T	61	0.004081922507084222	37694	37694	cutsite_bigwig	motif_center	T_NK
RUNX3	CD4_T	62	0.004252140773394547	37694	37694	cutsite_bigwig	motif_center	T_NK
RUNX3	CD4_T	63	0.004043420757428298	37694	37694	cutsite_bigwig	motif_center	T_NK
RUNX3	CD4_T	64	0.003960890682827184	37694	37694	cutsite_bigwig	motif_center	T_NK
RUNX3	CD4_T	65	0.0039687199945918706	37694	37694	cutsite_bigwig	motif_center	T_NK
RUNX3	CD4_T	66	0.0040239856595136615	37694	37694	cutsite_bigwig	motif_center	T_NK
RUNX3	CD4_T	67	0.004096475811871862	37694	37694	cutsite_bigwig	motif_center	T_NK
RUNX3	CD4_T	68	0.00396586459696047	37694	37694	cutsite_bigwig	motif_center	T_NK
RUNX3	CD4_T	69	0.003914559635601002	37694	37694	cutsite_bigwig	motif_center	T_NK
RUNX3	CD4_T	70	0.0037509732429009705	37694	37694	cutsite_bigwig	motif_center	T_NK
RUNX3	CD4_T	71	0.003813239234623319	37694	37694	cutsite_bigwig	motif_center	T_NK
RUNX3	CD4_T	72	0.004084501567985478	37694	37694	cutsite_bigwig	motif_center	T_NK
RUNX3	CD4_T	73	0.0039351921559190334	37694	37694	cutsite_bigwig	motif_center	T_NK
RUNX3	CD4_T	74	0.003919441434991336	37694	37694	cutsite_bigwig	motif_center	T_NK
RUNX3	CD4_T	75	0.003902861724306265	37694	37694	cutsite_bigwig	motif_center	T_NK
RUNX3	CD4_T	76	0.003961811779717616	37694	37694	cutsite_bigwig	motif_center	T_NK
RUNX3	CD4_T	77	0.004127700896699942	37694	37694	cutsite_bigwig	motif_center	T_NK
RUNX3	CD4_T	78	0.004128345666224353	37694	37694	cutsite_bigwig	motif_center	T_NK
RUNX3	CD4_T	79	0.004043144421278778	37694	37694	cutsite_bigwig	motif_center	T_NK
RUNX3	CD4_T	80	0.004070408823706465	37694	37694	cutsite_bigwig	motif_center	T_NK
RUNX3	CD4_T	81	0.004039644266106079	37694	37694	cutsite_bigwig	motif_center	T_NK
RUNX3	CD4_T	82	0.0037762112366145776	37694	37694	cutsite_bigwig	motif_center	T_NK
RUNX3	CD4_T	83	0.003743788702649643	37694	37694	cutsite_bigwig	motif_center	T_NK
RUNX3	CD4_T	84	0.0036992998436204414	37694	37694	cutsite_bigwig	motif_center	T_NK
RUNX3	CD4_T	85	0.003678206776938797	37694	37694	cutsite_bigwig	motif_center	T_NK
RUNX3	CD4_T	86	0.003918796664602165	37694	37694	cutsite_bigwig	motif_center	T_NK
RUNX3	CD4_T	87	0.003901203763000906	37694	37694	cutsite_bigwig	motif_center	T_NK
RUNX3	CD4_T	88	0.003901295869726291	37694	37694	cutsite_bigwig	motif_center	T_NK
RUNX3	CD4_T	89	0.0038042125075956894	37694	37694	cutsite_bigwig	motif_center	T_NK
RUNX3	CD4_T	90	0.0037860669459997003	37694	37694	cutsite_bigwig	motif_center	T_NK
RUNX3	CD4_T	91	0.0039005589952677863	37694	37694	cutsite_bigwig	motif_center	T_NK
RUNX3	CD4_T	92	0.00391308587702338	37694	37694	cutsite_bigwig	motif_center	T_NK
RUNX3	CD4_T	93	0.0038358060495054572	37694	37694	cutsite_bigwig	motif_center	T_NK
RUNX3	CD4_T	94	0.003695339139156297	37694	37694	cutsite_bigwig	motif_center	T_NK
RUNX3	CD4_T	95	0.0037494073805875647	37694	37694	cutsite_bigwig	motif_center	T_NK
RUNX3	CD4_T	96	0.0037973043004178044	37694	37694	cutsite_bigwig	motif_center	T_NK
RUNX3	CD4_T	97	0.0038539516105578825	37694	37694	cutsite_bigwig	motif_center	T_NK
RUNX3	CD4_T	98	0.0037620263776049667	37694	37694	cutsite_bigwig	motif_center	T_NK
RUNX3	CD4_T	99	0.003867399596183762	37694	37694	cutsite_bigwig	motif_center	T_NK
RUNX3	CD4_T	100	0.0038289899477311085	37694	37694	cutsite_bigwig	motif_center	T_NK
RUNX3	CD4_T	101	0.003880847577918219	37694	37694	cutsite_bigwig	motif_center	T_NK
RUNX3	CD4_T	102	0.0039951554027160135	37694	37694	cutsite_bigwig	motif_center	T_NK
RUNX3	CD4_T	103	0.0037430518257698083	37694	37694	cutsite_bigwig	motif_center	T_NK
RUNX3	CD4_T	104	0.0035316606345670238	37694	37694	cutsite_bigwig	motif_center	T_NK
RUNX3	CD4_T	105	0.0038020939908096686	37694	37694	cutsite_bigwig	motif_center	T_NK
RUNX3	CD4_T	106	0.003795922656879624	37694	37694	cutsite_bigwig	motif_center	T_NK
RUNX3	CD4_T	107	0.003772803181113287	37694	37694	cutsite_bigwig	motif_center	T_NK
RUNX3	CD4_T	108	0.003915388618687365	37694	37694	cutsite_bigwig	motif_center	T_NK
RUNX3	CD4_T	109	0.0037662634110781786	37694	37694	cutsite_bigwig	motif_center	T_NK
RUNX3	CD4_T	110	0.0037084186762122054	37694	37694	cutsite_bigwig	motif_center	T_NK
RUNX3	CD4_T	111	0.0037024315581666136	37694	37694	cutsite_bigwig	motif_center	T_NK
RUNX3	CD4_T	112	0.0038162788542542665	37694	37694	cutsite_bigwig	motif_center	T_NK
RUNX3	CD4_T	113	0.0038017255521720916	37694	37694	cutsite_bigwig	motif_center	T_NK
RUNX3	CD4_T	114	0.0036938653851248454	37694	37694	cutsite_bigwig	motif_center	T_NK
RUNX3	CD4_T	115	0.003493987866280295	37694	37694	cutsite_bigwig	motif_center	T_NK
RUNX3	CD4_T	116	0.0034106288187475795	37694	37694	cutsite_bigwig	motif_center	T_NK
RUNX3	CD4_T	117	0.0036138222716547495	37694	37694	cutsite_bigwig	motif_center	T_NK
RUNX3	CD4_T	118	0.003873663027438008	37694	37694	cutsite_bigwig	motif_center	T_NK
RUNX3	CD4_T	119	0.003549253542740464	37694	37694	cutsite_bigwig	motif_center	T_NK
RUNX3	CD4_T	120	0.0035817681803052915	37694	37694	cutsite_bigwig	motif_center	T_NK
RUNX3	CD4_T	121	0.003677377795186636	37694	37694	cutsite_bigwig	motif_center	T_NK
RUNX3	CD4_T	122	0.003679680520815487	37694	37694	cutsite_bigwig	motif_center	T_NK
RUNX3	CD4_T	123	0.0035793733320888736	37694	37694	cutsite_bigwig	motif_center	T_NK
RUNX3	CD4_T	124	0.0034141289750074058	37694	37694	cutsite_bigwig	motif_center	T_NK
RUNX3	CD4_T	125	0.00347225003849948	37694	37694	cutsite_bigwig	motif_center	T_NK
RUNX3	CD4_T	126	0.003637310179523543	37694	37694	cutsite_bigwig	motif_center	T_NK
RUNX3	CD4_T	127	0.0036394286971372634	37694	37694	cutsite_bigwig	motif_center	T_NK
RUNX3	CD4_T	128	0.003603229683437904	37694	37694	cutsite_bigwig	motif_center	T_NK
RUNX3	CD4_T	129	0.003439735400230491	37694	37694	cutsite_bigwig	motif_center	T_NK
RUNX3	CD4_T	130	0.0033402571956403075	37694	37694	cutsite_bigwig	motif_center	T_NK
RUNX3	CD4_T	131	0.003567859649625293	37694	37694	cutsite_bigwig	motif_center	T_NK
RUNX3	CD4_T	132	0.0034341167248744977	37694	37694	cutsite_bigwig	motif_center	T_NK
RUNX3	CD4_T	133	0.0036415472079934963	37694	37694	cutsite_bigwig	motif_center	T_NK
RUNX3	CD4_T	134	0.0036179671930287064	37694	37694	cutsite_bigwig	motif_center	T_NK
RUNX3	CD4_T	135	0.003377008866764822	37694	37694	cutsite_bigwig	motif_center	T_NK
RUNX3	CD4_T	136	0.0035380161902371873	37694	37694	cutsite_bigwig	motif_center	T_NK
RUNX3	CD4_T	137	0.0036732328710083837	37694	37694	cutsite_bigwig	motif_center	T_NK
RUNX3	CD4_T	138	0.003775382250007403	37694	37694	cutsite_bigwig	motif_center	T_NK
RUNX3	CD4_T	139	0.003831292687616157	37694	37694	cutsite_bigwig	motif_center	T_NK
RUNX3	CD4_T	140	0.003810568062635813	37694	37694	cutsite_bigwig	motif_center	T_NK
RUNX3	CD4_T	141	0.0037103529761995974	37694	37694	cutsite_bigwig	motif_center	T_NK
RUNX3	CD4_T	142	0.003588215841033087	37694	37694	cutsite_bigwig	motif_center	T_NK
RUNX3	CD4_T	143	0.0035163704700094567	37694	37694	cutsite_bigwig	motif_center	T_NK
RUNX3	CD4_T	144	0.003399115135011565	37694	37694	cutsite_bigwig	motif_center	T_NK
RUNX3	CD4_T	145	0.0033905489599684938	37694	37694	cutsite_bigwig	motif_center	T_NK
RUNX3	CD4_T	146	0.0033212826493396173	37694	37694	cutsite_bigwig	motif_center	T_NK
RUNX3	CD4_T	147	0.0032529374330810125	37694	37694	cutsite_bigwig	motif_center	T_NK
RUNX3	CD4_T	148	0.0033460600873872564	37694	37694	cutsite_bigwig	motif_center	T_NK
RUNX3	CD4_T	149	0.0035095543655049347	37694	37694	cutsite_bigwig	motif_center	T_NK
RUNX3	CD4_T	150	0.0036240464167125556	37694	37694	cutsite_bigwig	motif_center	T_NK
RUNX3	CD4_T	151	0.003486158572354386	37694	37694	cutsite_bigwig	motif_center	T_NK
RUNX3	CD4_T	152	0.003728959086765836	37694	37694	cutsite_bigwig	motif_center	T_NK
RUNX3	CD4_T	153	0.0036643903548372416	37694	37694	cutsite_bigwig	motif_center	T_NK
RUNX3	CD4_T	154	0.003491869355214049	37694	37694	cutsite_bigwig	motif_center	T_NK
RUNX3	CD4_T	155	0.003402154748935092	37694	37694	cutsite_bigwig	motif_center	T_NK
RUNX3	CD4_T	156	0.003349560243362947	37694	37694	cutsite_bigwig	motif_center	T_NK
RUNX3	CD4_T	157	0.003383180195493949	37694	37694	cutsite_bigwig	motif_center	T_NK
RUNX3	CD4_T	158	0.0035905185749759943	37694	37694	cutsite_bigwig	motif_center	T_NK
RUNX3	CD4_T	159	0.003454565020030429	37694	37694	cutsite_bigwig	motif_center	T_NK
RUNX3	CD4_T	160	0.0034249057821724286	37694	37694	cutsite_bigwig	motif_center	T_NK
RUNX3	CD4_T	161	0.0035953082683574597	37694	37694	cutsite_bigwig	motif_center	T_NK
RUNX3	CD4_T	162	0.0036348232270154244	37694	37694	cutsite_bigwig	motif_center	T_NK
RUNX3	CD4_T	163	0.0034810004378398912	37694	37694	cutsite_bigwig	motif_center	T_NK
RUNX3	CD4_T	164	0.0034802635660250835	37694	37694	cutsite_bigwig	motif_center	T_NK
RUNX3	CD4_T	165	0.0034796187981437185	37694	37694	cutsite_bigwig	motif_center	T_NK
RUNX3	CD4_T	166	0.0034087866284257585	37694	37694	cutsite_bigwig	motif_center	T_NK
RUNX3	CD4_T	167	0.003441393378126902	37694	37694	cutsite_bigwig	motif_center	T_NK
RUNX3	CD4_T	168	0.0035395820484491565	37694	37694	cutsite_bigwig	motif_center	T_NK
RUNX3	CD4_T	169	0.003426195310757644	37694	37694	cutsite_bigwig	motif_center	T_NK
RUNX3	CD4_T	170	0.003252108445819091	37694	37694	cutsite_bigwig	motif_center	T_NK
RUNX3	CD4_T	171	0.003307189902725751	37694	37694	cutsite_bigwig	motif_center	T_NK
RUNX3	CD4_T	172	0.0033022159901737414	37694	37694	cutsite_bigwig	motif_center	T_NK
RUNX3	CD4_T	173	0.0034928825570385755	37694	37694	cutsite_bigwig	motif_center	T_NK
RUNX3	CD4_T	174	0.0033059924747755333	37694	37694	cutsite_bigwig	motif_center	T_NK
RUNX3	CD4_T	175	0.0033012027891151457	37694	37694	cutsite_bigwig	motif_center	T_NK
RUNX3	CD4_T	176	0.0034439724357791285	37694	37694	cutsite_bigwig	motif_center	T_NK
RUNX3	CD4_T	177	0.0035439112001243627	37694	37694	cutsite_bigwig	motif_center	T_NK
RUNX3	CD4_T	178	0.0037810930389327443	37694	37694	cutsite_bigwig	motif_center	T_NK
RUNX3	CD4_T	179	0.003644678936054643	37694	37694	cutsite_bigwig	motif_center	T_NK
RUNX3	CD4_T	180	0.0036169539899193926	37694	37694	cutsite_bigwig	motif_center	T_NK
RUNX3	CD4_T	181	0.003459538941106508	37694	37694	cutsite_bigwig	motif_center	T_NK
RUNX3	CD4_T	182	0.003576057392714152	37694	37694	cutsite_bigwig	motif_center	T_NK
RUNX3	CD4_T	183	0.0035364503281214415	37694	37694	cutsite_bigwig	motif_center	T_NK
RUNX3	CD4_T	184	0.003489198178247992	37694	37694	cutsite_bigwig	motif_center	T_NK
RUNX3	CD4_T	185	0.0033463364116030785	37694	37694	cutsite_bigwig	motif_center	T_NK
RUNX3	CD4_T	186	0.0033723112868291674	37694	37694	cutsite_bigwig	motif_center	T_NK
RUNX3	CD4_T	187	0.003489013960349882	37694	37694	cutsite_bigwig	motif_center	T_NK
RUNX3	CD4_T	188	0.0034278532920760363	37694	37694	cutsite_bigwig	motif_center	T_NK
RUNX3	CD4_T	189	0.0034215898448854863	37694	37694	cutsite_bigwig	motif_center	T_NK
RUNX3	CD4_T	190	0.0034747369961961633	37694	37694	cutsite_bigwig	motif_center	T_NK
RUNX3	CD4_T	191	0.0033100452954527232	37694	37694	cutsite_bigwig	motif_center	T_NK
RUNX3	CD4_T	192	0.003412378898254933	37694	37694	cutsite_bigwig	motif_center	T_NK
RUNX3	CD4_T	193	0.003312900684535347	37694	37694	cutsite_bigwig	motif_center	T_NK
RUNX3	CD4_T	194	0.003312071704401524	37694	37694	cutsite_bigwig	motif_center	T_NK
RUNX3	CD4_T	195	0.0034679208994003656	37694	37694	cutsite_bigwig	motif_center	T_NK
RUNX3	CD4_T	196	0.0033915621616571294	37694	37694	cutsite_bigwig	motif_center	T_NK
RUNX3	CD4_T	197	0.003443051344336689	37694	37694	cutsite_bigwig	motif_center	T_NK
RUNX3	CD4_T	198	0.003161196410823986	37694	37694	cutsite_bigwig	motif_center	T_NK
RUNX3	CD4_T	199	0.003194632153383288	37694	37694	cutsite_bigwig	motif_center	T_NK
RUNX3	CD4_T	200	0.0033281908555415577	37694	37694	cutsite_bigwig	motif_center	T_NK
RUNX3	CD4_T	201	0.0032852678535260143	37694	37694	cutsite_bigwig	motif_center	T_NK
RUNX3	CD4_T	202	0.0034386300895310317	37694	37694	cutsite_bigwig	motif_center	T_NK
RUNX3	CD4_T	203	0.003520515395213068	37694	37694	cutsite_bigwig	motif_center	T_NK
RUNX3	CD4_T	204	0.0032570823522189455	37694	37694	cutsite_bigwig	motif_center	T_NK
RUNX3	CD4_T	205	0.003294202464501197	37694	37694	cutsite_bigwig	motif_center	T_NK
RUNX3	CD4_T	206	0.003367337377452065	37694	37694	cutsite_bigwig	motif_center	T_NK
RUNX3	CD4_T	207	0.0035333186021480746	37694	37694	cutsite_bigwig	motif_center	T_NK
RUNX3	CD4_T	208	0.003554043233194097	37694	37694	cutsite_bigwig	motif_center	T_NK
RUNX3	CD4_T	209	0.0033268092153512364	37694	37694	cutsite_bigwig	motif_center	T_NK
RUNX3	CD4_T	210	0.0032510952435992452	37694	37694	cutsite_bigwig	motif_center	T_NK
RUNX3	CD4_T	211	0.0032768858922425552	37694	37694	cutsite_bigwig	motif_center	T_NK
RUNX3	CD4_T	212	0.0034781450427904185	37694	37694	cutsite_bigwig	motif_center	T_NK
RUNX3	CD4_T	213	0.0033327042291792495	37694	37694	cutsite_bigwig	motif_center	T_NK
RUNX3	CD4_T	214	0.00334707329490685	37694	37694	cutsite_bigwig	motif_center	T_NK
RUNX3	CD4_T	215	0.00347132894692115	37694	37694	cutsite_bigwig	motif_center	T_NK
RUNX3	CD4_T	216	0.0033193483492533955	37694	37694	cutsite_bigwig	motif_center	T_NK
RUNX3	CD4_T	217	0.0033894436469959492	37694	37694	cutsite_bigwig	motif_center	T_NK
RUNX3	CD4_T	218	0.0033957070841305675	37694	37694	cutsite_bigwig	motif_center	T_NK
RUNX3	CD4_T	219	0.0033733244868871114	37694	37694	cutsite_bigwig	motif_center	T_NK
RUNX3	CD4_T	220	0.0033611660417060224	37694	37694	cutsite_bigwig	motif_center	T_NK
RUNX3	CD4_T	221	0.0032133303738868797	37694	37694	cutsite_bigwig	motif_center	T_NK
RUNX3	CD4_T	222	0.0032498978192439616	37694	37694	cutsite_bigwig	motif_center	T_NK
RUNX3	CD4_T	223	0.003267030179472512	37694	37694	cutsite_bigwig	motif_center	T_NK
RUNX3	CD4_T	224	0.0031406560159472317	37694	37694	cutsite_bigwig	motif_center	T_NK
RUNX3	CD4_T	225	0.0034182739025088098	37694	37694	cutsite_bigwig	motif_center	T_NK
RUNX3	CD4_T	226	0.003269609236667651	37694	37694	cutsite_bigwig	motif_center	T_NK
RUNX3	CD4_T	227	0.0033980098196671055	37694	37694	cutsite_bigwig	motif_center	T_NK
RUNX3	CD4_T	228	0.003237094612049527	37694	37694	cutsite_bigwig	motif_center	T_NK
RUNX3	CD4_T	229	0.003163683370941999	37694	37694	cutsite_bigwig	motif_center	T_NK
RUNX3	CD4_T	230	0.003200895590678505	37694	37694	cutsite_bigwig	motif_center	T_NK
RUNX3	CD4_T	231	0.0031623938452104935	37694	37694	cutsite_bigwig	motif_center	T_NK
RUNX3	CD4_T	232	0.0032860968387619254	37694	37694	cutsite_bigwig	motif_center	T_NK
RUNX3	CD4_T	233	0.0032230939670836647	37694	37694	cutsite_bigwig	motif_center	T_NK
RUNX3	CD4_T	234	0.0032299100687838912	37694	37694	cutsite_bigwig	motif_center	T_NK
RUNX3	CD4_T	235	0.0033490075942147874	37694	37694	cutsite_bigwig	motif_center	T_NK
RUNX3	CD4_T	236	0.00354151635185853	37694	37694	cutsite_bigwig	motif_center	T_NK
RUNX3	CD4_T	237	0.0036511266017980504	37694	37694	cutsite_bigwig	motif_center	T_NK
RUNX3	CD4_T	238	0.003359231747796663	37694	37694	cutsite_bigwig	motif_center	T_NK
RUNX3	CD4_T	239	0.0031481168745834233	37694	37694	cutsite_bigwig	motif_center	T_NK
RUNX3	CD4_T	240	0.003110075671451711	37694	37694	cutsite_bigwig	motif_center	T_NK
RUNX3	CD4_T	241	0.0031831184694372603	37694	37694	cutsite_bigwig	motif_center	T_NK
RUNX3	CD4_T	242	0.003129142324836044	37694	37694	cutsite_bigwig	motif_center	T_NK
RUNX3	CD4_T	243	0.003320085224786674	37694	37694	cutsite_bigwig	motif_center	T_NK
RUNX3	CD4_T	244	0.0034032600630441792	37694	37694	cutsite_bigwig	motif_center	T_NK
RUNX3	CD4_T	245	0.0032158173209964206	37694	37694	cutsite_bigwig	motif_center	T_NK
RUNX3	CD4_T	246	0.0031588936866158135	37694	37694	cutsite_bigwig	motif_center	T_NK
RUNX3	CD4_T	247	0.0030082947249010527	37694	37694	cutsite_bigwig	motif_center	T_NK
RUNX3	CD4_T	248	0.003195921680300751	37694	37694	cutsite_bigwig	motif_center	T_NK
RUNX3	CD4_T	249	0.0033752587911118305	37694	37694	cutsite_bigwig	motif_center	T_NK
RUNX3	NK_T_cytotoxic	-250	0.003084981433779196	37694	37694	cutsite_bigwig	motif_center	T_NK
RUNX3	NK_T_cytotoxic	-249	0.003138943997078779	37694	37694	cutsite_bigwig	motif_center	T_NK
RUNX3	NK_T_cytotoxic	-248	0.003166289891269458	37694	37694	cutsite_bigwig	motif_center	T_NK
RUNX3	NK_T_cytotoxic	-247	0.003181603591698006	37694	37694	cutsite_bigwig	motif_center	T_NK
RUNX3	NK_T_cytotoxic	-246	0.0031932711750687973	37694	37694	cutsite_bigwig	motif_center	T_NK
RUNX3	NK_T_cytotoxic	-245	0.0032811426561207787	37694	37694	cutsite_bigwig	motif_center	T_NK
RUNX3	NK_T_cytotoxic	-244	0.0032060325925785007	37694	37694	cutsite_bigwig	motif_center	T_NK
RUNX3	NK_T_cytotoxic	-243	0.003373754077004002	37694	37694	cutsite_bigwig	motif_center	T_NK
RUNX3	NK_T_cytotoxic	-242	0.003168477563945208	37694	37694	cutsite_bigwig	motif_center	T_NK
RUNX3	NK_T_cytotoxic	-241	0.0031167026686763745	37694	37694	cutsite_bigwig	motif_center	T_NK
RUNX3	NK_T_cytotoxic	-240	0.003194729622662773	37694	37694	cutsite_bigwig	motif_center	T_NK
RUNX3	NK_T_cytotoxic	-239	0.003079876867052038	37694	37694	cutsite_bigwig	motif_center	T_NK
RUNX3	NK_T_cytotoxic	-238	0.003278954971486623	37694	37694	cutsite_bigwig	motif_center	T_NK
RUNX3	NK_T_cytotoxic	-237	0.003241035335229225	37694	37694	cutsite_bigwig	motif_center	T_NK
RUNX3	NK_T_cytotoxic	-236	0.0031819682011504625	37694	37694	cutsite_bigwig	motif_center	T_NK
RUNX3	NK_T_cytotoxic	-235	0.00318634354798441	37694	37694	cutsite_bigwig	motif_center	T_NK
RUNX3	NK_T_cytotoxic	-234	0.0031090458265414364	37694	37694	cutsite_bigwig	motif_center	T_NK
RUNX3	NK_T_cytotoxic	-233	0.003340209782540232	37694	37694	cutsite_bigwig	motif_center	T_NK
RUNX3	NK_T_cytotoxic	-232	0.0033566173074717877	37694	37694	cutsite_bigwig	motif_center	T_NK
RUNX3	NK_T_cytotoxic	-231	0.00334166823117192	37694	37694	cutsite_bigwig	motif_center	T_NK
RUNX3	NK_T_cytotoxic	-230	0.003163372990349379	37694	37694	cutsite_bigwig	motif_center	T_NK
RUNX3	NK_T_cytotoxic	-229	0.0031783220849327587	37694	37694	cutsite_bigwig	motif_center	T_NK
RUNX3	NK_T_cytotoxic	-228	0.0034247997440285073	37694	37694	cutsite_bigwig	motif_center	T_NK
RUNX3	NK_T_cytotoxic	-227	0.0032348369284333676	37694	37694	cutsite_bigwig	motif_center	T_NK
RUNX3	NK_T_cytotoxic	-226	0.0030379464997876706	37694	37694	cutsite_bigwig	motif_center	T_NK
RUNX3	NK_T_cytotoxic	-225	0.0031644668322958454	37694	37694	cutsite_bigwig	motif_center	T_NK
RUNX3	NK_T_cytotoxic	-224	0.0031546223121483477	37694	37694	cutsite_bigwig	motif_center	T_NK
RUNX3	NK_T_cytotoxic	-223	0.0034280812475817866	37694	37694	cutsite_bigwig	motif_center	T_NK
RUNX3	NK_T_cytotoxic	-222	0.003396360011004501	37694	37694	cutsite_bigwig	motif_center	T_NK
RUNX3	NK_T_cytotoxic	-221	0.0030233620247373865	37694	37694	cutsite_bigwig	motif_center	T_NK
RUNX3	NK_T_cytotoxic	-220	0.003089356774337451	37694	37694	cutsite_bigwig	motif_center	T_NK
RUNX3	NK_T_cytotoxic	-219	0.003222804736598418	37694	37694	cutsite_bigwig	motif_center	T_NK
RUNX3	NK_T_cytotoxic	-218	0.00332854219249843	37694	37694	cutsite_bigwig	motif_center	T_NK
RUNX3	NK_T_cytotoxic	-217	0.003364274166605451	37694	37694	cutsite_bigwig	motif_center	T_NK
RUNX3	NK_T_cytotoxic	-216	0.003234836933374857	37694	37694	cutsite_bigwig	motif_center	T_NK
RUNX3	NK_T_cytotoxic	-215	0.003173582129288749	37694	37694	cutsite_bigwig	motif_center	T_NK
RUNX3	NK_T_cytotoxic	-214	0.003261453599222378	37694	37694	cutsite_bigwig	motif_center	T_NK
RUNX3	NK_T_cytotoxic	-213	0.0032155125009510417	37694	37694	cutsite_bigwig	motif_center	T_NK
RUNX3	NK_T_cytotoxic	-212	0.00312472413449526	37694	37694	cutsite_bigwig	motif_center	T_NK
RUNX3	NK_T_cytotoxic	-211	0.0033124992668892767	37694	37694	cutsite_bigwig	motif_center	T_NK
RUNX3	NK_T_cytotoxic	-210	0.0032654643377898265	37694	37694	cutsite_bigwig	motif_center	T_NK
RUNX3	NK_T_cytotoxic	-209	0.003331459083239039	37694	37694	cutsite_bigwig	motif_center	T_NK
RUNX3	NK_T_cytotoxic	-208	0.003333646766291918	37694	37694	cutsite_bigwig	motif_center	T_NK
RUNX3	NK_T_cytotoxic	-207	0.003281871876557553	37694	37694	cutsite_bigwig	motif_center	T_NK
RUNX3	NK_T_cytotoxic	-206	0.0031867081572392064	37694	37694	cutsite_bigwig	motif_center	T_NK
RUNX3	NK_T_cytotoxic	-205	0.003363909545836983	37694	37694	cutsite_bigwig	motif_center	T_NK
RUNX3	NK_T_cytotoxic	-204	0.003453604084034225	37694	37694	cutsite_bigwig	motif_center	T_NK
RUNX3	NK_T_cytotoxic	-203	0.003479126921524377	37694	37694	cutsite_bigwig	motif_center	T_NK
RUNX3	NK_T_cytotoxic	-202	0.0036198671133052724	37694	37694	cutsite_bigwig	motif_center	T_NK
RUNX3	NK_T_cytotoxic	-201	0.0032742150192522413	37694	37694	cutsite_bigwig	motif_center	T_NK
RUNX3	NK_T_cytotoxic	-200	0.003219523228103649	37694	37694	cutsite_bigwig	motif_center	T_NK
RUNX3	NK_T_cytotoxic	-199	0.0033405743891760393	37694	37694	cutsite_bigwig	motif_center	T_NK
RUNX3	NK_T_cytotoxic	-198	0.0035505908503677794	37694	37694	cutsite_bigwig	motif_center	T_NK
RUNX3	NK_T_cytotoxic	-197	0.0034058399190805525	37694	37694	cutsite_bigwig	motif_center	T_NK
RUNX3	NK_T_cytotoxic	-196	0.0034171428928012277	37694	37694	cutsite_bigwig	motif_center	T_NK
RUNX3	NK_T_cytotoxic	-195	0.0034113090979285715	37694	37694	cutsite_bigwig	motif_center	T_NK
RUNX3	NK_T_cytotoxic	-194	0.0034058399215018825	37694	37694	cutsite_bigwig	motif_center	T_NK
RUNX3	NK_T_cytotoxic	-193	0.0035002744122794114	37694	37694	cutsite_bigwig	motif_center	T_NK
RUNX3	NK_T_cytotoxic	-192	0.003467459334743958	37694	37694	cutsite_bigwig	motif_center	T_NK
RUNX3	NK_T_cytotoxic	-191	0.003419695173496402	37694	37694	cutsite_bigwig	motif_center	T_NK
RUNX3	NK_T_cytotoxic	-190	0.0036942479460336467	37694	37694	cutsite_bigwig	motif_center	T_NK
RUNX3	NK_T_cytotoxic	-189	0.0033865154919935463	37694	37694	cutsite_bigwig	motif_center	T_NK
RUNX3	NK_T_cytotoxic	-188	0.003514494273528728	37694	37694	cutsite_bigwig	motif_center	T_NK
RUNX3	NK_T_cytotoxic	-187	0.003496992898200759	37694	37694	cutsite_bigwig	motif_center	T_NK
RUNX3	NK_T_cytotoxic	-186	0.003390526217218972	37694	37694	cutsite_bigwig	motif_center	T_NK
RUNX3	NK_T_cytotoxic	-185	0.0035101189349470686	37694	37694	cutsite_bigwig	motif_center	T_NK
RUNX3	NK_T_cytotoxic	-184	0.0034787622903787807	37694	37694	cutsite_bigwig	motif_center	T_NK
RUNX3	NK_T_cytotoxic	-183	0.003650494521278114	37694	37694	cutsite_bigwig	motif_center	T_NK
RUNX3	NK_T_cytotoxic	-182	0.003600542684735819	37694	37694	cutsite_bigwig	motif_center	T_NK
RUNX3	NK_T_cytotoxic	-181	0.0033941723421831126	37694	37694	cutsite_bigwig	motif_center	T_NK
RUNX3	NK_T_cytotoxic	-180	0.0032643705076041063	37694	37694	cutsite_bigwig	motif_center	T_NK
RUNX3	NK_T_cytotoxic	-179	0.003507931256143871	37694	37694	cutsite_bigwig	motif_center	T_NK
RUNX3	NK_T_cytotoxic	-178	0.003472199290635042	37694	37694	cutsite_bigwig	motif_center	T_NK
RUNX3	NK_T_cytotoxic	-177	0.0036078349243858017	37694	37694	cutsite_bigwig	motif_center	T_NK
RUNX3	NK_T_cytotoxic	-176	0.0036209609531268976	37694	37694	cutsite_bigwig	motif_center	T_NK
RUNX3	NK_T_cytotoxic	-175	0.0032045741349533015	37694	37694	cutsite_bigwig	motif_center	T_NK
RUNX3	NK_T_cytotoxic	-174	0.003311405428154779	37694	37694	cutsite_bigwig	motif_center	T_NK
RUNX3	NK_T_cytotoxic	-173	0.003649036072349937	37694	37694	cutsite_bigwig	motif_center	T_NK
RUNX3	NK_T_cytotoxic	-172	0.003658515974298541	37694	37694	cutsite_bigwig	motif_center	T_NK
RUNX3	NK_T_cytotoxic	-171	0.003639191552153024	37694	37694	cutsite_bigwig	motif_center	T_NK
RUNX3	NK_T_cytotoxic	-170	0.003423341288626978	37694	37694	cutsite_bigwig	motif_center	T_NK
RUNX3	NK_T_cytotoxic	-169	0.003316874616935192	37694	37694	cutsite_bigwig	motif_center	T_NK
RUNX3	NK_T_cytotoxic	-168	0.0033992769081690475	37694	37694	cutsite_bigwig	motif_center	T_NK
RUNX3	NK_T_cytotoxic	-167	0.003471105456545545	37694	37694	cutsite_bigwig	motif_center	T_NK
RUNX3	NK_T_cytotoxic	-166	0.0034875129929907715	37694	37694	cutsite_bigwig	motif_center	T_NK
RUNX3	NK_T_cytotoxic	-165	0.00348131459281651	37694	37694	cutsite_bigwig	motif_center	T_NK
RUNX3	NK_T_cytotoxic	-164	0.003377035580804356	37694	37694	cutsite_bigwig	motif_center	T_NK
RUNX3	NK_T_cytotoxic	-163	0.0034178721127438535	37694	37694	cutsite_bigwig	motif_center	T_NK
RUNX3	NK_T_cytotoxic	-162	0.0032855179865983945	37694	37694	cutsite_bigwig	motif_center	T_NK
RUNX3	NK_T_cytotoxic	-161	0.003317968451172934	37694	37694	cutsite_bigwig	motif_center	T_NK
RUNX3	NK_T_cytotoxic	-160	0.0034244351295851464	37694	37694	cutsite_bigwig	motif_center	T_NK
RUNX3	NK_T_cytotoxic	-159	0.0034980867382200438	37694	37694	cutsite_bigwig	motif_center	T_NK
RUNX3	NK_T_cytotoxic	-158	0.003402923031749571	37694	37694	cutsite_bigwig	motif_center	T_NK
RUNX3	NK_T_cytotoxic	-157	0.003258172088899258	37694	37694	cutsite_bigwig	motif_center	T_NK
RUNX3	NK_T_cytotoxic	-156	0.003509025092407624	37694	37694	cutsite_bigwig	motif_center	T_NK
RUNX3	NK_T_cytotoxic	-155	0.003496628285832824	37694	37694	cutsite_bigwig	motif_center	T_NK
RUNX3	NK_T_cytotoxic	-154	0.0034080275917068876	37694	37694	cutsite_bigwig	motif_center	T_NK
RUNX3	NK_T_cytotoxic	-153	0.003545850898825206	37694	37694	cutsite_bigwig	motif_center	T_NK
RUNX3	NK_T_cytotoxic	-152	0.0034988159653278296	37694	37694	cutsite_bigwig	motif_center	T_NK
RUNX3	NK_T_cytotoxic	-151	0.003546944732519384	37694	37694	cutsite_bigwig	motif_center	T_NK
RUNX3	NK_T_cytotoxic	-150	0.003445218003870809	37694	37694	cutsite_bigwig	motif_center	T_NK
RUNX3	NK_T_cytotoxic	-149	0.0038812938605110488	37694	37694	cutsite_bigwig	motif_center	T_NK
RUNX3	NK_T_cytotoxic	-148	0.0037463874532256813	37694	37694	cutsite_bigwig	motif_center	T_NK
RUNX3	NK_T_cytotoxic	-147	0.0035422047756894165	37694	37694	cutsite_bigwig	motif_center	T_NK
RUNX3	NK_T_cytotoxic	-146	0.003438654996220687	37694	37694	cutsite_bigwig	motif_center	T_NK
RUNX3	NK_T_cytotoxic	-145	0.0034397488266040667	37694	37694	cutsite_bigwig	motif_center	T_NK
RUNX3	NK_T_cytotoxic	-144	0.0035330894807719384	37694	37694	cutsite_bigwig	motif_center	T_NK
RUNX3	NK_T_cytotoxic	-143	0.0035947088956941203	37694	37694	cutsite_bigwig	motif_center	T_NK
RUNX3	NK_T_cytotoxic	-142	0.0035866874386710867	37694	37694	cutsite_bigwig	motif_center	T_NK
RUNX3	NK_T_cytotoxic	-141	0.0035921566136647436	37694	37694	cutsite_bigwig	motif_center	T_NK
RUNX3	NK_T_cytotoxic	-140	0.0037197707786811385	37694	37694	cutsite_bigwig	motif_center	T_NK
RUNX3	NK_T_cytotoxic	-139	0.0037649826640267646	37694	37694	cutsite_bigwig	motif_center	T_NK
RUNX3	NK_T_cytotoxic	-138	0.0036975294474620854	37694	37694	cutsite_bigwig	motif_center	T_NK
RUNX3	NK_T_cytotoxic	-137	0.0035947088940140137	37694	37694	cutsite_bigwig	motif_center	T_NK
RUNX3	NK_T_cytotoxic	-136	0.003684768037809351	37694	37694	cutsite_bigwig	motif_center	T_NK
RUNX3	NK_T_cytotoxic	-135	0.003921765776228249	37694	37694	cutsite_bigwig	motif_center	T_NK
RUNX3	NK_T_cytotoxic	-134	0.0039319749212456505	37694	37694	cutsite_bigwig	motif_center	T_NK
RUNX3	NK_T_cytotoxic	-133	0.0036490360701262664	37694	37694	cutsite_bigwig	motif_center	T_NK
RUNX3	NK_T_cytotoxic	-132	0.0036432022742653117	37694	37694	cutsite_bigwig	motif_center	T_NK
RUNX3	NK_T_cytotoxic	-131	0.0035688214467255014	37694	37694	cutsite_bigwig	motif_center	T_NK
RUNX3	NK_T_cytotoxic	-130	0.003612210254122194	37694	37694	cutsite_bigwig	motif_center	T_NK
RUNX3	NK_T_cytotoxic	-129	0.0035465801130851182	37694	37694	cutsite_bigwig	motif_center	T_NK
RUNX3	NK_T_cytotoxic	-128	0.0036380977154445377	37694	37694	cutsite_bigwig	motif_center	T_NK
RUNX3	NK_T_cytotoxic	-127	0.0037405536575129718	37694	37694	cutsite_bigwig	motif_center	T_NK
RUNX3	NK_T_cytotoxic	-126	0.003856500247460278	37694	37694	cutsite_bigwig	motif_center	T_NK
RUNX3	NK_T_cytotoxic	-125	0.003944736334999822	37694	37694	cutsite_bigwig	motif_center	T_NK
RUNX3	NK_T_cytotoxic	-124	0.003884939981126678	37694	37694	cutsite_bigwig	motif_center	T_NK
RUNX3	NK_T_cytotoxic	-123	0.003662162095853054	37694	37694	cutsite_bigwig	motif_center	T_NK
RUNX3	NK_T_cytotoxic	-122	0.003715760056618266	37694	37694	cutsite_bigwig	motif_center	T_NK
RUNX3	NK_T_cytotoxic	-121	0.0038955137251205784	37694	37694	cutsite_bigwig	motif_center	T_NK
RUNX3	NK_T_cytotoxic	-120	0.0039811975181287765	37694	37694	cutsite_bigwig	motif_center	T_NK
RUNX3	NK_T_cytotoxic	-119	0.003721958448787314	37694	37694	cutsite_bigwig	motif_center	T_NK
RUNX3	NK_T_cytotoxic	-118	0.0035659045516363806	37694	37694	cutsite_bigwig	motif_center	T_NK
RUNX3	NK_T_cytotoxic	-117	0.003712843156340581	37694	37694	cutsite_bigwig	motif_center	T_NK
RUNX3	NK_T_cytotoxic	-116	0.003954216247029066	37694	37694	cutsite_bigwig	motif_center	T_NK
RUNX3	NK_T_cytotoxic	-115	0.0041591281401594455	37694	37694	cutsite_bigwig	motif_center	T_NK
RUNX3	NK_T_cytotoxic	-114	0.00397682218028834	37694	37694	cutsite_bigwig	motif_center	T_NK
RUNX3	NK_T_cytotoxic	-113	0.003619867119630379	37694	37694	cutsite_bigwig	motif_center	T_NK
RUNX3	NK_T_cytotoxic	-112	0.0037157600563711914	37694	37694	cutsite_bigwig	motif_center	T_NK
RUNX3	NK_T_cytotoxic	-111	0.0037857655410302466	37694	37694	cutsite_bigwig	motif_center	T_NK
RUNX3	NK_T_cytotoxic	-110	0.003656328308689121	37694	37694	cutsite_bigwig	motif_center	T_NK
RUNX3	NK_T_cytotoxic	-109	0.0036570575394041945	37694	37694	cutsite_bigwig	motif_center	T_NK
RUNX3	NK_T_cytotoxic	-108	0.003804725366225276	37694	37694	cutsite_bigwig	motif_center	T_NK
RUNX3	NK_T_cytotoxic	-107	0.0037482105128911025	37694	37694	cutsite_bigwig	motif_center	T_NK
RUNX3	NK_T_cytotoxic	-106	0.0039246826766541785	37694	37694	cutsite_bigwig	motif_center	T_NK
RUNX3	NK_T_cytotoxic	-105	0.003970259171155771	37694	37694	cutsite_bigwig	motif_center	T_NK
RUNX3	NK_T_cytotoxic	-104	0.0037463874550046176	37694	37694	cutsite_bigwig	motif_center	T_NK
RUNX3	NK_T_cytotoxic	-103	0.0038240497875801542	37694	37694	cutsite_bigwig	motif_center	T_NK
RUNX3	NK_T_cytotoxic	-102	0.003857229475457532	37694	37694	cutsite_bigwig	motif_center	T_NK
RUNX3	NK_T_cytotoxic	-101	0.0040672459394659214	37694	37694	cutsite_bigwig	motif_center	T_NK
RUNX3	NK_T_cytotoxic	-100	0.004033337036883897	37694	37694	cutsite_bigwig	motif_center	T_NK
RUNX3	NK_T_cytotoxic	-99	0.003893326060301797	37694	37694	cutsite_bigwig	motif_center	T_NK
RUNX3	NK_T_cytotoxic	-98	0.003935621040724738	37694	37694	cutsite_bigwig	motif_center	T_NK
RUNX3	NK_T_cytotoxic	-97	0.004022763292692337	37694	37694	cutsite_bigwig	motif_center	T_NK
RUNX3	NK_T_cytotoxic	-96	0.0039461947791841695	37694	37694	cutsite_bigwig	motif_center	T_NK
RUNX3	NK_T_cytotoxic	-95	0.003854677184533474	37694	37694	cutsite_bigwig	motif_center	T_NK
RUNX3	NK_T_cytotoxic	-94	0.003882387698405493	37694	37694	cutsite_bigwig	motif_center	T_NK
RUNX3	NK_T_cytotoxic	-93	0.004113187047620237	37694	37694	cutsite_bigwig	motif_center	T_NK
RUNX3	NK_T_cytotoxic	-92	0.0042313212991249415	37694	37694	cutsite_bigwig	motif_center	T_NK
RUNX3	NK_T_cytotoxic	-91	0.0039658838242229945	37694	37694	cutsite_bigwig	motif_center	T_NK
RUNX3	NK_T_cytotoxic	-90	0.0037813902000272573	37694	37694	cutsite_bigwig	motif_center	T_NK
RUNX3	NK_T_cytotoxic	-89	0.0037591488727119807	37694	37694	cutsite_bigwig	motif_center	T_NK
RUNX3	NK_T_cytotoxic	-88	0.003913015097730728	37694	37694	cutsite_bigwig	motif_center	T_NK
RUNX3	NK_T_cytotoxic	-87	0.004055942967524182	37694	37694	cutsite_bigwig	motif_center	T_NK
RUNX3	NK_T_cytotoxic	-86	0.0038072776503794933	37694	37694	cutsite_bigwig	motif_center	T_NK
RUNX3	NK_T_cytotoxic	-85	0.003760242708283925	37694	37694	cutsite_bigwig	motif_center	T_NK
RUNX3	NK_T_cytotoxic	-84	0.0038834815312596177	37694	37694	cutsite_bigwig	motif_center	T_NK
RUNX3	NK_T_cytotoxic	-83	0.004046827673644417	37694	37694	cutsite_bigwig	motif_center	T_NK
RUNX3	NK_T_cytotoxic	-82	0.004072350503672919	37694	37694	cutsite_bigwig	motif_center	T_NK
RUNX3	NK_T_cytotoxic	-81	0.004131417634935033	37694	37694	cutsite_bigwig	motif_center	T_NK
RUNX3	NK_T_cytotoxic	-80	0.003799985409741213	37694	37694	cutsite_bigwig	motif_center	T_NK
RUNX3	NK_T_cytotoxic	-79	0.004135428372613013	37694	37694	cutsite_bigwig	motif_center	T_NK
RUNX3	NK_T_cytotoxic	-78	0.0040814658077815685	37694	37694	cutsite_bigwig	motif_center	T_NK
RUNX3	NK_T_cytotoxic	-77	0.003976457573701948	37694	37694	cutsite_bigwig	motif_center	T_NK
RUNX3	NK_T_cytotoxic	-76	0.003929787245259103	37694	37694	cutsite_bigwig	motif_center	T_NK
RUNX3	NK_T_cytotoxic	-75	0.0038583233113753806	37694	37694	cutsite_bigwig	motif_center	T_NK
RUNX3	NK_T_cytotoxic	-74	0.004000521956531794	37694	37694	cutsite_bigwig	motif_center	T_NK
RUNX3	NK_T_cytotoxic	-73	0.004074173566500894	37694	37694	cutsite_bigwig	motif_center	T_NK
RUNX3	NK_T_cytotoxic	-72	0.004100061010577438	37694	37694	cutsite_bigwig	motif_center	T_NK
RUNX3	NK_T_cytotoxic	-71	0.004293669937695866	37694	37694	cutsite_bigwig	motif_center	T_NK
RUNX3	NK_T_cytotoxic	-70	0.0040778196870176935	37694	37694	cutsite_bigwig	motif_center	T_NK
RUNX3	NK_T_cytotoxic	-69	0.003966977668244886	37694	37694	cutsite_bigwig	motif_center	T_NK
RUNX3	NK_T_cytotoxic	-68	0.00418319252852376	37694	37694	cutsite_bigwig	motif_center	T_NK
RUNX3	NK_T_cytotoxic	-67	0.004198506233053744	37694	37694	cutsite_bigwig	motif_center	T_NK
RUNX3	NK_T_cytotoxic	-66	0.0042262167365980504	37694	37694	cutsite_bigwig	motif_center	T_NK
RUNX3	NK_T_cytotoxic	-65	0.00422402906372464	37694	37694	cutsite_bigwig	motif_center	T_NK
RUNX3	NK_T_cytotoxic	-64	0.004212361484208211	37694	37694	cutsite_bigwig	motif_center	T_NK
RUNX3	NK_T_cytotoxic	-63	0.004031149362873945	37694	37694	cutsite_bigwig	motif_center	T_NK
RUNX3	NK_T_cytotoxic	-62	0.004271063992527601	37694	37694	cutsite_bigwig	motif_center	T_NK
RUNX3	NK_T_cytotoxic	-61	0.004557284357182074	37694	37694	cutsite_bigwig	motif_center	T_NK
RUNX3	NK_T_cytotoxic	-60	0.0041401683275158	37694	37694	cutsite_bigwig	motif_center	T_NK
RUNX3	NK_T_cytotoxic	-59	0.004132511472730647	37694	37694	cutsite_bigwig	motif_center	T_NK
RUNX3	NK_T_cytotoxic	-58	0.00408328886492683	37694	37694	cutsite_bigwig	motif_center	T_NK
RUNX3	NK_T_cytotoxic	-57	0.004020940227195958	37694	37694	cutsite_bigwig	motif_center	T_NK
RUNX3	NK_T_cytotoxic	-56	0.004096414894557394	37694	37694	cutsite_bigwig	motif_center	T_NK
RUNX3	NK_T_cytotoxic	-55	0.004273251675531065	37694	37694	cutsite_bigwig	motif_center	T_NK
RUNX3	NK_T_cytotoxic	-54	0.004358570857554945	37694	37694	cutsite_bigwig	motif_center	T_NK
RUNX3	NK_T_cytotoxic	-53	0.004389198258016722	37694	37694	cutsite_bigwig	motif_center	T_NK
RUNX3	NK_T_cytotoxic	-52	0.004129229973575294	37694	37694	cutsite_bigwig	motif_center	T_NK
RUNX3	NK_T_cytotoxic	-51	0.004264865600803287	37694	37694	cutsite_bigwig	motif_center	T_NK
RUNX3	NK_T_cytotoxic	-50	0.004287836153447413	37694	37694	cutsite_bigwig	motif_center	T_NK
RUNX3	NK_T_cytotoxic	-49	0.004130323804946972	37694	37694	cutsite_bigwig	motif_center	T_NK
RUNX3	NK_T_cytotoxic	-48	0.004125219232635931	37694	37694	cutsite_bigwig	motif_center	T_NK
RUNX3	NK_T_cytotoxic	-47	0.004003803460332148	37694	37694	cutsite_bigwig	motif_center	T_NK
RUNX3	NK_T_cytotoxic	-46	0.004249187293541272	37694	37694	cutsite_bigwig	motif_center	T_NK
RUNX3	NK_T_cytotoxic	-45	0.004188297100538312	37694	37694	cutsite_bigwig	motif_center	T_NK
RUNX3	NK_T_cytotoxic	-44	0.004528844631125568	37694	37694	cutsite_bigwig	motif_center	T_NK
RUNX3	NK_T_cytotoxic	-43	0.004705681405527058	37694	37694	cutsite_bigwig	motif_center	T_NK
RUNX3	NK_T_cytotoxic	-42	0.0043374233679858674	37694	37694	cutsite_bigwig	motif_center	T_NK
RUNX3	NK_T_cytotoxic	-41	0.004251374957025851	37694	37694	cutsite_bigwig	motif_center	T_NK
RUNX3	NK_T_cytotoxic	-40	0.004316275881480515	37694	37694	cutsite_bigwig	motif_center	T_NK
RUNX3	NK_T_cytotoxic	-39	0.004361123146996556	37694	37694	cutsite_bigwig	motif_center	T_NK
RUNX3	NK_T_cytotoxic	-38	0.004423836387904192	37694	37694	cutsite_bigwig	motif_center	T_NK
RUNX3	NK_T_cytotoxic	-37	0.004464672927354754	37694	37694	cutsite_bigwig	motif_center	T_NK
RUNX3	NK_T_cytotoxic	-36	0.004326849629229947	37694	37694	cutsite_bigwig	motif_center	T_NK
RUNX3	NK_T_cytotoxic	-35	0.00442602406389074	37694	37694	cutsite_bigwig	motif_center	T_NK
RUNX3	NK_T_cytotoxic	-34	0.004432951690975128	37694	37694	cutsite_bigwig	motif_center	T_NK
RUNX3	NK_T_cytotoxic	-33	0.004375707619477265	37694	37694	cutsite_bigwig	motif_center	T_NK
RUNX3	NK_T_cytotoxic	-32	0.004571504222433997	37694	37694	cutsite_bigwig	motif_center	T_NK
RUNX3	NK_T_cytotoxic	-31	0.004338881824375695	37694	37694	cutsite_bigwig	motif_center	T_NK
RUNX3	NK_T_cytotoxic	-30	0.00421090303221631	37694	37694	cutsite_bigwig	motif_center	T_NK
RUNX3	NK_T_cytotoxic	-29	0.004416908772877039	37694	37694	cutsite_bigwig	motif_center	T_NK
RUNX3	NK_T_cytotoxic	-28	0.004535043021960414	37694	37694	cutsite_bigwig	motif_center	T_NK
RUNX3	NK_T_cytotoxic	-27	0.004378989122042246	37694	37694	cutsite_bigwig	motif_center	T_NK
RUNX3	NK_T_cytotoxic	-26	0.0044839973542441	37694	37694	cutsite_bigwig	motif_center	T_NK
RUNX3	NK_T_cytotoxic	-25	0.004540147592937253	37694	37694	cutsite_bigwig	motif_center	T_NK
RUNX3	NK_T_cytotoxic	-24	0.004794646712762153	37694	37694	cutsite_bigwig	motif_center	T_NK
RUNX3	NK_T_cytotoxic	-23	0.004638592816154783	37694	37694	cutsite_bigwig	motif_center	T_NK
RUNX3	NK_T_cytotoxic	-22	0.0047144320859023444	37694	37694	cutsite_bigwig	motif_center	T_NK
RUNX3	NK_T_cytotoxic	-21	0.005173113879260903	37694	37694	cutsite_bigwig	motif_center	T_NK
RUNX3	NK_T_cytotoxic	-20	0.005070293319290065	37694	37694	cutsite_bigwig	motif_center	T_NK
RUNX3	NK_T_cytotoxic	-19	0.004946325266933501	37694	37694	cutsite_bigwig	motif_center	T_NK
RUNX3	NK_T_cytotoxic	-18	0.004758550134539484	37694	37694	cutsite_bigwig	motif_center	T_NK
RUNX3	NK_T_cytotoxic	-17	0.004576244168442102	37694	37694	cutsite_bigwig	motif_center	T_NK
RUNX3	NK_T_cytotoxic	-16	0.0042809085269065895	37694	37694	cutsite_bigwig	motif_center	T_NK
RUNX3	NK_T_cytotoxic	-15	0.004089487266781198	37694	37694	cutsite_bigwig	motif_center	T_NK
RUNX3	NK_T_cytotoxic	-14	0.003562258438729475	37694	37694	cutsite_bigwig	motif_center	T_NK
RUNX3	NK_T_cytotoxic	-13	0.0036308054768322677	37694	37694	cutsite_bigwig	motif_center	T_NK
RUNX3	NK_T_cytotoxic	-12	0.003219523231414447	37694	37694	cutsite_bigwig	motif_center	T_NK
RUNX3	NK_T_cytotoxic	-11	0.00376607650617089	37694	37694	cutsite_bigwig	motif_center	T_NK
RUNX3	NK_T_cytotoxic	-10	0.0039370794896035005	37694	37694	cutsite_bigwig	motif_center	T_NK
RUNX3	NK_T_cytotoxic	-9	0.003369743345206395	37694	37694	cutsite_bigwig	motif_center	T_NK
RUNX3	NK_T_cytotoxic	-8	0.002379821990466645	37694	37694	cutsite_bigwig	motif_center	T_NK
RUNX3	NK_T_cytotoxic	-7	0.003137850165212952	37694	37694	cutsite_bigwig	motif_center	T_NK
RUNX3	NK_T_cytotoxic	-6	0.005234004074685193	37694	37694	cutsite_bigwig	motif_center	T_NK
RUNX3	NK_T_cytotoxic	-5	0.0037627949927346318	37694	37694	cutsite_bigwig	motif_center	T_NK
RUNX3	NK_T_cytotoxic	-4	0.00457004576866316	37694	37694	cutsite_bigwig	motif_center	T_NK
RUNX3	NK_T_cytotoxic	-3	0.004881059733817019	37694	37694	cutsite_bigwig	motif_center	T_NK
RUNX3	NK_T_cytotoxic	-2	0.002826836197983667	37694	37694	cutsite_bigwig	motif_center	T_NK
RUNX3	NK_T_cytotoxic	-1	0.0022146527908377548	37694	37694	cutsite_bigwig	motif_center	T_NK
RUNX3	NK_T_cytotoxic	0	0.002776884363912117	37694	37694	cutsite_bigwig	motif_center	T_NK
RUNX3	NK_T_cytotoxic	1	0.005050968885383802	37694	37694	cutsite_bigwig	motif_center	T_NK
RUNX3	NK_T_cytotoxic	2	0.004806678907117262	37694	37694	cutsite_bigwig	motif_center	T_NK
RUNX3	NK_T_cytotoxic	3	0.0035567892594367224	37694	37694	cutsite_bigwig	motif_center	T_NK
RUNX3	NK_T_cytotoxic	4	0.005053156563099872	37694	37694	cutsite_bigwig	motif_center	T_NK
RUNX3	NK_T_cytotoxic	5	0.0031903542841799433	37694	37694	cutsite_bigwig	motif_center	T_NK
RUNX3	NK_T_cytotoxic	6	0.0026128090050437348	37694	37694	cutsite_bigwig	motif_center	T_NK
RUNX3	NK_T_cytotoxic	7	0.003552049305917553	37694	37694	cutsite_bigwig	motif_center	T_NK
RUNX3	NK_T_cytotoxic	8	0.0037730041219392664	37694	37694	cutsite_bigwig	motif_center	T_NK
RUNX3	NK_T_cytotoxic	9	0.003848843398901403	37694	37694	cutsite_bigwig	motif_center	T_NK
RUNX3	NK_T_cytotoxic	10	0.0030944613489215776	37694	37694	cutsite_bigwig	motif_center	T_NK
RUNX3	NK_T_cytotoxic	11	0.0032946332906082136	37694	37694	cutsite_bigwig	motif_center	T_NK
RUNX3	NK_T_cytotoxic	12	0.003502462076999363	37694	37694	cutsite_bigwig	motif_center	T_NK
RUNX3	NK_T_cytotoxic	13	0.004034795474940797	37694	37694	cutsite_bigwig	motif_center	T_NK
RUNX3	NK_T_cytotoxic	14	0.00437023844631196	37694	37694	cutsite_bigwig	motif_center	T_NK
RUNX3	NK_T_cytotoxic	15	0.004519000102528123	37694	37694	cutsite_bigwig	motif_center	T_NK
RUNX3	NK_T_cytotoxic	16	0.004594839382751643	37694	37694	cutsite_bigwig	motif_center	T_NK
RUNX3	NK_T_cytotoxic	17	0.004911687136947201	37694	37694	cutsite_bigwig	motif_center	T_NK
RUNX3	NK_T_cytotoxic	18	0.004952159060076636	37694	37694	cutsite_bigwig	motif_center	T_NK
RUNX3	NK_T_cytotoxic	19	0.005055708846018717	37694	37694	cutsite_bigwig	motif_center	T_NK
RUNX3	NK_T_cytotoxic	20	0.004672137101625042	37694	37694	cutsite_bigwig	motif_center	T_NK
RUNX3	NK_T_cytotoxic	21	0.0050061216240186125	37694	37694	cutsite_bigwig	motif_center	T_NK
RUNX3	NK_T_cytotoxic	22	0.00486173530327097	37694	37694	cutsite_bigwig	motif_center	T_NK
RUNX3	NK_T_cytotoxic	23	0.004582807191114353	37694	37694	cutsite_bigwig	motif_center	T_NK
RUNX3	NK_T_cytotoxic	24	0.004388469041681384	37694	37694	cutsite_bigwig	motif_center	T_NK
RUNX3	NK_T_cytotoxic	25	0.0044169087604739	37694	37694	cutsite_bigwig	motif_center	T_NK
RUNX3	NK_T_cytotoxic	26	0.004815429598512071	37694	37694	cutsite_bigwig	motif_center	T_NK
RUNX3	NK_T_cytotoxic	27	0.004694743049214637	37694	37694	cutsite_bigwig	motif_center	T_NK
RUNX3	NK_T_cytotoxic	28	0.004658281855214406	37694	37694	cutsite_bigwig	motif_center	T_NK
RUNX3	NK_T_cytotoxic	29	0.0045036863978498935	37694	37694	cutsite_bigwig	motif_center	T_NK
RUNX3	NK_T_cytotoxic	30	0.004601767004795711	37694	37694	cutsite_bigwig	motif_center	T_NK
RUNX3	NK_T_cytotoxic	31	0.004597756277593689	37694	37694	cutsite_bigwig	motif_center	T_NK
RUNX3	NK_T_cytotoxic	32	0.004386645974455483	37694	37694	cutsite_bigwig	motif_center	T_NK
RUNX3	NK_T_cytotoxic	33	0.004361123143339854	37694	37694	cutsite_bigwig	motif_center	T_NK
RUNX3	NK_T_cytotoxic	34	0.004307160581028568	37694	37694	cutsite_bigwig	motif_center	T_NK
RUNX3	NK_T_cytotoxic	35	0.004354560131934199	37694	37694	cutsite_bigwig	motif_center	T_NK
RUNX3	NK_T_cytotoxic	36	0.004580984131844251	37694	37694	cutsite_bigwig	motif_center	T_NK
RUNX3	NK_T_cytotoxic	37	0.004241895044947193	37694	37694	cutsite_bigwig	motif_center	T_NK
RUNX3	NK_T_cytotoxic	38	0.004236061247999111	37694	37694	cutsite_bigwig	motif_center	T_NK
RUNX3	NK_T_cytotoxic	39	0.004224758288806416	37694	37694	cutsite_bigwig	motif_center	T_NK
RUNX3	NK_T_cytotoxic	40	0.0043691446102952815	37694	37694	cutsite_bigwig	motif_center	T_NK
RUNX3	NK_T_cytotoxic	41	0.0046462496658502	37694	37694	cutsite_bigwig	motif_center	T_NK
RUNX3	NK_T_cytotoxic	42	0.004463214488210726	37694	37694	cutsite_bigwig	motif_center	T_NK
RUNX3	NK_T_cytotoxic	43	0.004326849629625266	37694	37694	cutsite_bigwig	motif_center	T_NK
RUNX3	NK_T_cytotoxic	44	0.004193766270293989	37694	37694	cutsite_bigwig	motif_center	T_NK
RUNX3	NK_T_cytotoxic	45	0.004093862613318656	37694	37694	cutsite_bigwig	motif_center	T_NK
RUNX3	NK_T_cytotoxic	46	0.004340704880186754	37694	37694	cutsite_bigwig	motif_center	T_NK
RUNX3	NK_T_cytotoxic	47	0.004081830417728174	37694	37694	cutsite_bigwig	motif_center	T_NK
RUNX3	NK_T_cytotoxic	48	0.0041128224345110785	37694	37694	cutsite_bigwig	motif_center	T_NK
RUNX3	NK_T_cytotoxic	49	0.0045153539849762175	37694	37694	cutsite_bigwig	motif_center	T_NK
RUNX3	NK_T_cytotoxic	50	0.004455557626705148	37694	37694	cutsite_bigwig	motif_center	T_NK
RUNX3	NK_T_cytotoxic	51	0.004548169055148851	37694	37694	cutsite_bigwig	motif_center	T_NK
RUNX3	NK_T_cytotoxic	52	0.004284919251539037	37694	37694	cutsite_bigwig	motif_center	T_NK
RUNX3	NK_T_cytotoxic	53	0.004257937976782623	37694	37694	cutsite_bigwig	motif_center	T_NK
RUNX3	NK_T_cytotoxic	54	0.004273251679780746	37694	37694	cutsite_bigwig	motif_center	T_NK
RUNX3	NK_T_cytotoxic	55	0.004440608546007354	37694	37694	cutsite_bigwig	motif_center	T_NK
RUNX3	NK_T_cytotoxic	56	0.004217466046586858	37694	37694	cutsite_bigwig	motif_center	T_NK
RUNX3	NK_T_cytotoxic	57	0.004083288861961936	37694	37694	cutsite_bigwig	motif_center	T_NK
RUNX3	NK_T_cytotoxic	58	0.004269240946994841	37694	37694	cutsite_bigwig	motif_center	T_NK
RUNX3	NK_T_cytotoxic	59	0.004268147103714173	37694	37694	cutsite_bigwig	motif_center	T_NK
RUNX3	NK_T_cytotoxic	60	0.0044242009997285635	37694	37694	cutsite_bigwig	motif_center	T_NK
RUNX3	NK_T_cytotoxic	61	0.0046116115288964005	37694	37694	cutsite_bigwig	motif_center	T_NK
RUNX3	NK_T_cytotoxic	62	0.004609788467204968	37694	37694	cutsite_bigwig	motif_center	T_NK
RUNX3	NK_T_cytotoxic	63	0.004260125642243798	37694	37694	cutsite_bigwig	motif_center	T_NK
RUNX3	NK_T_cytotoxic	64	0.004167878829330584	37694	37694	cutsite_bigwig	motif_center	T_NK
RUNX3	NK_T_cytotoxic	65	0.0042284044070501296	37694	37694	cutsite_bigwig	motif_center	T_NK
RUNX3	NK_T_cytotoxic	66	0.004200693896735983	37694	37694	cutsite_bigwig	motif_center	T_NK
RUNX3	NK_T_cytotoxic	67	0.004333048031776123	37694	37694	cutsite_bigwig	motif_center	T_NK
RUNX3	NK_T_cytotoxic	68	0.004232415131484917	37694	37694	cutsite_bigwig	motif_center	T_NK
RUNX3	NK_T_cytotoxic	69	0.004280179303455506	37694	37694	cutsite_bigwig	motif_center	T_NK
RUNX3	NK_T_cytotoxic	70	0.0040778196791113105	37694	37694	cutsite_bigwig	motif_center	T_NK
RUNX3	NK_T_cytotoxic	71	0.004226581347829442	37694	37694	cutsite_bigwig	motif_center	T_NK
RUNX3	NK_T_cytotoxic	72	0.004170066499634419	37694	37694	cutsite_bigwig	motif_center	T_NK
RUNX3	NK_T_cytotoxic	73	0.004108447086441759	37694	37694	cutsite_bigwig	motif_center	T_NK
RUNX3	NK_T_cytotoxic	74	0.004100425623884256	37694	37694	cutsite_bigwig	motif_center	T_NK
RUNX3	NK_T_cytotoxic	75	0.0041609512080277395	37694	37694	cutsite_bigwig	motif_center	T_NK
RUNX3	NK_T_cytotoxic	76	0.00416459731372007	37694	37694	cutsite_bigwig	motif_center	T_NK
RUNX3	NK_T_cytotoxic	77	0.0043687799957036755	37694	37694	cutsite_bigwig	motif_center	T_NK
RUNX3	NK_T_cytotoxic	78	0.004219653715260002	37694	37694	cutsite_bigwig	motif_center	T_NK
RUNX3	NK_T_cytotoxic	79	0.004343257168689482	37694	37694	cutsite_bigwig	motif_center	T_NK
RUNX3	NK_T_cytotoxic	80	0.004248458061887316	37694	37694	cutsite_bigwig	motif_center	T_NK
RUNX3	NK_T_cytotoxic	81	0.004299503727627033	37694	37694	cutsite_bigwig	motif_center	T_NK
RUNX3	NK_T_cytotoxic	82	0.003878741577098055	37694	37694	cutsite_bigwig	motif_center	T_NK
RUNX3	NK_T_cytotoxic	83	0.003777379465215341	37694	37694	cutsite_bigwig	motif_center	T_NK
RUNX3	NK_T_cytotoxic	84	0.0039691653391417	37694	37694	cutsite_bigwig	motif_center	T_NK
RUNX3	NK_T_cytotoxic	85	0.003838269665185802	37694	37694	cutsite_bigwig	motif_center	T_NK
RUNX3	NK_T_cytotoxic	86	0.004115010098094487	37694	37694	cutsite_bigwig	motif_center	T_NK
RUNX3	NK_T_cytotoxic	87	0.00405302607312687	37694	37694	cutsite_bigwig	motif_center	T_NK
RUNX3	NK_T_cytotoxic	88	0.004010366478211153	37694	37694	cutsite_bigwig	motif_center	T_NK
RUNX3	NK_T_cytotoxic	89	0.004053390690139806	37694	37694	cutsite_bigwig	motif_center	T_NK
RUNX3	NK_T_cytotoxic	90	0.0041193854415188065	37694	37694	cutsite_bigwig	motif_center	T_NK
RUNX3	NK_T_cytotoxic	91	0.00403479548052468	37694	37694	cutsite_bigwig	motif_center	T_NK
RUNX3	NK_T_cytotoxic	92	0.004136886813881881	37694	37694	cutsite_bigwig	motif_center	T_NK
RUNX3	NK_T_cytotoxic	93	0.003959320807381701	37694	37694	cutsite_bigwig	motif_center	T_NK
RUNX3	NK_T_cytotoxic	94	0.004006720364266535	37694	37694	cutsite_bigwig	motif_center	T_NK
RUNX3	NK_T_cytotoxic	95	0.00404974456542274	37694	37694	cutsite_bigwig	motif_center	T_NK
RUNX3	NK_T_cytotoxic	96	0.0039611438765347826	37694	37694	cutsite_bigwig	motif_center	T_NK
RUNX3	NK_T_cytotoxic	97	0.00406287058986474	37694	37694	cutsite_bigwig	motif_center	T_NK
RUNX3	NK_T_cytotoxic	98	0.003887492262266587	37694	37694	cutsite_bigwig	motif_center	T_NK
RUNX3	NK_T_cytotoxic	99	0.003932704138470457	37694	37694	cutsite_bigwig	motif_center	T_NK
RUNX3	NK_T_cytotoxic	100	0.004075996631947858	37694	37694	cutsite_bigwig	motif_center	T_NK
RUNX3	NK_T_cytotoxic	101	0.004075632015626731	37694	37694	cutsite_bigwig	motif_center	T_NK
RUNX3	NK_T_cytotoxic	102	0.004155846636112017	37694	37694	cutsite_bigwig	motif_center	T_NK
RUNX3	NK_T_cytotoxic	103	0.003957862364976291	37694	37694	cutsite_bigwig	motif_center	T_NK
RUNX3	NK_T_cytotoxic	104	0.0037664411103359528	37694	37694	cutsite_bigwig	motif_center	T_NK
RUNX3	NK_T_cytotoxic	105	0.004133240691981464	37694	37694	cutsite_bigwig	motif_center	T_NK
RUNX3	NK_T_cytotoxic	106	0.004012554152814085	37694	37694	cutsite_bigwig	motif_center	T_NK
RUNX3	NK_T_cytotoxic	107	0.004151106677651358	37694	37694	cutsite_bigwig	motif_center	T_NK
RUNX3	NK_T_cytotoxic	108	0.004151471289673389	37694	37694	cutsite_bigwig	motif_center	T_NK
RUNX3	NK_T_cytotoxic	109	0.004034430871566373	37694	37694	cutsite_bigwig	motif_center	T_NK
RUNX3	NK_T_cytotoxic	110	0.003929787248421656	37694	37694	cutsite_bigwig	motif_center	T_NK
RUNX3	NK_T_cytotoxic	111	0.0038940552730792623	37694	37694	cutsite_bigwig	motif_center	T_NK
RUNX3	NK_T_cytotoxic	112	0.00396661303922413	37694	37694	cutsite_bigwig	motif_center	T_NK
RUNX3	NK_T_cytotoxic	113	0.003799256181645129	37694	37694	cutsite_bigwig	motif_center	T_NK
RUNX3	NK_T_cytotoxic	114	0.0037525858580449434	37694	37694	cutsite_bigwig	motif_center	T_NK
RUNX3	NK_T_cytotoxic	115	0.0035881458818177213	37694	37694	cutsite_bigwig	motif_center	T_NK
RUNX3	NK_T_cytotoxic	116	0.0035823121014236297	37694	37694	cutsite_bigwig	motif_center	T_NK
RUNX3	NK_T_cytotoxic	117	0.0038842107562919777	37694	37694	cutsite_bigwig	motif_center	T_NK
RUNX3	NK_T_cytotoxic	118	0.004019481770114322	37694	37694	cutsite_bigwig	motif_center	T_NK
RUNX3	NK_T_cytotoxic	119	0.0037361783164111526	37694	37694	cutsite_bigwig	motif_center	T_NK
RUNX3	NK_T_cytotoxic	120	0.0036340869787054404	37694	37694	cutsite_bigwig	motif_center	T_NK
RUNX3	NK_T_cytotoxic	121	0.0037737333420795514	37694	37694	cutsite_bigwig	motif_center	T_NK
RUNX3	NK_T_cytotoxic	122	0.0038430096092667257	37694	37694	cutsite_bigwig	motif_center	T_NK
RUNX3	NK_T_cytotoxic	123	0.003762430380959675	37694	37694	cutsite_bigwig	motif_center	T_NK
RUNX3	NK_T_cytotoxic	124	0.0037161246646376903	37694	37694	cutsite_bigwig	motif_center	T_NK
RUNX3	NK_T_cytotoxic	125	0.0035659045542059554	37694	37694	cutsite_bigwig	motif_center	T_NK
RUNX3	NK_T_cytotoxic	126	0.00376498266387852	37694	37694	cutsite_bigwig	motif_center	T_NK
RUNX3	NK_T_cytotoxic	127	0.003648671456177054	37694	37694	cutsite_bigwig	motif_center	T_NK
RUNX3	NK_T_cytotoxic	128	0.0037237815137401292	37694	37694	cutsite_bigwig	motif_center	T_NK
RUNX3	NK_T_cytotoxic	129	0.003567362997797324	37694	37694	cutsite_bigwig	motif_center	T_NK
RUNX3	NK_T_cytotoxic	130	0.003432091982344288	37694	37694	cutsite_bigwig	motif_center	T_NK
RUNX3	NK_T_cytotoxic	131	0.0035436632263965303	37694	37694	cutsite_bigwig	motif_center	T_NK
RUNX3	NK_T_cytotoxic	132	0.003329271420248609	37694	37694	cutsite_bigwig	motif_center	T_NK
RUNX3	NK_T_cytotoxic	133	0.003774827179924581	37694	37694	cutsite_bigwig	motif_center	T_NK
RUNX3	NK_T_cytotoxic	134	0.0036410146092488707	37694	37694	cutsite_bigwig	motif_center	T_NK
RUNX3	NK_T_cytotoxic	135	0.0036523175813388546	37694	37694	cutsite_bigwig	motif_center	T_NK
RUNX3	NK_T_cytotoxic	136	0.0035943442821896425	37694	37694	cutsite_bigwig	motif_center	T_NK
RUNX3	NK_T_cytotoxic	137	0.0036610682628012694	37694	37694	cutsite_bigwig	motif_center	T_NK
RUNX3	NK_T_cytotoxic	138	0.003908275144458633	37694	37694	cutsite_bigwig	motif_center	T_NK
RUNX3	NK_T_cytotoxic	139	0.003988125142594175	37694	37694	cutsite_bigwig	motif_center	T_NK
RUNX3	NK_T_cytotoxic	140	0.003902805959433752	37694	37694	cutsite_bigwig	motif_center	T_NK
RUNX3	NK_T_cytotoxic	141	0.0038915029905063217	37694	37694	cutsite_bigwig	motif_center	T_NK
RUNX3	NK_T_cytotoxic	142	0.00356043537619799	37694	37694	cutsite_bigwig	motif_center	T_NK
RUNX3	NK_T_cytotoxic	143	0.003478033080022645	37694	37694	cutsite_bigwig	motif_center	T_NK
RUNX3	NK_T_cytotoxic	144	0.0035604353712070853	37694	37694	cutsite_bigwig	motif_center	T_NK
RUNX3	NK_T_cytotoxic	145	0.0034780330801214747	37694	37694	cutsite_bigwig	motif_center	T_NK
RUNX3	NK_T_cytotoxic	146	0.0034109444842264336	37694	37694	cutsite_bigwig	motif_center	T_NK
RUNX3	NK_T_cytotoxic	147	0.003453604083688321	37694	37694	cutsite_bigwig	motif_center	T_NK
RUNX3	NK_T_cytotoxic	148	0.00350173285315296	37694	37694	cutsite_bigwig	motif_center	T_NK
RUNX3	NK_T_cytotoxic	149	0.0035863228234370875	37694	37694	cutsite_bigwig	motif_center	T_NK
RUNX3	NK_T_cytotoxic	150	0.0036125748747424173	37694	37694	cutsite_bigwig	motif_center	T_NK
RUNX3	NK_T_cytotoxic	151	0.0036723712301968375	37694	37694	cutsite_bigwig	motif_center	T_NK
RUNX3	NK_T_cytotoxic	152	0.0038827523059307683	37694	37694	cutsite_bigwig	motif_center	T_NK
RUNX3	NK_T_cytotoxic	153	0.003830612812080756	37694	37694	cutsite_bigwig	motif_center	T_NK
RUNX3	NK_T_cytotoxic	154	0.0035144942725898447	37694	37694	cutsite_bigwig	motif_center	T_NK
RUNX3	NK_T_cytotoxic	155	0.003456885589613515	37694	37694	cutsite_bigwig	motif_center	T_NK
RUNX3	NK_T_cytotoxic	156	0.003606376477384805	37694	37694	cutsite_bigwig	motif_center	T_NK
RUNX3	NK_T_cytotoxic	157	0.0036227840200068937	37694	37694	cutsite_bigwig	motif_center	T_NK
RUNX3	NK_T_cytotoxic	158	0.0036242424601392194	37694	37694	cutsite_bigwig	motif_center	T_NK
RUNX3	NK_T_cytotoxic	159	0.0036235132415307963	37694	37694	cutsite_bigwig	motif_center	T_NK
RUNX3	NK_T_cytotoxic	160	0.0035338187087197775	37694	37694	cutsite_bigwig	motif_center	T_NK
RUNX3	NK_T_cytotoxic	161	0.003795245451873532	37694	37694	cutsite_bigwig	motif_center	T_NK
RUNX3	NK_T_cytotoxic	162	0.0037157600458458183	37694	37694	cutsite_bigwig	motif_center	T_NK
RUNX3	NK_T_cytotoxic	163	0.0035148588842659717	37694	37694	cutsite_bigwig	motif_center	T_NK
RUNX3	NK_T_cytotoxic	164	0.003628253191245018	37694	37694	cutsite_bigwig	motif_center	T_NK
RUNX3	NK_T_cytotoxic	165	0.0035753844582299852	37694	37694	cutsite_bigwig	motif_center	T_NK
RUNX3	NK_T_cytotoxic	166	0.00370445708329291	37694	37694	cutsite_bigwig	motif_center	T_NK
RUNX3	NK_T_cytotoxic	167	0.0035691860661103522	37694	37694	cutsite_bigwig	motif_center	T_NK
RUNX3	NK_T_cytotoxic	168	0.003663255934686381	37694	37694	cutsite_bigwig	motif_center	T_NK
RUNX3	NK_T_cytotoxic	169	0.0035542369745412816	37694	37694	cutsite_bigwig	motif_center	T_NK
RUNX3	NK_T_cytotoxic	170	0.0033409390038664746	37694	37694	cutsite_bigwig	motif_center	T_NK
RUNX3	NK_T_cytotoxic	171	0.0033449497298331243	37694	37694	cutsite_bigwig	motif_center	T_NK
RUNX3	NK_T_cytotoxic	172	0.0033496896877996344	37694	37694	cutsite_bigwig	motif_center	T_NK
RUNX3	NK_T_cytotoxic	173	0.0035888751068006665	37694	37694	cutsite_bigwig	motif_center	T_NK
RUNX3	NK_T_cytotoxic	174	0.0033959953982412466	37694	37694	cutsite_bigwig	motif_center	T_NK
RUNX3	NK_T_cytotoxic	175	0.003451781023479336	37694	37694	cutsite_bigwig	motif_center	T_NK
RUNX3	NK_T_cytotoxic	176	0.0036483068435620445	37694	37694	cutsite_bigwig	motif_center	T_NK
RUNX3	NK_T_cytotoxic	177	0.0037070093683860103	37694	37694	cutsite_bigwig	motif_center	T_NK
RUNX3	NK_T_cytotoxic	178	0.0037792025310576243	37694	37694	cutsite_bigwig	motif_center	T_NK
RUNX3	NK_T_cytotoxic	179	0.003756961198949103	37694	37694	cutsite_bigwig	motif_center	T_NK
RUNX3	NK_T_cytotoxic	180	0.0037102908674919487	37694	37694	cutsite_bigwig	motif_center	T_NK
RUNX3	NK_T_cytotoxic	181	0.003538923278658904	37694	37694	cutsite_bigwig	motif_center	T_NK
RUNX3	NK_T_cytotoxic	182	0.003614397934753743	37694	37694	cutsite_bigwig	motif_center	T_NK
RUNX3	NK_T_cytotoxic	183	0.0036030949644921106	37694	37694	cutsite_bigwig	motif_center	T_NK
RUNX3	NK_T_cytotoxic	184	0.0035717383454219095	37694	37694	cutsite_bigwig	motif_center	T_NK
RUNX3	NK_T_cytotoxic	185	0.00337776480870278	37694	37694	cutsite_bigwig	motif_center	T_NK
RUNX3	NK_T_cytotoxic	186	0.0034944406121193605	37694	37694	cutsite_bigwig	motif_center	T_NK
RUNX3	NK_T_cytotoxic	187	0.003541475561034185	37694	37694	cutsite_bigwig	motif_center	T_NK
RUNX3	NK_T_cytotoxic	188	0.0034572501986212373	37694	37694	cutsite_bigwig	motif_center	T_NK
RUNX3	NK_T_cytotoxic	189	0.003515223497918694	37694	37694	cutsite_bigwig	motif_center	T_NK
RUNX3	NK_T_cytotoxic	190	0.0035345479318249565	37694	37694	cutsite_bigwig	motif_center	T_NK
RUNX3	NK_T_cytotoxic	191	0.0034627193758385647	37694	37694	cutsite_bigwig	motif_center	T_NK
RUNX3	NK_T_cytotoxic	192	0.00354512166465109	37694	37694	cutsite_bigwig	motif_center	T_NK
RUNX3	NK_T_cytotoxic	193	0.003512306606387446	37694	37694	cutsite_bigwig	motif_center	T_NK
RUNX3	NK_T_cytotoxic	194	0.003456885587291015	37694	37694	cutsite_bigwig	motif_center	T_NK
RUNX3	NK_T_cytotoxic	195	0.003642837658833653	37694	37694	cutsite_bigwig	motif_center	T_NK
RUNX3	NK_T_cytotoxic	196	0.003487512989432899	37694	37694	cutsite_bigwig	motif_center	T_NK
RUNX3	NK_T_cytotoxic	197	0.0034404780532671184	37694	37694	cutsite_bigwig	motif_center	T_NK
RUNX3	NK_T_cytotoxic	198	0.0031400378352697124	37694	37694	cutsite_bigwig	motif_center	T_NK
RUNX3	NK_T_cytotoxic	199	0.003287705654876219	37694	37694	cutsite_bigwig	motif_center	T_NK
RUNX3	NK_T_cytotoxic	200	0.0034579794298798747	37694	37694	cutsite_bigwig	motif_center	T_NK
RUNX3	NK_T_cytotoxic	201	0.0034889714364833104	37694	37694	cutsite_bigwig	motif_center	T_NK
RUNX3	NK_T_cytotoxic	202	0.003566633775186294	37694	37694	cutsite_bigwig	motif_center	T_NK
RUNX3	NK_T_cytotoxic	203	0.0035626230432898565	37694	37694	cutsite_bigwig	motif_center	T_NK
RUNX3	NK_T_cytotoxic	204	0.0033478666278871387	37694	37694	cutsite_bigwig	motif_center	T_NK
RUNX3	NK_T_cytotoxic	205	0.0034663654961082898	37694	37694	cutsite_bigwig	motif_center	T_NK
RUNX3	NK_T_cytotoxic	206	0.0035688214423769903	37694	37694	cutsite_bigwig	motif_center	T_NK
RUNX3	NK_T_cytotoxic	207	0.0037318029739751312	37694	37694	cutsite_bigwig	motif_center	T_NK
RUNX3	NK_T_cytotoxic	208	0.0036129394920024274	37694	37694	cutsite_bigwig	motif_center	T_NK
RUNX3	NK_T_cytotoxic	209	0.0035484031895516043	37694	37694	cutsite_bigwig	motif_center	T_NK
RUNX3	NK_T_cytotoxic	210	0.003409121430243726	37694	37694	cutsite_bigwig	motif_center	T_NK
RUNX3	NK_T_cytotoxic	211	0.0033405743847286984	37694	37694	cutsite_bigwig	motif_center	T_NK
RUNX3	NK_T_cytotoxic	212	0.003514858884018897	37694	37694	cutsite_bigwig	motif_center	T_NK
RUNX3	NK_T_cytotoxic	213	0.0034539686930419476	37694	37694	cutsite_bigwig	motif_center	T_NK
RUNX3	NK_T_cytotoxic	214	0.0034149552200760627	37694	37694	cutsite_bigwig	motif_center	T_NK
RUNX3	NK_T_cytotoxic	215	0.0036257009115381418	37694	37694	cutsite_bigwig	motif_center	T_NK
RUNX3	NK_T_cytotoxic	216	0.0032607243768090076	37694	37694	cutsite_bigwig	motif_center	T_NK
RUNX3	NK_T_cytotoxic	217	0.003521057275644381	37694	37694	cutsite_bigwig	motif_center	T_NK
RUNX3	NK_T_cytotoxic	218	0.003561529208014402	37694	37694	cutsite_bigwig	motif_center	T_NK
RUNX3	NK_T_cytotoxic	219	0.0034433949480597494	37694	37694	cutsite_bigwig	motif_center	T_NK
RUNX3	NK_T_cytotoxic	220	0.0034495933514459795	37694	37694	cutsite_bigwig	motif_center	T_NK
RUNX3	NK_T_cytotoxic	221	0.0033759417410321453	37694	37694	cutsite_bigwig	motif_center	T_NK
RUNX3	NK_T_cytotoxic	222	0.0033460435659486325	37694	37694	cutsite_bigwig	motif_center	T_NK
RUNX3	NK_T_cytotoxic	223	0.00329317483031461	37694	37694	cutsite_bigwig	motif_center	T_NK
RUNX3	NK_T_cytotoxic	224	0.0034018291956340626	37694	37694	cutsite_bigwig	motif_center	T_NK
RUNX3	NK_T_cytotoxic	225	0.0035819474752689377	37694	37694	cutsite_bigwig	motif_center	T_NK
RUNX3	NK_T_cytotoxic	226	0.0034211536236599524	37694	37694	cutsite_bigwig	motif_center	T_NK
RUNX3	NK_T_cytotoxic	227	0.0034466764473633474	37694	37694	cutsite_bigwig	motif_center	T_NK
RUNX3	NK_T_cytotoxic	228	0.0033540650303839005	37694	37694	cutsite_bigwig	motif_center	T_NK
RUNX3	NK_T_cytotoxic	229	0.003324896073760566	37694	37694	cutsite_bigwig	motif_center	T_NK
RUNX3	NK_T_cytotoxic	230	0.0033230730127115277	37694	37694	cutsite_bigwig	motif_center	T_NK
RUNX3	NK_T_cytotoxic	231	0.0032191586239385867	37694	37694	cutsite_bigwig	motif_center	T_NK
RUNX3	NK_T_cytotoxic	232	0.0034076629749904414	37694	37694	cutsite_bigwig	motif_center	T_NK
RUNX3	NK_T_cytotoxic	233	0.0035144942707614935	37694	37694	cutsite_bigwig	motif_center	T_NK
RUNX3	NK_T_cytotoxic	234	0.0034171428875632488	37694	37694	cutsite_bigwig	motif_center	T_NK
RUNX3	NK_T_cytotoxic	235	0.0033945369494613135	37694	37694	cutsite_bigwig	motif_center	T_NK
RUNX3	NK_T_cytotoxic	236	0.0037409182768978226	37694	37694	cutsite_bigwig	motif_center	T_NK
RUNX3	NK_T_cytotoxic	237	0.003651588355713516	37694	37694	cutsite_bigwig	motif_center	T_NK
RUNX3	NK_T_cytotoxic	238	0.0035728321791655025	37694	37694	cutsite_bigwig	motif_center	T_NK
RUNX3	NK_T_cytotoxic	239	0.0031571745981803312	37694	37694	cutsite_bigwig	motif_center	T_NK
RUNX3	NK_T_cytotoxic	240	0.003237024600911458	37694	37694	cutsite_bigwig	motif_center	T_NK
RUNX3	NK_T_cytotoxic	241	0.0033927138925631266	37694	37694	cutsite_bigwig	motif_center	T_NK
RUNX3	NK_T_cytotoxic	242	0.003229003143591935	37694	37694	cutsite_bigwig	motif_center	T_NK
RUNX3	NK_T_cytotoxic	243	0.0035257972336108913	37694	37694	cutsite_bigwig	motif_center	T_NK
RUNX3	NK_T_cytotoxic	244	0.0034652716632047505	37694	37694	cutsite_bigwig	motif_center	T_NK
RUNX3	NK_T_cytotoxic	245	0.0033562526989582143	37694	37694	cutsite_bigwig	motif_center	T_NK
RUNX3	NK_T_cytotoxic	246	0.003236295388381067	37694	37694	cutsite_bigwig	motif_center	T_NK
RUNX3	NK_T_cytotoxic	247	0.002983619321303503	37694	37694	cutsite_bigwig	motif_center	T_NK
RUNX3	NK_T_cytotoxic	248	0.0031290994764371326	37694	37694	cutsite_bigwig	motif_center	T_NK
RUNX3	NK_T_cytotoxic	249	0.003409486036385384	37694	37694	cutsite_bigwig	motif_center	T_NK
RUNX3	CD14_Monocyte	-250	0.0033597887637022606	37694	37694	cutsite_bigwig	motif_center	T_NK
RUNX3	CD14_Monocyte	-249	0.0033502827149477317	37694	37694	cutsite_bigwig	motif_center	T_NK
RUNX3	CD14_Monocyte	-248	0.003240092781933178	37694	37694	cutsite_bigwig	motif_center	T_NK
RUNX3	CD14_Monocyte	-247	0.0032546865900245823	37694	37694	cutsite_bigwig	motif_center	T_NK
RUNX3	CD14_Monocyte	-246	0.0034201723160880875	37694	37694	cutsite_bigwig	motif_center	T_NK
RUNX3	CD14_Monocyte	-245	0.0034618115269709894	37694	37694	cutsite_bigwig	motif_center	T_NK
RUNX3	CD14_Monocyte	-244	0.003336760011871876	37694	37694	cutsite_bigwig	motif_center	T_NK
RUNX3	CD14_Monocyte	-243	0.003345864404182842	37694	37694	cutsite_bigwig	motif_center	T_NK
RUNX3	CD14_Monocyte	-242	0.0032829369824562914	37694	37694	cutsite_bigwig	motif_center	T_NK
RUNX3	CD14_Monocyte	-241	0.003251874935275861	37694	37694	cutsite_bigwig	motif_center	T_NK
RUNX3	CD14_Monocyte	-240	0.0033731775854642515	37694	37694	cutsite_bigwig	motif_center	T_NK
RUNX3	CD14_Monocyte	-239	0.0032080935172279263	37694	37694	cutsite_bigwig	motif_center	T_NK
RUNX3	CD14_Monocyte	-238	0.00326151488436899	37694	37694	cutsite_bigwig	motif_center	T_NK
RUNX3	CD14_Monocyte	-237	0.0032497327260354023	37694	37694	cutsite_bigwig	motif_center	T_NK
RUNX3	CD14_Monocyte	-236	0.0032679415092737173	37694	37694	cutsite_bigwig	motif_center	T_NK
RUNX3	CD14_Monocyte	-235	0.0030909414014887696	37694	37694	cutsite_bigwig	motif_center	T_NK
RUNX3	CD14_Monocyte	-234	0.003057067708899034	37694	37694	cutsite_bigwig	motif_center	T_NK
RUNX3	CD14_Monocyte	-233	0.0032576321235175927	37694	37694	cutsite_bigwig	motif_center	T_NK
RUNX3	CD14_Monocyte	-232	0.003309714614812506	37694	37694	cutsite_bigwig	motif_center	T_NK
RUNX3	CD14_Monocyte	-231	0.0033616632071524367	37694	37694	cutsite_bigwig	motif_center	T_NK
RUNX3	CD14_Monocyte	-230	0.0033457305161485517	37694	37694	cutsite_bigwig	motif_center	T_NK
RUNX3	CD14_Monocyte	-229	0.0033638054128350228	37694	37694	cutsite_bigwig	motif_center	T_NK
RUNX3	CD14_Monocyte	-228	0.0035255422722088687	37694	37694	cutsite_bigwig	motif_center	T_NK
RUNX3	CD14_Monocyte	-227	0.003254820472524404	37694	37694	cutsite_bigwig	motif_center	T_NK
RUNX3	CD14_Monocyte	-226	0.0032562932480667615	37694	37694	cutsite_bigwig	motif_center	T_NK
RUNX3	CD14_Monocyte	-225	0.0033014135429491453	37694	37694	cutsite_bigwig	motif_center	T_NK
RUNX3	CD14_Monocyte	-224	0.003194303041493117	37694	37694	cutsite_bigwig	motif_center	T_NK
RUNX3	CD14_Monocyte	-223	0.00339178802939581	37694	37694	cutsite_bigwig	motif_center	T_NK
RUNX3	CD14_Monocyte	-222	0.0033553704598554565	37694	37694	cutsite_bigwig	motif_center	T_NK
RUNX3	CD14_Monocyte	-221	0.0033227017547810917	37694	37694	cutsite_bigwig	motif_center	T_NK
RUNX3	CD14_Monocyte	-220	0.003305296301132138	37694	37694	cutsite_bigwig	motif_center	T_NK
RUNX3	CD14_Monocyte	-219	0.003238486119048339	37694	37694	cutsite_bigwig	motif_center	T_NK
RUNX3	CD14_Monocyte	-218	0.00330543019321845	37694	37694	cutsite_bigwig	motif_center	T_NK
RUNX3	CD14_Monocyte	-217	0.003427937832454073	37694	37694	cutsite_bigwig	motif_center	T_NK
RUNX3	CD14_Monocyte	-216	0.0033858969572212244	37694	37694	cutsite_bigwig	motif_center	T_NK
RUNX3	CD14_Monocyte	-215	0.0033075724041390156	37694	37694	cutsite_bigwig	motif_center	T_NK
RUNX3	CD14_Monocyte	-214	0.0034070512844779233	37694	37694	cutsite_bigwig	motif_center	T_NK
RUNX3	CD14_Monocyte	-213	0.0032430383180945934	37694	37694	cutsite_bigwig	motif_center	T_NK
RUNX3	CD14_Monocyte	-212	0.00314302387973815	37694	37694	cutsite_bigwig	motif_center	T_NK
RUNX3	CD14_Monocyte	-211	0.0032896313919289623	37694	37694	cutsite_bigwig	motif_center	T_NK
RUNX3	CD14_Monocyte	-210	0.003441862191627587	37694	37694	cutsite_bigwig	motif_center	T_NK
RUNX3	CD14_Monocyte	-209	0.00344869048834391	37694	37694	cutsite_bigwig	motif_center	T_NK
RUNX3	CD14_Monocyte	-208	0.003433293350564315	37694	37694	cutsite_bigwig	motif_center	T_NK
RUNX3	CD14_Monocyte	-207	0.003330868935941758	37694	37694	cutsite_bigwig	motif_center	T_NK
RUNX3	CD14_Monocyte	-206	0.0033347516921481547	37694	37694	cutsite_bigwig	motif_center	T_NK
RUNX3	CD14_Monocyte	-205	0.003436640559772699	37694	37694	cutsite_bigwig	motif_center	T_NK
RUNX3	CD14_Monocyte	-204	0.0034492260404810726	37694	37694	cutsite_bigwig	motif_center	T_NK
RUNX3	CD14_Monocyte	-203	0.003646577146180433	37694	37694	cutsite_bigwig	motif_center	T_NK
RUNX3	CD14_Monocyte	-202	0.0037394955062175035	37694	37694	cutsite_bigwig	motif_center	T_NK
RUNX3	CD14_Monocyte	-201	0.0034186995542336567	37694	37694	cutsite_bigwig	motif_center	T_NK
RUNX3	CD14_Monocyte	-200	0.0033204256624478324	37694	37694	cutsite_bigwig	motif_center	T_NK
RUNX3	CD14_Monocyte	-199	0.003327655621586921	37694	37694	cutsite_bigwig	motif_center	T_NK
RUNX3	CD14_Monocyte	-198	0.003506931826399544	37694	37694	cutsite_bigwig	motif_center	T_NK
RUNX3	CD14_Monocyte	-197	0.003576285877725237	37694	37694	cutsite_bigwig	motif_center	T_NK
RUNX3	CD14_Monocyte	-196	0.0035985113080208887	37694	37694	cutsite_bigwig	motif_center	T_NK
RUNX3	CD14_Monocyte	-195	0.0035930218937723127	37694	37694	cutsite_bigwig	motif_center	T_NK
RUNX3	CD14_Monocyte	-194	0.0035568720972368167	37694	37694	cutsite_bigwig	motif_center	T_NK
RUNX3	CD14_Monocyte	-193	0.003524605061107984	37694	37694	cutsite_bigwig	motif_center	T_NK
RUNX3	CD14_Monocyte	-192	0.00359114746064985	37694	37694	cutsite_bigwig	motif_center	T_NK
RUNX3	CD14_Monocyte	-191	0.0034904635820231233	37694	37694	cutsite_bigwig	motif_center	T_NK
RUNX3	CD14_Monocyte	-190	0.003530630026801914	37694	37694	cutsite_bigwig	motif_center	T_NK
RUNX3	CD14_Monocyte	-189	0.003563030950174399	37694	37694	cutsite_bigwig	motif_center	T_NK
RUNX3	CD14_Monocyte	-188	0.0035055929472425948	37694	37694	cutsite_bigwig	motif_center	T_NK
RUNX3	CD14_Monocyte	-187	0.0035199189749169067	37694	37694	cutsite_bigwig	motif_center	T_NK
RUNX3	CD14_Monocyte	-186	0.003488990816017842	37694	37694	cutsite_bigwig	motif_center	T_NK
RUNX3	CD14_Monocyte	-185	0.003592486343710576	37694	37694	cutsite_bigwig	motif_center	T_NK
RUNX3	CD14_Monocyte	-184	0.003656083207338101	37694	37694	cutsite_bigwig	motif_center	T_NK
RUNX3	CD14_Monocyte	-183	0.003717270080072703	37694	37694	cutsite_bigwig	motif_center	T_NK
RUNX3	CD14_Monocyte	-182	0.0035990468624311368	37694	37694	cutsite_bigwig	motif_center	T_NK
RUNX3	CD14_Monocyte	-181	0.0034276700514440017	37694	37694	cutsite_bigwig	motif_center	T_NK
RUNX3	CD14_Monocyte	-180	0.0032026041074266908	37694	37694	cutsite_bigwig	motif_center	T_NK
RUNX3	CD14_Monocyte	-179	0.0034832336254536096	37694	37694	cutsite_bigwig	motif_center	T_NK
RUNX3	CD14_Monocyte	-178	0.003538931091796604	37694	37694	cutsite_bigwig	motif_center	T_NK
RUNX3	CD14_Monocyte	-177	0.00363479498547493	37694	37694	cutsite_bigwig	motif_center	T_NK
RUNX3	CD14_Monocyte	-176	0.0034865808326853976	37694	37694	cutsite_bigwig	motif_center	T_NK
RUNX3	CD14_Monocyte	-175	0.0032115746123457596	37694	37694	cutsite_bigwig	motif_center	T_NK
RUNX3	CD14_Monocyte	-174	0.003378934774200132	37694	37694	cutsite_bigwig	motif_center	T_NK
RUNX3	CD14_Monocyte	-173	0.0035386633101935545	37694	37694	cutsite_bigwig	motif_center	T_NK
RUNX3	CD14_Monocyte	-172	0.003600787410632447	37694	37694	cutsite_bigwig	motif_center	T_NK
RUNX3	CD14_Monocyte	-171	0.003584854719332073	37694	37694	cutsite_bigwig	motif_center	T_NK
RUNX3	CD14_Monocyte	-170	0.0034596693167422326	37694	37694	cutsite_bigwig	motif_center	T_NK
RUNX3	CD14_Monocyte	-169	0.003401294093271298	37694	37694	cutsite_bigwig	motif_center	T_NK
RUNX3	CD14_Monocyte	-168	0.003407586831426522	37694	37694	cutsite_bigwig	motif_center	T_NK
RUNX3	CD14_Monocyte	-167	0.003470648143213374	37694	37694	cutsite_bigwig	motif_center	T_NK
RUNX3	CD14_Monocyte	-166	0.003484706397042775	37694	37694	cutsite_bigwig	motif_center	T_NK
RUNX3	CD14_Monocyte	-165	0.003578026422269845	37694	37694	cutsite_bigwig	motif_center	T_NK
RUNX3	CD14_Monocyte	-164	0.0035614242932687622	37694	37694	cutsite_bigwig	motif_center	T_NK
RUNX3	CD14_Monocyte	-163	0.0034186995461296136	37694	37694	cutsite_bigwig	motif_center	T_NK
RUNX3	CD14_Monocyte	-162	0.003302350761709339	37694	37694	cutsite_bigwig	motif_center	T_NK
RUNX3	CD14_Monocyte	-161	0.003268744844199887	37694	37694	cutsite_bigwig	motif_center	T_NK
RUNX3	CD14_Monocyte	-160	0.0033504166046621287	37694	37694	cutsite_bigwig	motif_center	T_NK
RUNX3	CD14_Monocyte	-159	0.003476673106485974	37694	37694	cutsite_bigwig	motif_center	T_NK
RUNX3	CD14_Monocyte	-158	0.00343597111752582	37694	37694	cutsite_bigwig	motif_center	T_NK
RUNX3	CD14_Monocyte	-157	0.003475200335292128	37694	37694	cutsite_bigwig	motif_center	T_NK
RUNX3	CD14_Monocyte	-156	0.0035598176339912105	37694	37694	cutsite_bigwig	motif_center	T_NK
RUNX3	CD14_Monocyte	-155	0.0035844530533514344	37694	37694	cutsite_bigwig	motif_center	T_NK
RUNX3	CD14_Monocyte	-154	0.003733336660148592	37694	37694	cutsite_bigwig	motif_center	T_NK
RUNX3	CD14_Monocyte	-153	0.0035604870796477174	37694	37694	cutsite_bigwig	motif_center	T_NK
RUNX3	CD14_Monocyte	-152	0.0033265845189432873	37694	37694	cutsite_bigwig	motif_center	T_NK
RUNX3	CD14_Monocyte	-151	0.003441192754075123	37694	37694	cutsite_bigwig	motif_center	T_NK
RUNX3	CD14_Monocyte	-150	0.0034883213795525057	37694	37694	cutsite_bigwig	motif_center	T_NK
RUNX3	CD14_Monocyte	-149	0.0036674636994439764	37694	37694	cutsite_bigwig	motif_center	T_NK
RUNX3	CD14_Monocyte	-148	0.003648049915694173	37694	37694	cutsite_bigwig	motif_center	T_NK
RUNX3	CD14_Monocyte	-147	0.0035709303525486642	37694	37694	cutsite_bigwig	motif_center	T_NK
RUNX3	CD14_Monocyte	-146	0.003419770651688726	37694	37694	cutsite_bigwig	motif_center	T_NK
RUNX3	CD14_Monocyte	-145	0.003401695761129702	37694	37694	cutsite_bigwig	motif_center	T_NK
RUNX3	CD14_Monocyte	-144	0.0036266278144443183	37694	37694	cutsite_bigwig	motif_center	T_NK
RUNX3	CD14_Monocyte	-143	0.0034840369572172263	37694	37694	cutsite_bigwig	motif_center	T_NK
RUNX3	CD14_Monocyte	-142	0.0035373244340509142	37694	37694	cutsite_bigwig	motif_center	T_NK
RUNX3	CD14_Monocyte	-141	0.0035192495338065705	37694	37694	cutsite_bigwig	motif_center	T_NK
RUNX3	CD14_Monocyte	-140	0.0036808525076662854	37694	37694	cutsite_bigwig	motif_center	T_NK
RUNX3	CD14_Monocyte	-139	0.003721688389206901	37694	37694	cutsite_bigwig	motif_center	T_NK
RUNX3	CD14_Monocyte	-138	0.0035904780176617477	37694	37694	cutsite_bigwig	motif_center	T_NK
RUNX3	CD14_Monocyte	-137	0.0034765392180563645	37694	37694	cutsite_bigwig	motif_center	T_NK
RUNX3	CD14_Monocyte	-136	0.0034295444879760923	37694	37694	cutsite_bigwig	motif_center	T_NK
RUNX3	CD14_Monocyte	-135	0.003600787406185106	37694	37694	cutsite_bigwig	motif_center	T_NK
RUNX3	CD14_Monocyte	-134	0.003687680802356598	37694	37694	cutsite_bigwig	motif_center	T_NK
RUNX3	CD14_Monocyte	-133	0.0034549832374198264	37694	37694	cutsite_bigwig	motif_center	T_NK
RUNX3	CD14_Monocyte	-132	0.0035204545302166225	37694	37694	cutsite_bigwig	motif_center	T_NK
RUNX3	CD14_Monocyte	-131	0.003528487818549753	37694	37694	cutsite_bigwig	motif_center	T_NK
RUNX3	CD14_Monocyte	-130	0.003495283557879183	37694	37694	cutsite_bigwig	motif_center	T_NK
RUNX3	CD14_Monocyte	-129	0.0035564704337269232	37694	37694	cutsite_bigwig	motif_center	T_NK
RUNX3	CD14_Monocyte	-128	0.0034978274389312375	37694	37694	cutsite_bigwig	motif_center	T_NK
RUNX3	CD14_Monocyte	-127	0.0034837691799626874	37694	37694	cutsite_bigwig	motif_center	T_NK
RUNX3	CD14_Monocyte	-126	0.0035466966019363126	37694	37694	cutsite_bigwig	motif_center	T_NK
RUNX3	CD14_Monocyte	-125	0.003695178543148151	37694	37694	cutsite_bigwig	motif_center	T_NK
RUNX3	CD14_Monocyte	-124	0.003770022003632686	37694	37694	cutsite_bigwig	motif_center	T_NK
RUNX3	CD14_Monocyte	-123	0.0037460560269640753	37694	37694	cutsite_bigwig	motif_center	T_NK
RUNX3	CD14_Monocyte	-122	0.0035710642441408274	37694	37694	cutsite_bigwig	motif_center	T_NK
RUNX3	CD14_Monocyte	-121	0.00365300378319181	37694	37694	cutsite_bigwig	motif_center	T_NK
RUNX3	CD14_Monocyte	-120	0.0035955657712664945	37694	37694	cutsite_bigwig	motif_center	T_NK
RUNX3	CD14_Monocyte	-119	0.003322835647559213	37694	37694	cutsite_bigwig	motif_center	T_NK
RUNX3	CD14_Monocyte	-118	0.003454313792899862	37694	37694	cutsite_bigwig	motif_center	T_NK
RUNX3	CD14_Monocyte	-117	0.003630376681825786	37694	37694	cutsite_bigwig	motif_center	T_NK
RUNX3	CD14_Monocyte	-116	0.0036815219469482703	37694	37694	cutsite_bigwig	motif_center	T_NK
RUNX3	CD14_Monocyte	-115	0.003798807953834856	37694	37694	cutsite_bigwig	motif_center	T_NK
RUNX3	CD14_Monocyte	-114	0.003757034854917664	37694	37694	cutsite_bigwig	motif_center	T_NK
RUNX3	CD14_Monocyte	-113	0.0035221950750083052	37694	37694	cutsite_bigwig	motif_center	T_NK
RUNX3	CD14_Monocyte	-112	0.003575348661781692	37694	37694	cutsite_bigwig	motif_center	T_NK
RUNX3	CD14_Monocyte	-111	0.0036870113636675917	37694	37694	cutsite_bigwig	motif_center	T_NK
RUNX3	CD14_Monocyte	-110	0.0038285311122224323	37694	37694	cutsite_bigwig	motif_center	T_NK
RUNX3	CD14_Monocyte	-109	0.0036765680871593573	37694	37694	cutsite_bigwig	motif_center	T_NK
RUNX3	CD14_Monocyte	-108	0.003626360038326322	37694	37694	cutsite_bigwig	motif_center	T_NK
RUNX3	CD14_Monocyte	-107	0.003650727677467113	37694	37694	cutsite_bigwig	motif_center	T_NK
RUNX3	CD14_Monocyte	-106	0.0037318638880158624	37694	37694	cutsite_bigwig	motif_center	T_NK
RUNX3	CD14_Monocyte	-105	0.0037503404474710034	37694	37694	cutsite_bigwig	motif_center	T_NK
RUNX3	CD14_Monocyte	-104	0.003645773817184051	37694	37694	cutsite_bigwig	motif_center	T_NK
RUNX3	CD14_Monocyte	-103	0.0036926346667905115	37694	37694	cutsite_bigwig	motif_center	T_NK
RUNX3	CD14_Monocyte	-102	0.003649656575218799	37694	37694	cutsite_bigwig	motif_center	T_NK
RUNX3	CD14_Monocyte	-101	0.0036675975818449688	37694	37694	cutsite_bigwig	motif_center	T_NK
RUNX3	CD14_Monocyte	-100	0.0037976029624651234	37694	37694	cutsite_bigwig	motif_center	T_NK
RUNX3	CD14_Monocyte	-99	0.0038373677317262004	37694	37694	cutsite_bigwig	motif_center	T_NK
RUNX3	CD14_Monocyte	-98	0.003635999993151579	37694	37694	cutsite_bigwig	motif_center	T_NK
RUNX3	CD14_Monocyte	-97	0.0036859402596897558	37694	37694	cutsite_bigwig	motif_center	T_NK
RUNX3	CD14_Monocyte	-96	0.0036287700224494047	37694	37694	cutsite_bigwig	motif_center	T_NK
RUNX3	CD14_Monocyte	-95	0.0036157828812948614	37694	37694	cutsite_bigwig	motif_center	T_NK
RUNX3	CD14_Monocyte	-94	0.003792916875137504	37694	37694	cutsite_bigwig	motif_center	T_NK
RUNX3	CD14_Monocyte	-93	0.00391341619015265	37694	37694	cutsite_bigwig	motif_center	T_NK
RUNX3	CD14_Monocyte	-92	0.0040270872175932285	37694	37694	cutsite_bigwig	motif_center	T_NK
RUNX3	CD14_Monocyte	-91	0.0039164956224523985	37694	37694	cutsite_bigwig	motif_center	T_NK
RUNX3	CD14_Monocyte	-90	0.0035887374766255973	37694	37694	cutsite_bigwig	motif_center	T_NK
RUNX3	CD14_Monocyte	-89	0.0036015907408147867	37694	37694	cutsite_bigwig	motif_center	T_NK
RUNX3	CD14_Monocyte	-88	0.0036943752119775134	37694	37694	cutsite_bigwig	motif_center	T_NK
RUNX3	CD14_Monocyte	-87	0.003783009155164358	37694	37694	cutsite_bigwig	motif_center	T_NK
RUNX3	CD14_Monocyte	-86	0.003553792673930579	37694	37694	cutsite_bigwig	motif_center	T_NK
RUNX3	CD14_Monocyte	-85	0.003529960590188333	37694	37694	cutsite_bigwig	motif_center	T_NK
RUNX3	CD14_Monocyte	-84	0.00358686304083473	37694	37694	cutsite_bigwig	motif_center	T_NK
RUNX3	CD14_Monocyte	-83	0.0036970529763694433	37694	37694	cutsite_bigwig	motif_center	T_NK
RUNX3	CD14_Monocyte	-82	0.003826790570296814	37694	37694	cutsite_bigwig	motif_center	T_NK
RUNX3	CD14_Monocyte	-81	0.0036623759446038568	37694	37694	cutsite_bigwig	motif_center	T_NK
RUNX3	CD14_Monocyte	-80	0.0035954318826392252	37694	37694	cutsite_bigwig	motif_center	T_NK
RUNX3	CD14_Monocyte	-79	0.003726910025459715	37694	37694	cutsite_bigwig	motif_center	T_NK
RUNX3	CD14_Monocyte	-78	0.0036953124337026017	37694	37694	cutsite_bigwig	motif_center	T_NK
RUNX3	CD14_Monocyte	-77	0.003775109754865518	37694	37694	cutsite_bigwig	motif_center	T_NK
RUNX3	CD14_Monocyte	-76	0.0036123017919585704	37694	37694	cutsite_bigwig	motif_center	T_NK
RUNX3	CD14_Monocyte	-75	0.003553524899542104	37694	37694	cutsite_bigwig	motif_center	T_NK
RUNX3	CD14_Monocyte	-74	0.003463685960488771	37694	37694	cutsite_bigwig	motif_center	T_NK
RUNX3	CD14_Monocyte	-73	0.0038215689338957554	37694	37694	cutsite_bigwig	motif_center	T_NK
RUNX3	CD14_Monocyte	-72	0.003817284511511061	37694	37694	cutsite_bigwig	motif_center	T_NK
RUNX3	CD14_Monocyte	-71	0.003974603069360603	37694	37694	cutsite_bigwig	motif_center	T_NK
RUNX3	CD14_Monocyte	-70	0.003818757280827141	37694	37694	cutsite_bigwig	motif_center	T_NK
RUNX3	CD14_Monocyte	-69	0.0036193978554534744	37694	37694	cutsite_bigwig	motif_center	T_NK
RUNX3	CD14_Monocyte	-68	0.0036183267552805857	37694	37694	cutsite_bigwig	motif_center	T_NK
RUNX3	CD14_Monocyte	-67	0.0037076301330549997	37694	37694	cutsite_bigwig	motif_center	T_NK
RUNX3	CD14_Monocyte	-66	0.0037378888533144737	37694	37694	cutsite_bigwig	motif_center	T_NK
RUNX3	CD14_Monocyte	-65	0.0038648148056869007	37694	37694	cutsite_bigwig	motif_center	T_NK
RUNX3	CD14_Monocyte	-64	0.003849149893074097	37694	37694	cutsite_bigwig	motif_center	T_NK
RUNX3	CD14_Monocyte	-63	0.003718475071393021	37694	37694	cutsite_bigwig	motif_center	T_NK
RUNX3	CD14_Monocyte	-62	0.0037963979654126777	37694	37694	cutsite_bigwig	motif_center	T_NK
RUNX3	CD14_Monocyte	-61	0.0039691136553096865	37694	37694	cutsite_bigwig	motif_center	T_NK
RUNX3	CD14_Monocyte	-60	0.0038972157297511947	37694	37694	cutsite_bigwig	motif_center	T_NK
RUNX3	CD14_Monocyte	-59	0.003841919928351125	37694	37694	cutsite_bigwig	motif_center	T_NK
RUNX3	CD14_Monocyte	-58	0.00378595469270939	37694	37694	cutsite_bigwig	motif_center	T_NK
RUNX3	CD14_Monocyte	-57	0.003777519735974292	37694	37694	cutsite_bigwig	motif_center	T_NK
RUNX3	CD14_Monocyte	-56	0.003788632453839937	37694	37694	cutsite_bigwig	motif_center	T_NK
RUNX3	CD14_Monocyte	-55	0.003789435785405894	37694	37694	cutsite_bigwig	motif_center	T_NK
RUNX3	CD14_Monocyte	-54	0.0037334705438343717	37694	37694	cutsite_bigwig	motif_center	T_NK
RUNX3	CD14_Monocyte	-53	0.0038024229353068742	37694	37694	cutsite_bigwig	motif_center	T_NK
RUNX3	CD14_Monocyte	-52	0.004018116714551926	37694	37694	cutsite_bigwig	motif_center	T_NK
RUNX3	CD14_Monocyte	-51	0.004235551039576958	37694	37694	cutsite_bigwig	motif_center	T_NK
RUNX3	CD14_Monocyte	-50	0.003955992619005108	37694	37694	cutsite_bigwig	motif_center	T_NK
RUNX3	CD14_Monocyte	-49	0.0037176717452627028	37694	37694	cutsite_bigwig	motif_center	T_NK
RUNX3	CD14_Monocyte	-48	0.003689689129393724	37694	37694	cutsite_bigwig	motif_center	T_NK
RUNX3	CD14_Monocyte	-47	0.0037254372534258153	37694	37694	cutsite_bigwig	motif_center	T_NK
RUNX3	CD14_Monocyte	-46	0.0038250500280252913	37694	37694	cutsite_bigwig	motif_center	T_NK
RUNX3	CD14_Monocyte	-45	0.0038387066107843197	37694	37694	cutsite_bigwig	motif_center	T_NK
RUNX3	CD14_Monocyte	-44	0.0042844202057940005	37694	37694	cutsite_bigwig	motif_center	T_NK
RUNX3	CD14_Monocyte	-43	0.004214262822754106	37694	37694	cutsite_bigwig	motif_center	T_NK
RUNX3	CD14_Monocyte	-42	0.0039000273808432132	37694	37694	cutsite_bigwig	motif_center	T_NK
RUNX3	CD14_Monocyte	-41	0.003840179383707687	37694	37694	cutsite_bigwig	motif_center	T_NK
RUNX3	CD14_Monocyte	-40	0.0039055167904467887	37694	37694	cutsite_bigwig	motif_center	T_NK
RUNX3	CD14_Monocyte	-39	0.004034183285535473	37694	37694	cutsite_bigwig	motif_center	T_NK
RUNX3	CD14_Monocyte	-38	0.003977950270217869	37694	37694	cutsite_bigwig	motif_center	T_NK
RUNX3	CD14_Monocyte	-37	0.003985983557266213	37694	37694	cutsite_bigwig	motif_center	T_NK
RUNX3	CD14_Monocyte	-36	0.003956394282515001	37694	37694	cutsite_bigwig	motif_center	T_NK
RUNX3	CD14_Monocyte	-35	0.003911675646843414	37694	37694	cutsite_bigwig	motif_center	T_NK
RUNX3	CD14_Monocyte	-34	0.0038902535571566457	37694	37694	cutsite_bigwig	motif_center	T_NK
RUNX3	CD14_Monocyte	-33	0.0038210333793866776	37694	37694	cutsite_bigwig	motif_center	T_NK
RUNX3	CD14_Monocyte	-32	0.0037627920465690234	37694	37694	cutsite_bigwig	motif_center	T_NK
RUNX3	CD14_Monocyte	-31	0.003826522800207435	37694	37694	cutsite_bigwig	motif_center	T_NK
RUNX3	CD14_Monocyte	-30	0.0038463382415373447	37694	37694	cutsite_bigwig	motif_center	T_NK
RUNX3	CD14_Monocyte	-29	0.004099788477237837	37694	37694	cutsite_bigwig	motif_center	T_NK
RUNX3	CD14_Monocyte	-28	0.004295399035378281	37694	37694	cutsite_bigwig	motif_center	T_NK
RUNX3	CD14_Monocyte	-27	0.0038285311181522202	37694	37694	cutsite_bigwig	motif_center	T_NK
RUNX3	CD14_Monocyte	-26	0.003907391227127124	37694	37694	cutsite_bigwig	motif_center	T_NK
RUNX3	CD14_Monocyte	-25	0.003794523532290215	37694	37694	cutsite_bigwig	motif_center	T_NK
RUNX3	CD14_Monocyte	-24	0.003894404081475825	37694	37694	cutsite_bigwig	motif_center	T_NK
RUNX3	CD14_Monocyte	-23	0.003885299683877465	37694	37694	cutsite_bigwig	motif_center	T_NK
RUNX3	CD14_Monocyte	-22	0.00391355008332609	37694	37694	cutsite_bigwig	motif_center	T_NK
RUNX3	CD14_Monocyte	-21	0.004415764461074349	37694	37694	cutsite_bigwig	motif_center	T_NK
RUNX3	CD14_Monocyte	-20	0.004407597282927992	37694	37694	cutsite_bigwig	motif_center	T_NK
RUNX3	CD14_Monocyte	-19	0.004166063096164952	37694	37694	cutsite_bigwig	motif_center	T_NK
RUNX3	CD14_Monocyte	-18	0.0039924101917574294	37694	37694	cutsite_bigwig	motif_center	T_NK
RUNX3	CD14_Monocyte	-17	0.003933097749427471	37694	37694	cutsite_bigwig	motif_center	T_NK
RUNX3	CD14_Monocyte	-16	0.004056140942282703	37694	37694	cutsite_bigwig	motif_center	T_NK
RUNX3	CD14_Monocyte	-15	0.003986117445745237	37694	37694	cutsite_bigwig	motif_center	T_NK
RUNX3	CD14_Monocyte	-14	0.003633590003494028	37694	37694	cutsite_bigwig	motif_center	T_NK
RUNX3	CD14_Monocyte	-13	0.0034986307607624595	37694	37694	cutsite_bigwig	motif_center	T_NK
RUNX3	CD14_Monocyte	-12	0.003259506560692077	37694	37694	cutsite_bigwig	motif_center	T_NK
RUNX3	CD14_Monocyte	-11	0.003910336770799604	37694	37694	cutsite_bigwig	motif_center	T_NK
RUNX3	CD14_Monocyte	-10	0.003864145362352894	37694	37694	cutsite_bigwig	motif_center	T_NK
RUNX3	CD14_Monocyte	-9	0.003441192754569272	37694	37694	cutsite_bigwig	motif_center	T_NK
RUNX3	CD14_Monocyte	-8	0.002440512862253956	37694	37694	cutsite_bigwig	motif_center	T_NK
RUNX3	CD14_Monocyte	-7	0.0032109051707906893	37694	37694	cutsite_bigwig	motif_center	T_NK
RUNX3	CD14_Monocyte	-6	0.005176115163777901	37694	37694	cutsite_bigwig	motif_center	T_NK
RUNX3	CD14_Monocyte	-5	0.0035567382152805584	37694	37694	cutsite_bigwig	motif_center	T_NK
RUNX3	CD14_Monocyte	-4	0.004533050461191093	37694	37694	cutsite_bigwig	motif_center	T_NK
RUNX3	CD14_Monocyte	-3	0.004752359221068109	37694	37694	cutsite_bigwig	motif_center	T_NK
RUNX3	CD14_Monocyte	-2	0.002574400992162422	37694	37694	cutsite_bigwig	motif_center	T_NK
RUNX3	CD14_Monocyte	-1	0.002078747134320681	37694	37694	cutsite_bigwig	motif_center	T_NK
RUNX3	CD14_Monocyte	0	0.002752070541453025	37694	37694	cutsite_bigwig	motif_center	T_NK
RUNX3	CD14_Monocyte	1	0.00502401824114346	37694	37694	cutsite_bigwig	motif_center	T_NK
RUNX3	CD14_Monocyte	2	0.004809529454207024	37694	37694	cutsite_bigwig	motif_center	T_NK
RUNX3	CD14_Monocyte	3	0.003558746536634971	37694	37694	cutsite_bigwig	motif_center	T_NK
RUNX3	CD14_Monocyte	4	0.005156031942870953	37694	37694	cutsite_bigwig	motif_center	T_NK
RUNX3	CD14_Monocyte	5	0.0032668704101879564	37694	37694	cutsite_bigwig	motif_center	T_NK
RUNX3	CD14_Monocyte	6	0.002399543093815592	37694	37694	cutsite_bigwig	motif_center	T_NK
RUNX3	CD14_Monocyte	7	0.0034511004763213547	37694	37694	cutsite_bigwig	motif_center	T_NK
RUNX3	CD14_Monocyte	8	0.003761185383190035	37694	37694	cutsite_bigwig	motif_center	T_NK
RUNX3	CD14_Monocyte	9	0.003994150737290336	37694	37694	cutsite_bigwig	motif_center	T_NK
RUNX3	CD14_Monocyte	10	0.003194838592938471	37694	37694	cutsite_bigwig	motif_center	T_NK
RUNX3	CD14_Monocyte	11	0.0033315383753719876	37694	37694	cutsite_bigwig	motif_center	T_NK
RUNX3	CD14_Monocyte	12	0.0036970529752823156	37694	37694	cutsite_bigwig	motif_center	T_NK
RUNX3	CD14_Monocyte	13	0.0040802408012534765	37694	37694	cutsite_bigwig	motif_center	T_NK
RUNX3	CD14_Monocyte	14	0.004109830080106125	37694	37694	cutsite_bigwig	motif_center	T_NK
RUNX3	CD14_Monocyte	15	0.003971791414611883	37694	37694	cutsite_bigwig	motif_center	T_NK
RUNX3	CD14_Monocyte	16	0.004018786153932741	37694	37694	cutsite_bigwig	motif_center	T_NK
RUNX3	CD14_Monocyte	17	0.004198999581310504	37694	37694	cutsite_bigwig	motif_center	T_NK
RUNX3	CD14_Monocyte	18	0.004310662276228903	37694	37694	cutsite_bigwig	motif_center	T_NK
RUNX3	CD14_Monocyte	19	0.004248136526659853	37694	37694	cutsite_bigwig	motif_center	T_NK
RUNX3	CD14_Monocyte	20	0.003839376057478539	37694	37694	cutsite_bigwig	motif_center	T_NK
RUNX3	CD14_Monocyte	21	0.003992677967578936	37694	37694	cutsite_bigwig	motif_center	T_NK
RUNX3	CD14_Monocyte	22	0.004158699247113807	37694	37694	cutsite_bigwig	motif_center	T_NK
RUNX3	CD14_Monocyte	23	0.0039055167925716294	37694	37694	cutsite_bigwig	motif_center	T_NK
RUNX3	CD14_Monocyte	24	0.0038208994917477064	37694	37694	cutsite_bigwig	motif_center	T_NK
RUNX3	CD14_Monocyte	25	0.003800280721866149	37694	37694	cutsite_bigwig	motif_center	T_NK
RUNX3	CD14_Monocyte	26	0.004275717477388247	37694	37694	cutsite_bigwig	motif_center	T_NK
RUNX3	CD14_Monocyte	27	0.004465704738533218	37694	37694	cutsite_bigwig	motif_center	T_NK
RUNX3	CD14_Monocyte	28	0.0042555003676563695	37694	37694	cutsite_bigwig	motif_center	T_NK
RUNX3	CD14_Monocyte	29	0.003966302003822349	37694	37694	cutsite_bigwig	motif_center	T_NK
RUNX3	CD14_Monocyte	30	0.0038673586771524656	37694	37694	cutsite_bigwig	motif_center	T_NK
RUNX3	CD14_Monocyte	31	0.0040021840166793695	37694	37694	cutsite_bigwig	motif_center	T_NK
RUNX3	CD14_Monocyte	32	0.003977280831528863	37694	37694	cutsite_bigwig	motif_center	T_NK
RUNX3	CD14_Monocyte	33	0.0039004290399057653	37694	37694	cutsite_bigwig	motif_center	T_NK
RUNX3	CD14_Monocyte	34	0.003846739905343727	37694	37694	cutsite_bigwig	motif_center	T_NK
RUNX3	CD14_Monocyte	35	0.004046099336993086	37694	37694	cutsite_bigwig	motif_center	T_NK
RUNX3	CD14_Monocyte	36	0.004104876222343222	37694	37694	cutsite_bigwig	motif_center	T_NK
RUNX3	CD14_Monocyte	37	0.0038666892291734584	37694	37694	cutsite_bigwig	motif_center	T_NK
RUNX3	CD14_Monocyte	38	0.003776850296642892	37694	37694	cutsite_bigwig	motif_center	T_NK
RUNX3	CD14_Monocyte	39	0.0037988079499310795	37694	37694	cutsite_bigwig	motif_center	T_NK
RUNX3	CD14_Monocyte	40	0.0038784713922014615	37694	37694	cutsite_bigwig	motif_center	T_NK
RUNX3	CD14_Monocyte	41	0.004261793115398084	37694	37694	cutsite_bigwig	motif_center	T_NK
RUNX3	CD14_Monocyte	42	0.00423929990448768	37694	37694	cutsite_bigwig	motif_center	T_NK
RUNX3	CD14_Monocyte	43	0.003964293683604479	37694	37694	cutsite_bigwig	motif_center	T_NK
RUNX3	CD14_Monocyte	44	0.003863342033307097	37694	37694	cutsite_bigwig	motif_center	T_NK
RUNX3	CD14_Monocyte	45	0.003648049916188322	37694	37694	cutsite_bigwig	motif_center	T_NK
RUNX3	CD14_Monocyte	46	0.0037690847894186626	37694	37694	cutsite_bigwig	motif_center	T_NK
RUNX3	CD14_Monocyte	47	0.003596101324984934	37694	37694	cutsite_bigwig	motif_center	T_NK
RUNX3	CD14_Monocyte	48	0.0038673586774489546	37694	37694	cutsite_bigwig	motif_center	T_NK
RUNX3	CD14_Monocyte	49	0.004238898243497947	37694	37694	cutsite_bigwig	motif_center	T_NK
RUNX3	CD14_Monocyte	50	0.0040758224948865135	37694	37694	cutsite_bigwig	motif_center	T_NK
RUNX3	CD14_Monocyte	51	0.0040758224953806625	37694	37694	cutsite_bigwig	motif_center	T_NK
RUNX3	CD14_Monocyte	52	0.003766005363592265	37694	37694	cutsite_bigwig	motif_center	T_NK
RUNX3	CD14_Monocyte	53	0.003798540174504892	37694	37694	cutsite_bigwig	motif_center	T_NK
RUNX3	CD14_Monocyte	54	0.003834422191364519	37694	37694	cutsite_bigwig	motif_center	T_NK
RUNX3	CD14_Monocyte	55	0.0037773858530791506	37694	37694	cutsite_bigwig	motif_center	T_NK
RUNX3	CD14_Monocyte	56	0.0036989274074164806	37694	37694	cutsite_bigwig	motif_center	T_NK
RUNX3	CD14_Monocyte	57	0.0038563798522131855	37694	37694	cutsite_bigwig	motif_center	T_NK
RUNX3	CD14_Monocyte	58	0.00398692077909013	37694	37694	cutsite_bigwig	motif_center	T_NK
RUNX3	CD14_Monocyte	59	0.003923056139097534	37694	37694	cutsite_bigwig	motif_center	T_NK
RUNX3	CD14_Monocyte	60	0.0038354933003332593	37694	37694	cutsite_bigwig	motif_center	T_NK
RUNX3	CD14_Monocyte	61	0.0038890485501223903	37694	37694	cutsite_bigwig	motif_center	T_NK
RUNX3	CD14_Monocyte	62	0.003924261133679235	37694	37694	cutsite_bigwig	motif_center	T_NK
RUNX3	CD14_Monocyte	63	0.003835225528069625	37694	37694	cutsite_bigwig	motif_center	T_NK
RUNX3	CD14_Monocyte	64	0.0038182217315560424	37694	37694	cutsite_bigwig	motif_center	T_NK
RUNX3	CD14_Monocyte	65	0.0037518132202461266	37694	37694	cutsite_bigwig	motif_center	T_NK
RUNX3	CD14_Monocyte	66	0.003798406284395175	37694	37694	cutsite_bigwig	motif_center	T_NK
RUNX3	CD14_Monocyte	67	0.0038562459586938412	37694	37694	cutsite_bigwig	motif_center	T_NK
RUNX3	CD14_Monocyte	68	0.003914085634672614	37694	37694	cutsite_bigwig	motif_center	T_NK
RUNX3	CD14_Monocyte	69	0.003983707462561038	37694	37694	cutsite_bigwig	motif_center	T_NK
RUNX3	CD14_Monocyte	70	0.0037290522391969293	37694	37694	cutsite_bigwig	motif_center	T_NK
RUNX3	CD14_Monocyte	71	0.0037441815889495376	37694	37694	cutsite_bigwig	motif_center	T_NK
RUNX3	CD14_Monocyte	72	0.0037791263988097164	37694	37694	cutsite_bigwig	motif_center	T_NK
RUNX3	CD14_Monocyte	73	0.00372423226586103	37694	37694	cutsite_bigwig	motif_center	T_NK
RUNX3	CD14_Monocyte	74	0.003830539445337591	37694	37694	cutsite_bigwig	motif_center	T_NK
RUNX3	CD14_Monocyte	75	0.0038492837733996635	37694	37694	cutsite_bigwig	motif_center	T_NK
RUNX3	CD14_Monocyte	76	0.004051320974085953	37694	37694	cutsite_bigwig	motif_center	T_NK
RUNX3	CD14_Monocyte	77	0.004179451907945134	37694	37694	cutsite_bigwig	motif_center	T_NK
RUNX3	CD14_Monocyte	78	0.0039600092600338265	37694	37694	cutsite_bigwig	motif_center	T_NK
RUNX3	CD14_Monocyte	79	0.003923056134749023	37694	37694	cutsite_bigwig	motif_center	T_NK
RUNX3	CD14_Monocyte	80	0.003855710407446147	37694	37694	cutsite_bigwig	motif_center	T_NK
RUNX3	CD14_Monocyte	81	0.003992276300560585	37694	37694	cutsite_bigwig	motif_center	T_NK
RUNX3	CD14_Monocyte	82	0.003787963012729601	37694	37694	cutsite_bigwig	motif_center	T_NK
RUNX3	CD14_Monocyte	83	0.0036831286055834284	37694	37694	cutsite_bigwig	motif_center	T_NK
RUNX3	CD14_Monocyte	84	0.003662643721759566	37694	37694	cutsite_bigwig	motif_center	T_NK
RUNX3	CD14_Monocyte	85	0.0036017246284537584	37694	37694	cutsite_bigwig	motif_center	T_NK
RUNX3	CD14_Monocyte	86	0.0036319833384349334	37694	37694	cutsite_bigwig	motif_center	T_NK
RUNX3	CD14_Monocyte	87	0.0037797958395741483	37694	37694	cutsite_bigwig	motif_center	T_NK
RUNX3	CD14_Monocyte	88	0.0038613337137316205	37694	37694	cutsite_bigwig	motif_center	T_NK
RUNX3	CD14_Monocyte	89	0.003884094689789913	37694	37694	cutsite_bigwig	motif_center	T_NK
RUNX3	CD14_Monocyte	90	0.0037939879775340628	37694	37694	cutsite_bigwig	motif_center	T_NK
RUNX3	CD14_Monocyte	91	0.0038684297805867372	37694	37694	cutsite_bigwig	motif_center	T_NK
RUNX3	CD14_Monocyte	92	0.0038828897022745424	37694	37694	cutsite_bigwig	motif_center	T_NK
RUNX3	CD14_Monocyte	93	0.003714190653949816	37694	37694	cutsite_bigwig	motif_center	T_NK
RUNX3	CD14_Monocyte	94	0.0038060379064511784	37694	37694	cutsite_bigwig	motif_center	T_NK
RUNX3	CD14_Monocyte	95	0.003950503206189564	37694	37694	cutsite_bigwig	motif_center	T_NK
RUNX3	CD14_Monocyte	96	0.003849953219698564	37694	37694	cutsite_bigwig	motif_center	T_NK
RUNX3	CD14_Monocyte	97	0.003865082571180694	37694	37694	cutsite_bigwig	motif_center	T_NK
RUNX3	CD14_Monocyte	98	0.003640819955171467	37694	37694	cutsite_bigwig	motif_center	T_NK
RUNX3	CD14_Monocyte	99	0.003804699033273432	37694	37694	cutsite_bigwig	motif_center	T_NK
RUNX3	CD14_Monocyte	100	0.0038314766530288483	37694	37694	cutsite_bigwig	motif_center	T_NK
RUNX3	CD14_Monocyte	101	0.003759177063565144	37694	37694	cutsite_bigwig	motif_center	T_NK
RUNX3	CD14_Monocyte	102	0.003904847357489911	37694	37694	cutsite_bigwig	motif_center	T_NK
RUNX3	CD14_Monocyte	103	0.0037022746115351296	37694	37694	cutsite_bigwig	motif_center	T_NK
RUNX3	CD14_Monocyte	104	0.0037733692057747396	37694	37694	cutsite_bigwig	motif_center	T_NK
RUNX3	CD14_Monocyte	105	0.0038471415683100562	37694	37694	cutsite_bigwig	motif_center	T_NK
RUNX3	CD14_Monocyte	106	0.0039156922922206445	37694	37694	cutsite_bigwig	motif_center	T_NK
RUNX3	CD14_Monocyte	107	0.003928545547910472	37694	37694	cutsite_bigwig	motif_center	T_NK
RUNX3	CD14_Monocyte	108	0.003912880646465435	37694	37694	cutsite_bigwig	motif_center	T_NK
RUNX3	CD14_Monocyte	109	0.003864814800844241	37694	37694	cutsite_bigwig	motif_center	T_NK
RUNX3	CD14_Monocyte	110	0.00370923679302436	37694	37694	cutsite_bigwig	motif_center	T_NK
RUNX3	CD14_Monocyte	111	0.0037378888500530904	37694	37694	cutsite_bigwig	motif_center	T_NK
RUNX3	CD14_Monocyte	112	0.003705889583568902	37694	37694	cutsite_bigwig	motif_center	T_NK
RUNX3	CD14_Monocyte	113	0.0036836641604878254	37694	37694	cutsite_bigwig	motif_center	T_NK
RUNX3	CD14_Monocyte	114	0.003659564299046307	37694	37694	cutsite_bigwig	motif_center	T_NK
RUNX3	CD14_Monocyte	115	0.003532236681879199	37694	37694	cutsite_bigwig	motif_center	T_NK
RUNX3	CD14_Monocyte	116	0.003490865254575943	37694	37694	cutsite_bigwig	motif_center	T_NK
RUNX3	CD14_Monocyte	117	0.0034401216467864894	37694	37694	cutsite_bigwig	motif_center	T_NK
RUNX3	CD14_Monocyte	118	0.0037810008370219132	37694	37694	cutsite_bigwig	motif_center	T_NK
RUNX3	CD14_Monocyte	119	0.0036919652279532606	37694	37694	cutsite_bigwig	motif_center	T_NK
RUNX3	CD14_Monocyte	120	0.003730658893236502	37694	37694	cutsite_bigwig	motif_center	T_NK
RUNX3	CD14_Monocyte	121	0.003675363093714199	37694	37694	cutsite_bigwig	motif_center	T_NK
RUNX3	CD14_Monocyte	122	0.003736951631342311	37694	37694	cutsite_bigwig	motif_center	T_NK
RUNX3	CD14_Monocyte	123	0.0037519471099605236	37694	37694	cutsite_bigwig	motif_center	T_NK
RUNX3	CD14_Monocyte	124	0.0035359855520773163	37694	37694	cutsite_bigwig	motif_center	T_NK
RUNX3	CD14_Monocyte	125	0.003583783611302215	37694	37694	cutsite_bigwig	motif_center	T_NK
RUNX3	CD14_Monocyte	126	0.0036990612948083774	37694	37694	cutsite_bigwig	motif_center	T_NK
RUNX3	CD14_Monocyte	127	0.0034390505435004624	37694	37694	cutsite_bigwig	motif_center	T_NK
RUNX3	CD14_Monocyte	128	0.003640016632302532	37694	37694	cutsite_bigwig	motif_center	T_NK
RUNX3	CD14_Monocyte	129	0.0035750808910005047	37694	37694	cutsite_bigwig	motif_center	T_NK
RUNX3	CD14_Monocyte	130	0.0035841852767392896	37694	37694	cutsite_bigwig	motif_center	T_NK
RUNX3	CD14_Monocyte	131	0.003699596846896125	37694	37694	cutsite_bigwig	motif_center	T_NK
RUNX3	CD14_Monocyte	132	0.0036311800151706793	37694	37694	cutsite_bigwig	motif_center	T_NK
RUNX3	CD14_Monocyte	133	0.00376854923011634	37694	37694	cutsite_bigwig	motif_center	T_NK
RUNX3	CD14_Monocyte	134	0.0036688025746971485	37694	37694	cutsite_bigwig	motif_center	T_NK
RUNX3	CD14_Monocyte	135	0.0034774764405226762	37694	37694	cutsite_bigwig	motif_center	T_NK
RUNX3	CD14_Monocyte	136	0.003429946149805879	37694	37694	cutsite_bigwig	motif_center	T_NK
RUNX3	CD14_Monocyte	137	0.0036044023861252624	37694	37694	cutsite_bigwig	motif_center	T_NK
RUNX3	CD14_Monocyte	138	0.0037692186762669955	37694	37694	cutsite_bigwig	motif_center	T_NK
RUNX3	CD14_Monocyte	139	0.003734541646972154	37694	37694	cutsite_bigwig	motif_center	T_NK
RUNX3	CD14_Monocyte	140	0.003721152839293409	37694	37694	cutsite_bigwig	motif_center	T_NK
RUNX3	CD14_Monocyte	141	0.003787025795649513	37694	37694	cutsite_bigwig	motif_center	T_NK
RUNX3	CD14_Monocyte	142	0.0036665264786083563	37694	37694	cutsite_bigwig	motif_center	T_NK
RUNX3	CD14_Monocyte	143	0.003535583885750774	37694	37694	cutsite_bigwig	motif_center	T_NK
RUNX3	CD14_Monocyte	144	0.0035950302191293322	37694	37694	cutsite_bigwig	motif_center	T_NK
RUNX3	CD14_Monocyte	145	0.0035600854161378244	37694	37694	cutsite_bigwig	motif_center	T_NK
RUNX3	CD14_Monocyte	146	0.0034975596589094647	37694	37694	cutsite_bigwig	motif_center	T_NK
RUNX3	CD14_Monocyte	147	0.0035251406121580187	37694	37694	cutsite_bigwig	motif_center	T_NK
RUNX3	CD14_Monocyte	148	0.0035168395504741263	37694	37694	cutsite_bigwig	motif_center	T_NK
RUNX3	CD14_Monocyte	149	0.0036467110306074363	37694	37694	cutsite_bigwig	motif_center	T_NK
RUNX3	CD14_Monocyte	150	0.0038658859067492576	37694	37694	cutsite_bigwig	motif_center	T_NK
RUNX3	CD14_Monocyte	151	0.0037121823340778505	37694	37694	cutsite_bigwig	motif_center	T_NK
RUNX3	CD14_Monocyte	152	0.0038649486863089567	37694	37694	cutsite_bigwig	motif_center	T_NK
RUNX3	CD14_Monocyte	153	0.003576553654930361	37694	37694	cutsite_bigwig	motif_center	T_NK
RUNX3	CD14_Monocyte	154	0.003365545964989525	37694	37694	cutsite_bigwig	motif_center	T_NK
RUNX3	CD14_Monocyte	155	0.003392457478116041	37694	37694	cutsite_bigwig	motif_center	T_NK
RUNX3	CD14_Monocyte	156	0.0033753197896643906	37694	37694	cutsite_bigwig	motif_center	T_NK
RUNX3	CD14_Monocyte	157	0.0034782797665047493	37694	37694	cutsite_bigwig	motif_center	T_NK
RUNX3	CD14_Monocyte	158	0.0035404038570606626	37694	37694	cutsite_bigwig	motif_center	T_NK
RUNX3	CD14_Monocyte	159	0.003446414389982033	37694	37694	cutsite_bigwig	motif_center	T_NK
RUNX3	CD14_Monocyte	160	0.0035770892072157683	37694	37694	cutsite_bigwig	motif_center	T_NK
RUNX3	CD14_Monocyte	161	0.003727713359397587	37694	37694	cutsite_bigwig	motif_center	T_NK
RUNX3	CD14_Monocyte	162	0.0037315961137756324	37694	37694	cutsite_bigwig	motif_center	T_NK
RUNX3	CD14_Monocyte	163	0.003513090682796169	37694	37694	cutsite_bigwig	motif_center	T_NK
RUNX3	CD14_Monocyte	164	0.0035303622513757262	37694	37694	cutsite_bigwig	motif_center	T_NK
RUNX3	CD14_Monocyte	165	0.003377462000041392	37694	37694	cutsite_bigwig	motif_center	T_NK
RUNX3	CD14_Monocyte	166	0.0034963546683303703	37694	37694	cutsite_bigwig	motif_center	T_NK
RUNX3	CD14_Monocyte	167	0.003538529423493466	37694	37694	cutsite_bigwig	motif_center	T_NK
RUNX3	CD14_Monocyte	168	0.003567984814015334	37694	37694	cutsite_bigwig	motif_center	T_NK
RUNX3	CD14_Monocyte	169	0.0034664976105924917	37694	37694	cutsite_bigwig	motif_center	T_NK
RUNX3	CD14_Monocyte	170	0.003303555754956838	37694	37694	cutsite_bigwig	motif_center	T_NK
RUNX3	CD14_Monocyte	171	0.003390850815379446	37694	37694	cutsite_bigwig	motif_center	T_NK
RUNX3	CD14_Monocyte	172	0.003429678378382298	37694	37694	cutsite_bigwig	motif_center	T_NK
RUNX3	CD14_Monocyte	173	0.0035429477380633026	37694	37694	cutsite_bigwig	motif_center	T_NK
RUNX3	CD14_Monocyte	174	0.003429544490693912	37694	37694	cutsite_bigwig	motif_center	T_NK
RUNX3	CD14_Monocyte	175	0.0033967418942744583	37694	37694	cutsite_bigwig	motif_center	T_NK
RUNX3	CD14_Monocyte	176	0.003519785088710967	37694	37694	cutsite_bigwig	motif_center	T_NK
RUNX3	CD14_Monocyte	177	0.003574411442280274	37694	37694	cutsite_bigwig	motif_center	T_NK
RUNX3	CD14_Monocyte	178	0.003800280719345989	37694	37694	cutsite_bigwig	motif_center	T_NK
RUNX3	CD14_Monocyte	179	0.0037024084952703242	37694	37694	cutsite_bigwig	motif_center	T_NK
RUNX3	CD14_Monocyte	180	0.003642694388639834	37694	37694	cutsite_bigwig	motif_center	T_NK
RUNX3	CD14_Monocyte	181	0.003530362253401737	37694	37694	cutsite_bigwig	motif_center	T_NK
RUNX3	CD14_Monocyte	182	0.003658359302191521	37694	37694	cutsite_bigwig	motif_center	T_NK
RUNX3	CD14_Monocyte	183	0.0036084190302671203	37694	37694	cutsite_bigwig	motif_center	T_NK
RUNX3	CD14_Monocyte	184	0.003513358455109218	37694	37694	cutsite_bigwig	motif_center	T_NK
RUNX3	CD14_Monocyte	185	0.0033336805874290957	37694	37694	cutsite_bigwig	motif_center	T_NK
RUNX3	CD14_Monocyte	186	0.0034078546097187734	37694	37694	cutsite_bigwig	motif_center	T_NK
RUNX3	CD14_Monocyte	187	0.0035420105205878957	37694	37694	cutsite_bigwig	motif_center	T_NK
RUNX3	CD14_Monocyte	188	0.0035434832847648264	37694	37694	cutsite_bigwig	motif_center	T_NK
RUNX3	CD14_Monocyte	189	0.0034630165229857226	37694	37694	cutsite_bigwig	motif_center	T_NK
RUNX3	CD14_Monocyte	190	0.0035049235013390133	37694	37694	cutsite_bigwig	motif_center	T_NK
RUNX3	CD14_Monocyte	191	0.003527818370373086	37694	37694	cutsite_bigwig	motif_center	T_NK
RUNX3	CD14_Monocyte	192	0.0035912813448791933	37694	37694	cutsite_bigwig	motif_center	T_NK
RUNX3	CD14_Monocyte	193	0.0035307639141938106	37694	37694	cutsite_bigwig	motif_center	T_NK
RUNX3	CD14_Monocyte	194	0.003477476432764537	37694	37694	cutsite_bigwig	motif_center	T_NK
RUNX3	CD14_Monocyte	195	0.0035687881485955996	37694	37694	cutsite_bigwig	motif_center	T_NK
RUNX3	CD14_Monocyte	196	0.0034835014006327227	37694	37694	cutsite_bigwig	motif_center	T_NK
RUNX3	CD14_Monocyte	197	0.003562629292495464	37694	37694	cutsite_bigwig	motif_center	T_NK
RUNX3	CD14_Monocyte	198	0.003333948362459964	37694	37694	cutsite_bigwig	motif_center	T_NK
RUNX3	CD14_Monocyte	199	0.0032901669431766568	37694	37694	cutsite_bigwig	motif_center	T_NK
RUNX3	CD14_Monocyte	200	0.00346971092687451	37694	37694	cutsite_bigwig	motif_center	T_NK
RUNX3	CD14_Monocyte	201	0.0035607548514666174	37694	37694	cutsite_bigwig	motif_center	T_NK
RUNX3	CD14_Monocyte	202	0.0035615581852068297	37694	37694	cutsite_bigwig	motif_center	T_NK
RUNX3	CD14_Monocyte	203	0.003552989344736537	37694	37694	cutsite_bigwig	motif_center	T_NK
RUNX3	CD14_Monocyte	204	0.0033828175324819546	37694	37694	cutsite_bigwig	motif_center	T_NK
RUNX3	CD14_Monocyte	205	0.003479216982695369	37694	37694	cutsite_bigwig	motif_center	T_NK
RUNX3	CD14_Monocyte	206	0.0035533910089382385	37694	37694	cutsite_bigwig	motif_center	T_NK
RUNX3	CD14_Monocyte	207	0.0036576898619212375	37694	37694	cutsite_bigwig	motif_center	T_NK
RUNX3	CD14_Monocyte	208	0.003617791203143423	37694	37694	cutsite_bigwig	motif_center	T_NK
RUNX3	CD14_Monocyte	209	0.00343128503039586	37694	37694	cutsite_bigwig	motif_center	T_NK
RUNX3	CD14_Monocyte	210	0.0034145490138052207	37694	37694	cutsite_bigwig	motif_center	T_NK
RUNX3	CD14_Monocyte	211	0.003516036219105829	37694	37694	cutsite_bigwig	motif_center	T_NK
RUNX3	CD14_Monocyte	212	0.003549240475477303	37694	37694	cutsite_bigwig	motif_center	T_NK
RUNX3	CD14_Monocyte	213	0.003409595158710722	37694	37694	cutsite_bigwig	motif_center	T_NK
RUNX3	CD14_Monocyte	214	0.0034101307111443742	37694	37694	cutsite_bigwig	motif_center	T_NK
RUNX3	CD14_Monocyte	215	0.003486446942526266	37694	37694	cutsite_bigwig	motif_center	T_NK
RUNX3	CD14_Monocyte	216	0.003329262276763036	37694	37694	cutsite_bigwig	motif_center	T_NK
RUNX3	CD14_Monocyte	217	0.003414281244555895	37694	37694	cutsite_bigwig	motif_center	T_NK
RUNX3	CD14_Monocyte	218	0.0033430527512624724	37694	37694	cutsite_bigwig	motif_center	T_NK
RUNX3	CD14_Monocyte	219	0.0033376972276671765	37694	37694	cutsite_bigwig	motif_center	T_NK
RUNX3	CD14_Monocyte	220	0.003383219193570518	37694	37694	cutsite_bigwig	motif_center	T_NK
RUNX3	CD14_Monocyte	221	0.0032935141427985503	37694	37694	cutsite_bigwig	motif_center	T_NK
RUNX3	CD14_Monocyte	222	0.0032328628222505255	37694	37694	cutsite_bigwig	motif_center	T_NK
RUNX3	CD14_Monocyte	223	0.003248661619982141	37694	37694	cutsite_bigwig	motif_center	T_NK
RUNX3	CD14_Monocyte	224	0.003234603365164442	37694	37694	cutsite_bigwig	motif_center	T_NK
RUNX3	CD14_Monocyte	225	0.003401695753025659	37694	37694	cutsite_bigwig	motif_center	T_NK
RUNX3	CD14_Monocyte	226	0.0033063674031827924	37694	37694	cutsite_bigwig	motif_center	T_NK
RUNX3	CD14_Monocyte	227	0.003371838701909377	37694	37694	cutsite_bigwig	motif_center	T_NK
RUNX3	CD14_Monocyte	228	0.00327356481363201	37694	37694	cutsite_bigwig	motif_center	T_NK
RUNX3	CD14_Monocyte	229	0.003252276597402137	37694	37694	cutsite_bigwig	motif_center	T_NK
RUNX3	CD14_Monocyte	230	0.0033542993586448554	37694	37694	cutsite_bigwig	motif_center	T_NK
RUNX3	CD14_Monocyte	231	0.0032541510292398122	37694	37694	cutsite_bigwig	motif_center	T_NK
RUNX3	CD14_Monocyte	232	0.00323915556495192	37694	37694	cutsite_bigwig	motif_center	T_NK
RUNX3	CD14_Monocyte	233	0.00332471008102758	37694	37694	cutsite_bigwig	motif_center	T_NK
RUNX3	CD14_Monocyte	234	0.0032585693470710323	37694	37694	cutsite_bigwig	motif_center	T_NK
RUNX3	CD14_Monocyte	235	0.003338902219629888	37694	37694	cutsite_bigwig	motif_center	T_NK
RUNX3	CD14_Monocyte	236	0.0034448077286784702	37694	37694	cutsite_bigwig	motif_center	T_NK
RUNX3	CD14_Monocyte	237	0.0035125551313014	37694	37694	cutsite_bigwig	motif_center	T_NK
RUNX3	CD14_Monocyte	238	0.003532772235498809	37694	37694	cutsite_bigwig	motif_center	T_NK
RUNX3	CD14_Monocyte	239	0.003277447569097183	37694	37694	cutsite_bigwig	motif_center	T_NK
RUNX3	CD14_Monocyte	240	0.0031912236129983153	37694	37694	cutsite_bigwig	motif_center	T_NK
RUNX3	CD14_Monocyte	241	0.0032584354576531242	37694	37694	cutsite_bigwig	motif_center	T_NK
RUNX3	CD14_Monocyte	242	0.0033670187318842752	37694	37694	cutsite_bigwig	motif_center	T_NK
RUNX3	CD14_Monocyte	243	0.0034560543316629272	37694	37694	cutsite_bigwig	motif_center	T_NK
RUNX3	CD14_Monocyte	244	0.003513894004528561	37694	37694	cutsite_bigwig	motif_center	T_NK
RUNX3	CD14_Monocyte	245	0.0033484082812322903	37694	37694	cutsite_bigwig	motif_center	T_NK
RUNX3	CD14_Monocyte	246	0.003162571555426021	37694	37694	cutsite_bigwig	motif_center	T_NK
RUNX3	CD14_Monocyte	247	0.0031482455243420815	37694	37694	cutsite_bigwig	motif_center	T_NK
RUNX3	CD14_Monocyte	248	0.0031293672993510367	37694	37694	cutsite_bigwig	motif_center	T_NK
RUNX3	CD14_Monocyte	249	0.0033968757834452914	37694	37694	cutsite_bigwig	motif_center	T_NK
RUNX3	FCGR3A_Monocyte	-250	0.003837942538267359	37694	37694	cutsite_bigwig	motif_center	T_NK
RUNX3	FCGR3A_Monocyte	-249	0.0036022279269437092	37694	37694	cutsite_bigwig	motif_center	T_NK
RUNX3	FCGR3A_Monocyte	-248	0.0037019909520854353	37694	37694	cutsite_bigwig	motif_center	T_NK
RUNX3	FCGR3A_Monocyte	-247	0.0037195961924383746	37694	37694	cutsite_bigwig	motif_center	T_NK
RUNX3	FCGR3A_Monocyte	-246	0.0037714338440341505	37694	37694	cutsite_bigwig	motif_center	T_NK
RUNX3	FCGR3A_Monocyte	-245	0.004123538660086447	37694	37694	cutsite_bigwig	motif_center	T_NK
RUNX3	FCGR3A_Monocyte	-244	0.003750894397664002	37694	37694	cutsite_bigwig	motif_center	T_NK
RUNX3	FCGR3A_Monocyte	-243	0.003901517017786336	37694	37694	cutsite_bigwig	motif_center	T_NK
RUNX3	FCGR3A_Monocyte	-242	0.0036071182731717893	37694	37694	cutsite_bigwig	motif_center	T_NK
RUNX3	FCGR3A_Monocyte	-241	0.0036834076445425397	37694	37694	cutsite_bigwig	motif_center	T_NK
RUNX3	FCGR3A_Monocyte	-240	0.0037949074995840626	37694	37694	cutsite_bigwig	motif_center	T_NK
RUNX3	FCGR3A_Monocyte	-239	0.0034770350926003482	37694	37694	cutsite_bigwig	motif_center	T_NK
RUNX3	FCGR3A_Monocyte	-238	0.0035269166133740843	37694	37694	cutsite_bigwig	motif_center	T_NK
RUNX3	FCGR3A_Monocyte	-237	0.003694166409426636	37694	37694	cutsite_bigwig	motif_center	T_NK
RUNX3	FCGR3A_Monocyte	-236	0.0036853637867300063	37694	37694	cutsite_bigwig	motif_center	T_NK
RUNX3	FCGR3A_Monocyte	-235	0.003578754266649967	37694	37694	cutsite_bigwig	motif_center	T_NK
RUNX3	FCGR3A_Monocyte	-234	0.003432043920031288	37694	37694	cutsite_bigwig	motif_center	T_NK
RUNX3	FCGR3A_Monocyte	-233	0.003681451507395393	37694	37694	cutsite_bigwig	motif_center	T_NK
RUNX3	FCGR3A_Monocyte	-232	0.003599293723001925	37694	37694	cutsite_bigwig	motif_center	T_NK
RUNX3	FCGR3A_Monocyte	-231	0.0038526135658826627	37694	37694	cutsite_bigwig	motif_center	T_NK
RUNX3	FCGR3A_Monocyte	-230	0.0038281618466018373	37694	37694	cutsite_bigwig	motif_center	T_NK
RUNX3	FCGR3A_Monocyte	-229	0.0037147058573780613	37694	37694	cutsite_bigwig	motif_center	T_NK
RUNX3	FCGR3A_Monocyte	-228	0.004013016864427326	37694	37694	cutsite_bigwig	motif_center	T_NK
RUNX3	FCGR3A_Monocyte	-227	0.0036100524688118703	37694	37694	cutsite_bigwig	motif_center	T_NK
RUNX3	FCGR3A_Monocyte	-226	0.00366482432938975	37694	37694	cutsite_bigwig	motif_center	T_NK
RUNX3	FCGR3A_Monocyte	-225	0.0036971006083281	37694	37694	cutsite_bigwig	motif_center	T_NK
RUNX3	FCGR3A_Monocyte	-224	0.0036569997876204187	37694	37694	cutsite_bigwig	motif_center	T_NK
RUNX3	FCGR3A_Monocyte	-223	0.003832074119413684	37694	37694	cutsite_bigwig	motif_center	T_NK
RUNX3	FCGR3A_Monocyte	-222	0.003841854805643567	37694	37694	cutsite_bigwig	motif_center	T_NK
RUNX3	FCGR3A_Monocyte	-221	0.0038017539873078008	37694	37694	cutsite_bigwig	motif_center	T_NK
RUNX3	FCGR3A_Monocyte	-220	0.003802732054497757	37694	37694	cutsite_bigwig	motif_center	T_NK
RUNX3	FCGR3A_Monocyte	-219	0.003578754266155818	37694	37694	cutsite_bigwig	motif_center	T_NK
RUNX3	FCGR3A_Monocyte	-218	0.003608096333740149	37694	37694	cutsite_bigwig	motif_center	T_NK
RUNX3	FCGR3A_Monocyte	-217	0.0038164250204575727	37694	37694	cutsite_bigwig	motif_center	T_NK
RUNX3	FCGR3A_Monocyte	-216	0.0037997978459109725	37694	37694	cutsite_bigwig	motif_center	T_NK
RUNX3	FCGR3A_Monocyte	-215	0.003637438410910971	37694	37694	cutsite_bigwig	motif_center	T_NK
RUNX3	FCGR3A_Monocyte	-214	0.003799797851148952	37694	37694	cutsite_bigwig	motif_center	T_NK
RUNX3	FCGR3A_Monocyte	-213	0.0034936622757451405	37694	37694	cutsite_bigwig	motif_center	T_NK
RUNX3	FCGR3A_Monocyte	-212	0.0037352452992020398	37694	37694	cutsite_bigwig	motif_center	T_NK
RUNX3	FCGR3A_Monocyte	-211	0.0034467149685985083	37694	37694	cutsite_bigwig	motif_center	T_NK
RUNX3	FCGR3A_Monocyte	-210	0.0037929513620415965	37694	37694	cutsite_bigwig	motif_center	T_NK
RUNX3	FCGR3A_Monocyte	-209	0.0038487012967275184	37694	37694	cutsite_bigwig	motif_center	T_NK
RUNX3	FCGR3A_Monocyte	-208	0.003954332741315899	37694	37694	cutsite_bigwig	motif_center	T_NK
RUNX3	FCGR3A_Monocyte	-207	0.004014973015311815	37694	37694	cutsite_bigwig	motif_center	T_NK
RUNX3	FCGR3A_Monocyte	-206	0.0037156839187370595	37694	37694	cutsite_bigwig	motif_center	T_NK
RUNX3	FCGR3A_Monocyte	-205	0.003722530407844415	37694	37694	cutsite_bigwig	motif_center	T_NK
RUNX3	FCGR3A_Monocyte	-204	0.0038477232267703277	37694	37694	cutsite_bigwig	motif_center	T_NK
RUNX3	FCGR3A_Monocyte	-203	0.00403355632749971	37694	37694	cutsite_bigwig	motif_center	T_NK
RUNX3	FCGR3A_Monocyte	-202	0.00423992887104137	37694	37694	cutsite_bigwig	motif_center	T_NK
RUNX3	FCGR3A_Monocyte	-201	0.0038477232282527747	37694	37694	cutsite_bigwig	motif_center	T_NK
RUNX3	FCGR3A_Monocyte	-200	0.004066810670959612	37694	37694	cutsite_bigwig	motif_center	T_NK
RUNX3	FCGR3A_Monocyte	-199	0.0037831706735386283	37694	37694	cutsite_bigwig	motif_center	T_NK
RUNX3	FCGR3A_Monocyte	-198	0.0038927143969674726	37694	37694	cutsite_bigwig	motif_center	T_NK
RUNX3	FCGR3A_Monocyte	-197	0.004035512463856219	37694	37694	cutsite_bigwig	motif_center	T_NK
RUNX3	FCGR3A_Monocyte	-196	0.003850657430613282	37694	37694	cutsite_bigwig	motif_center	T_NK
RUNX3	FCGR3A_Monocyte	-195	0.0040717010256870545	37694	37694	cutsite_bigwig	motif_center	T_NK
RUNX3	FCGR3A_Monocyte	-194	0.004128429008291122	37694	37694	cutsite_bigwig	motif_center	T_NK
RUNX3	FCGR3A_Monocyte	-193	0.004062898400915	37694	37694	cutsite_bigwig	motif_center	T_NK
RUNX3	FCGR3A_Monocyte	-192	0.003988565153151714	37694	37694	cutsite_bigwig	motif_center	T_NK
RUNX3	FCGR3A_Monocyte	-191	0.0039181441965826175	37694	37694	cutsite_bigwig	motif_center	T_NK
RUNX3	FCGR3A_Monocyte	-190	0.003983674807714273	37694	37694	cutsite_bigwig	motif_center	T_NK
RUNX3	FCGR3A_Monocyte	-189	0.0040589861212838975	37694	37694	cutsite_bigwig	motif_center	T_NK
RUNX3	FCGR3A_Monocyte	-188	0.003921078406553018	37694	37694	cutsite_bigwig	motif_center	T_NK
RUNX3	FCGR3A_Monocyte	-187	0.003925968738846098	37694	37694	cutsite_bigwig	motif_center	T_NK
RUNX3	FCGR3A_Monocyte	-186	0.0039367275039278535	37694	37694	cutsite_bigwig	motif_center	T_NK
RUNX3	FCGR3A_Monocyte	-185	0.004096152730439901	37694	37694	cutsite_bigwig	motif_center	T_NK
RUNX3	FCGR3A_Monocyte	-184	0.0040218195021460845	37694	37694	cutsite_bigwig	motif_center	T_NK
RUNX3	FCGR3A_Monocyte	-183	0.003978784465142895	37694	37694	cutsite_bigwig	motif_center	T_NK
RUNX3	FCGR3A_Monocyte	-182	0.003962157292177571	37694	37694	cutsite_bigwig	motif_center	T_NK
RUNX3	FCGR3A_Monocyte	-181	0.003810556609213792	37694	37694	cutsite_bigwig	motif_center	T_NK
RUNX3	FCGR3A_Monocyte	-180	0.0036286357891038095	37694	37694	cutsite_bigwig	motif_center	T_NK
RUNX3	FCGR3A_Monocyte	-179	0.003909341570328115	37694	37694	cutsite_bigwig	motif_center	T_NK
RUNX3	FCGR3A_Monocyte	-178	0.0039445520525164405	37694	37694	cutsite_bigwig	motif_center	T_NK
RUNX3	FCGR3A_Monocyte	-177	0.004117670247854368	37694	37694	cutsite_bigwig	motif_center	T_NK
RUNX3	FCGR3A_Monocyte	-176	0.004013016878658817	37694	37694	cutsite_bigwig	motif_center	T_NK
RUNX3	FCGR3A_Monocyte	-175	0.0036560217165761003	37694	37694	cutsite_bigwig	motif_center	T_NK
RUNX3	FCGR3A_Monocyte	-174	0.003710793580810682	37694	37694	cutsite_bigwig	motif_center	T_NK
RUNX3	FCGR3A_Monocyte	-173	0.004121582536083662	37694	37694	cutsite_bigwig	motif_center	T_NK
RUNX3	FCGR3A_Monocyte	-172	0.003999323910129427	37694	37694	cutsite_bigwig	motif_center	T_NK
RUNX3	FCGR3A_Monocyte	-171	0.0038711968825178994	37694	37694	cutsite_bigwig	motif_center	T_NK
RUNX3	FCGR3A_Monocyte	-170	0.0038213153691563978	37694	37694	cutsite_bigwig	motif_center	T_NK
RUNX3	FCGR3A_Monocyte	-169	0.003774368058847212	37694	37694	cutsite_bigwig	motif_center	T_NK
RUNX3	FCGR3A_Monocyte	-168	0.003771433845220108	37694	37694	cutsite_bigwig	motif_center	T_NK
RUNX3	FCGR3A_Monocyte	-167	0.0037763241971803165	37694	37694	cutsite_bigwig	motif_center	T_NK
RUNX3	FCGR3A_Monocyte	-166	0.003823271503140991	37694	37694	cutsite_bigwig	motif_center	T_NK
RUNX3	FCGR3A_Monocyte	-165	0.003952376606244178	37694	37694	cutsite_bigwig	motif_center	T_NK
RUNX3	FCGR3A_Monocyte	-164	0.0038907582716799015	37694	37694	cutsite_bigwig	motif_center	T_NK
RUNX3	FCGR3A_Monocyte	-163	0.003953354672544666	37694	37694	cutsite_bigwig	motif_center	T_NK
RUNX3	FCGR3A_Monocyte	-162	0.0036687366088231934	37694	37694	cutsite_bigwig	motif_center	T_NK
RUNX3	FCGR3A_Monocyte	-161	0.003823271499780778	37694	37694	cutsite_bigwig	motif_center	T_NK
RUNX3	FCGR3A_Monocyte	-160	0.0037176400626046328	37694	37694	cutsite_bigwig	motif_center	T_NK
RUNX3	FCGR3A_Monocyte	-159	0.0037724119191304907	37694	37694	cutsite_bigwig	motif_center	T_NK
RUNX3	FCGR3A_Monocyte	-158	0.003896626668000383	37694	37694	cutsite_bigwig	motif_center	T_NK
RUNX3	FCGR3A_Monocyte	-157	0.004009104601498459	37694	37694	cutsite_bigwig	motif_center	T_NK
RUNX3	FCGR3A_Monocyte	-156	0.004001280048660191	37694	37694	cutsite_bigwig	motif_center	T_NK
RUNX3	FCGR3A_Monocyte	-155	0.00406974487312246	37694	37694	cutsite_bigwig	motif_center	T_NK
RUNX3	FCGR3A_Monocyte	-154	0.004190047348686356	37694	37694	cutsite_bigwig	motif_center	T_NK
RUNX3	FCGR3A_Monocyte	-153	0.0038907582663430923	37694	37694	cutsite_bigwig	motif_center	T_NK
RUNX3	FCGR3A_Monocyte	-152	0.0037567628182966135	37694	37694	cutsite_bigwig	motif_center	T_NK
RUNX3	FCGR3A_Monocyte	-151	0.004027687906076461	37694	37694	cutsite_bigwig	motif_center	T_NK
RUNX3	FCGR3A_Monocyte	-150	0.003983674806231826	37694	37694	cutsite_bigwig	motif_center	T_NK
RUNX3	FCGR3A_Monocyte	-149	0.004095174667400795	37694	37694	cutsite_bigwig	motif_center	T_NK
RUNX3	FCGR3A_Monocyte	-148	0.00415092459615693	37694	37694	cutsite_bigwig	motif_center	T_NK
RUNX3	FCGR3A_Monocyte	-147	0.004018885295338236	37694	37694	cutsite_bigwig	motif_center	T_NK
RUNX3	FCGR3A_Monocyte	-146	0.003619833165122393	37694	37694	cutsite_bigwig	motif_center	T_NK
RUNX3	FCGR3A_Monocyte	-145	0.0038936924750287063	37694	37694	cutsite_bigwig	motif_center	T_NK
RUNX3	FCGR3A_Monocyte	-144	0.004344582242411176	37694	37694	cutsite_bigwig	motif_center	T_NK
RUNX3	FCGR3A_Monocyte	-143	0.003951398530554859	37694	37694	cutsite_bigwig	motif_center	T_NK
RUNX3	FCGR3A_Monocyte	-142	0.003860438126133166	37694	37694	cutsite_bigwig	motif_center	T_NK
RUNX3	FCGR3A_Monocyte	-141	0.0039905212992923725	37694	37694	cutsite_bigwig	motif_center	T_NK
RUNX3	FCGR3A_Monocyte	-140	0.0043269770009711096	37694	37694	cutsite_bigwig	motif_center	T_NK
RUNX3	FCGR3A_Monocyte	-139	0.0041636394922583845	37694	37694	cutsite_bigwig	motif_center	T_NK
RUNX3	FCGR3A_Monocyte	-138	0.00405116156291116	37694	37694	cutsite_bigwig	motif_center	T_NK
RUNX3	FCGR3A_Monocyte	-137	0.003831096056967558	37694	37694	cutsite_bigwig	motif_center	T_NK
RUNX3	FCGR3A_Monocyte	-136	0.0037704557870236635	37694	37694	cutsite_bigwig	motif_center	T_NK
RUNX3	FCGR3A_Monocyte	-135	0.004163639493642002	37694	37694	cutsite_bigwig	motif_center	T_NK
RUNX3	FCGR3A_Monocyte	-134	0.004187113151366169	37694	37694	cutsite_bigwig	motif_center	T_NK
RUNX3	FCGR3A_Monocyte	-133	0.0040648545410270406	37694	37694	cutsite_bigwig	motif_center	T_NK
RUNX3	FCGR3A_Monocyte	-132	0.003985630950988866	37694	37694	cutsite_bigwig	motif_center	T_NK
RUNX3	FCGR3A_Monocyte	-131	0.004303503348188431	37694	37694	cutsite_bigwig	motif_center	T_NK
RUNX3	FCGR3A_Monocyte	-130	0.0038946705356958963	37694	37694	cutsite_bigwig	motif_center	T_NK
RUNX3	FCGR3A_Monocyte	-129	0.003959223092090149	37694	37694	cutsite_bigwig	motif_center	T_NK
RUNX3	FCGR3A_Monocyte	-128	0.00404040280504398	37694	37694	cutsite_bigwig	motif_center	T_NK
RUNX3	FCGR3A_Monocyte	-127	0.0040501834995755655	37694	37694	cutsite_bigwig	motif_center	T_NK
RUNX3	FCGR3A_Monocyte	-126	0.0039024950842844837	37694	37694	cutsite_bigwig	motif_center	T_NK
RUNX3	FCGR3A_Monocyte	-125	0.004220367496605007	37694	37694	cutsite_bigwig	motif_center	T_NK
RUNX3	FCGR3A_Monocyte	-124	0.004384683077053858	37694	37694	cutsite_bigwig	motif_center	T_NK
RUNX3	FCGR3A_Monocyte	-123	0.004324042800587197	37694	37694	cutsite_bigwig	motif_center	T_NK
RUNX3	FCGR3A_Monocyte	-122	0.004015951094361346	37694	37694	cutsite_bigwig	motif_center	T_NK
RUNX3	FCGR3A_Monocyte	-121	0.0039954116359339625	37694	37694	cutsite_bigwig	motif_center	T_NK
RUNX3	FCGR3A_Monocyte	-120	0.004063876465140062	37694	37694	cutsite_bigwig	motif_center	T_NK
RUNX3	FCGR3A_Monocyte	-119	0.003839898677786421	37694	37694	cutsite_bigwig	motif_center	T_NK
RUNX3	FCGR3A_Monocyte	-118	0.0038682626778843068	37694	37694	cutsite_bigwig	motif_center	T_NK
RUNX3	FCGR3A_Monocyte	-117	0.0039914993612443495	37694	37694	cutsite_bigwig	motif_center	T_NK
RUNX3	FCGR3A_Monocyte	-116	0.004231126253582719	37694	37694	cutsite_bigwig	motif_center	T_NK
RUNX3	FCGR3A_Monocyte	-115	0.004256556032937756	37694	37694	cutsite_bigwig	motif_center	T_NK
RUNX3	FCGR3A_Monocyte	-114	0.004339691904978947	37694	37694	cutsite_bigwig	motif_center	T_NK
RUNX3	FCGR3A_Monocyte	-113	0.0040188852879260014	37694	37694	cutsite_bigwig	motif_center	T_NK
RUNX3	FCGR3A_Monocyte	-112	0.004115714129484882	37694	37694	cutsite_bigwig	motif_center	T_NK
RUNX3	FCGR3A_Monocyte	-111	0.0040951746741212216	37694	37694	cutsite_bigwig	motif_center	T_NK
RUNX3	FCGR3A_Monocyte	-110	0.004360231354215161	37694	37694	cutsite_bigwig	motif_center	T_NK
RUNX3	FCGR3A_Monocyte	-109	0.0039386836312908504	37694	37694	cutsite_bigwig	motif_center	T_NK
RUNX3	FCGR3A_Monocyte	-108	0.003993455508867455	37694	37694	cutsite_bigwig	motif_center	T_NK
RUNX3	FCGR3A_Monocyte	-107	0.0041528807367631195	37694	37694	cutsite_bigwig	motif_center	T_NK
RUNX3	FCGR3A_Monocyte	-106	0.004190047362917847	37694	37694	cutsite_bigwig	motif_center	T_NK
RUNX3	FCGR3A_Monocyte	-105	0.004211564871931782	37694	37694	cutsite_bigwig	motif_center	T_NK
RUNX3	FCGR3A_Monocyte	-104	0.004136253561327051	37694	37694	cutsite_bigwig	motif_center	T_NK
RUNX3	FCGR3A_Monocyte	-103	0.0042555779848219505	37694	37694	cutsite_bigwig	motif_center	T_NK
RUNX3	FCGR3A_Monocyte	-102	0.004019863362429363	37694	37694	cutsite_bigwig	motif_center	T_NK
RUNX3	FCGR3A_Monocyte	-101	0.0042223236305896006	37694	37694	cutsite_bigwig	motif_center	T_NK
RUNX3	FCGR3A_Monocyte	-100	0.0044912925899193235	37694	37694	cutsite_bigwig	motif_center	T_NK
RUNX3	FCGR3A_Monocyte	-99	0.004181244726780366	37694	37694	cutsite_bigwig	motif_center	T_NK
RUNX3	FCGR3A_Monocyte	-98	0.004103977294149447	37694	37694	cutsite_bigwig	motif_center	T_NK
RUNX3	FCGR3A_Monocyte	-97	0.00423406045416429	37694	37694	cutsite_bigwig	motif_center	T_NK
RUNX3	FCGR3A_Monocyte	-96	0.004146034260997787	37694	37694	cutsite_bigwig	motif_center	T_NK
RUNX3	FCGR3A_Monocyte	-95	0.003919122263179595	37694	37694	cutsite_bigwig	motif_center	T_NK
RUNX3	FCGR3A_Monocyte	-94	0.004445323352729881	37694	37694	cutsite_bigwig	motif_center	T_NK
RUNX3	FCGR3A_Monocyte	-93	0.004488358383111475	37694	37694	cutsite_bigwig	motif_center	T_NK
RUNX3	FCGR3A_Monocyte	-92	0.004518678525100338	37694	37694	cutsite_bigwig	motif_center	T_NK
RUNX3	FCGR3A_Monocyte	-91	0.004212542939220568	37694	37694	cutsite_bigwig	motif_center	T_NK
RUNX3	FCGR3A_Monocyte	-90	0.004094196608809031	37694	37694	cutsite_bigwig	motif_center	T_NK
RUNX3	FCGR3A_Monocyte	-89	0.004098108873319175	37694	37694	cutsite_bigwig	motif_center	T_NK
RUNX3	FCGR3A_Monocyte	-88	0.004197871908343882	37694	37694	cutsite_bigwig	motif_center	T_NK
RUNX3	FCGR3A_Monocyte	-87	0.004378814664327631	37694	37694	cutsite_bigwig	motif_center	T_NK
RUNX3	FCGR3A_Monocyte	-86	0.00396509150847308	37694	37694	cutsite_bigwig	motif_center	T_NK
RUNX3	FCGR3A_Monocyte	-85	0.003805666272078053	37694	37694	cutsite_bigwig	motif_center	T_NK
RUNX3	FCGR3A_Monocyte	-84	0.0040922404686969905	37694	37694	cutsite_bigwig	motif_center	T_NK
RUNX3	FCGR3A_Monocyte	-83	0.004103977295533064	37694	37694	cutsite_bigwig	motif_center	T_NK
RUNX3	FCGR3A_Monocyte	-82	0.004103977288713808	37694	37694	cutsite_bigwig	motif_center	T_NK
RUNX3	FCGR3A_Monocyte	-81	0.004427718110005027	37694	37694	cutsite_bigwig	motif_center	T_NK
RUNX3	FCGR3A_Monocyte	-80	0.004082459778415086	37694	37694	cutsite_bigwig	motif_center	T_NK
RUNX3	FCGR3A_Monocyte	-79	0.004301547216674583	37694	37694	cutsite_bigwig	motif_center	T_NK
RUNX3	FCGR3A_Monocyte	-78	0.004163639502635513	37694	37694	cutsite_bigwig	motif_center	T_NK
RUNX3	FCGR3A_Monocyte	-77	0.0041988499772139445	37694	37694	cutsite_bigwig	motif_center	T_NK
RUNX3	FCGR3A_Monocyte	-76	0.0041391877784131975	37694	37694	cutsite_bigwig	motif_center	T_NK
RUNX3	FCGR3A_Monocyte	-75	0.004104955360351105	37694	37694	cutsite_bigwig	motif_center	T_NK
RUNX3	FCGR3A_Monocyte	-74	0.0041078895765477835	37694	37694	cutsite_bigwig	motif_center	T_NK
RUNX3	FCGR3A_Monocyte	-73	0.004415003216769636	37694	37694	cutsite_bigwig	motif_center	T_NK
RUNX3	FCGR3A_Monocyte	-72	0.0042947007440718036	37694	37694	cutsite_bigwig	motif_center	T_NK
RUNX3	FCGR3A_Monocyte	-71	0.0046018143786603575	37694	37694	cutsite_bigwig	motif_center	T_NK
RUNX3	FCGR3A_Monocyte	-70	0.004260468331544179	37694	37694	cutsite_bigwig	motif_center	T_NK
RUNX3	FCGR3A_Monocyte	-69	0.0040648545361843804	37694	37694	cutsite_bigwig	motif_center	T_NK
RUNX3	FCGR3A_Monocyte	-68	0.0042438411463239616	37694	37694	cutsite_bigwig	motif_center	T_NK
RUNX3	FCGR3A_Monocyte	-67	0.0041069114959169754	37694	37694	cutsite_bigwig	motif_center	T_NK
RUNX3	FCGR3A_Monocyte	-66	0.004205696455845341	37694	37694	cutsite_bigwig	motif_center	T_NK
RUNX3	FCGR3A_Monocyte	-65	0.004444345288208329	37694	37694	cutsite_bigwig	motif_center	T_NK
RUNX3	FCGR3A_Monocyte	-64	0.004509875905566262	37694	37694	cutsite_bigwig	motif_center	T_NK
RUNX3	FCGR3A_Monocyte	-63	0.00415777107775322	37694	37694	cutsite_bigwig	motif_center	T_NK
RUNX3	FCGR3A_Monocyte	-62	0.004296656875585652	37694	37694	cutsite_bigwig	motif_center	T_NK
RUNX3	FCGR3A_Monocyte	-61	0.004529437284449965	37694	37694	cutsite_bigwig	motif_center	T_NK
RUNX3	FCGR3A_Monocyte	-60	0.004379792736755567	37694	37694	cutsite_bigwig	motif_center	T_NK
RUNX3	FCGR3A_Monocyte	-59	0.004178310532128583	37694	37694	cutsite_bigwig	motif_center	T_NK
RUNX3	FCGR3A_Monocyte	-58	0.004421849688878266	37694	37694	cutsite_bigwig	motif_center	T_NK
RUNX3	FCGR3A_Monocyte	-57	0.004289810395768297	37694	37694	cutsite_bigwig	motif_center	T_NK
RUNX3	FCGR3A_Monocyte	-56	0.004263402537956708	37694	37694	cutsite_bigwig	motif_center	T_NK
RUNX3	FCGR3A_Monocyte	-55	0.00436218749511784	37694	37694	cutsite_bigwig	motif_center	T_NK
RUNX3	FCGR3A_Monocyte	-54	0.004254599904289971	37694	37694	cutsite_bigwig	motif_center	T_NK
RUNX3	FCGR3A_Monocyte	-53	0.004443367221809011	37694	37694	cutsite_bigwig	motif_center	T_NK
RUNX3	FCGR3A_Monocyte	-52	0.0046331125849731125	37694	37694	cutsite_bigwig	motif_center	T_NK
RUNX3	FCGR3A_Monocyte	-51	0.004517700459392828	37694	37694	cutsite_bigwig	motif_center	T_NK
RUNX3	FCGR3A_Monocyte	-50	0.004560735484141124	37694	37694	cutsite_bigwig	motif_center	T_NK
RUNX3	FCGR3A_Monocyte	-49	0.0041783105317332635	37694	37694	cutsite_bigwig	motif_center	T_NK
RUNX3	FCGR3A_Monocyte	-48	0.004199828046874645	37694	37694	cutsite_bigwig	motif_center	T_NK
RUNX3	FCGR3A_Monocyte	-47	0.004196893836904244	37694	37694	cutsite_bigwig	motif_center	T_NK
RUNX3	FCGR3A_Monocyte	-46	0.0042947007347818025	37694	37694	cutsite_bigwig	motif_center	T_NK
RUNX3	FCGR3A_Monocyte	-45	0.0043690339789872155	37694	37694	cutsite_bigwig	motif_center	T_NK
RUNX3	FCGR3A_Monocyte	-44	0.004905015753779087	37694	37694	cutsite_bigwig	motif_center	T_NK
RUNX3	FCGR3A_Monocyte	-43	0.004612573147695305	37694	37694	cutsite_bigwig	motif_center	T_NK
RUNX3	FCGR3A_Monocyte	-42	0.0043445822514046875	37694	37694	cutsite_bigwig	motif_center	T_NK
RUNX3	FCGR3A_Monocyte	-41	0.004311327903892764	37694	37694	cutsite_bigwig	motif_center	T_NK
RUNX3	FCGR3A_Monocyte	-40	0.00449813907813721	37694	37694	cutsite_bigwig	motif_center	T_NK
RUNX3	FCGR3A_Monocyte	-39	0.004468797006303198	37694	37694	cutsite_bigwig	motif_center	T_NK
RUNX3	FCGR3A_Monocyte	-38	0.004489336457219517	37694	37694	cutsite_bigwig	motif_center	T_NK
RUNX3	FCGR3A_Monocyte	-37	0.004638981010448384	37694	37694	cutsite_bigwig	motif_center	T_NK
RUNX3	FCGR3A_Monocyte	-36	0.004353384872717699	37694	37694	cutsite_bigwig	motif_center	T_NK
RUNX3	FCGR3A_Monocyte	-35	0.004221345560928899	37694	37694	cutsite_bigwig	motif_center	T_NK
RUNX3	FCGR3A_Monocyte	-34	0.004446301432273562	37694	37694	cutsite_bigwig	motif_center	T_NK
RUNX3	FCGR3A_Monocyte	-33	0.00452943727713656	37694	37694	cutsite_bigwig	motif_center	T_NK
RUNX3	FCGR3A_Monocyte	-32	0.0044022883210635	37694	37694	cutsite_bigwig	motif_center	T_NK
RUNX3	FCGR3A_Monocyte	-31	0.004478577695596804	37694	37694	cutsite_bigwig	motif_center	T_NK
RUNX3	FCGR3A_Monocyte	-30	0.004474665428121766	37694	37694	cutsite_bigwig	motif_center	T_NK
RUNX3	FCGR3A_Monocyte	-29	0.004900125419805902	37694	37694	cutsite_bigwig	motif_center	T_NK
RUNX3	FCGR3A_Monocyte	-28	0.004707445836096611	37694	37694	cutsite_bigwig	motif_center	T_NK
RUNX3	FCGR3A_Monocyte	-27	0.004107889567060123	37694	37694	cutsite_bigwig	motif_center	T_NK
RUNX3	FCGR3A_Monocyte	-26	0.004220367501151178	37694	37694	cutsite_bigwig	motif_center	T_NK
RUNX3	FCGR3A_Monocyte	-25	0.004383704999585604	37694	37694	cutsite_bigwig	motif_center	T_NK
RUNX3	FCGR3A_Monocyte	-24	0.00454117410545508	37694	37694	cutsite_bigwig	motif_center	T_NK
RUNX3	FCGR3A_Monocyte	-23	0.004850243902590039	37694	37694	cutsite_bigwig	motif_center	T_NK
RUNX3	FCGR3A_Monocyte	-22	0.004530415352924709	37694	37694	cutsite_bigwig	motif_center	T_NK
RUNX3	FCGR3A_Monocyte	-21	0.0051925680213435145	37694	37694	cutsite_bigwig	motif_center	T_NK
RUNX3	FCGR3A_Monocyte	-20	0.004981305126928775	37694	37694	cutsite_bigwig	motif_center	T_NK
RUNX3	FCGR3A_Monocyte	-19	0.0048932789304020575	37694	37694	cutsite_bigwig	motif_center	T_NK
RUNX3	FCGR3A_Monocyte	-18	0.004711358099816117	37694	37694	cutsite_bigwig	motif_center	T_NK
RUNX3	FCGR3A_Monocyte	-17	0.004360231356587076	37694	37694	cutsite_bigwig	motif_center	T_NK
RUNX3	FCGR3A_Monocyte	-16	0.004244819223495727	37694	37694	cutsite_bigwig	motif_center	T_NK
RUNX3	FCGR3A_Monocyte	-15	0.004377836595655228	37694	37694	cutsite_bigwig	motif_center	T_NK
RUNX3	FCGR3A_Monocyte	-14	0.0038301179941261127	37694	37694	cutsite_bigwig	motif_center	T_NK
RUNX3	FCGR3A_Monocyte	-13	0.003929881030435606	37694	37694	cutsite_bigwig	motif_center	T_NK
RUNX3	FCGR3A_Monocyte	-12	0.0036843857259639865	37694	37694	cutsite_bigwig	motif_center	T_NK
RUNX3	FCGR3A_Monocyte	-11	0.0044658627920831145	37694	37694	cutsite_bigwig	motif_center	T_NK
RUNX3	FCGR3A_Monocyte	-10	0.004280029708846606	37694	37694	cutsite_bigwig	motif_center	T_NK
RUNX3	FCGR3A_Monocyte	-9	0.0038653284755237995	37694	37694	cutsite_bigwig	motif_center	T_NK
RUNX3	FCGR3A_Monocyte	-8	0.0027190316785720894	37694	37694	cutsite_bigwig	motif_center	T_NK
RUNX3	FCGR3A_Monocyte	-7	0.003569951654923445	37694	37694	cutsite_bigwig	motif_center	T_NK
RUNX3	FCGR3A_Monocyte	-6	0.00581070760177726	37694	37694	cutsite_bigwig	motif_center	T_NK
RUNX3	FCGR3A_Monocyte	-5	0.003907385438715437	37694	37694	cutsite_bigwig	motif_center	T_NK
RUNX3	FCGR3A_Monocyte	-4	0.005052704170651447	37694	37694	cutsite_bigwig	motif_center	T_NK
RUNX3	FCGR3A_Monocyte	-3	0.005500659732412026	37694	37694	cutsite_bigwig	motif_center	T_NK
RUNX3	FCGR3A_Monocyte	-2	0.0029860444930459406	37694	37694	cutsite_bigwig	motif_center	T_NK
RUNX3	FCGR3A_Monocyte	-1	0.002368882998777472	37694	37694	cutsite_bigwig	motif_center	T_NK
RUNX3	FCGR3A_Monocyte	0	0.0031171057266746773	37694	37694	cutsite_bigwig	motif_center	T_NK
RUNX3	FCGR3A_Monocyte	1	0.005477186079728177	37694	37694	cutsite_bigwig	motif_center	T_NK
RUNX3	FCGR3A_Monocyte	2	0.0051632259664093965	37694	37694	cutsite_bigwig	motif_center	T_NK
RUNX3	FCGR3A_Monocyte	3	0.0037939294472185757	37694	37694	cutsite_bigwig	motif_center	T_NK
RUNX3	FCGR3A_Monocyte	4	0.0059857819350529725	37694	37694	cutsite_bigwig	motif_center	T_NK
RUNX3	FCGR3A_Monocyte	5	0.0036364603423373974	37694	37694	cutsite_bigwig	motif_center	T_NK
RUNX3	FCGR3A_Monocyte	6	0.0028960621498844165	37694	37694	cutsite_bigwig	motif_center	T_NK
RUNX3	FCGR3A_Monocyte	7	0.003643306823834858	37694	37694	cutsite_bigwig	motif_center	T_NK
RUNX3	FCGR3A_Monocyte	8	0.0040325782679196485	37694	37694	cutsite_bigwig	motif_center	T_NK
RUNX3	FCGR3A_Monocyte	9	0.0043416480459804565	37694	37694	cutsite_bigwig	motif_center	T_NK
RUNX3	FCGR3A_Monocyte	10	0.003421285168785704	37694	37694	cutsite_bigwig	motif_center	T_NK
RUNX3	FCGR3A_Monocyte	11	0.003986609028160632	37694	37694	cutsite_bigwig	motif_center	T_NK
RUNX3	FCGR3A_Monocyte	12	0.004102999229133746	37694	37694	cutsite_bigwig	motif_center	T_NK
RUNX3	FCGR3A_Monocyte	13	0.004474665418831766	37694	37694	cutsite_bigwig	motif_center	T_NK
RUNX3	FCGR3A_Monocyte	14	0.0045509548035445385	37694	37694	cutsite_bigwig	motif_center	T_NK
RUNX3	FCGR3A_Monocyte	15	0.004605726666494334	37694	37694	cutsite_bigwig	motif_center	T_NK
RUNX3	FCGR3A_Monocyte	16	0.004448257562304964	37694	37694	cutsite_bigwig	motif_center	T_NK
RUNX3	FCGR3A_Monocyte	17	0.0046380029333754486	37694	37694	cutsite_bigwig	motif_center	T_NK
RUNX3	FCGR3A_Monocyte	18	0.004844375477905405	37694	37694	cutsite_bigwig	motif_center	T_NK
RUNX3	FCGR3A_Monocyte	19	0.004805252728143213	37694	37694	cutsite_bigwig	motif_center	T_NK
RUNX3	FCGR3A_Monocyte	20	0.004407178671738922	37694	37694	cutsite_bigwig	motif_center	T_NK
RUNX3	FCGR3A_Monocyte	21	0.004723094935250382	37694	37694	cutsite_bigwig	motif_center	T_NK
RUNX3	FCGR3A_Monocyte	22	0.004810143062215228	37694	37694	cutsite_bigwig	motif_center	T_NK
RUNX3	FCGR3A_Monocyte	23	0.004584209138702738	37694	37694	cutsite_bigwig	motif_center	T_NK
RUNX3	FCGR3A_Monocyte	24	0.004370990112774149	37694	37694	cutsite_bigwig	motif_center	T_NK
RUNX3	FCGR3A_Monocyte	25	0.004370990109809255	37694	37694	cutsite_bigwig	motif_center	T_NK
RUNX3	FCGR3A_Monocyte	26	0.004860024588325773	37694	37694	cutsite_bigwig	motif_center	T_NK
RUNX3	FCGR3A_Monocyte	27	0.0051573575496311475	37694	37694	cutsite_bigwig	motif_center	T_NK
RUNX3	FCGR3A_Monocyte	28	0.004897191194022733	37694	37694	cutsite_bigwig	motif_center	T_NK
RUNX3	FCGR3A_Monocyte	29	0.004700599342541916	37694	37694	cutsite_bigwig	motif_center	T_NK
RUNX3	FCGR3A_Monocyte	30	0.004430652322446173	37694	37694	cutsite_bigwig	motif_center	T_NK
RUNX3	FCGR3A_Monocyte	31	0.0047348317567496466	37694	37694	cutsite_bigwig	motif_center	T_NK
RUNX3	FCGR3A_Monocyte	32	0.004595945964945832	37694	37694	cutsite_bigwig	motif_center	T_NK
RUNX3	FCGR3A_Monocyte	33	0.004545086378563416	37694	37694	cutsite_bigwig	motif_center	T_NK
RUNX3	FCGR3A_Monocyte	34	0.0045362837733596605	37694	37694	cutsite_bigwig	motif_center	T_NK
RUNX3	FCGR3A_Monocyte	35	0.004623331904277698	37694	37694	cutsite_bigwig	motif_center	T_NK
RUNX3	FCGR3A_Monocyte	36	0.004500095216173825	37694	37694	cutsite_bigwig	motif_center	T_NK
RUNX3	FCGR3A_Monocyte	37	0.004375880456037336	37694	37694	cutsite_bigwig	motif_center	T_NK
RUNX3	FCGR3A_Monocyte	38	0.004437498805228422	37694	37694	cutsite_bigwig	motif_center	T_NK
RUNX3	FCGR3A_Monocyte	39	0.004300569149682286	37694	37694	cutsite_bigwig	motif_center	T_NK
RUNX3	FCGR3A_Monocyte	40	0.0043827269290354345	37694	37694	cutsite_bigwig	motif_center	T_NK
RUNX3	FCGR3A_Monocyte	41	0.004977392851942672	37694	37694	cutsite_bigwig	motif_center	T_NK
RUNX3	FCGR3A_Monocyte	42	0.004787647476523676	37694	37694	cutsite_bigwig	motif_center	T_NK
RUNX3	FCGR3A_Monocyte	43	0.004600836305935933	37694	37694	cutsite_bigwig	motif_center	T_NK
RUNX3	FCGR3A_Monocyte	44	0.004322086665416646	37694	37694	cutsite_bigwig	motif_center	T_NK
RUNX3	FCGR3A_Monocyte	45	0.004376858526883995	37694	37694	cutsite_bigwig	motif_center	T_NK
RUNX3	FCGR3A_Monocyte	46	0.004270249017774063	37694	37694	cutsite_bigwig	motif_center	T_NK
RUNX3	FCGR3A_Monocyte	47	0.004209608741208572	37694	37694	cutsite_bigwig	motif_center	T_NK
RUNX3	FCGR3A_Monocyte	48	0.004391529564481108	37694	37694	cutsite_bigwig	motif_center	T_NK
RUNX3	FCGR3A_Monocyte	49	0.004720160727256576	37694	37694	cutsite_bigwig	motif_center	T_NK
RUNX3	FCGR3A_Monocyte	50	0.004596924037077278	37694	37694	cutsite_bigwig	motif_center	T_NK
RUNX3	FCGR3A_Monocyte	51	0.004457060185693401	37694	37694	cutsite_bigwig	motif_center	T_NK
RUNX3	FCGR3A_Monocyte	52	0.004364143627718816	37694	37694	cutsite_bigwig	motif_center	T_NK
RUNX3	FCGR3A_Monocyte	53	0.004214499079925588	37694	37694	cutsite_bigwig	motif_center	T_NK
RUNX3	FCGR3A_Monocyte	54	0.004302525290189646	37694	37694	cutsite_bigwig	motif_center	T_NK
RUNX3	FCGR3A_Monocyte	55	0.004271227076761146	37694	37694	cutsite_bigwig	motif_center	T_NK
RUNX3	FCGR3A_Monocyte	56	0.00439544183936838	37694	37694	cutsite_bigwig	motif_center	T_NK
RUNX3	FCGR3A_Monocyte	57	0.0042829639159509434	37694	37694	cutsite_bigwig	motif_center	T_NK
RUNX3	FCGR3A_Monocyte	58	0.004649739753985244	37694	37694	cutsite_bigwig	motif_center	T_NK
RUNX3	FCGR3A_Monocyte	59	0.004489336450004942	37694	37694	cutsite_bigwig	motif_center	T_NK
RUNX3	FCGR3A_Monocyte	60	0.004339691907449692	37694	37694	cutsite_bigwig	motif_center	T_NK
RUNX3	FCGR3A_Monocyte	61	0.004415981270123421	37694	37694	cutsite_bigwig	motif_center	T_NK
RUNX3	FCGR3A_Monocyte	62	0.00450987590131658	37694	37694	cutsite_bigwig	motif_center	T_NK
RUNX3	FCGR3A_Monocyte	63	0.0044991171473037625	37694	37694	cutsite_bigwig	motif_center	T_NK
RUNX3	FCGR3A_Monocyte	64	0.004198849977609264	37694	37694	cutsite_bigwig	motif_center	T_NK
RUNX3	FCGR3A_Monocyte	65	0.00414212197830296	37694	37694	cutsite_bigwig	motif_center	T_NK
RUNX3	FCGR3A_Monocyte	66	0.004221345568538794	37694	37694	cutsite_bigwig	motif_center	T_NK
RUNX3	FCGR3A_Monocyte	67	0.004501073281090696	37694	37694	cutsite_bigwig	motif_center	T_NK
RUNX3	FCGR3A_Monocyte	68	0.00428394198304207	37694	37694	cutsite_bigwig	motif_center	T_NK
RUNX3	FCGR3A_Monocyte	69	0.004415981276745018	37694	37694	cutsite_bigwig	motif_center	T_NK
RUNX3	FCGR3A_Monocyte	70	0.00444141107754612	37694	37694	cutsite_bigwig	motif_center	T_NK
RUNX3	FCGR3A_Monocyte	71	0.004547042514623435	37694	37694	cutsite_bigwig	motif_center	T_NK
RUNX3	FCGR3A_Monocyte	72	0.004381748867676436	37694	37694	cutsite_bigwig	motif_center	T_NK
RUNX3	FCGR3A_Monocyte	73	0.004321108593285201	37694	37694	cutsite_bigwig	motif_center	T_NK
RUNX3	FCGR3A_Monocyte	74	0.004202762262478345	37694	37694	cutsite_bigwig	motif_center	T_NK
RUNX3	FCGR3A_Monocyte	75	0.004416959353027315	37694	37694	cutsite_bigwig	motif_center	T_NK
RUNX3	FCGR3A_Monocyte	76	0.004612573146805837	37694	37694	cutsite_bigwig	motif_center	T_NK
RUNX3	FCGR3A_Monocyte	77	0.004709401959506416	37694	37694	cutsite_bigwig	motif_center	T_NK
RUNX3	FCGR3A_Monocyte	78	0.004379792731715247	37694	37694	cutsite_bigwig	motif_center	T_NK
RUNX3	FCGR3A_Monocyte	79	0.004538239891729147	37694	37694	cutsite_bigwig	motif_center	T_NK
RUNX3	FCGR3A_Monocyte	80	0.004353384864811316	37694	37694	cutsite_bigwig	motif_center	T_NK
RUNX3	FCGR3A_Monocyte	81	0.004522590787238567	37694	37694	cutsite_bigwig	motif_center	T_NK
RUNX3	FCGR3A_Monocyte	82	0.004250687634146529	37694	37694	cutsite_bigwig	motif_center	T_NK
RUNX3	FCGR3A_Monocyte	83	0.004080503630396662	37694	37694	cutsite_bigwig	motif_center	T_NK
RUNX3	FCGR3A_Monocyte	84	0.004347516459497323	37694	37694	cutsite_bigwig	motif_center	T_NK
RUNX3	FCGR3A_Monocyte	85	0.004160705287427132	37694	37694	cutsite_bigwig	motif_center	T_NK
RUNX3	FCGR3A_Monocyte	86	0.004124516734688638	37694	37694	cutsite_bigwig	motif_center	T_NK
RUNX3	FCGR3A_Monocyte	87	0.004392507627124893	37694	37694	cutsite_bigwig	motif_center	T_NK
RUNX3	FCGR3A_Monocyte	88	0.004229170113964828	37694	37694	cutsite_bigwig	motif_center	T_NK
RUNX3	FCGR3A_Monocyte	89	0.004296656872521928	37694	37694	cutsite_bigwig	motif_center	T_NK
RUNX3	FCGR3A_Monocyte	90	0.0042634025269866005	37694	37694	cutsite_bigwig	motif_center	T_NK
RUNX3	FCGR3A_Monocyte	91	0.004402288324621373	37694	37694	cutsite_bigwig	motif_center	T_NK
RUNX3	FCGR3A_Monocyte	92	0.004335779629301037	37694	37694	cutsite_bigwig	motif_center	T_NK
RUNX3	FCGR3A_Monocyte	93	0.004169507910123761	37694	37694	cutsite_bigwig	motif_center	T_NK
RUNX3	FCGR3A_Monocyte	94	0.004351428734681085	37694	37694	cutsite_bigwig	motif_center	T_NK
RUNX3	FCGR3A_Monocyte	95	0.004204718382429108	37694	37694	cutsite_bigwig	motif_center	T_NK
RUNX3	FCGR3A_Monocyte	96	0.004502051341560226	37694	37694	cutsite_bigwig	motif_center	T_NK
RUNX3	FCGR3A_Monocyte	97	0.004435542660273721	37694	37694	cutsite_bigwig	motif_center	T_NK
RUNX3	FCGR3A_Monocyte	98	0.004170485980179782	37694	37694	cutsite_bigwig	motif_center	T_NK
RUNX3	FCGR3A_Monocyte	99	0.004457060187768827	37694	37694	cutsite_bigwig	motif_center	T_NK
RUNX3	FCGR3A_Monocyte	100	0.004335779631870612	37694	37694	cutsite_bigwig	motif_center	T_NK
RUNX3	FCGR3A_Monocyte	101	0.004325998943268813	37694	37694	cutsite_bigwig	motif_center	T_NK
RUNX3	FCGR3A_Monocyte	102	0.004409134798113621	37694	37694	cutsite_bigwig	motif_center	T_NK
RUNX3	FCGR3A_Monocyte	103	0.0043700120414333415	37694	37694	cutsite_bigwig	motif_center	T_NK
RUNX3	FCGR3A_Monocyte	104	0.004083437844913234	37694	37694	cutsite_bigwig	motif_center	T_NK
RUNX3	FCGR3A_Monocyte	105	0.0041333193581759055	37694	37694	cutsite_bigwig	motif_center	T_NK
RUNX3	FCGR3A_Monocyte	106	0.004305459496799834	37694	37694	cutsite_bigwig	motif_center	T_NK
RUNX3	FCGR3A_Monocyte	107	0.004435542652663826	37694	37694	cutsite_bigwig	motif_center	T_NK
RUNX3	FCGR3A_Monocyte	108	0.004555845133366873	37694	37694	cutsite_bigwig	motif_center	T_NK
RUNX3	FCGR3A_Monocyte	109	0.004102999226663001	37694	37694	cutsite_bigwig	motif_center	T_NK
RUNX3	FCGR3A_Monocyte	110	0.004227213984921724	37694	37694	cutsite_bigwig	motif_center	T_NK
RUNX3	FCGR3A_Monocyte	111	0.004280029698667137	37694	37694	cutsite_bigwig	motif_center	T_NK
RUNX3	FCGR3A_Monocyte	112	0.004194937699855927	37694	37694	cutsite_bigwig	motif_center	T_NK
RUNX3	FCGR3A_Monocyte	113	0.004137231632470199	37694	37694	cutsite_bigwig	motif_center	T_NK
RUNX3	FCGR3A_Monocyte	114	0.004109845702033014	37694	37694	cutsite_bigwig	motif_center	T_NK
RUNX3	FCGR3A_Monocyte	115	0.003853591651257301	37694	37694	cutsite_bigwig	motif_center	T_NK
RUNX3	FCGR3A_Monocyte	116	0.0040443150837856144	37694	37694	cutsite_bigwig	motif_center	T_NK
RUNX3	FCGR3A_Monocyte	117	0.003990521294054393	37694	37694	cutsite_bigwig	motif_center	T_NK
RUNX3	FCGR3A_Monocyte	118	0.00428100776733954	37694	37694	cutsite_bigwig	motif_center	T_NK
RUNX3	FCGR3A_Monocyte	119	0.004108867639191569	37694	37694	cutsite_bigwig	motif_center	T_NK
RUNX3	FCGR3A_Monocyte	120	0.004123538674614426	37694	37694	cutsite_bigwig	motif_center	T_NK
RUNX3	FCGR3A_Monocyte	121	0.004038446676000876	37694	37694	cutsite_bigwig	motif_center	T_NK
RUNX3	FCGR3A_Monocyte	122	0.003971937986709157	37694	37694	cutsite_bigwig	motif_center	T_NK
RUNX3	FCGR3A_Monocyte	123	0.004136253568640456	37694	37694	cutsite_bigwig	motif_center	T_NK
RUNX3	FCGR3A_Monocyte	124	0.0037812145406411627	37694	37694	cutsite_bigwig	motif_center	T_NK
RUNX3	FCGR3A_Monocyte	125	0.003976828318903406	37694	37694	cutsite_bigwig	motif_center	T_NK
RUNX3	FCGR3A_Monocyte	126	0.004198849971580646	37694	37694	cutsite_bigwig	motif_center	T_NK
RUNX3	FCGR3A_Monocyte	127	0.0039015170214430385	37694	37694	cutsite_bigwig	motif_center	T_NK
RUNX3	FCGR3A_Monocyte	128	0.0040247537005534	37694	37694	cutsite_bigwig	motif_center	T_NK
RUNX3	FCGR3A_Monocyte	129	0.0038985828098913604	37694	37694	cutsite_bigwig	motif_center	T_NK
RUNX3	FCGR3A_Monocyte	130	0.0039425959148751445	37694	37694	cutsite_bigwig	motif_center	T_NK
RUNX3	FCGR3A_Monocyte	131	0.004084415919910744	37694	37694	cutsite_bigwig	motif_center	T_NK
RUNX3	FCGR3A_Monocyte	132	0.004155814953651606	37694	37694	cutsite_bigwig	motif_center	T_NK
RUNX3	FCGR3A_Monocyte	133	0.004347516454457003	37694	37694	cutsite_bigwig	motif_center	T_NK
RUNX3	FCGR3A_Monocyte	134	0.00399736777762728	37694	37694	cutsite_bigwig	motif_center	T_NK
RUNX3	FCGR3A_Monocyte	135	0.003956288878561875	37694	37694	cutsite_bigwig	motif_center	T_NK
RUNX3	FCGR3A_Monocyte	136	0.003951398541426136	37694	37694	cutsite_bigwig	motif_center	T_NK
RUNX3	FCGR3A_Monocyte	137	0.004053117706185754	37694	37694	cutsite_bigwig	motif_center	T_NK
RUNX3	FCGR3A_Monocyte	138	0.004412069005810937	37694	37694	cutsite_bigwig	motif_center	T_NK
RUNX3	FCGR3A_Monocyte	139	0.0042418850114499	37694	37694	cutsite_bigwig	motif_center	T_NK
RUNX3	FCGR3A_Monocyte	140	0.004276117412216778	37694	37694	cutsite_bigwig	motif_center	T_NK
RUNX3	FCGR3A_Monocyte	141	0.004243841143655557	37694	37694	cutsite_bigwig	motif_center	T_NK
RUNX3	FCGR3A_Monocyte	142	0.003989543222417096	37694	37694	cutsite_bigwig	motif_center	T_NK
RUNX3	FCGR3A_Monocyte	143	0.00416266143386428	37694	37694	cutsite_bigwig	motif_center	T_NK
RUNX3	FCGR3A_Monocyte	144	0.003982696744773998	37694	37694	cutsite_bigwig	motif_center	T_NK
RUNX3	FCGR3A_Monocyte	145	0.004174398251509182	37694	37694	cutsite_bigwig	motif_center	T_NK
RUNX3	FCGR3A_Monocyte	146	0.003968025700357629	37694	37694	cutsite_bigwig	motif_center	T_NK
RUNX3	FCGR3A_Monocyte	147	0.003727420757531538	37694	37694	cutsite_bigwig	motif_center	T_NK
RUNX3	FCGR3A_Monocyte	148	0.0037518724762193845	37694	37694	cutsite_bigwig	motif_center	T_NK
RUNX3	FCGR3A_Monocyte	149	0.0038438109532666722	37694	37694	cutsite_bigwig	motif_center	T_NK
RUNX3	FCGR3A_Monocyte	150	0.004154836873020798	37694	37694	cutsite_bigwig	motif_center	T_NK
RUNX3	FCGR3A_Monocyte	151	0.004222323631775558	37694	37694	cutsite_bigwig	motif_center	T_NK
RUNX3	FCGR3A_Monocyte	152	0.00424286308190124	37694	37694	cutsite_bigwig	motif_center	T_NK
RUNX3	FCGR3A_Monocyte	153	0.003924012606442781	37694	37694	cutsite_bigwig	motif_center	T_NK
RUNX3	FCGR3A_Monocyte	154	0.0038095785370823457	37694	37694	cutsite_bigwig	motif_center	T_NK
RUNX3	FCGR3A_Monocyte	155	0.003799797847689909	37694	37694	cutsite_bigwig	motif_center	T_NK
RUNX3	FCGR3A_Monocyte	156	0.0038428328872626735	37694	37694	cutsite_bigwig	motif_center	T_NK
RUNX3	FCGR3A_Monocyte	157	0.003912275776147665	37694	37694	cutsite_bigwig	motif_center	T_NK
RUNX3	FCGR3A_Monocyte	158	0.004060942251216469	37694	37694	cutsite_bigwig	motif_center	T_NK
RUNX3	FCGR3A_Monocyte	159	0.0039015170127460162	37694	37694	cutsite_bigwig	motif_center	T_NK
RUNX3	FCGR3A_Monocyte	160	0.0040599641832358745	37694	37694	cutsite_bigwig	motif_center	T_NK
RUNX3	FCGR3A_Monocyte	161	0.004147990397354295	37694	37694	cutsite_bigwig	motif_center	T_NK
RUNX3	FCGR3A_Monocyte	162	0.004280029697382349	37694	37694	cutsite_bigwig	motif_center	T_NK
RUNX3	FCGR3A_Monocyte	163	0.003925968739439077	37694	37694	cutsite_bigwig	motif_center	T_NK
RUNX3	FCGR3A_Monocyte	164	0.004006170396370717	37694	37694	cutsite_bigwig	motif_center	T_NK
RUNX3	FCGR3A_Monocyte	165	0.0035973375794308418	37694	37694	cutsite_bigwig	motif_center	T_NK
RUNX3	FCGR3A_Monocyte	166	0.003969003769326521	37694	37694	cutsite_bigwig	motif_center	T_NK
RUNX3	FCGR3A_Monocyte	167	0.004006170391824547	37694	37694	cutsite_bigwig	motif_center	T_NK
RUNX3	FCGR3A_Monocyte	168	0.004151902668387206	37694	37694	cutsite_bigwig	motif_center	T_NK
RUNX3	FCGR3A_Monocyte	169	0.0040120388115676905	37694	37694	cutsite_bigwig	motif_center	T_NK
RUNX3	FCGR3A_Monocyte	170	0.0036843857198365394	37694	37694	cutsite_bigwig	motif_center	T_NK
RUNX3	FCGR3A_Monocyte	171	0.0036716708203748715	37694	37694	cutsite_bigwig	motif_center	T_NK
RUNX3	FCGR3A_Monocyte	172	0.0038359864064570212	37694	37694	cutsite_bigwig	motif_center	T_NK
RUNX3	FCGR3A_Monocyte	173	0.003767521572704751	37694	37694	cutsite_bigwig	motif_center	T_NK
RUNX3	FCGR3A_Monocyte	174	0.003824249574481799	37694	37694	cutsite_bigwig	motif_center	T_NK
RUNX3	FCGR3A_Monocyte	175	0.003772411924664959	37694	37694	cutsite_bigwig	motif_center	T_NK
RUNX3	FCGR3A_Monocyte	176	0.0040071484729495045	37694	37694	cutsite_bigwig	motif_center	T_NK
RUNX3	FCGR3A_Monocyte	177	0.004035512464646857	37694	37694	cutsite_bigwig	motif_center	T_NK
RUNX3	FCGR3A_Monocyte	178	0.004217433292564393	37694	37694	cutsite_bigwig	motif_center	T_NK
RUNX3	FCGR3A_Monocyte	179	0.004162661417952683	37694	37694	cutsite_bigwig	motif_center	T_NK
RUNX3	FCGR3A_Monocyte	180	0.004332845412709039	37694	37694	cutsite_bigwig	motif_center	T_NK
RUNX3	FCGR3A_Monocyte	181	0.0040717010065140745	37694	37694	cutsite_bigwig	motif_center	T_NK
RUNX3	FCGR3A_Monocyte	182	0.004072679082302223	37694	37694	cutsite_bigwig	motif_center	T_NK
RUNX3	FCGR3A_Monocyte	183	0.0041871131471164875	37694	37694	cutsite_bigwig	motif_center	T_NK
RUNX3	FCGR3A_Monocyte	184	0.003802732054102438	37694	37694	cutsite_bigwig	motif_center	T_NK
RUNX3	FCGR3A_Monocyte	185	0.003798819776645591	37694	37694	cutsite_bigwig	motif_center	T_NK
RUNX3	FCGR3A_Monocyte	186	0.0038819556390014627	37694	37694	cutsite_bigwig	motif_center	T_NK
RUNX3	FCGR3A_Monocyte	187	0.004072679090208607	37694	37694	cutsite_bigwig	motif_center	T_NK
RUNX3	FCGR3A_Monocyte	188	0.004016929157103962	37694	37694	cutsite_bigwig	motif_center	T_NK
RUNX3	FCGR3A_Monocyte	189	0.004116692173252176	37694	37694	cutsite_bigwig	motif_center	T_NK
RUNX3	FCGR3A_Monocyte	190	0.0039778063971623	37694	37694	cutsite_bigwig	motif_center	T_NK
RUNX3	FCGR3A_Monocyte	191	0.00393868364077851	37694	37694	cutsite_bigwig	motif_center	T_NK
RUNX3	FCGR3A_Monocyte	192	0.003977806398644747	37694	37694	cutsite_bigwig	motif_center	T_NK
RUNX3	FCGR3A_Monocyte	193	0.004006170398643803	37694	37694	cutsite_bigwig	motif_center	T_NK
RUNX3	FCGR3A_Monocyte	194	0.00393770557111781	37694	37694	cutsite_bigwig	motif_center	T_NK
RUNX3	FCGR3A_Monocyte	195	0.004087350121381783	37694	37694	cutsite_bigwig	motif_center	T_NK
RUNX3	FCGR3A_Monocyte	196	0.003875109157701661	37694	37694	cutsite_bigwig	motif_center	T_NK
RUNX3	FCGR3A_Monocyte	197	0.003935749433970663	37694	37694	cutsite_bigwig	motif_center	T_NK
RUNX3	FCGR3A_Monocyte	198	0.0037616531644258638	37694	37694	cutsite_bigwig	motif_center	T_NK
RUNX3	FCGR3A_Monocyte	199	0.0038477232364556475	37694	37694	cutsite_bigwig	motif_center	T_NK
RUNX3	FCGR3A_Monocyte	200	0.003951398535397519	37694	37694	cutsite_bigwig	motif_center	T_NK
RUNX3	FCGR3A_Monocyte	201	0.004008126539151163	37694	37694	cutsite_bigwig	motif_center	T_NK
RUNX3	FCGR3A_Monocyte	202	0.003996389704804025	37694	37694	cutsite_bigwig	motif_center	T_NK
RUNX3	FCGR3A_Monocyte	203	0.003954332744379622	37694	37694	cutsite_bigwig	motif_center	T_NK
RUNX3	FCGR3A_Monocyte	204	0.0038066443405527966	37694	37694	cutsite_bigwig	motif_center	T_NK
RUNX3	FCGR3A_Monocyte	205	0.003990521292670776	37694	37694	cutsite_bigwig	motif_center	T_NK
RUNX3	FCGR3A_Monocyte	206	0.003923034534113676	37694	37694	cutsite_bigwig	motif_center	T_NK
RUNX3	FCGR3A_Monocyte	207	0.004027687909831993	37694	37694	cutsite_bigwig	motif_center	T_NK
RUNX3	FCGR3A_Monocyte	208	0.003964113428731739	37694	37694	cutsite_bigwig	motif_center	T_NK
RUNX3	FCGR3A_Monocyte	209	0.0039650914905848865	37694	37694	cutsite_bigwig	motif_center	T_NK
RUNX3	FCGR3A_Monocyte	210	0.003778280324938633	37694	37694	cutsite_bigwig	motif_center	T_NK
RUNX3	FCGR3A_Monocyte	211	0.003934771365693579	37694	37694	cutsite_bigwig	motif_center	T_NK
RUNX3	FCGR3A_Monocyte	212	0.004054095777230073	37694	37694	cutsite_bigwig	motif_center	T_NK
RUNX3	FCGR3A_Monocyte	213	0.003971937987203306	37694	37694	cutsite_bigwig	motif_center	T_NK
RUNX3	FCGR3A_Monocyte	214	0.003958245023318916	37694	37694	cutsite_bigwig	motif_center	T_NK
RUNX3	FCGR3A_Monocyte	215	0.003910319639692327	37694	37694	cutsite_bigwig	motif_center	T_NK
RUNX3	FCGR3A_Monocyte	216	0.0037831706789742668	37694	37694	cutsite_bigwig	motif_center	T_NK
RUNX3	FCGR3A_Monocyte	217	0.0038193592273642507	37694	37694	cutsite_bigwig	motif_center	T_NK
RUNX3	FCGR3A_Monocyte	218	0.0035679955141195954	37694	37694	cutsite_bigwig	motif_center	T_NK
RUNX3	FCGR3A_Monocyte	219	0.003641350674235157	37694	37694	cutsite_bigwig	motif_center	T_NK
RUNX3	FCGR3A_Monocyte	220	0.0036687366128752147	37694	37694	cutsite_bigwig	motif_center	T_NK
RUNX3	FCGR3A_Monocyte	221	0.003627657715391087	37694	37694	cutsite_bigwig	motif_center	T_NK
RUNX3	FCGR3A_Monocyte	222	0.003639394546575671	37694	37694	cutsite_bigwig	motif_center	T_NK
RUNX3	FCGR3A_Monocyte	223	0.003598315646620798	37694	37694	cutsite_bigwig	motif_center	T_NK
RUNX3	FCGR3A_Monocyte	224	0.0036863418459147494	37694	37694	cutsite_bigwig	motif_center	T_NK
RUNX3	FCGR3A_Monocyte	225	0.003785126803965349	37694	37694	cutsite_bigwig	motif_center	T_NK
RUNX3	FCGR3A_Monocyte	226	0.00363548226615393	37694	37694	cutsite_bigwig	motif_center	T_NK
RUNX3	FCGR3A_Monocyte	227	0.003774368058353063	37694	37694	cutsite_bigwig	motif_center	T_NK
RUNX3	FCGR3A_Monocyte	228	0.0037117716442451065	37694	37694	cutsite_bigwig	motif_center	T_NK
RUNX3	FCGR3A_Monocyte	229	0.0035758200640918	37694	37694	cutsite_bigwig	motif_center	T_NK
RUNX3	FCGR3A_Monocyte	230	0.0037420917842573734	37694	37694	cutsite_bigwig	motif_center	T_NK
RUNX3	FCGR3A_Monocyte	231	0.0036491752354739586	37694	37694	cutsite_bigwig	motif_center	T_NK
RUNX3	FCGR3A_Monocyte	232	0.003628635781691575	37694	37694	cutsite_bigwig	motif_center	T_NK
RUNX3	FCGR3A_Monocyte	233	0.0036149428218592065	37694	37694	cutsite_bigwig	motif_center	T_NK
RUNX3	FCGR3A_Monocyte	234	0.0036765611588942277	37694	37694	cutsite_bigwig	motif_center	T_NK
RUNX3	FCGR3A_Monocyte	235	0.003920100333927424	37694	37694	cutsite_bigwig	motif_center	T_NK
RUNX3	FCGR3A_Monocyte	236	0.003902495080726611	37694	37694	cutsite_bigwig	motif_center	T_NK
RUNX3	FCGR3A_Monocyte	237	0.004308393686015979	37694	37694	cutsite_bigwig	motif_center	T_NK
RUNX3	FCGR3A_Monocyte	238	0.0038037101201064366	37694	37694	cutsite_bigwig	motif_center	T_NK
RUNX3	FCGR3A_Monocyte	239	0.0036540655782429958	37694	37694	cutsite_bigwig	motif_center	T_NK
RUNX3	FCGR3A_Monocyte	240	0.003534741177775439	37694	37694	cutsite_bigwig	motif_center	T_NK
RUNX3	FCGR3A_Monocyte	241	0.003577776202622564	37694	37694	cutsite_bigwig	motif_center	T_NK
RUNX3	FCGR3A_Monocyte	242	0.0037909952213365772	37694	37694	cutsite_bigwig	motif_center	T_NK
RUNX3	FCGR3A_Monocyte	243	0.0038741310776638314	37694	37694	cutsite_bigwig	motif_center	T_NK
RUNX3	FCGR3A_Monocyte	244	0.0037450259880014974	37694	37694	cutsite_bigwig	motif_center	T_NK
RUNX3	FCGR3A_Monocyte	245	0.003866306531447159	37694	37694	cutsite_bigwig	motif_center	T_NK
RUNX3	FCGR3A_Monocyte	246	0.003647219097239684	37694	37694	cutsite_bigwig	motif_center	T_NK
RUNX3	FCGR3A_Monocyte	247	0.003450627238544291	37694	37694	cutsite_bigwig	motif_center	T_NK
RUNX3	FCGR3A_Monocyte	248	0.003540609580322198	37694	37694	cutsite_bigwig	motif_center	T_NK
RUNX3	FCGR3A_Monocyte	249	0.0038868459814740105	37694	37694	cutsite_bigwig	motif_center	T_NK
RUNX3	Dendritic_cell	-250	0.0032680868380427545	37694	37694	cutsite_bigwig	motif_center	T_NK
RUNX3	Dendritic_cell	-249	0.003384887652601425	37694	37694	cutsite_bigwig	motif_center	T_NK
RUNX3	Dendritic_cell	-248	0.0032922256753859062	37694	37694	cutsite_bigwig	motif_center	T_NK
RUNX3	Dendritic_cell	-247	0.0032416119878615423	37694	37694	cutsite_bigwig	motif_center	T_NK
RUNX3	Dendritic_cell	-246	0.0035273846515179656	37694	37694	cutsite_bigwig	motif_center	T_NK
RUNX3	Dendritic_cell	-245	0.003458861507890066	37694	37694	cutsite_bigwig	motif_center	T_NK
RUNX3	Dendritic_cell	-244	0.0032213665106182432	37694	37694	cutsite_bigwig	motif_center	T_NK
RUNX3	Dendritic_cell	-243	0.0033771009343289003	37694	37694	cutsite_bigwig	motif_center	T_NK
RUNX3	Dendritic_cell	-242	0.0033342739668065827	37694	37694	cutsite_bigwig	motif_center	T_NK
RUNX3	Dendritic_cell	-241	0.003118581793002139	37694	37694	cutsite_bigwig	motif_center	T_NK
RUNX3	Dendritic_cell	-240	0.0033124711466005876	37694	37694	cutsite_bigwig	motif_center	T_NK
RUNX3	Dendritic_cell	-239	0.0034611975254225415	37694	37694	cutsite_bigwig	motif_center	T_NK
RUNX3	Dendritic_cell	-238	0.0034323866548922046	37694	37694	cutsite_bigwig	motif_center	T_NK
RUNX3	Dendritic_cell	-237	0.003267308162089358	37694	37694	cutsite_bigwig	motif_center	T_NK
RUNX3	Dendritic_cell	-236	0.0033241512318910506	37694	37694	cutsite_bigwig	motif_center	T_NK
RUNX3	Dendritic_cell	-235	0.0031411632806621678	37694	37694	cutsite_bigwig	motif_center	T_NK
RUNX3	Dendritic_cell	-234	0.003270422854636347	37694	37694	cutsite_bigwig	motif_center	T_NK
RUNX3	Dendritic_cell	-233	0.0035304993440649544	37694	37694	cutsite_bigwig	motif_center	T_NK
RUNX3	Dendritic_cell	-232	0.003370871559562636	37694	37694	cutsite_bigwig	motif_center	T_NK
RUNX3	Dendritic_cell	-231	0.003279766918292898	37694	37694	cutsite_bigwig	motif_center	T_NK
RUNX3	Dendritic_cell	-230	0.0035343926993715623	37694	37694	cutsite_bigwig	motif_center	T_NK
RUNX3	Dendritic_cell	-229	0.0035094751907694295	37694	37694	cutsite_bigwig	motif_center	T_NK
RUNX3	Dendritic_cell	-228	0.0035180405877625848	37694	37694	cutsite_bigwig	motif_center	T_NK
RUNX3	Dendritic_cell	-227	0.0032867749681230905	37694	37694	cutsite_bigwig	motif_center	T_NK
RUNX3	Dendritic_cell	-226	0.0031653021194877665	37694	37694	cutsite_bigwig	motif_center	T_NK
RUNX3	Dendritic_cell	-225	0.0033724288994616087	37694	37694	cutsite_bigwig	motif_center	T_NK
RUNX3	Dendritic_cell	-224	0.0032556280817897993	37694	37694	cutsite_bigwig	motif_center	T_NK
RUNX3	Dendritic_cell	-223	0.003384108986086274	37694	37694	cutsite_bigwig	motif_center	T_NK
RUNX3	Dendritic_cell	-222	0.003386445002581037	37694	37694	cutsite_bigwig	motif_center	T_NK
RUNX3	Dendritic_cell	-221	0.0031146884291467537	37694	37694	cutsite_bigwig	motif_center	T_NK
RUNX3	Dendritic_cell	-220	0.0031855475917401607	37694	37694	cutsite_bigwig	motif_center	T_NK
RUNX3	Dendritic_cell	-219	0.0031762035297637162	37694	37694	cutsite_bigwig	motif_center	T_NK
RUNX3	Dendritic_cell	-218	0.003394231720655902	37694	37694	cutsite_bigwig	motif_center	T_NK
RUNX3	Dendritic_cell	-217	0.0034199279019500478	37694	37694	cutsite_bigwig	motif_center	T_NK
RUNX3	Dendritic_cell	-216	0.0033077991194914347	37694	37694	cutsite_bigwig	motif_center	T_NK
RUNX3	Dendritic_cell	-215	0.0032610787898926684	37694	37694	cutsite_bigwig	motif_center	T_NK
RUNX3	Dendritic_cell	-214	0.0033490687384671726	37694	37694	cutsite_bigwig	motif_center	T_NK
RUNX3	Dendritic_cell	-213	0.0032229238552610464	37694	37694	cutsite_bigwig	motif_center	T_NK
RUNX3	Dendritic_cell	-212	0.003221366513187818	37694	37694	cutsite_bigwig	motif_center	T_NK
RUNX3	Dendritic_cell	-211	0.0032065717412801537	37694	37694	cutsite_bigwig	motif_center	T_NK
RUNX3	Dendritic_cell	-210	0.0033459540496757157	37694	37694	cutsite_bigwig	motif_center	T_NK
RUNX3	Dendritic_cell	-209	0.0033529620934278762	37694	37694	cutsite_bigwig	motif_center	T_NK
RUNX3	Dendritic_cell	-208	0.0033397246743164725	37694	37694	cutsite_bigwig	motif_center	T_NK
RUNX3	Dendritic_cell	-207	0.003370092883856314	37694	37694	cutsite_bigwig	motif_center	T_NK
RUNX3	Dendritic_cell	-206	0.0030741974840489865	37694	37694	cutsite_bigwig	motif_center	T_NK
RUNX3	Dendritic_cell	-205	0.0034923444103722155	37694	37694	cutsite_bigwig	motif_center	T_NK
RUNX3	Dendritic_cell	-204	0.003532835358187802	37694	37694	cutsite_bigwig	motif_center	T_NK
RUNX3	Dendritic_cell	-203	0.0036574228933909125	37694	37694	cutsite_bigwig	motif_center	T_NK
RUNX3	Dendritic_cell	-202	0.0036247186647867338	37694	37694	cutsite_bigwig	motif_center	T_NK
RUNX3	Dendritic_cell	-201	0.0034378373597336903	37694	37694	cutsite_bigwig	motif_center	T_NK
RUNX3	Dendritic_cell	-200	0.003218251820739659	37694	37694	cutsite_bigwig	motif_center	T_NK
RUNX3	Dendritic_cell	-199	0.003384108979563508	37694	37694	cutsite_bigwig	motif_center	T_NK
RUNX3	Dendritic_cell	-198	0.0035297206702858135	37694	37694	cutsite_bigwig	motif_center	T_NK
RUNX3	Dendritic_cell	-197	0.003670660314429497	37694	37694	cutsite_bigwig	motif_center	T_NK
RUNX3	Dendritic_cell	-196	0.003377879607267988	37694	37694	cutsite_bigwig	motif_center	T_NK
RUNX3	Dendritic_cell	-195	0.003536728719226538	37694	37694	cutsite_bigwig	motif_center	T_NK
RUNX3	Dendritic_cell	-194	0.0033724289004993216	37694	37694	cutsite_bigwig	motif_center	T_NK
RUNX3	Dendritic_cell	-193	0.0034650908825575007	37694	37694	cutsite_bigwig	motif_center	T_NK
RUNX3	Dendritic_cell	-192	0.0035320566903878636	37694	37694	cutsite_bigwig	motif_center	T_NK
RUNX3	Dendritic_cell	-191	0.003483779016442784	37694	37694	cutsite_bigwig	motif_center	T_NK
RUNX3	Dendritic_cell	-190	0.003659758906130143	37694	37694	cutsite_bigwig	motif_center	T_NK
RUNX3	Dendritic_cell	-189	0.0036574228964546362	37694	37694	cutsite_bigwig	motif_center	T_NK
RUNX3	Dendritic_cell	-188	0.0036737750076188797	37694	37694	cutsite_bigwig	motif_center	T_NK
RUNX3	Dendritic_cell	-187	0.0035429580888042384	37694	37694	cutsite_bigwig	motif_center	T_NK
RUNX3	Dendritic_cell	-186	0.0034845576879982544	37694	37694	cutsite_bigwig	motif_center	T_NK
RUNX3	Dendritic_cell	-185	0.0037150446281264795	37694	37694	cutsite_bigwig	motif_center	T_NK
RUNX3	Dendritic_cell	-184	0.0035203765998594217	37694	37694	cutsite_bigwig	motif_center	T_NK
RUNX3	Dendritic_cell	-183	0.0037290607253655348	37694	37694	cutsite_bigwig	motif_center	T_NK
RUNX3	Dendritic_cell	-182	0.003513368550473963	37694	37694	cutsite_bigwig	motif_center	T_NK
RUNX3	Dendritic_cell	-181	0.0033257085783622046	37694	37694	cutsite_bigwig	motif_center	T_NK
RUNX3	Dendritic_cell	-180	0.0033116924729202765	37694	37694	cutsite_bigwig	motif_center	T_NK
RUNX3	Dendritic_cell	-179	0.0033724289005981514	37694	37694	cutsite_bigwig	motif_center	T_NK
RUNX3	Dendritic_cell	-178	0.0036613162539849142	37694	37694	cutsite_bigwig	motif_center	T_NK
RUNX3	Dendritic_cell	-177	0.003764100973676445	37694	37694	cutsite_bigwig	motif_center	T_NK
RUNX3	Dendritic_cell	-176	0.00357566232551246	37694	37694	cutsite_bigwig	motif_center	T_NK
RUNX3	Dendritic_cell	-175	0.0033996824249538237	37694	37694	cutsite_bigwig	motif_center	T_NK
RUNX3	Dendritic_cell	-174	0.003419927900467601	37694	37694	cutsite_bigwig	motif_center	T_NK
RUNX3	Dendritic_cell	-173	0.0034191492241188856	37694	37694	cutsite_bigwig	motif_center	T_NK
RUNX3	Dendritic_cell	-172	0.0035748836496578935	37694	37694	cutsite_bigwig	motif_center	T_NK
RUNX3	Dendritic_cell	-171	0.003519597924993153	37694	37694	cutsite_bigwig	motif_center	T_NK
RUNX3	Dendritic_cell	-170	0.003467426897174497	37694	37694	cutsite_bigwig	motif_center	T_NK
RUNX3	Dendritic_cell	-169	0.0034059118000659924	37694	37694	cutsite_bigwig	motif_center	T_NK
RUNX3	Dendritic_cell	-168	0.003437058686152209	37694	37694	cutsite_bigwig	motif_center	T_NK
RUNX3	Dendritic_cell	-167	0.003505581827556438	37694	37694	cutsite_bigwig	motif_center	T_NK
RUNX3	Dendritic_cell	-166	0.00358578505919262	37694	37694	cutsite_bigwig	motif_center	T_NK
RUNX3	Dendritic_cell	-165	0.0034954590889842035	37694	37694	cutsite_bigwig	motif_center	T_NK
RUNX3	Dendritic_cell	-164	0.00342771462140853	37694	37694	cutsite_bigwig	motif_center	T_NK
RUNX3	Dendritic_cell	-163	0.00341291984742544	37694	37694	cutsite_bigwig	motif_center	T_NK
RUNX3	Dendritic_cell	-162	0.0035359500497464933	37694	37694	cutsite_bigwig	motif_center	T_NK
RUNX3	Dendritic_cell	-161	0.003324151227839029	37694	37694	cutsite_bigwig	motif_center	T_NK
RUNX3	Dendritic_cell	-160	0.003479106979895386	37694	37694	cutsite_bigwig	motif_center	T_NK
RUNX3	Dendritic_cell	-159	0.0036161532748599087	37694	37694	cutsite_bigwig	motif_center	T_NK
RUNX3	Dendritic_cell	-158	0.0034744349465599556	37694	37694	cutsite_bigwig	motif_center	T_NK
RUNX3	Dendritic_cell	-157	0.0035297206677656536	37694	37694	cutsite_bigwig	motif_center	T_NK
RUNX3	Dendritic_cell	-156	0.0035234912887497083	37694	37694	cutsite_bigwig	motif_center	T_NK
RUNX3	Dendritic_cell	-155	0.003788239807906458	37694	37694	cutsite_bigwig	motif_center	T_NK
RUNX3	Dendritic_cell	-154	0.00367221766613863	37694	37694	cutsite_bigwig	motif_center	T_NK
RUNX3	Dendritic_cell	-153	0.0038372961533575936	37694	37694	cutsite_bigwig	motif_center	T_NK
RUNX3	Dendritic_cell	-152	0.0033599701404908346	37694	37694	cutsite_bigwig	motif_center	T_NK
RUNX3	Dendritic_cell	-151	0.0035063605034110048	37694	37694	cutsite_bigwig	motif_center	T_NK
RUNX3	Dendritic_cell	-150	0.0034113625045615733	37694	37694	cutsite_bigwig	motif_center	T_NK
RUNX3	Dendritic_cell	-149	0.0038045919229250636	37694	37694	cutsite_bigwig	motif_center	T_NK
RUNX3	Dendritic_cell	-148	0.003673775005494039	37694	37694	cutsite_bigwig	motif_center	T_NK
RUNX3	Dendritic_cell	-147	0.0035795556840310366	37694	37694	cutsite_bigwig	motif_center	T_NK
RUNX3	Dendritic_cell	-146	0.0035180405884049784	37694	37694	cutsite_bigwig	motif_center	T_NK
RUNX3	Dendritic_cell	-145	0.0034222639164188	37694	37694	cutsite_bigwig	motif_center	T_NK
RUNX3	Dendritic_cell	-144	0.003661316254676723	37694	37694	cutsite_bigwig	motif_center	T_NK
RUNX3	Dendritic_cell	-143	0.003599022483294928	37694	37694	cutsite_bigwig	motif_center	T_NK
RUNX3	Dendritic_cell	-142	0.0037524208933274713	37694	37694	cutsite_bigwig	motif_center	T_NK
RUNX3	Dendritic_cell	-141	0.0036675456318643173	37694	37694	cutsite_bigwig	motif_center	T_NK
RUNX3	Dendritic_cell	-140	0.003830288099129475	37694	37694	cutsite_bigwig	motif_center	T_NK
RUNX3	Dendritic_cell	-139	0.003809263959917196	37694	37694	cutsite_bigwig	motif_center	T_NK
RUNX3	Dendritic_cell	-138	0.0038287307581433747	37694	37694	cutsite_bigwig	motif_center	T_NK
RUNX3	Dendritic_cell	-137	0.0036216039736727767	37694	37694	cutsite_bigwig	motif_center	T_NK
RUNX3	Dendritic_cell	-136	0.0037010285322216264	37694	37694	cutsite_bigwig	motif_center	T_NK
RUNX3	Dendritic_cell	-135	0.003596686471099261	37694	37694	cutsite_bigwig	motif_center	T_NK
RUNX3	Dendritic_cell	-134	0.0038341814612059236	37694	37694	cutsite_bigwig	motif_center	T_NK
RUNX3	Dendritic_cell	-133	0.0038458615437785676	37694	37694	cutsite_bigwig	motif_center	T_NK
RUNX3	Dendritic_cell	-132	0.0037259460383035994	37694	37694	cutsite_bigwig	motif_center	T_NK
RUNX3	Dendritic_cell	-131	0.003719716660078292	37694	37694	cutsite_bigwig	motif_center	T_NK
RUNX3	Dendritic_cell	-130	0.0037204953375635503	37694	37694	cutsite_bigwig	motif_center	T_NK
RUNX3	Dendritic_cell	-129	0.003740740812583179	37694	37694	cutsite_bigwig	motif_center	T_NK
RUNX3	Dendritic_cell	-128	0.0037547569029041487	37694	37694	cutsite_bigwig	motif_center	T_NK
RUNX3	Dendritic_cell	-127	0.0036800043792225906	37694	37694	cutsite_bigwig	motif_center	T_NK
RUNX3	Dendritic_cell	-126	0.003672996337101122	37694	37694	cutsite_bigwig	motif_center	T_NK
RUNX3	Dendritic_cell	-125	0.003962662362438675	37694	37694	cutsite_bigwig	motif_center	T_NK
RUNX3	Dendritic_cell	-124	0.003943974230529987	37694	37694	cutsite_bigwig	motif_center	T_NK
RUNX3	Dendritic_cell	-123	0.003752420889226035	37694	37694	cutsite_bigwig	motif_center	T_NK
RUNX3	Dendritic_cell	-122	0.0037555355756455767	37694	37694	cutsite_bigwig	motif_center	T_NK
RUNX3	Dendritic_cell	-121	0.003770330351555848	37694	37694	cutsite_bigwig	motif_center	T_NK
RUNX3	Dendritic_cell	-120	0.003692463138539269	37694	37694	cutsite_bigwig	motif_center	T_NK
RUNX3	Dendritic_cell	-119	0.003746191510803068	37694	37694	cutsite_bigwig	motif_center	T_NK
RUNX3	Dendritic_cell	-118	0.0035959078010262377	37694	37694	cutsite_bigwig	motif_center	T_NK
RUNX3	Dendritic_cell	-117	0.003700249858145996	37694	37694	cutsite_bigwig	motif_center	T_NK
RUNX3	Dendritic_cell	-116	0.0038707790524795302	37694	37694	cutsite_bigwig	motif_center	T_NK
RUNX3	Dendritic_cell	-115	0.0041269621750384435	37694	37694	cutsite_bigwig	motif_center	T_NK
RUNX3	Dendritic_cell	-114	0.003949424934679664	37694	37694	cutsite_bigwig	motif_center	T_NK
RUNX3	Dendritic_cell	-113	0.0037874611373392856	37694	37694	cutsite_bigwig	motif_center	T_NK
RUNX3	Dendritic_cell	-112	0.0038302881003154324	37694	37694	cutsite_bigwig	motif_center	T_NK
RUNX3	Dendritic_cell	-111	0.003937744850723403	37694	37694	cutsite_bigwig	motif_center	T_NK
RUNX3	Dendritic_cell	-110	0.003822501384414823	37694	37694	cutsite_bigwig	motif_center	T_NK
RUNX3	Dendritic_cell	-109	0.0037726663603913015	37694	37694	cutsite_bigwig	motif_center	T_NK
RUNX3	Dendritic_cell	-108	0.0037376261220127857	37694	37694	cutsite_bigwig	motif_center	T_NK
RUNX3	Dendritic_cell	-107	0.0037173806472402316	37694	37694	cutsite_bigwig	motif_center	T_NK
RUNX3	Dendritic_cell	-106	0.0038590989679302906	37694	37694	cutsite_bigwig	motif_center	T_NK
RUNX3	Dendritic_cell	-105	0.004022620111544164	37694	37694	cutsite_bigwig	motif_center	T_NK
RUNX3	Dendritic_cell	-104	0.003971227751031297	37694	37694	cutsite_bigwig	motif_center	T_NK
RUNX3	Dendritic_cell	-103	0.003695577826737747	37694	37694	cutsite_bigwig	motif_center	T_NK
RUNX3	Dendritic_cell	-102	0.0038466402171129744	37694	37694	cutsite_bigwig	motif_center	T_NK
RUNX3	Dendritic_cell	-101	0.003967334394588147	37694	37694	cutsite_bigwig	motif_center	T_NK
RUNX3	Dendritic_cell	-100	0.00401561206210929	37694	37694	cutsite_bigwig	motif_center	T_NK
RUNX3	Dendritic_cell	-99	0.0039883585361229264	37694	37694	cutsite_bigwig	motif_center	T_NK
RUNX3	Dendritic_cell	-98	0.004059217701928302	37694	37694	cutsite_bigwig	motif_center	T_NK
RUNX3	Dendritic_cell	-97	0.00401016135954089	37694	37694	cutsite_bigwig	motif_center	T_NK
RUNX3	Dendritic_cell	-96	0.0039034832808366345	37694	37694	cutsite_bigwig	motif_center	T_NK
RUNX3	Dendritic_cell	-95	0.003807706609888169	37694	37694	cutsite_bigwig	motif_center	T_NK
RUNX3	Dendritic_cell	-94	0.004020284095494135	37694	37694	cutsite_bigwig	motif_center	T_NK
RUNX3	Dendritic_cell	-93	0.004190813288048733	37694	37694	cutsite_bigwig	motif_center	T_NK
RUNX3	Dendritic_cell	-92	0.004308392778066651	37694	37694	cutsite_bigwig	motif_center	T_NK
RUNX3	Dendritic_cell	-91	0.004062332389879706	37694	37694	cutsite_bigwig	motif_center	T_NK
RUNX3	Dendritic_cell	-90	0.004037414884440126	37694	37694	cutsite_bigwig	motif_center	T_NK
RUNX3	Dendritic_cell	-89	0.0039790144721204715	37694	37694	cutsite_bigwig	motif_center	T_NK
RUNX3	Dendritic_cell	-88	0.0041355275693631946	37694	37694	cutsite_bigwig	motif_center	T_NK
RUNX3	Dendritic_cell	-87	0.0040039319811179235	37694	37694	cutsite_bigwig	motif_center	T_NK
RUNX3	Dendritic_cell	-86	0.003837296148762008	37694	37694	cutsite_bigwig	motif_center	T_NK
RUNX3	Dendritic_cell	-85	0.00356320356698642	37694	37694	cutsite_bigwig	motif_center	T_NK
RUNX3	Dendritic_cell	-84	0.004132412881461206	37694	37694	cutsite_bigwig	motif_center	T_NK
RUNX3	Dendritic_cell	-83	0.004179133206711461	37694	37694	cutsite_bigwig	motif_center	T_NK
RUNX3	Dendritic_cell	-82	0.00424220564342245	37694	37694	cutsite_bigwig	motif_center	T_NK
RUNX3	Dendritic_cell	-81	0.004205608053384216	37694	37694	cutsite_bigwig	motif_center	T_NK
RUNX3	Dendritic_cell	-80	0.004049094963306653	37694	37694	cutsite_bigwig	motif_center	T_NK
RUNX3	Dendritic_cell	-79	0.00396967040885924	37694	37694	cutsite_bigwig	motif_center	T_NK
RUNX3	Dendritic_cell	-78	0.004201714699016491	37694	37694	cutsite_bigwig	motif_center	T_NK
RUNX3	Dendritic_cell	-77	0.004019505424432813	37694	37694	cutsite_bigwig	motif_center	T_NK
RUNX3	Dendritic_cell	-76	0.0038715577220584047	37694	37694	cutsite_bigwig	motif_center	T_NK
RUNX3	Dendritic_cell	-75	0.004081020524802702	37694	37694	cutsite_bigwig	motif_center	T_NK
RUNX3	Dendritic_cell	-74	0.003954875640114128	37694	37694	cutsite_bigwig	motif_center	T_NK
RUNX3	Dendritic_cell	-73	0.004336424972841251	37694	37694	cutsite_bigwig	motif_center	T_NK
RUNX3	Dendritic_cell	-72	0.004349662400699091	37694	37694	cutsite_bigwig	motif_center	T_NK
RUNX3	Dendritic_cell	-71	0.004481257987956065	37694	37694	cutsite_bigwig	motif_center	T_NK
RUNX3	Dendritic_cell	-70	0.004191591953625001	37694	37694	cutsite_bigwig	motif_center	T_NK
RUNX3	Dendritic_cell	-69	0.004074791142426543	37694	37694	cutsite_bigwig	motif_center	T_NK
RUNX3	Dendritic_cell	-68	0.004197821338126	37694	37694	cutsite_bigwig	motif_center	T_NK
RUNX3	Dendritic_cell	-67	0.004195485321235918	37694	37694	cutsite_bigwig	motif_center	T_NK
RUNX3	Dendritic_cell	-66	0.004292819332824579	37694	37694	cutsite_bigwig	motif_center	T_NK
RUNX3	Dendritic_cell	-65	0.004126962175631422	37694	37694	cutsite_bigwig	motif_center	T_NK
RUNX3	Dendritic_cell	-64	0.0043948253802194165	37694	37694	cutsite_bigwig	motif_center	T_NK
RUNX3	Dendritic_cell	-63	0.004231304235716075	37694	37694	cutsite_bigwig	motif_center	T_NK
RUNX3	Dendritic_cell	-62	0.004288147306308406	37694	37694	cutsite_bigwig	motif_center	T_NK
RUNX3	Dendritic_cell	-61	0.004446996412781902	37694	37694	cutsite_bigwig	motif_center	T_NK
RUNX3	Dendritic_cell	-60	0.004406505458838868	37694	37694	cutsite_bigwig	motif_center	T_NK
RUNX3	Dendritic_cell	-59	0.004308392774508779	37694	37694	cutsite_bigwig	motif_center	T_NK
RUNX3	Dendritic_cell	-58	0.004376137251325038	37694	37694	cutsite_bigwig	motif_center	T_NK
RUNX3	Dendritic_cell	-57	0.0041775758649841375	37694	37694	cutsite_bigwig	motif_center	T_NK
RUNX3	Dendritic_cell	-56	0.0043013847277917246	37694	37694	cutsite_bigwig	motif_center	T_NK
RUNX3	Dendritic_cell	-55	0.004401833425701098	37694	37694	cutsite_bigwig	motif_center	T_NK
RUNX3	Dendritic_cell	-54	0.004292040662702141	37694	37694	cutsite_bigwig	motif_center	T_NK
RUNX3	Dendritic_cell	-53	0.004378473266436183	37694	37694	cutsite_bigwig	motif_center	T_NK
RUNX3	Dendritic_cell	-52	0.004401054756221053	37694	37694	cutsite_bigwig	motif_center	T_NK
RUNX3	Dendritic_cell	-51	0.004564575901762107	37694	37694	cutsite_bigwig	motif_center	T_NK
RUNX3	Dendritic_cell	-50	0.004373801234089051	37694	37694	cutsite_bigwig	motif_center	T_NK
RUNX3	Dendritic_cell	-49	0.004208722748451365	37694	37694	cutsite_bigwig	motif_center	T_NK
RUNX3	Dendritic_cell	-48	0.004199378678123802	37694	37694	cutsite_bigwig	motif_center	T_NK
RUNX3	Dendritic_cell	-47	0.004083356536800709	37694	37694	cutsite_bigwig	motif_center	T_NK
RUNX3	Dendritic_cell	-46	0.004280360577411678	37694	37694	cutsite_bigwig	motif_center	T_NK
RUNX3	Dendritic_cell	-45	0.004436873675692114	37694	37694	cutsite_bigwig	motif_center	T_NK
RUNX3	Dendritic_cell	-44	0.004918871710479462	37694	37694	cutsite_bigwig	motif_center	T_NK
RUNX3	Dendritic_cell	-43	0.004739777126762667	37694	37694	cutsite_bigwig	motif_center	T_NK
RUNX3	Dendritic_cell	-42	0.004703179533512464	37694	37694	cutsite_bigwig	motif_center	T_NK
RUNX3	Dendritic_cell	-41	0.004198600008890832	37694	37694	cutsite_bigwig	motif_center	T_NK
RUNX3	Dendritic_cell	-40	0.0045754773083319395	37694	37694	cutsite_bigwig	motif_center	T_NK
RUNX3	Dendritic_cell	-39	0.0044968314280589864	37694	37694	cutsite_bigwig	motif_center	T_NK
RUNX3	Dendritic_cell	-38	0.004415849525460313	37694	37694	cutsite_bigwig	motif_center	T_NK
RUNX3	Dendritic_cell	-37	0.004462569853527217	37694	37694	cutsite_bigwig	motif_center	T_NK
RUNX3	Dendritic_cell	-36	0.00443298031183673	37694	37694	cutsite_bigwig	motif_center	T_NK
RUNX3	Dendritic_cell	-35	0.004476585951260422	37694	37694	cutsite_bigwig	motif_center	T_NK
RUNX3	Dendritic_cell	-34	0.004379251935916228	37694	37694	cutsite_bigwig	motif_center	T_NK
RUNX3	Dendritic_cell	-33	0.00453109300061416	37694	37694	cutsite_bigwig	motif_center	T_NK
RUNX3	Dendritic_cell	-32	0.004476585955954837	37694	37694	cutsite_bigwig	motif_center	T_NK
RUNX3	Dendritic_cell	-31	0.004430644297269148	37694	37694	cutsite_bigwig	motif_center	T_NK
RUNX3	Dendritic_cell	-30	0.004427529611689659	37694	37694	cutsite_bigwig	motif_center	T_NK
RUNX3	Dendritic_cell	-29	0.004685270077063024	37694	37694	cutsite_bigwig	motif_center	T_NK
RUNX3	Dendritic_cell	-28	0.0046930567974603895	37694	37694	cutsite_bigwig	motif_center	T_NK
RUNX3	Dendritic_cell	-27	0.00439248936036444	37694	37694	cutsite_bigwig	motif_center	T_NK
RUNX3	Dendritic_cell	-26	0.004350441076207754	37694	37694	cutsite_bigwig	motif_center	T_NK
RUNX3	Dendritic_cell	-25	0.00458793606423899	37694	37694	cutsite_bigwig	motif_center	T_NK
RUNX3	Dendritic_cell	-24	0.0045116261971500015	37694	37694	cutsite_bigwig	motif_center	T_NK
RUNX3	Dendritic_cell	-23	0.0044446603937669795	37694	37694	cutsite_bigwig	motif_center	T_NK
RUNX3	Dendritic_cell	-22	0.004647115143073796	37694	37694	cutsite_bigwig	motif_center	T_NK
RUNX3	Dendritic_cell	-21	0.0051524733463172295	37694	37694	cutsite_bigwig	motif_center	T_NK
RUNX3	Dendritic_cell	-20	0.005022435102517101	37694	37694	cutsite_bigwig	motif_center	T_NK
RUNX3	Dendritic_cell	-19	0.004982722819635389	37694	37694	cutsite_bigwig	motif_center	T_NK
RUNX3	Dendritic_cell	-18	0.0045552318351900776	37694	37694	cutsite_bigwig	motif_center	T_NK
RUNX3	Dendritic_cell	-17	0.004496831430727391	37694	37694	cutsite_bigwig	motif_center	T_NK
RUNX3	Dendritic_cell	-16	0.0045856000536246	37694	37694	cutsite_bigwig	motif_center	T_NK
RUNX3	Dendritic_cell	-15	0.004561461208770384	37694	37694	cutsite_bigwig	motif_center	T_NK
RUNX3	Dendritic_cell	-14	0.0039782357989343094	37694	37694	cutsite_bigwig	motif_center	T_NK
RUNX3	Dendritic_cell	-13	0.003810042625691123	37694	37694	cutsite_bigwig	motif_center	T_NK
RUNX3	Dendritic_cell	-12	0.003452632123537311	37694	37694	cutsite_bigwig	motif_center	T_NK
RUNX3	Dendritic_cell	-11	0.0042803605820566784	37694	37694	cutsite_bigwig	motif_center	T_NK
RUNX3	Dendritic_cell	-10	0.004355891773982909	37694	37694	cutsite_bigwig	motif_center	T_NK
RUNX3	Dendritic_cell	-9	0.0038450828729643203	37694	37694	cutsite_bigwig	motif_center	T_NK
RUNX3	Dendritic_cell	-8	0.0025851913954288396	37694	37694	cutsite_bigwig	motif_center	T_NK
RUNX3	Dendritic_cell	-7	0.0035266059779858992	37694	37694	cutsite_bigwig	motif_center	T_NK
RUNX3	Dendritic_cell	-6	0.005725576011997187	37694	37694	cutsite_bigwig	motif_center	T_NK
RUNX3	Dendritic_cell	-5	0.0039089339835532795	37694	37694	cutsite_bigwig	motif_center	T_NK
RUNX3	Dendritic_cell	-4	0.004851905911840269	37694	37694	cutsite_bigwig	motif_center	T_NK
RUNX3	Dendritic_cell	-3	0.005207759060851916	37694	37694	cutsite_bigwig	motif_center	T_NK
RUNX3	Dendritic_cell	-2	0.0030485013030513296	37694	37694	cutsite_bigwig	motif_center	T_NK
RUNX3	Dendritic_cell	-1	0.0024177768907268156	37694	37694	cutsite_bigwig	motif_center	T_NK
RUNX3	Dendritic_cell	0	0.0030461652873472055	37694	37694	cutsite_bigwig	motif_center	T_NK
RUNX3	Dendritic_cell	1	0.005425787252188835	37694	37694	cutsite_bigwig	motif_center	T_NK
RUNX3	Dendritic_cell	2	0.00504190190094094	37694	37694	cutsite_bigwig	motif_center	T_NK
RUNX3	Dendritic_cell	3	0.003931515477390171	37694	37694	cutsite_bigwig	motif_center	T_NK
RUNX3	Dendritic_cell	4	0.005760616259566873	37694	37694	cutsite_bigwig	motif_center	T_NK
RUNX3	Dendritic_cell	5	0.0035888997469463637	37694	37694	cutsite_bigwig	motif_center	T_NK
RUNX3	Dendritic_cell	6	0.002887316174647432	37694	37694	cutsite_bigwig	motif_center	T_NK
RUNX3	Dendritic_cell	7	0.0037430768271507608	37694	37694	cutsite_bigwig	motif_center	T_NK
RUNX3	Dendritic_cell	8	0.0043239662213321265	37694	37694	cutsite_bigwig	motif_center	T_NK
RUNX3	Dendritic_cell	9	0.004443881720383158	37694	37694	cutsite_bigwig	motif_center	T_NK
RUNX3	Dendritic_cell	10	0.003581113024424158	37694	37694	cutsite_bigwig	motif_center	T_NK
RUNX3	Dendritic_cell	11	0.003714265958547605	37694	37694	cutsite_bigwig	motif_center	T_NK
RUNX3	Dendritic_cell	12	0.00395253962164277	37694	37694	cutsite_bigwig	motif_center	T_NK
RUNX3	Dendritic_cell	13	0.004457897820438862	37694	37694	cutsite_bigwig	motif_center	T_NK
RUNX3	Dendritic_cell	14	0.0045669119160332	37694	37694	cutsite_bigwig	motif_center	T_NK
RUNX3	Dendritic_cell	15	0.004594165439746478	37694	37694	cutsite_bigwig	motif_center	T_NK
RUNX3	Dendritic_cell	16	0.004645557803421898	37694	37694	cutsite_bigwig	motif_center	T_NK
RUNX3	Dendritic_cell	17	0.004722646337619016	37694	37694	cutsite_bigwig	motif_center	T_NK
RUNX3	Dendritic_cell	18	0.005043459243854221	37694	37694	cutsite_bigwig	motif_center	T_NK
RUNX3	Dendritic_cell	19	0.0049219863973437375	37694	37694	cutsite_bigwig	motif_center	T_NK
RUNX3	Dendritic_cell	20	0.00464166444376678	37694	37694	cutsite_bigwig	motif_center	T_NK
RUNX3	Dendritic_cell	21	0.004929773119569454	37694	37694	cutsite_bigwig	motif_center	T_NK
RUNX3	Dendritic_cell	22	0.00495313328782788	37694	37694	cutsite_bigwig	motif_center	T_NK
RUNX3	Dendritic_cell	23	0.004417406876527053	37694	37694	cutsite_bigwig	motif_center	T_NK
RUNX3	Dendritic_cell	24	0.004571583947589693	37694	37694	cutsite_bigwig	motif_center	T_NK
RUNX3	Dendritic_cell	25	0.004478921966717472	37694	37694	cutsite_bigwig	motif_center	T_NK
RUNX3	Dendritic_cell	26	0.004841783175343461	37694	37694	cutsite_bigwig	motif_center	T_NK
RUNX3	Dendritic_cell	27	0.004880716777379702	37694	37694	cutsite_bigwig	motif_center	T_NK
RUNX3	Dendritic_cell	28	0.004657237884907414	37694	37694	cutsite_bigwig	motif_center	T_NK
RUNX3	Dendritic_cell	29	0.004591829426710758	37694	37694	cutsite_bigwig	motif_center	T_NK
RUNX3	Dendritic_cell	30	0.004591829425771875	37694	37694	cutsite_bigwig	motif_center	T_NK
RUNX3	Dendritic_cell	31	0.004524863625551406	37694	37694	cutsite_bigwig	motif_center	T_NK
RUNX3	Dendritic_cell	32	0.004658016550977831	37694	37694	cutsite_bigwig	motif_center	T_NK
RUNX3	Dendritic_cell	33	0.004572362619935802	37694	37694	cutsite_bigwig	motif_center	T_NK
RUNX3	Dendritic_cell	34	0.004376915916555401	37694	37694	cutsite_bigwig	motif_center	T_NK
RUNX3	Dendritic_cell	35	0.004437652343640297	37694	37694	cutsite_bigwig	motif_center	T_NK
RUNX3	Dendritic_cell	36	0.004518634248462642	37694	37694	cutsite_bigwig	motif_center	T_NK
RUNX3	Dendritic_cell	37	0.004473471263951412	37694	37694	cutsite_bigwig	motif_center	T_NK
RUNX3	Dendritic_cell	38	0.004475807279309632	37694	37694	cutsite_bigwig	motif_center	T_NK
RUNX3	Dendritic_cell	39	0.004107495374143861	37694	37694	cutsite_bigwig	motif_center	T_NK
RUNX3	Dendritic_cell	40	0.0044384310186053955	37694	37694	cutsite_bigwig	motif_center	T_NK
RUNX3	Dendritic_cell	41	0.004647115142036084	37694	37694	cutsite_bigwig	motif_center	T_NK
RUNX3	Dendritic_cell	42	0.004668917957844153	37694	37694	cutsite_bigwig	motif_center	T_NK
RUNX3	Dendritic_cell	43	0.0043683505228730435	37694	37694	cutsite_bigwig	motif_center	T_NK
RUNX3	Dendritic_cell	44	0.0043348676258759475	37694	37694	cutsite_bigwig	motif_center	T_NK
RUNX3	Dendritic_cell	45	0.003964998375919129	37694	37694	cutsite_bigwig	motif_center	T_NK
RUNX3	Dendritic_cell	46	0.004190813285528573	37694	37694	cutsite_bigwig	motif_center	T_NK
RUNX3	Dendritic_cell	47	0.004158887729912897	37694	37694	cutsite_bigwig	motif_center	T_NK
RUNX3	Dendritic_cell	48	0.004356670448948007	37694	37694	cutsite_bigwig	motif_center	T_NK
RUNX3	Dendritic_cell	49	0.0045762559822593255	37694	37694	cutsite_bigwig	motif_center	T_NK
RUNX3	Dendritic_cell	50	0.00442441491672134	37694	37694	cutsite_bigwig	motif_center	T_NK
RUNX3	Dendritic_cell	51	0.004598837472686589	37694	37694	cutsite_bigwig	motif_center	T_NK
RUNX3	Dendritic_cell	52	0.004412734843784601	37694	37694	cutsite_bigwig	motif_center	T_NK
RUNX3	Dendritic_cell	53	0.004113724747477093	37694	37694	cutsite_bigwig	motif_center	T_NK
RUNX3	Dendritic_cell	54	0.004378473264509002	37694	37694	cutsite_bigwig	motif_center	T_NK
RUNX3	Dendritic_cell	55	0.004247656345644946	37694	37694	cutsite_bigwig	motif_center	T_NK
RUNX3	Dendritic_cell	56	0.004422078907984716	37694	37694	cutsite_bigwig	motif_center	T_NK
RUNX3	Dendritic_cell	57	0.004362121151763482	37694	37694	cutsite_bigwig	motif_center	T_NK
RUNX3	Dendritic_cell	58	0.004295934019046462	37694	37694	cutsite_bigwig	motif_center	T_NK
RUNX3	Dendritic_cell	59	0.004418185542696299	37694	37694	cutsite_bigwig	motif_center	T_NK
RUNX3	Dendritic_cell	60	0.0043924893684684834	37694	37694	cutsite_bigwig	motif_center	T_NK
RUNX3	Dendritic_cell	61	0.0041853625856285775	37694	37694	cutsite_bigwig	motif_center	T_NK
RUNX3	Dendritic_cell	62	0.004425972257015632	37694	37694	cutsite_bigwig	motif_center	T_NK
RUNX3	Dendritic_cell	63	0.004172903829573282	37694	37694	cutsite_bigwig	motif_center	T_NK
RUNX3	Dendritic_cell	64	0.004086471223763814	37694	37694	cutsite_bigwig	motif_center	T_NK
RUNX3	Dendritic_cell	65	0.004025734802756951	37694	37694	cutsite_bigwig	motif_center	T_NK
RUNX3	Dendritic_cell	66	0.004172125153026907	37694	37694	cutsite_bigwig	motif_center	T_NK
RUNX3	Dendritic_cell	67	0.004287368629070222	37694	37694	cutsite_bigwig	motif_center	T_NK
RUNX3	Dendritic_cell	68	0.004310728791151785	37694	37694	cutsite_bigwig	motif_center	T_NK
RUNX3	Dendritic_cell	69	0.004341097005188383	37694	37694	cutsite_bigwig	motif_center	T_NK
RUNX3	Dendritic_cell	70	0.0042351976006585875	37694	37694	cutsite_bigwig	motif_center	T_NK
RUNX3	Dendritic_cell	71	0.004398718743234748	37694	37694	cutsite_bigwig	motif_center	T_NK
RUNX3	Dendritic_cell	72	0.0043177368387583084	37694	37694	cutsite_bigwig	motif_center	T_NK
RUNX3	Dendritic_cell	73	0.00422741087892702	37694	37694	cutsite_bigwig	motif_center	T_NK
RUNX3	Dendritic_cell	74	0.004177575862315733	37694	37694	cutsite_bigwig	motif_center	T_NK
RUNX3	Dendritic_cell	75	0.004260893777653638	37694	37694	cutsite_bigwig	motif_center	T_NK
RUNX3	Dendritic_cell	76	0.004532650339623664	37694	37694	cutsite_bigwig	motif_center	T_NK
RUNX3	Dendritic_cell	77	0.004500724792754425	37694	37694	cutsite_bigwig	motif_center	T_NK
RUNX3	Dendritic_cell	78	0.004292819333911707	37694	37694	cutsite_bigwig	motif_center	T_NK
RUNX3	Dendritic_cell	79	0.004382366626190131	37694	37694	cutsite_bigwig	motif_center	T_NK
RUNX3	Dendritic_cell	80	0.0041986000081001935	37694	37694	cutsite_bigwig	motif_center	T_NK
RUNX3	Dendritic_cell	81	0.0043169581685370394	37694	37694	cutsite_bigwig	motif_center	T_NK
RUNX3	Dendritic_cell	82	0.0041791332070079505	37694	37694	cutsite_bigwig	motif_center	T_NK
RUNX3	Dendritic_cell	83	0.00403819355915815	37694	37694	cutsite_bigwig	motif_center	T_NK
RUNX3	Dendritic_cell	84	0.004144871634551607	37694	37694	cutsite_bigwig	motif_center	T_NK
RUNX3	Dendritic_cell	85	0.004153437028382209	37694	37694	cutsite_bigwig	motif_center	T_NK
RUNX3	Dendritic_cell	86	0.004058439028495065	37694	37694	cutsite_bigwig	motif_center	T_NK
RUNX3	Dendritic_cell	87	0.004194706645924915	37694	37694	cutsite_bigwig	motif_center	T_NK
RUNX3	Dendritic_cell	88	0.004240648305598903	37694	37694	cutsite_bigwig	motif_center	T_NK
RUNX3	Dendritic_cell	89	0.004270237842001997	37694	37694	cutsite_bigwig	motif_center	T_NK
RUNX3	Dendritic_cell	90	0.004135527566546546	37694	37694	cutsite_bigwig	motif_center	T_NK
RUNX3	Dendritic_cell	91	0.004222738842873771	37694	37694	cutsite_bigwig	motif_center	T_NK
RUNX3	Dendritic_cell	92	0.004273352534548986	37694	37694	cutsite_bigwig	motif_center	T_NK
RUNX3	Dendritic_cell	93	0.0040257348007309394	37694	37694	cutsite_bigwig	motif_center	T_NK
RUNX3	Dendritic_cell	94	0.0038793444444817807	37694	37694	cutsite_bigwig	motif_center	T_NK
RUNX3	Dendritic_cell	95	0.0040701191078557405	37694	37694	cutsite_bigwig	motif_center	T_NK
RUNX3	Dendritic_cell	96	0.003982129166100492	37694	37694	cutsite_bigwig	motif_center	T_NK
RUNX3	Dendritic_cell	97	0.004025734795196471	37694	37694	cutsite_bigwig	motif_center	T_NK
RUNX3	Dendritic_cell	98	0.004134748896621766	37694	37694	cutsite_bigwig	motif_center	T_NK
RUNX3	Dendritic_cell	99	0.0042593364339991325	37694	37694	cutsite_bigwig	motif_center	T_NK
RUNX3	Dendritic_cell	100	0.0041518796861607365	37694	37694	cutsite_bigwig	motif_center	T_NK
RUNX3	Dendritic_cell	101	0.004074012471908786	37694	37694	cutsite_bigwig	motif_center	T_NK
RUNX3	Dendritic_cell	102	0.004159666399887091	37694	37694	cutsite_bigwig	motif_center	T_NK
RUNX3	Dendritic_cell	103	0.004114503423924638	37694	37694	cutsite_bigwig	motif_center	T_NK
RUNX3	Dendritic_cell	104	0.0040467589469601346	37694	37694	cutsite_bigwig	motif_center	T_NK
RUNX3	Dendritic_cell	105	0.004062332392894014	37694	37694	cutsite_bigwig	motif_center	T_NK
RUNX3	Dendritic_cell	106	0.003937744844250052	37694	37694	cutsite_bigwig	motif_center	T_NK
RUNX3	Dendritic_cell	107	0.003970449084664391	37694	37694	cutsite_bigwig	motif_center	T_NK
RUNX3	Dendritic_cell	108	0.004028849492536705	37694	37694	cutsite_bigwig	motif_center	T_NK
RUNX3	Dendritic_cell	109	0.004051430975699979	37694	37694	cutsite_bigwig	motif_center	T_NK
RUNX3	Dendritic_cell	110	0.004021841440384012	37694	37694	cutsite_bigwig	motif_center	T_NK
RUNX3	Dendritic_cell	111	0.003947088920309742	37694	37694	cutsite_bigwig	motif_center	T_NK
RUNX3	Dendritic_cell	112	0.003943974228701636	37694	37694	cutsite_bigwig	motif_center	T_NK
RUNX3	Dendritic_cell	113	0.003931515475907724	37694	37694	cutsite_bigwig	motif_center	T_NK
RUNX3	Dendritic_cell	114	0.003898811249378971	37694	37694	cutsite_bigwig	motif_center	T_NK
RUNX3	Dendritic_cell	115	0.003748527530954533	37694	37694	cutsite_bigwig	motif_center	T_NK
RUNX3	Dendritic_cell	116	0.0037095939243227067	37694	37694	cutsite_bigwig	motif_center	T_NK
RUNX3	Dendritic_cell	117	0.003736847452977475	37694	37694	cutsite_bigwig	motif_center	T_NK
RUNX3	Dendritic_cell	118	0.003933072823762495	37694	37694	cutsite_bigwig	motif_center	T_NK
RUNX3	Dendritic_cell	119	0.0037625436269582164	37694	37694	cutsite_bigwig	motif_center	T_NK
RUNX3	Dendritic_cell	120	0.00392295008558558	37694	37694	cutsite_bigwig	motif_center	T_NK
RUNX3	Dendritic_cell	121	0.00378045308657021	37694	37694	cutsite_bigwig	motif_center	T_NK
RUNX3	Dendritic_cell	122	0.004063889731804689	37694	37694	cutsite_bigwig	motif_center	T_NK
RUNX3	Dendritic_cell	123	0.003855984279089419	37694	37694	cutsite_bigwig	motif_center	T_NK
RUNX3	Dendritic_cell	124	0.0037173806440282636	37694	37694	cutsite_bigwig	motif_center	T_NK
RUNX3	Dendritic_cell	125	0.0035865637343059633	37694	37694	cutsite_bigwig	motif_center	T_NK
RUNX3	Dendritic_cell	126	0.0038918032003394166	37694	37694	cutsite_bigwig	motif_center	T_NK
RUNX3	Dendritic_cell	127	0.0037368474503584855	37694	37694	cutsite_bigwig	motif_center	T_NK
RUNX3	Dendritic_cell	128	0.003786682459952857	37694	37694	cutsite_bigwig	motif_center	T_NK
RUNX3	Dendritic_cell	129	0.0034759922884355244	37694	37694	cutsite_bigwig	motif_center	T_NK
RUNX3	Dendritic_cell	130	0.0036737750100402098	37694	37694	cutsite_bigwig	motif_center	T_NK
RUNX3	Dendritic_cell	131	0.0037781170667646486	37694	37694	cutsite_bigwig	motif_center	T_NK
RUNX3	Dendritic_cell	132	0.0037064792389902928	37694	37694	cutsite_bigwig	motif_center	T_NK
RUNX3	Dendritic_cell	133	0.003771109020887648	37694	37694	cutsite_bigwig	motif_center	T_NK
RUNX3	Dendritic_cell	134	0.0037890184823774074	37694	37694	cutsite_bigwig	motif_center	T_NK
RUNX3	Dendritic_cell	135	0.0036870124353778904	37694	37694	cutsite_bigwig	motif_center	T_NK
RUNX3	Dendritic_cell	136	0.0036800043837687613	37694	37694	cutsite_bigwig	motif_center	T_NK
RUNX3	Dendritic_cell	137	0.0038614349901571815	37694	37694	cutsite_bigwig	motif_center	T_NK
RUNX3	Dendritic_cell	138	0.0038949178902674157	37694	37694	cutsite_bigwig	motif_center	T_NK
RUNX3	Dendritic_cell	139	0.003957990329300904	37694	37694	cutsite_bigwig	motif_center	T_NK
RUNX3	Dendritic_cell	140	0.003968113067626064	37694	37694	cutsite_bigwig	motif_center	T_NK
RUNX3	Dendritic_cell	141	0.004023398783544368	37694	37694	cutsite_bigwig	motif_center	T_NK
RUNX3	Dendritic_cell	142	0.003908933984343918	37694	37694	cutsite_bigwig	motif_center	T_NK
RUNX3	Dendritic_cell	143	0.0037477488519374134	37694	37694	cutsite_bigwig	motif_center	T_NK
RUNX3	Dendritic_cell	144	0.0037641009705138913	37694	37694	cutsite_bigwig	motif_center	T_NK
RUNX3	Dendritic_cell	145	0.00383340279123173	37694	37694	cutsite_bigwig	motif_center	T_NK
RUNX3	Dendritic_cell	146	0.0035647609103938507	37694	37694	cutsite_bigwig	motif_center	T_NK
RUNX3	Dendritic_cell	147	0.003662094924996821	37694	37694	cutsite_bigwig	motif_center	T_NK
RUNX3	Dendritic_cell	148	0.0035491874704391734	37694	37694	cutsite_bigwig	motif_center	T_NK
RUNX3	Dendritic_cell	149	0.0035951291202301816	37694	37694	cutsite_bigwig	motif_center	T_NK
RUNX3	Dendritic_cell	150	0.003940080868898272	37694	37694	cutsite_bigwig	motif_center	T_NK
RUNX3	Dendritic_cell	151	0.003884016477224232	37694	37694	cutsite_bigwig	motif_center	T_NK
RUNX3	Dendritic_cell	152	0.003984465180964563	37694	37694	cutsite_bigwig	motif_center	T_NK
RUNX3	Dendritic_cell	153	0.0037578715965382653	37694	37694	cutsite_bigwig	motif_center	T_NK
RUNX3	Dendritic_cell	154	0.003472877606315079	37694	37694	cutsite_bigwig	motif_center	T_NK
RUNX3	Dendritic_cell	155	0.003546851451177176	37694	37694	cutsite_bigwig	motif_center	T_NK
RUNX3	Dendritic_cell	156	0.003474434951699105	37694	37694	cutsite_bigwig	motif_center	T_NK
RUNX3	Dendritic_cell	157	0.0037313967462088084	37694	37694	cutsite_bigwig	motif_center	T_NK
RUNX3	Dendritic_cell	158	0.003608366552881267	37694	37694	cutsite_bigwig	motif_center	T_NK
RUNX3	Dendritic_cell	159	0.0035888997479840766	37694	37694	cutsite_bigwig	motif_center	T_NK
RUNX3	Dendritic_cell	160	0.0036184892899710545	37694	37694	cutsite_bigwig	motif_center	T_NK
RUNX3	Dendritic_cell	161	0.0037742237112109666	37694	37694	cutsite_bigwig	motif_center	T_NK
RUNX3	Dendritic_cell	162	0.0037999198877118672	37694	37694	cutsite_bigwig	motif_center	T_NK
RUNX3	Dendritic_cell	163	0.00362705467960139	37694	37694	cutsite_bigwig	motif_center	T_NK
RUNX3	Dendritic_cell	164	0.0035211552721561156	37694	37694	cutsite_bigwig	motif_center	T_NK
RUNX3	Dendritic_cell	165	0.003529720664850175	37694	37694	cutsite_bigwig	motif_center	T_NK
RUNX3	Dendritic_cell	166	0.0036823404042167157	37694	37694	cutsite_bigwig	motif_center	T_NK
RUNX3	Dendritic_cell	167	0.003704921891432011	37694	37694	cutsite_bigwig	motif_center	T_NK
RUNX3	Dendritic_cell	168	0.0038295094285128875	37694	37694	cutsite_bigwig	motif_center	T_NK
RUNX3	Dendritic_cell	169	0.0035764409934606434	37694	37694	cutsite_bigwig	motif_center	T_NK
RUNX3	Dendritic_cell	170	0.003518819258478002	37694	37694	cutsite_bigwig	motif_center	T_NK
RUNX3	Dendritic_cell	171	0.0036340627317046677	37694	37694	cutsite_bigwig	motif_center	T_NK
RUNX3	Dendritic_cell	172	0.003496237769533185	37694	37694	cutsite_bigwig	motif_center	T_NK
RUNX3	Dendritic_cell	173	0.003742298153915184	37694	37694	cutsite_bigwig	motif_center	T_NK
RUNX3	Dendritic_cell	174	0.0034627548660627378	37694	37694	cutsite_bigwig	motif_center	T_NK
RUNX3	Dendritic_cell	175	0.0034230425899014513	37694	37694	cutsite_bigwig	motif_center	T_NK
RUNX3	Dendritic_cell	176	0.003706479232121622	37694	37694	cutsite_bigwig	motif_center	T_NK
RUNX3	Dendritic_cell	177	0.003632505386024152	37694	37694	cutsite_bigwig	motif_center	T_NK
RUNX3	Dendritic_cell	178	0.0039027046032525463	37694	37694	cutsite_bigwig	motif_center	T_NK
RUNX3	Dendritic_cell	179	0.003544515434534169	37694	37694	cutsite_bigwig	motif_center	T_NK
RUNX3	Dendritic_cell	180	0.003756314249276473	37694	37694	cutsite_bigwig	motif_center	T_NK
RUNX3	Dendritic_cell	181	0.003680783058684445	37694	37694	cutsite_bigwig	motif_center	T_NK
RUNX3	Dendritic_cell	182	0.003798362539906511	37694	37694	cutsite_bigwig	motif_center	T_NK
RUNX3	Dendritic_cell	183	0.003713487287041549	37694	37694	cutsite_bigwig	motif_center	T_NK
RUNX3	Dendritic_cell	184	0.003586563734800112	37694	37694	cutsite_bigwig	motif_center	T_NK
RUNX3	Dendritic_cell	185	0.00338878101655564	37694	37694	cutsite_bigwig	motif_center	T_NK
RUNX3	Dendritic_cell	186	0.0034573041602329545	37694	37694	cutsite_bigwig	motif_center	T_NK
RUNX3	Dendritic_cell	187	0.003662094924008523	37694	37694	cutsite_bigwig	motif_center	T_NK
RUNX3	Dendritic_cell	188	0.0036177106157471795	37694	37694	cutsite_bigwig	motif_center	T_NK
RUNX3	Dendritic_cell	189	0.0035359500477698974	37694	37694	cutsite_bigwig	motif_center	T_NK
RUNX3	Dendritic_cell	190	0.0035990224879893433	37694	37694	cutsite_bigwig	motif_center	T_NK
RUNX3	Dendritic_cell	191	0.0035639822389372097	37694	37694	cutsite_bigwig	motif_center	T_NK
RUNX3	Dendritic_cell	192	0.003665209615517799	37694	37694	cutsite_bigwig	motif_center	T_NK
RUNX3	Dendritic_cell	193	0.00358889974650163	37694	37694	cutsite_bigwig	motif_center	T_NK
RUNX3	Dendritic_cell	194	0.0034611975230506263	37694	37694	cutsite_bigwig	motif_center	T_NK
RUNX3	Dendritic_cell	195	0.003732175415392364	37694	37694	cutsite_bigwig	motif_center	T_NK
RUNX3	Dendritic_cell	196	0.0034970164353565277	37694	37694	cutsite_bigwig	motif_center	T_NK
RUNX3	Dendritic_cell	197	0.0036893484488089295	37694	37694	cutsite_bigwig	motif_center	T_NK
RUNX3	Dendritic_cell	198	0.00343628001158243	37694	37694	cutsite_bigwig	motif_center	T_NK
RUNX3	Dendritic_cell	199	0.00322448119466587	37694	37694	cutsite_bigwig	motif_center	T_NK
RUNX3	Dendritic_cell	200	0.0035912357604268178	37694	37694	cutsite_bigwig	motif_center	T_NK
RUNX3	Dendritic_cell	201	0.003649636173635941	37694	37694	cutsite_bigwig	motif_center	T_NK
RUNX3	Dendritic_cell	202	0.003500131124839793	37694	37694	cutsite_bigwig	motif_center	T_NK
RUNX3	Dendritic_cell	203	0.003663652266724145	37694	37694	cutsite_bigwig	motif_center	T_NK
RUNX3	Dendritic_cell	204	0.003375543586029395	37694	37694	cutsite_bigwig	motif_center	T_NK
RUNX3	Dendritic_cell	205	0.0034261572785940783	37694	37694	cutsite_bigwig	motif_center	T_NK
RUNX3	Dendritic_cell	206	0.0037095939267440367	37694	37694	cutsite_bigwig	motif_center	T_NK
RUNX3	Dendritic_cell	207	0.0036745536755670625	37694	37694	cutsite_bigwig	motif_center	T_NK
RUNX3	Dendritic_cell	208	0.003628612025677225	37694	37694	cutsite_bigwig	motif_center	T_NK
RUNX3	Dendritic_cell	209	0.003467426894555508	37694	37694	cutsite_bigwig	motif_center	T_NK
RUNX3	Dendritic_cell	210	0.0034487387682307037	37694	37694	cutsite_bigwig	motif_center	T_NK
RUNX3	Dendritic_cell	211	0.0034837790085364	37694	37694	cutsite_bigwig	motif_center	T_NK
RUNX3	Dendritic_cell	212	0.0034783283116012983	37694	37694	cutsite_bigwig	motif_center	T_NK
RUNX3	Dendritic_cell	213	0.0033786582774892565	37694	37694	cutsite_bigwig	motif_center	T_NK
RUNX3	Dendritic_cell	214	0.003374764915215148	37694	37694	cutsite_bigwig	motif_center	T_NK
RUNX3	Dendritic_cell	215	0.003642628126424738	37694	37694	cutsite_bigwig	motif_center	T_NK
RUNX3	Dendritic_cell	216	0.003293783018595677	37694	37694	cutsite_bigwig	motif_center	T_NK
RUNX3	Dendritic_cell	217	0.003341282016439116	37694	37694	cutsite_bigwig	motif_center	T_NK
RUNX3	Dendritic_cell	218	0.003446402752081845	37694	37694	cutsite_bigwig	motif_center	T_NK
RUNX3	Dendritic_cell	219	0.003441730722897267	37694	37694	cutsite_bigwig	motif_center	T_NK
RUNX3	Dendritic_cell	220	0.0034596401805326643	37694	37694	cutsite_bigwig	motif_center	T_NK
RUNX3	Dendritic_cell	221	0.00329222567350814	37694	37694	cutsite_bigwig	motif_center	T_NK
RUNX3	Dendritic_cell	222	0.0034059118024379075	37694	37694	cutsite_bigwig	motif_center	T_NK
RUNX3	Dendritic_cell	223	0.0033288232655723847	37694	37694	cutsite_bigwig	motif_center	T_NK
RUNX3	Dendritic_cell	224	0.0034284932958794797	37694	37694	cutsite_bigwig	motif_center	T_NK
RUNX3	Dendritic_cell	225	0.003476770969280996	37694	37694	cutsite_bigwig	motif_center	T_NK
RUNX3	Dendritic_cell	226	0.00332960193243344	37694	37694	cutsite_bigwig	motif_center	T_NK
RUNX3	Dendritic_cell	227	0.0033856663265782257	37694	37694	cutsite_bigwig	motif_center	T_NK
RUNX3	Dendritic_cell	228	0.003409805161302388	37694	37694	cutsite_bigwig	motif_center	T_NK
RUNX3	Dendritic_cell	229	0.003304684429563435	37694	37694	cutsite_bigwig	motif_center	T_NK
RUNX3	Dendritic_cell	230	0.003347511393774955	37694	37694	cutsite_bigwig	motif_center	T_NK
RUNX3	Dendritic_cell	231	0.0034471814244773687	37694	37694	cutsite_bigwig	motif_center	T_NK
RUNX3	Dendritic_cell	232	0.003359191476149939	37694	37694	cutsite_bigwig	motif_center	T_NK
RUNX3	Dendritic_cell	233	0.003352183426566821	37694	37694	cutsite_bigwig	motif_center	T_NK
RUNX3	Dendritic_cell	234	0.003380994292155668	37694	37694	cutsite_bigwig	motif_center	T_NK
RUNX3	Dendritic_cell	235	0.0035055818368464387	37694	37694	cutsite_bigwig	motif_center	T_NK
RUNX3	Dendritic_cell	236	0.0034962377694343553	37694	37694	cutsite_bigwig	motif_center	T_NK
RUNX3	Dendritic_cell	237	0.0038474188887178597	37694	37694	cutsite_bigwig	motif_center	T_NK
RUNX3	Dendritic_cell	238	0.003461197522358818	37694	37694	cutsite_bigwig	motif_center	T_NK
RUNX3	Dendritic_cell	239	0.003409805164069622	37694	37694	cutsite_bigwig	motif_center	T_NK
RUNX3	Dendritic_cell	240	0.0032766522333063882	37694	37694	cutsite_bigwig	motif_center	T_NK
RUNX3	Dendritic_cell	241	0.003397346409200284	37694	37694	cutsite_bigwig	motif_center	T_NK
RUNX3	Dendritic_cell	242	0.0033903383626808898	37694	37694	cutsite_bigwig	motif_center	T_NK
RUNX3	Dendritic_cell	243	0.003591235766208361	37694	37694	cutsite_bigwig	motif_center	T_NK
RUNX3	Dendritic_cell	244	0.003401239770189605	37694	37694	cutsite_bigwig	motif_center	T_NK
RUNX3	Dendritic_cell	245	0.0033817729651441706	37694	37694	cutsite_bigwig	motif_center	T_NK
RUNX3	Dendritic_cell	246	0.0032844389493058277	37694	37694	cutsite_bigwig	motif_center	T_NK
RUNX3	Dendritic_cell	247	0.003106901709787101	37694	37694	cutsite_bigwig	motif_center	T_NK
RUNX3	Dendritic_cell	248	0.003162966104277791	37694	37694	cutsite_bigwig	motif_center	T_NK
RUNX3	Dendritic_cell	249	0.0035266059753669096	37694	37694	cutsite_bigwig	motif_center	T_NK
RUNX3	Mixed_myeloid	-250	0.0031552659112932626	37694	37694	cutsite_bigwig	motif_center	T_NK
RUNX3	Mixed_myeloid	-249	0.0032263920721153482	37694	37694	cutsite_bigwig	motif_center	T_NK
RUNX3	Mixed_myeloid	-248	0.0031497946707074722	37694	37694	cutsite_bigwig	motif_center	T_NK
RUNX3	Mixed_myeloid	-247	0.0030868753738277958	37694	37694	cutsite_bigwig	motif_center	T_NK
RUNX3	Mixed_myeloid	-246	0.003206695595372417	37694	37694	cutsite_bigwig	motif_center	T_NK
RUNX3	Mixed_myeloid	-245	0.003353872033089183	37694	37694	cutsite_bigwig	motif_center	T_NK
RUNX3	Mixed_myeloid	-244	0.0031716796379921233	37694	37694	cutsite_bigwig	motif_center	T_NK
RUNX3	Mixed_myeloid	-243	0.003116420087657405	37694	37694	cutsite_bigwig	motif_center	T_NK
RUNX3	Mixed_myeloid	-242	0.002969243643022554	37694	37694	cutsite_bigwig	motif_center	T_NK
RUNX3	Mixed_myeloid	-241	0.003056783537066267	37694	37694	cutsite_bigwig	motif_center	T_NK
RUNX3	Mixed_myeloid	-240	0.003169491139939339	37694	37694	cutsite_bigwig	motif_center	T_NK
RUNX3	Mixed_myeloid	-239	0.0031240798247147033	37694	37694	cutsite_bigwig	motif_center	T_NK
RUNX3	Mixed_myeloid	-238	0.0031032890975617624	37694	37694	cutsite_bigwig	motif_center	T_NK
RUNX3	Mixed_myeloid	-237	0.003121344201951063	37694	37694	cutsite_bigwig	motif_center	T_NK
RUNX3	Mixed_myeloid	-236	0.003089063864764835	37694	37694	cutsite_bigwig	motif_center	T_NK
RUNX3	Mixed_myeloid	-235	0.0030359928053671557	37694	37694	cutsite_bigwig	motif_center	T_NK
RUNX3	Mixed_myeloid	-234	0.0030819512528137117	37694	37694	cutsite_bigwig	motif_center	T_NK
RUNX3	Mixed_myeloid	-233	0.00319082898962888	37694	37694	cutsite_bigwig	motif_center	T_NK
RUNX3	Mixed_myeloid	-232	0.003325968700705545	37694	37694	cutsite_bigwig	motif_center	T_NK
RUNX3	Mixed_myeloid	-231	0.0032893113689950247	37694	37694	cutsite_bigwig	motif_center	T_NK
RUNX3	Mixed_myeloid	-230	0.003240070177038867	37694	37694	cutsite_bigwig	motif_center	T_NK
RUNX3	Mixed_myeloid	-229	0.0032050542244024035	37694	37694	cutsite_bigwig	motif_center	T_NK
RUNX3	Mixed_myeloid	-228	0.0034195269473956905	37694	37694	cutsite_bigwig	motif_center	T_NK
RUNX3	Mixed_myeloid	-227	0.003217090959146547	37694	37694	cutsite_bigwig	motif_center	T_NK
RUNX3	Mixed_myeloid	-226	0.003046388173687456	37694	37694	cutsite_bigwig	motif_center	T_NK
RUNX3	Mixed_myeloid	-225	0.0031043833509366656	37694	37694	cutsite_bigwig	motif_center	T_NK
RUNX3	Mixed_myeloid	-224	0.003118608581559338	37694	37694	cutsite_bigwig	motif_center	T_NK
RUNX3	Mixed_myeloid	-223	0.0032263920729059866	37694	37694	cutsite_bigwig	motif_center	T_NK
RUNX3	Mixed_myeloid	-222	0.0032521069054579034	37694	37694	cutsite_bigwig	motif_center	T_NK
RUNX3	Mixed_myeloid	-221	0.0029993354811677	37694	37694	cutsite_bigwig	motif_center	T_NK
RUNX3	Mixed_myeloid	-220	0.003114778712141221	37694	37694	cutsite_bigwig	motif_center	T_NK
RUNX3	Mixed_myeloid	-219	0.003099459234666412	37694	37694	cutsite_bigwig	motif_center	T_NK
RUNX3	Mixed_myeloid	-218	0.0030272388182951675	37694	37694	cutsite_bigwig	motif_center	T_NK
RUNX3	Mixed_myeloid	-217	0.0032526540343196107	37694	37694	cutsite_bigwig	motif_center	T_NK
RUNX3	Mixed_myeloid	-216	0.0032395230560835434	37694	37694	cutsite_bigwig	motif_center	T_NK
RUNX3	Mixed_myeloid	-215	0.003080857004973277	37694	37694	cutsite_bigwig	motif_center	T_NK
RUNX3	Mixed_myeloid	-214	0.0031530774156123932	37694	37694	cutsite_bigwig	motif_center	T_NK
RUNX3	Mixed_myeloid	-213	0.003089063865555473	37694	37694	cutsite_bigwig	motif_center	T_NK
RUNX3	Mixed_myeloid	-212	0.003057877779965212	37694	37694	cutsite_bigwig	motif_center	T_NK
RUNX3	Mixed_myeloid	-211	0.0030841397524477726	37694	37694	cutsite_bigwig	motif_center	T_NK
RUNX3	Mixed_myeloid	-210	0.0032389759317680068	37694	37694	cutsite_bigwig	motif_center	T_NK
RUNX3	Mixed_myeloid	-209	0.003132833817716479	37694	37694	cutsite_bigwig	motif_center	T_NK
RUNX3	Mixed_myeloid	-208	0.003261955148672029	37694	37694	cutsite_bigwig	motif_center	T_NK
RUNX3	Mixed_myeloid	-207	0.0030529536615207025	37694	37694	cutsite_bigwig	motif_center	T_NK
RUNX3	Mixed_myeloid	-206	0.00309891210817662	37694	37694	cutsite_bigwig	motif_center	T_NK
RUNX3	Mixed_myeloid	-205	0.0033144790837541715	37694	37694	cutsite_bigwig	motif_center	T_NK
RUNX3	Mixed_myeloid	-204	0.003266879267709517	37694	37694	cutsite_bigwig	motif_center	T_NK
RUNX3	Mixed_myeloid	-203	0.003381775373774523	37694	37694	cutsite_bigwig	motif_center	T_NK
RUNX3	Mixed_myeloid	-202	0.0035059725965638625	37694	37694	cutsite_bigwig	motif_center	T_NK
RUNX3	Mixed_myeloid	-201	0.003405301717168337	37694	37694	cutsite_bigwig	motif_center	T_NK
RUNX3	Mixed_myeloid	-200	0.0031569072826585953	37694	37694	cutsite_bigwig	motif_center	T_NK
RUNX3	Mixed_myeloid	-199	0.0031147787083856886	37694	37694	cutsite_bigwig	motif_center	T_NK
RUNX3	Mixed_myeloid	-198	0.003311743458420957	37694	37694	cutsite_bigwig	motif_center	T_NK
RUNX3	Mixed_myeloid	-197	0.0034578256552153736	37694	37694	cutsite_bigwig	motif_center	T_NK
RUNX3	Mixed_myeloid	-196	0.003519650703661637	37694	37694	cutsite_bigwig	motif_center	T_NK
RUNX3	Mixed_myeloid	-195	0.003507613967533876	37694	37694	cutsite_bigwig	motif_center	T_NK
RUNX3	Mixed_myeloid	-194	0.003315573332780564	37694	37694	cutsite_bigwig	motif_center	T_NK
RUNX3	Mixed_myeloid	-193	0.0034758807588140357	37694	37694	cutsite_bigwig	motif_center	T_NK
RUNX3	Mixed_myeloid	-192	0.0034578256508668625	37694	37694	cutsite_bigwig	motif_center	T_NK
RUNX3	Mixed_myeloid	-191	0.0033511364150693728	37694	37694	cutsite_bigwig	motif_center	T_NK
RUNX3	Mixed_myeloid	-190	0.003349495041727444	37694	37694	cutsite_bigwig	motif_center	T_NK
RUNX3	Mixed_myeloid	-189	0.003333628435983907	37694	37694	cutsite_bigwig	motif_center	T_NK
RUNX3	Mixed_myeloid	-188	0.0033101020862649857	37694	37694	cutsite_bigwig	motif_center	T_NK
RUNX3	Mixed_myeloid	-187	0.003399830475989568	37694	37694	cutsite_bigwig	motif_center	T_NK
RUNX3	Mixed_myeloid	-186	0.003281104500901764	37694	37694	cutsite_bigwig	motif_center	T_NK
RUNX3	Mixed_myeloid	-185	0.003405848851564513	37694	37694	cutsite_bigwig	motif_center	T_NK
RUNX3	Mixed_myeloid	-184	0.0034753336346961586	37694	37694	cutsite_bigwig	motif_center	T_NK
RUNX3	Mixed_myeloid	-183	0.0034622026479607295	37694	37694	cutsite_bigwig	motif_center	T_NK
RUNX3	Mixed_myeloid	-182	0.003499954228104663	37694	37694	cutsite_bigwig	motif_center	T_NK
RUNX3	Mixed_myeloid	-181	0.003193017487088685	37694	37694	cutsite_bigwig	motif_center	T_NK
RUNX3	Mixed_myeloid	-180	0.0031503417928487533	37694	37694	cutsite_bigwig	motif_center	T_NK
RUNX3	Mixed_myeloid	-179	0.0033746627600444636	37694	37694	cutsite_bigwig	motif_center	T_NK
RUNX3	Mixed_myeloid	-178	0.003338552556997991	37694	37694	cutsite_bigwig	motif_center	T_NK
RUNX3	Mixed_myeloid	-177	0.0034463360347061277	37694	37694	cutsite_bigwig	motif_center	T_NK
RUNX3	Mixed_myeloid	-176	0.0034829933749160103	37694	37694	cutsite_bigwig	motif_center	T_NK
RUNX3	Mixed_myeloid	-175	0.0030917994906910283	37694	37694	cutsite_bigwig	motif_center	T_NK
RUNX3	Mixed_myeloid	-174	0.0030934408612657226	37694	37694	cutsite_bigwig	motif_center	T_NK
RUNX3	Mixed_myeloid	-173	0.0033872466173252075	37694	37694	cutsite_bigwig	motif_center	T_NK
RUNX3	Mixed_myeloid	-172	0.0035874941122653967	37694	37694	cutsite_bigwig	motif_center	T_NK
RUNX3	Mixed_myeloid	-171	0.0034315636870813236	37694	37694	cutsite_bigwig	motif_center	T_NK
RUNX3	Mixed_myeloid	-170	0.003305725096879843	37694	37694	cutsite_bigwig	motif_center	T_NK
RUNX3	Mixed_myeloid	-169	0.003311196340628187	37694	37694	cutsite_bigwig	motif_center	T_NK
RUNX3	Mixed_myeloid	-168	0.003342382426811427	37694	37694	cutsite_bigwig	motif_center	T_NK
RUNX3	Mixed_myeloid	-167	0.003217090957169951	37694	37694	cutsite_bigwig	motif_center	T_NK
RUNX3	Mixed_myeloid	-166	0.003427186690382776	37694	37694	cutsite_bigwig	motif_center	T_NK
RUNX3	Mixed_myeloid	-165	0.0033686443874344127	37694	37694	cutsite_bigwig	motif_center	T_NK
RUNX3	Mixed_myeloid	-164	0.0031339280588364876	37694	37694	cutsite_bigwig	motif_center	T_NK
RUNX3	Mixed_myeloid	-163	0.003381228255586434	37694	37694	cutsite_bigwig	motif_center	T_NK
RUNX3	Mixed_myeloid	-162	0.003171679638189783	37694	37694	cutsite_bigwig	motif_center	T_NK
RUNX3	Mixed_myeloid	-161	0.0032882171170037387	37694	37694	cutsite_bigwig	motif_center	T_NK
RUNX3	Mixed_myeloid	-160	0.0031875462403754477	37694	37694	cutsite_bigwig	motif_center	T_NK
RUNX3	Mixed_myeloid	-159	0.0033768512582949078	37694	37694	cutsite_bigwig	motif_center	T_NK
RUNX3	Mixed_myeloid	-158	0.0032750861373840546	37694	37694	cutsite_bigwig	motif_center	T_NK
RUNX3	Mixed_myeloid	-157	0.0032805573767838874	37694	37694	cutsite_bigwig	motif_center	T_NK
RUNX3	Mixed_myeloid	-156	0.0033648145186092743	37694	37694	cutsite_bigwig	motif_center	T_NK
RUNX3	Mixed_myeloid	-155	0.0034687681371775927	37694	37694	cutsite_bigwig	motif_center	T_NK
RUNX3	Mixed_myeloid	-154	0.0035699861345635476	37694	37694	cutsite_bigwig	motif_center	T_NK
RUNX3	Mixed_myeloid	-153	0.003463844021895637	37694	37694	cutsite_bigwig	motif_center	T_NK
RUNX3	Mixed_myeloid	-152	0.00324171155314803	37694	37694	cutsite_bigwig	motif_center	T_NK
RUNX3	Mixed_myeloid	-151	0.0033363640613171216	37694	37694	cutsite_bigwig	motif_center	T_NK
RUNX3	Mixed_myeloid	-150	0.0033954534836395317	37694	37694	cutsite_bigwig	motif_center	T_NK
RUNX3	Mixed_myeloid	-149	0.0036821466261666162	37694	37694	cutsite_bigwig	motif_center	T_NK
RUNX3	Mixed_myeloid	-148	0.0035344230585998455	37694	37694	cutsite_bigwig	motif_center	T_NK
RUNX3	Mixed_myeloid	-147	0.0033894351149826724	37694	37694	cutsite_bigwig	motif_center	T_NK
RUNX3	Mixed_myeloid	-146	0.0033445709215039984	37694	37694	cutsite_bigwig	motif_center	T_NK
RUNX3	Mixed_myeloid	-145	0.00326523789357695	37694	37694	cutsite_bigwig	motif_center	T_NK
RUNX3	Mixed_myeloid	-144	0.003422809700799974	37694	37694	cutsite_bigwig	motif_center	T_NK
RUNX3	Mixed_myeloid	-143	0.0033828696206266596	37694	37694	cutsite_bigwig	motif_center	T_NK
RUNX3	Mixed_myeloid	-142	0.00340530172547004	37694	37694	cutsite_bigwig	motif_center	T_NK
RUNX3	Mixed_myeloid	-141	0.0033998304795474408	37694	37694	cutsite_bigwig	motif_center	T_NK
RUNX3	Mixed_myeloid	-140	0.0037401417988696555	37694	37694	cutsite_bigwig	motif_center	T_NK
RUNX3	Mixed_myeloid	-139	0.0034775221250402193	37694	37694	cutsite_bigwig	motif_center	T_NK
RUNX3	Mixed_myeloid	-138	0.003530593184635558	37694	37694	cutsite_bigwig	motif_center	T_NK
RUNX3	Mixed_myeloid	-137	0.003316120461049292	37694	37694	cutsite_bigwig	motif_center	T_NK
RUNX3	Mixed_myeloid	-136	0.0034375820525756294	37694	37694	cutsite_bigwig	motif_center	T_NK
RUNX3	Mixed_myeloid	-135	0.0035869469917053924	37694	37694	cutsite_bigwig	motif_center	T_NK
RUNX3	Mixed_myeloid	-134	0.003673939758863994	37694	37694	cutsite_bigwig	motif_center	T_NK
RUNX3	Mixed_myeloid	-133	0.0034944829827750425	37694	37694	cutsite_bigwig	motif_center	T_NK
RUNX3	Mixed_myeloid	-132	0.003464938269933731	37694	37694	cutsite_bigwig	motif_center	T_NK
RUNX3	Mixed_myeloid	-131	0.003461655522063916	37694	37694	cutsite_bigwig	motif_center	T_NK
RUNX3	Mixed_myeloid	-130	0.0034031132260336386	37694	37694	cutsite_bigwig	motif_center	T_NK
RUNX3	Mixed_myeloid	-129	0.0034868232403809356	37694	37694	cutsite_bigwig	motif_center	T_NK
RUNX3	Mixed_myeloid	-128	0.0034961243539427156	37694	37694	cutsite_bigwig	motif_center	T_NK
RUNX3	Mixed_myeloid	-127	0.003359343280395399	37694	37694	cutsite_bigwig	motif_center	T_NK
RUNX3	Mixed_myeloid	-126	0.0034676738911160942	37694	37694	cutsite_bigwig	motif_center	T_NK
RUNX3	Mixed_myeloid	-125	0.0035502896615761488	37694	37694	cutsite_bigwig	motif_center	T_NK
RUNX3	Mixed_myeloid	-124	0.003736859053174096	37694	37694	cutsite_bigwig	motif_center	T_NK
RUNX3	Mixed_myeloid	-123	0.003660808773907501	37694	37694	cutsite_bigwig	motif_center	T_NK
RUNX3	Mixed_myeloid	-122	0.0034786163780198033	37694	37694	cutsite_bigwig	motif_center	T_NK
RUNX3	Mixed_myeloid	-121	0.003703484475856157	37694	37694	cutsite_bigwig	motif_center	T_NK
RUNX3	Mixed_myeloid	-120	0.003642206550934792	37694	37694	cutsite_bigwig	motif_center	T_NK
RUNX3	Mixed_myeloid	-119	0.0032127139646222548	37694	37694	cutsite_bigwig	motif_center	T_NK
RUNX3	Mixed_myeloid	-118	0.0032597666575373305	37694	37694	cutsite_bigwig	motif_center	T_NK
RUNX3	Mixed_myeloid	-117	0.0034042074722927963	37694	37694	cutsite_bigwig	motif_center	T_NK
RUNX3	Mixed_myeloid	-116	0.003590776868041595	37694	37694	cutsite_bigwig	motif_center	T_NK
RUNX3	Mixed_myeloid	-115	0.0038189276985279752	37694	37694	cutsite_bigwig	motif_center	T_NK
RUNX3	Mixed_myeloid	-114	0.003718803949377774	37694	37694	cutsite_bigwig	motif_center	T_NK
RUNX3	Mixed_myeloid	-113	0.003383963874792201	37694	37694	cutsite_bigwig	motif_center	T_NK
RUNX3	Mixed_myeloid	-112	0.003375757006698941	37694	37694	cutsite_bigwig	motif_center	T_NK
RUNX3	Mixed_myeloid	-111	0.0034501659157861607	37694	37694	cutsite_bigwig	motif_center	T_NK
RUNX3	Mixed_myeloid	-110	0.0035858527424813403	37694	37694	cutsite_bigwig	motif_center	T_NK
RUNX3	Mixed_myeloid	-109	0.003504331219664061	37694	37694	cutsite_bigwig	motif_center	T_NK
RUNX3	Mixed_myeloid	-108	0.003623057197716759	37694	37694	cutsite_bigwig	motif_center	T_NK
RUNX3	Mixed_myeloid	-107	0.003482446250007495	37694	37694	cutsite_bigwig	motif_center	T_NK
RUNX3	Mixed_myeloid	-106	0.003608831963931533	37694	37694	cutsite_bigwig	motif_center	T_NK
RUNX3	Mixed_myeloid	-105	0.003619774452811838	37694	37694	cutsite_bigwig	motif_center	T_NK
RUNX3	Mixed_myeloid	-104	0.0034419590504601344	37694	37694	cutsite_bigwig	motif_center	T_NK
RUNX3	Mixed_myeloid	-103	0.0034359406839775306	37694	37694	cutsite_bigwig	motif_center	T_NK
RUNX3	Mixed_myeloid	-102	0.0035853056193517617	37694	37694	cutsite_bigwig	motif_center	T_NK
RUNX3	Mixed_myeloid	-101	0.003643847916567997	37694	37694	cutsite_bigwig	motif_center	T_NK
RUNX3	Mixed_myeloid	-100	0.003798684098457806	37694	37694	cutsite_bigwig	motif_center	T_NK
RUNX3	Mixed_myeloid	-99	0.003789930112571775	37694	37694	cutsite_bigwig	motif_center	T_NK
RUNX3	Mixed_myeloid	-98	0.0036476777919159016	37694	37694	cutsite_bigwig	motif_center	T_NK
RUNX3	Mixed_myeloid	-97	0.003633452559514293	37694	37694	cutsite_bigwig	motif_center	T_NK
RUNX3	Mixed_myeloid	-96	0.003758196899898743	37694	37694	cutsite_bigwig	motif_center	T_NK
RUNX3	Mixed_myeloid	-95	0.0034797106264532166	37694	37694	cutsite_bigwig	motif_center	T_NK
RUNX3	Mixed_myeloid	-94	0.0036766753786627404	37694	37694	cutsite_bigwig	motif_center	T_NK
RUNX3	Mixed_myeloid	-93	0.0037587440244119387	37694	37694	cutsite_bigwig	motif_center	T_NK
RUNX3	Mixed_myeloid	-92	0.0038900538625126144	37694	37694	cutsite_bigwig	motif_center	T_NK
RUNX3	Mixed_myeloid	-91	0.0036706570167263073	37694	37694	cutsite_bigwig	motif_center	T_NK
RUNX3	Mixed_myeloid	-90	0.0035863998705524093	37694	37694	cutsite_bigwig	motif_center	T_NK
RUNX3	Mixed_myeloid	-89	0.003511443837149653	37694	37694	cutsite_bigwig	motif_center	T_NK
RUNX3	Mixed_myeloid	-88	0.003658073153515776	37694	37694	cutsite_bigwig	motif_center	T_NK
RUNX3	Mixed_myeloid	-87	0.003717709696793509	37694	37694	cutsite_bigwig	motif_center	T_NK
RUNX3	Mixed_myeloid	-86	0.003504878346351513	37694	37694	cutsite_bigwig	motif_center	T_NK
RUNX3	Mixed_myeloid	-85	0.00349940709746402	37694	37694	cutsite_bigwig	motif_center	T_NK
RUNX3	Mixed_myeloid	-84	0.003536064432534753	37694	37694	cutsite_bigwig	motif_center	T_NK
RUNX3	Mixed_myeloid	-83	0.0035918711150913912	37694	37694	cutsite_bigwig	motif_center	T_NK
RUNX3	Mixed_myeloid	-82	0.0037620267728747324	37694	37694	cutsite_bigwig	motif_center	T_NK
RUNX3	Mixed_myeloid	-81	0.003752178534997416	37694	37694	cutsite_bigwig	motif_center	T_NK
RUNX3	Mixed_myeloid	-80	0.003487370362917536	37694	37694	cutsite_bigwig	motif_center	T_NK
RUNX3	Mixed_myeloid	-79	0.0036033607195902107	37694	37694	cutsite_bigwig	motif_center	T_NK
RUNX3	Mixed_myeloid	-78	0.0037932128596509514	37694	37694	cutsite_bigwig	motif_center	T_NK
RUNX3	Mixed_myeloid	-77	0.0036126618357215654	37694	37694	cutsite_bigwig	motif_center	T_NK
RUNX3	Mixed_myeloid	-76	0.0034627497734622233	37694	37694	cutsite_bigwig	motif_center	T_NK
RUNX3	Mixed_myeloid	-75	0.0035212920754222887	37694	37694	cutsite_bigwig	motif_center	T_NK
RUNX3	Mixed_myeloid	-74	0.003589135487583921	37694	37694	cutsite_bigwig	motif_center	T_NK
RUNX3	Mixed_myeloid	-73	0.0037368590525811173	37694	37694	cutsite_bigwig	motif_center	T_NK
RUNX3	Mixed_myeloid	-72	0.0038369828035102545	37694	37694	cutsite_bigwig	motif_center	T_NK
RUNX3	Mixed_myeloid	-71	0.00399838447303565	37694	37694	cutsite_bigwig	motif_center	T_NK
RUNX3	Mixed_myeloid	-70	0.003765856643083488	37694	37694	cutsite_bigwig	motif_center	T_NK
RUNX3	Mixed_myeloid	-69	0.003563967768673923	37694	37694	cutsite_bigwig	motif_center	T_NK
RUNX3	Mixed_myeloid	-68	0.0035125380869666834	37694	37694	cutsite_bigwig	motif_center	T_NK
RUNX3	Mixed_myeloid	-67	0.0036903534891207274	37694	37694	cutsite_bigwig	motif_center	T_NK
RUNX3	Mixed_myeloid	-66	0.003809079469347681	37694	37694	cutsite_bigwig	motif_center	T_NK
RUNX3	Mixed_myeloid	-65	0.003816192076357314	37694	37694	cutsite_bigwig	motif_center	T_NK
RUNX3	Mixed_myeloid	-64	0.003916315826298153	37694	37694	cutsite_bigwig	motif_center	T_NK
RUNX3	Mixed_myeloid	-63	0.0036389238022743386	37694	37694	cutsite_bigwig	motif_center	T_NK
RUNX3	Mixed_myeloid	-62	0.0037921186080549845	37694	37694	cutsite_bigwig	motif_center	T_NK
RUNX3	Mixed_myeloid	-61	0.004108356460063168	37694	37694	cutsite_bigwig	motif_center	T_NK
RUNX3	Mixed_myeloid	-60	0.003908656090229154	37694	37694	cutsite_bigwig	motif_center	T_NK
RUNX3	Mixed_myeloid	-59	0.003740688926545405	37694	37694	cutsite_bigwig	motif_center	T_NK
RUNX3	Mixed_myeloid	-58	0.0038369828050915313	37694	37694	cutsite_bigwig	motif_center	T_NK
RUNX3	Mixed_myeloid	-57	0.0036389238002977426	37694	37694	cutsite_bigwig	motif_center	T_NK
RUNX3	Mixed_myeloid	-56	0.003539347176451376	37694	37694	cutsite_bigwig	motif_center	T_NK
RUNX3	Mixed_myeloid	-55	0.0037625738985738863	37694	37694	cutsite_bigwig	motif_center	T_NK
RUNX3	Mixed_myeloid	-54	0.003770233636026503	37694	37694	cutsite_bigwig	motif_center	T_NK
RUNX3	Mixed_myeloid	-53	0.00381728632340711	37694	37694	cutsite_bigwig	motif_center	T_NK
RUNX3	Mixed_myeloid	-52	0.0038533965335693283	37694	37694	cutsite_bigwig	motif_center	T_NK
RUNX3	Mixed_myeloid	-51	0.0038988078495846025	37694	37694	cutsite_bigwig	motif_center	T_NK
RUNX3	Mixed_myeloid	-50	0.0038167391996845527	37694	37694	cutsite_bigwig	motif_center	T_NK
RUNX3	Mixed_myeloid	-49	0.003745065919883739	37694	37694	cutsite_bigwig	motif_center	T_NK
RUNX3	Mixed_myeloid	-48	0.0036881649924515605	37694	37694	cutsite_bigwig	motif_center	T_NK
RUNX3	Mixed_myeloid	-47	0.003700201726602725	37694	37694	cutsite_bigwig	motif_center	T_NK
RUNX3	Mixed_myeloid	-46	0.003837529925453876	37694	37694	cutsite_bigwig	motif_center	T_NK
RUNX3	Mixed_myeloid	-45	0.0039037319648665587	37694	37694	cutsite_bigwig	motif_center	T_NK
RUNX3	Mixed_myeloid	-44	0.004197537727053491	37694	37694	cutsite_bigwig	motif_center	T_NK
RUNX3	Mixed_myeloid	-43	0.00415431490454483	37694	37694	cutsite_bigwig	motif_center	T_NK
RUNX3	Mixed_myeloid	-42	0.004007685587190409	37694	37694	cutsite_bigwig	motif_center	T_NK
RUNX3	Mixed_myeloid	-41	0.003659167405902381	37694	37694	cutsite_bigwig	motif_center	T_NK
RUNX3	Mixed_myeloid	-40	0.0038440954178332928	37694	37694	cutsite_bigwig	motif_center	T_NK
RUNX3	Mixed_myeloid	-39	0.0040071384638631705	37694	37694	cutsite_bigwig	motif_center	T_NK
RUNX3	Mixed_myeloid	-38	0.003923428445365022	37694	37694	cutsite_bigwig	motif_center	T_NK
RUNX3	Mixed_myeloid	-37	0.0039042790919493293	37694	37694	cutsite_bigwig	motif_center	T_NK
RUNX3	Mixed_myeloid	-36	0.004035041807315745	37694	37694	cutsite_bigwig	motif_center	T_NK
RUNX3	Mixed_myeloid	-35	0.003973763883382678	37694	37694	cutsite_bigwig	motif_center	T_NK
RUNX3	Mixed_myeloid	-34	0.0038435482943083945	37694	37694	cutsite_bigwig	motif_center	T_NK
RUNX3	Mixed_myeloid	-33	0.0039020905968614387	37694	37694	cutsite_bigwig	motif_center	T_NK
RUNX3	Mixed_myeloid	-32	0.0038982607304082154	37694	37694	cutsite_bigwig	motif_center	T_NK
RUNX3	Mixed_myeloid	-31	0.003923975572052474	37694	37694	cutsite_bigwig	motif_center	T_NK
RUNX3	Mixed_myeloid	-30	0.0037664037697709395	37694	37694	cutsite_bigwig	motif_center	T_NK
RUNX3	Mixed_myeloid	-29	0.003922334199303524	37694	37694	cutsite_bigwig	motif_center	T_NK
RUNX3	Mixed_myeloid	-28	0.0040591152730485	37694	37694	cutsite_bigwig	motif_center	T_NK
RUNX3	Mixed_myeloid	-27	0.0038807527489508344	37694	37694	cutsite_bigwig	motif_center	T_NK
RUNX3	Mixed_myeloid	-26	0.003863791894576224	37694	37694	cutsite_bigwig	motif_center	T_NK
RUNX3	Mixed_myeloid	-25	0.0038802056252282766	37694	37694	cutsite_bigwig	motif_center	T_NK
RUNX3	Mixed_myeloid	-24	0.003949143287602258	37694	37694	cutsite_bigwig	motif_center	T_NK
RUNX3	Mixed_myeloid	-23	0.004062398013802569	37694	37694	cutsite_bigwig	motif_center	T_NK
RUNX3	Mixed_myeloid	-22	0.004030117683534427	37694	37694	cutsite_bigwig	motif_center	T_NK
RUNX3	Mixed_myeloid	-21	0.004641255540430827	37694	37694	cutsite_bigwig	motif_center	T_NK
RUNX3	Mixed_myeloid	-20	0.004379182998823311	37694	37694	cutsite_bigwig	motif_center	T_NK
RUNX3	Mixed_myeloid	-19	0.004203008969615877	37694	37694	cutsite_bigwig	motif_center	T_NK
RUNX3	Mixed_myeloid	-18	0.004038324548662793	37694	37694	cutsite_bigwig	motif_center	T_NK
RUNX3	Mixed_myeloid	-17	0.003950237538012268	37694	37694	cutsite_bigwig	motif_center	T_NK
RUNX3	Mixed_myeloid	-16	0.0039338238073602155	37694	37694	cutsite_bigwig	motif_center	T_NK
RUNX3	Mixed_myeloid	-15	0.003904826224368909	37694	37694	cutsite_bigwig	motif_center	T_NK
RUNX3	Mixed_myeloid	-14	0.0035743631369942234	37694	37694	cutsite_bigwig	motif_center	T_NK
RUNX3	Mixed_myeloid	-13	0.0034074902239181436	37694	37694	cutsite_bigwig	motif_center	T_NK
RUNX3	Mixed_myeloid	-12	0.0031169672066361327	37694	37694	cutsite_bigwig	motif_center	T_NK
RUNX3	Mixed_myeloid	-11	0.0037439716730316027	37694	37694	cutsite_bigwig	motif_center	T_NK
RUNX3	Mixed_myeloid	-10	0.0036876178639851723	37694	37694	cutsite_bigwig	motif_center	T_NK
RUNX3	Mixed_myeloid	-9	0.0034496187908776453	37694	37694	cutsite_bigwig	motif_center	T_NK
RUNX3	Mixed_myeloid	-8	0.0023690482754017772	37694	37694	cutsite_bigwig	motif_center	T_NK
RUNX3	Mixed_myeloid	-7	0.003040369808983789	37694	37694	cutsite_bigwig	motif_center	T_NK
RUNX3	Mixed_myeloid	-6	0.005101934214310222	37694	37694	cutsite_bigwig	motif_center	T_NK
RUNX3	Mixed_myeloid	-5	0.0034824462535653676	37694	37694	cutsite_bigwig	motif_center	T_NK
RUNX3	Mixed_myeloid	-4	0.00448423086740632	37694	37694	cutsite_bigwig	motif_center	T_NK
RUNX3	Mixed_myeloid	-3	0.004609522331908647	37694	37694	cutsite_bigwig	motif_center	T_NK
RUNX3	Mixed_myeloid	-2	0.0025583532883797474	37694	37694	cutsite_bigwig	motif_center	T_NK
RUNX3	Mixed_myeloid	-1	0.0020407736912190252	37694	37694	cutsite_bigwig	motif_center	T_NK
RUNX3	Mixed_myeloid	0	0.0027416399285500074	37694	37694	cutsite_bigwig	motif_center	T_NK
RUNX3	Mixed_myeloid	1	0.004935061300838823	37694	37694	cutsite_bigwig	motif_center	T_NK
RUNX3	Mixed_myeloid	2	0.004651103777517505	37694	37694	cutsite_bigwig	motif_center	T_NK
RUNX3	Mixed_myeloid	3	0.003324874450690855	37694	37694	cutsite_bigwig	motif_center	T_NK
RUNX3	Mixed_myeloid	4	0.00486995350195317	37694	37694	cutsite_bigwig	motif_center	T_NK
RUNX3	Mixed_myeloid	5	0.0030721030137504375	37694	37694	cutsite_bigwig	motif_center	T_NK
RUNX3	Mixed_myeloid	6	0.002353728793578457	37694	37694	cutsite_bigwig	motif_center	T_NK
RUNX3	Mixed_myeloid	7	0.0033768512499932047	37694	37694	cutsite_bigwig	motif_center	T_NK
RUNX3	Mixed_myeloid	8	0.0035453655486661077	37694	37694	cutsite_bigwig	motif_center	T_NK
RUNX3	Mixed_myeloid	9	0.00392178706411671	37694	37694	cutsite_bigwig	motif_center	T_NK
RUNX3	Mixed_myeloid	10	0.003139946429272283	37694	37694	cutsite_bigwig	motif_center	T_NK
RUNX3	Mixed_myeloid	11	0.0032936883637169766	37694	37694	cutsite_bigwig	motif_center	T_NK
RUNX3	Mixed_myeloid	12	0.003579287249311285	37694	37694	cutsite_bigwig	motif_center	T_NK
RUNX3	Mixed_myeloid	13	0.0038834883697378784	37694	37694	cutsite_bigwig	motif_center	T_NK
RUNX3	Mixed_myeloid	14	0.004021910819592018	37694	37694	cutsite_bigwig	motif_center	T_NK
RUNX3	Mixed_myeloid	15	0.004012609706425556	37694	37694	cutsite_bigwig	motif_center	T_NK
RUNX3	Mixed_myeloid	16	0.003968839760589658	37694	37694	cutsite_bigwig	motif_center	T_NK
RUNX3	Mixed_myeloid	17	0.004201914725728634	37694	37694	cutsite_bigwig	motif_center	T_NK
RUNX3	Mixed_myeloid	18	0.004156503405760167	37694	37694	cutsite_bigwig	motif_center	T_NK
RUNX3	Mixed_myeloid	19	0.00436933475817876	37694	37694	cutsite_bigwig	motif_center	T_NK
RUNX3	Mixed_myeloid	20	0.004061850896405119	37694	37694	cutsite_bigwig	motif_center	T_NK
RUNX3	Mixed_myeloid	21	0.004236383545550199	37694	37694	cutsite_bigwig	motif_center	T_NK
RUNX3	Mixed_myeloid	22	0.004091942730992392	37694	37694	cutsite_bigwig	motif_center	T_NK
RUNX3	Mixed_myeloid	23	0.004112186328888307	37694	37694	cutsite_bigwig	motif_center	T_NK
RUNX3	Mixed_myeloid	24	0.004044342920086887	37694	37694	cutsite_bigwig	motif_center	T_NK
RUNX3	Mixed_myeloid	25	0.0038397184239019797	37694	37694	cutsite_bigwig	motif_center	T_NK
RUNX3	Mixed_myeloid	26	0.004330488932763966	37694	37694	cutsite_bigwig	motif_center	T_NK
RUNX3	Mixed_myeloid	27	0.004413104702631042	37694	37694	cutsite_bigwig	motif_center	T_NK
RUNX3	Mixed_myeloid	28	0.004087018617094053	37694	37694	cutsite_bigwig	motif_center	T_NK
RUNX3	Mixed_myeloid	29	0.004105073711402714	37694	37694	cutsite_bigwig	motif_center	T_NK
RUNX3	Mixed_myeloid	30	0.0038539436561059286	37694	37694	cutsite_bigwig	motif_center	T_NK
RUNX3	Mixed_myeloid	31	0.003954614536489752	37694	37694	cutsite_bigwig	motif_center	T_NK
RUNX3	Mixed_myeloid	32	0.0038949779821430813	37694	37694	cutsite_bigwig	motif_center	T_NK
RUNX3	Mixed_myeloid	33	0.0038626976443638743	37694	37694	cutsite_bigwig	motif_center	T_NK
RUNX3	Mixed_myeloid	34	0.0038654332694994294	37694	37694	cutsite_bigwig	motif_center	T_NK
RUNX3	Mixed_myeloid	35	0.003965557011336226	37694	37694	cutsite_bigwig	motif_center	T_NK
RUNX3	Mixed_myeloid	36	0.003974311005919278	37694	37694	cutsite_bigwig	motif_center	T_NK
RUNX3	Mixed_myeloid	37	0.003751084284389747	37694	37694	cutsite_bigwig	motif_center	T_NK
RUNX3	Mixed_myeloid	38	0.003999478719492468	37694	37694	cutsite_bigwig	motif_center	T_NK
RUNX3	Mixed_myeloid	39	0.003784458870404708	37694	37694	cutsite_bigwig	motif_center	T_NK
RUNX3	Mixed_myeloid	40	0.003953520280347614	37694	37694	cutsite_bigwig	motif_center	T_NK
RUNX3	Mixed_myeloid	41	0.004006044221359545	37694	37694	cutsite_bigwig	motif_center	T_NK
RUNX3	Mixed_myeloid	42	0.004000025848551835	37694	37694	cutsite_bigwig	motif_center	T_NK
RUNX3	Mixed_myeloid	43	0.0038681688906817926	37694	37694	cutsite_bigwig	motif_center	T_NK
RUNX3	Mixed_myeloid	44	0.0038337000542568228	37694	37694	cutsite_bigwig	motif_center	T_NK
RUNX3	Mixed_myeloid	45	0.003644942171919496	37694	37694	cutsite_bigwig	motif_center	T_NK
RUNX3	Mixed_myeloid	46	0.003867621766563916	37694	37694	cutsite_bigwig	motif_center	T_NK
RUNX3	Mixed_myeloid	47	0.0036060963405749142	37694	37694	cutsite_bigwig	motif_center	T_NK
RUNX3	Mixed_myeloid	48	0.003754914153412545	37694	37694	cutsite_bigwig	motif_center	T_NK
RUNX3	Mixed_myeloid	49	0.004066227884406644	37694	37694	cutsite_bigwig	motif_center	T_NK
RUNX3	Mixed_myeloid	50	0.004003308595631011	37694	37694	cutsite_bigwig	motif_center	T_NK
RUNX3	Mixed_myeloid	51	0.004206291713730159	37694	37694	cutsite_bigwig	motif_center	T_NK
RUNX3	Mixed_myeloid	52	0.003686523617133036	37694	37694	cutsite_bigwig	motif_center	T_NK
RUNX3	Mixed_myeloid	53	0.003651507664101253	37694	37694	cutsite_bigwig	motif_center	T_NK
RUNX3	Mixed_myeloid	54	0.003859414898075336	37694	37694	cutsite_bigwig	motif_center	T_NK
RUNX3	Mixed_myeloid	55	0.0038057967167340356	37694	37694	cutsite_bigwig	motif_center	T_NK
RUNX3	Mixed_myeloid	56	0.0036947304836450197	37694	37694	cutsite_bigwig	motif_center	T_NK
RUNX3	Mixed_myeloid	57	0.0037395946753447573	37694	37694	cutsite_bigwig	motif_center	T_NK
RUNX3	Mixed_myeloid	58	0.003906467589409135	37694	37694	cutsite_bigwig	motif_center	T_NK
RUNX3	Mixed_myeloid	59	0.003990177616604305	37694	37694	cutsite_bigwig	motif_center	T_NK
RUNX3	Mixed_myeloid	60	0.0038304173113284973	37694	37694	cutsite_bigwig	motif_center	T_NK
RUNX3	Mixed_myeloid	61	0.0039201456949256325	37694	37694	cutsite_bigwig	motif_center	T_NK
RUNX3	Mixed_myeloid	62	0.004071152011152856	37694	37694	cutsite_bigwig	motif_center	T_NK
RUNX3	Mixed_myeloid	63	0.0038736401326512	37694	37694	cutsite_bigwig	motif_center	T_NK
RUNX3	Mixed_myeloid	64	0.0037554612797046773	37694	37694	cutsite_bigwig	motif_center	T_NK
RUNX3	Mixed_myeloid	65	0.0036668271413784026	37694	37694	cutsite_bigwig	motif_center	T_NK
RUNX3	Mixed_myeloid	66	0.0037855531162685465	37694	37694	cutsite_bigwig	motif_center	T_NK
RUNX3	Mixed_myeloid	67	0.0038495666592097215	37694	37694	cutsite_bigwig	motif_center	T_NK
RUNX3	Mixed_myeloid	68	0.0038938837335120084	37694	37694	cutsite_bigwig	motif_center	T_NK
RUNX3	Mixed_myeloid	69	0.003796495604951192	37694	37694	cutsite_bigwig	motif_center	T_NK
RUNX3	Mixed_myeloid	70	0.003575457381079126	37694	37694	cutsite_bigwig	motif_center	T_NK
RUNX3	Mixed_myeloid	71	0.0038140035812694235	37694	37694	cutsite_bigwig	motif_center	T_NK
RUNX3	Mixed_myeloid	72	0.0037850059893834356	37694	37694	cutsite_bigwig	motif_center	T_NK
RUNX3	Mixed_myeloid	73	0.0036597145181606824	37694	37694	cutsite_bigwig	motif_center	T_NK
RUNX3	Mixed_myeloid	74	0.0037144269526792266	37694	37694	cutsite_bigwig	motif_center	T_NK
RUNX3	Mixed_myeloid	75	0.0037023902175397643	37694	37694	cutsite_bigwig	motif_center	T_NK
RUNX3	Mixed_myeloid	76	0.003902090597256758	37694	37694	cutsite_bigwig	motif_center	T_NK
RUNX3	Mixed_myeloid	77	0.004159786141375088	37694	37694	cutsite_bigwig	motif_center	T_NK
RUNX3	Mixed_myeloid	78	0.003903731963285282	37694	37694	cutsite_bigwig	motif_center	T_NK
RUNX3	Mixed_myeloid	79	0.003894430856443928	37694	37694	cutsite_bigwig	motif_center	T_NK
RUNX3	Mixed_myeloid	80	0.0037795347505765815	37694	37694	cutsite_bigwig	motif_center	T_NK
RUNX3	Mixed_myeloid	81	0.004026287816685885	37694	37694	cutsite_bigwig	motif_center	T_NK
RUNX3	Mixed_myeloid	82	0.0037674980160300976	37694	37694	cutsite_bigwig	motif_center	T_NK
RUNX3	Mixed_myeloid	83	0.00374561304222268	37694	37694	cutsite_bigwig	motif_center	T_NK
RUNX3	Mixed_myeloid	84	0.003694183356957568	37694	37694	cutsite_bigwig	motif_center	T_NK
RUNX3	Mixed_myeloid	85	0.0035590436512177113	37694	37694	cutsite_bigwig	motif_center	T_NK
RUNX3	Mixed_myeloid	86	0.0037023902214929558	37694	37694	cutsite_bigwig	motif_center	T_NK
RUNX3	Mixed_myeloid	87	0.0038440954150660584	37694	37694	cutsite_bigwig	motif_center	T_NK
RUNX3	Mixed_myeloid	88	0.003792665736323713	37694	37694	cutsite_bigwig	motif_center	T_NK
RUNX3	Mixed_myeloid	89	0.0037598382726476928	37694	37694	cutsite_bigwig	motif_center	T_NK
RUNX3	Mixed_myeloid	90	0.003723728075333348	37694	37694	cutsite_bigwig	motif_center	T_NK
RUNX3	Mixed_myeloid	91	0.003933276684625956	37694	37694	cutsite_bigwig	motif_center	T_NK
RUNX3	Mixed_myeloid	92	0.003770233635828844	37694	37694	cutsite_bigwig	motif_center	T_NK
RUNX3	Mixed_myeloid	93	0.0036930891057569202	37694	37694	cutsite_bigwig	motif_center	T_NK
RUNX3	Mixed_myeloid	94	0.003727557935659124	37694	37694	cutsite_bigwig	motif_center	T_NK
RUNX3	Mixed_myeloid	95	0.0037439716706596875	37694	37694	cutsite_bigwig	motif_center	T_NK
RUNX3	Mixed_myeloid	96	0.0037954013579013955	37694	37694	cutsite_bigwig	motif_center	T_NK
RUNX3	Mixed_myeloid	97	0.0037253694457103827	37694	37694	cutsite_bigwig	motif_center	T_NK
RUNX3	Mixed_myeloid	98	0.0036799581255442574	37694	37694	cutsite_bigwig	motif_center	T_NK
RUNX3	Mixed_myeloid	99	0.0036761282555331613	37694	37694	cutsite_bigwig	motif_center	T_NK
RUNX3	Mixed_myeloid	100	0.003783364617425124	37694	37694	cutsite_bigwig	motif_center	T_NK
RUNX3	Mixed_myeloid	101	0.0036099262133532446	37694	37694	cutsite_bigwig	motif_center	T_NK
RUNX3	Mixed_myeloid	102	0.003736859056534309	37694	37694	cutsite_bigwig	motif_center	T_NK
RUNX3	Mixed_myeloid	103	0.0036712041355073752	37694	37694	cutsite_bigwig	motif_center	T_NK
RUNX3	Mixed_myeloid	104	0.0036684685155109697	37694	37694	cutsite_bigwig	motif_center	T_NK
RUNX3	Mixed_myeloid	105	0.0037324820612193786	37694	37694	cutsite_bigwig	motif_center	T_NK
RUNX3	Mixed_myeloid	106	0.0037636681412751716	37694	37694	cutsite_bigwig	motif_center	T_NK
RUNX3	Mixed_myeloid	107	0.0038758286224022816	37694	37694	cutsite_bigwig	motif_center	T_NK
RUNX3	Mixed_myeloid	108	0.0037302935659338284	37694	37694	cutsite_bigwig	motif_center	T_NK
RUNX3	Mixed_myeloid	109	0.0037696865138852225	37694	37694	cutsite_bigwig	motif_center	T_NK
RUNX3	Mixed_myeloid	110	0.0035650620218511666	37694	37694	cutsite_bigwig	motif_center	T_NK
RUNX3	Mixed_myeloid	111	0.0037253694429431484	37694	37694	cutsite_bigwig	motif_center	T_NK
RUNX3	Mixed_myeloid	112	0.0037002017224518737	37694	37694	cutsite_bigwig	motif_center	T_NK
RUNX3	Mixed_myeloid	113	0.003667374268065854	37694	37694	cutsite_bigwig	motif_center	T_NK
RUNX3	Mixed_myeloid	114	0.0035705332630299354	37694	37694	cutsite_bigwig	motif_center	T_NK
RUNX3	Mixed_myeloid	115	0.0033773983786572525	37694	37694	cutsite_bigwig	motif_center	T_NK
RUNX3	Mixed_myeloid	116	0.0033702857655201718	37694	37694	cutsite_bigwig	motif_center	T_NK
RUNX3	Mixed_myeloid	117	0.0035497425354816758	37694	37694	cutsite_bigwig	motif_center	T_NK
RUNX3	Mixed_myeloid	118	0.0036755811381357106	37694	37694	cutsite_bigwig	motif_center	T_NK
RUNX3	Mixed_myeloid	119	0.0035393471802069084	37694	37694	cutsite_bigwig	motif_center	T_NK
RUNX3	Mixed_myeloid	120	0.003540441425675428	37694	37694	cutsite_bigwig	motif_center	T_NK
RUNX3	Mixed_myeloid	121	0.0035973423501427133	37694	37694	cutsite_bigwig	motif_center	T_NK
RUNX3	Mixed_myeloid	122	0.0035973423529099473	37694	37694	cutsite_bigwig	motif_center	T_NK
RUNX3	Mixed_myeloid	123	0.0035070668404511055	37694	37694	cutsite_bigwig	motif_center	T_NK
RUNX3	Mixed_myeloid	124	0.003383963871234329	37694	37694	cutsite_bigwig	motif_center	T_NK
RUNX3	Mixed_myeloid	125	0.0033954534775120842	37694	37694	cutsite_bigwig	motif_center	T_NK
RUNX3	Mixed_myeloid	126	0.00351308521128222	37694	37694	cutsite_bigwig	motif_center	T_NK
RUNX3	Mixed_myeloid	127	0.003515820831673945	37694	37694	cutsite_bigwig	motif_center	T_NK
RUNX3	Mixed_myeloid	128	0.0035858527482134687	37694	37694	cutsite_bigwig	motif_center	T_NK
RUNX3	Mixed_myeloid	129	0.003521839196970591	37694	37694	cutsite_bigwig	motif_center	T_NK
RUNX3	Mixed_myeloid	130	0.0033259686933921405	37694	37694	cutsite_bigwig	motif_center	T_NK
RUNX3	Mixed_myeloid	131	0.0035874941142419923	37694	37694	cutsite_bigwig	motif_center	T_NK
RUNX3	Mixed_myeloid	132	0.00341296146153904	37694	37694	cutsite_bigwig	motif_center	T_NK
RUNX3	Mixed_myeloid	133	0.0036099262105860103	37694	37694	cutsite_bigwig	motif_center	T_NK
RUNX3	Mixed_myeloid	134	0.0035491954143286927	37694	37694	cutsite_bigwig	motif_center	T_NK
RUNX3	Mixed_myeloid	135	0.003260860903401169	37694	37694	cutsite_bigwig	motif_center	T_NK
RUNX3	Mixed_myeloid	136	0.003464391146211173	37694	37694	cutsite_bigwig	motif_center	T_NK
RUNX3	Mixed_myeloid	137	0.003380681125736429	37694	37694	cutsite_bigwig	motif_center	T_NK
RUNX3	Mixed_myeloid	138	0.003677769627886792	37694	37694	cutsite_bigwig	motif_center	T_NK
RUNX3	Mixed_myeloid	139	0.003754367030678285	37694	37694	cutsite_bigwig	motif_center	T_NK
RUNX3	Mixed_myeloid	140	0.003682693747912578	37694	37694	cutsite_bigwig	motif_center	T_NK
RUNX3	Mixed_myeloid	141	0.003654243280539786	37694	37694	cutsite_bigwig	motif_center	T_NK
RUNX3	Mixed_myeloid	142	0.0034058488452394058	37694	37694	cutsite_bigwig	motif_center	T_NK
RUNX3	Mixed_myeloid	143	0.003365908768821624	37694	37694	cutsite_bigwig	motif_center	T_NK
RUNX3	Mixed_myeloid	144	0.003425545317238507	37694	37694	cutsite_bigwig	motif_center	T_NK
RUNX3	Mixed_myeloid	145	0.0033757570076872385	37694	37694	cutsite_bigwig	motif_center	T_NK
RUNX3	Mixed_myeloid	146	0.0032581252794515714	37694	37694	cutsite_bigwig	motif_center	T_NK
RUNX3	Mixed_myeloid	147	0.003231316186804325	37694	37694	cutsite_bigwig	motif_center	T_NK
RUNX3	Mixed_myeloid	148	0.0032586724069296616	37694	37694	cutsite_bigwig	motif_center	T_NK
RUNX3	Mixed_myeloid	149	0.0033735685110180716	37694	37694	cutsite_bigwig	motif_center	T_NK
RUNX3	Mixed_myeloid	150	0.003708408587382581	37694	37694	cutsite_bigwig	motif_center	T_NK
RUNX3	Mixed_myeloid	151	0.0035037840961391633	37694	37694	cutsite_bigwig	motif_center	T_NK
RUNX3	Mixed_myeloid	152	0.0037609325218717444	37694	37694	cutsite_bigwig	motif_center	T_NK
RUNX3	Mixed_myeloid	153	0.003530593190763005	37694	37694	cutsite_bigwig	motif_center	T_NK
RUNX3	Mixed_myeloid	154	0.0031798865056900647	37694	37694	cutsite_bigwig	motif_center	T_NK
RUNX3	Mixed_myeloid	155	0.0032838401272232767	37694	37694	cutsite_bigwig	motif_center	T_NK
RUNX3	Mixed_myeloid	156	0.0032909527393720594	37694	37694	cutsite_bigwig	motif_center	T_NK
RUNX3	Mixed_myeloid	157	0.0033724742594221048	37694	37694	cutsite_bigwig	motif_center	T_NK
RUNX3	Mixed_myeloid	158	0.003563967773813072	37694	37694	cutsite_bigwig	motif_center	T_NK
RUNX3	Mixed_myeloid	159	0.0032149024597101453	37694	37694	cutsite_bigwig	motif_center	T_NK
RUNX3	Mixed_myeloid	160	0.003469315263469725	37694	37694	cutsite_bigwig	motif_center	T_NK
RUNX3	Mixed_myeloid	161	0.0036318111913115135	37694	37694	cutsite_bigwig	motif_center	T_NK
RUNX3	Mixed_myeloid	162	0.0035787401283559617	37694	37694	cutsite_bigwig	motif_center	T_NK
RUNX3	Mixed_myeloid	163	0.0033943592373803736	37694	37694	cutsite_bigwig	motif_center	T_NK
RUNX3	Mixed_myeloid	164	0.0034983128541697557	37694	37694	cutsite_bigwig	motif_center	T_NK
RUNX3	Mixed_myeloid	165	0.003402566098753208	37694	37694	cutsite_bigwig	motif_center	T_NK
RUNX3	Mixed_myeloid	166	0.0033133848341348007	37694	37694	cutsite_bigwig	motif_center	T_NK
RUNX3	Mixed_myeloid	167	0.003356060531537286	37694	37694	cutsite_bigwig	motif_center	T_NK
RUNX3	Mixed_myeloid	168	0.003490653114345223	37694	37694	cutsite_bigwig	motif_center	T_NK
RUNX3	Mixed_myeloid	169	0.0033943592365897352	37694	37694	cutsite_bigwig	motif_center	T_NK
RUNX3	Mixed_myeloid	170	0.003112043091749496	37694	37694	cutsite_bigwig	motif_center	T_NK
RUNX3	Mixed_myeloid	171	0.0032745390142544756	37694	37694	cutsite_bigwig	motif_center	T_NK
RUNX3	Mixed_myeloid	172	0.0032329575593556155	37694	37694	cutsite_bigwig	motif_center	T_NK
RUNX3	Mixed_myeloid	173	0.0033735685086461564	37694	37694	cutsite_bigwig	motif_center	T_NK
RUNX3	Mixed_myeloid	174	0.0032493712951468176	37694	37694	cutsite_bigwig	motif_center	T_NK
RUNX3	Mixed_myeloid	175	0.003185357744892238	37694	37694	cutsite_bigwig	motif_center	T_NK
RUNX3	Mixed_myeloid	176	0.0033730213902604077	37694	37694	cutsite_bigwig	motif_center	T_NK
RUNX3	Mixed_myeloid	177	0.0035212920746316503	37694	37694	cutsite_bigwig	motif_center	T_NK
RUNX3	Mixed_myeloid	178	0.0036044549707908583	37694	37694	cutsite_bigwig	motif_center	T_NK
RUNX3	Mixed_myeloid	179	0.003722633826306956	37694	37694	cutsite_bigwig	motif_center	T_NK
RUNX3	Mixed_myeloid	180	0.0035300460617036385	37694	37694	cutsite_bigwig	motif_center	T_NK
RUNX3	Mixed_myeloid	181	0.0034025661034970383	37694	37694	cutsite_bigwig	motif_center	T_NK
RUNX3	Mixed_myeloid	182	0.003565062028769252	37694	37694	cutsite_bigwig	motif_center	T_NK
RUNX3	Mixed_myeloid	183	0.0035524781618031884	37694	37694	cutsite_bigwig	motif_center	T_NK
RUNX3	Mixed_myeloid	184	0.0034375820620632896	37694	37694	cutsite_bigwig	motif_center	T_NK
RUNX3	Mixed_myeloid	185	0.0032772746299023704	37694	37694	cutsite_bigwig	motif_center	T_NK
RUNX3	Mixed_myeloid	186	0.0033352698075468992	37694	37694	cutsite_bigwig	motif_center	T_NK
RUNX3	Mixed_myeloid	187	0.003415149954847994	37694	37694	cutsite_bigwig	motif_center	T_NK
RUNX3	Mixed_myeloid	188	0.0033719271335252913	37694	37694	cutsite_bigwig	motif_center	T_NK
RUNX3	Mixed_myeloid	189	0.0035896826101205212	37694	37694	cutsite_bigwig	motif_center	T_NK
RUNX3	Mixed_myeloid	190	0.003449618785540836	37694	37694	cutsite_bigwig	motif_center	T_NK
RUNX3	Mixed_myeloid	191	0.003343476672082287	37694	37694	cutsite_bigwig	motif_center	T_NK
RUNX3	Mixed_myeloid	192	0.003623604318474423	37694	37694	cutsite_bigwig	motif_center	T_NK
RUNX3	Mixed_myeloid	193	0.0033784926296602405	37694	37694	cutsite_bigwig	motif_center	T_NK
RUNX3	Mixed_myeloid	194	0.003416791332143115	37694	37694	cutsite_bigwig	motif_center	T_NK
RUNX3	Mixed_myeloid	195	0.003559043657147499	37694	37694	cutsite_bigwig	motif_center	T_NK
RUNX3	Mixed_myeloid	196	0.003412961458178827	37694	37694	cutsite_bigwig	motif_center	T_NK
RUNX3	Mixed_myeloid	197	0.003450713041089995	37694	37694	cutsite_bigwig	motif_center	T_NK
RUNX3	Mixed_myeloid	198	0.0031990358541642678	37694	37694	cutsite_bigwig	motif_center	T_NK
RUNX3	Mixed_myeloid	199	0.0031454176722299884	37694	37694	cutsite_bigwig	motif_center	T_NK
RUNX3	Mixed_myeloid	200	0.0033068193486734698	37694	37694	cutsite_bigwig	motif_center	T_NK
RUNX3	Mixed_myeloid	201	0.0034124143392000993	37694	37694	cutsite_bigwig	motif_center	T_NK
RUNX3	Mixed_myeloid	202	0.0034490716633995555	37694	37694	cutsite_bigwig	motif_center	T_NK
RUNX3	Mixed_myeloid	203	0.0033806811209925987	37694	37694	cutsite_bigwig	motif_center	T_NK
RUNX3	Mixed_myeloid	204	0.0031355694410730977	37694	37694	cutsite_bigwig	motif_center	T_NK
RUNX3	Mixed_myeloid	205	0.0033215916972865714	37694	37694	cutsite_bigwig	motif_center	T_NK
RUNX3	Mixed_myeloid	206	0.003400924726597237	37694	37694	cutsite_bigwig	motif_center	T_NK
RUNX3	Mixed_myeloid	207	0.003442506172601415	37694	37694	cutsite_bigwig	motif_center	T_NK
RUNX3	Mixed_myeloid	208	0.0034102258415426344	37694	37694	cutsite_bigwig	motif_center	T_NK
RUNX3	Mixed_myeloid	209	0.003493935863796315	37694	37694	cutsite_bigwig	motif_center	T_NK
RUNX3	Mixed_myeloid	210	0.003237334555658844	37694	37694	cutsite_bigwig	motif_center	T_NK
RUNX3	Mixed_myeloid	211	0.0033314399383264416	37694	37694	cutsite_bigwig	motif_center	T_NK
RUNX3	Mixed_myeloid	212	0.0034321108113968602	37694	37694	cutsite_bigwig	motif_center	T_NK
RUNX3	Mixed_myeloid	213	0.003349495042320423	37694	37694	cutsite_bigwig	motif_center	T_NK
RUNX3	Mixed_myeloid	214	0.003252654036889185	37694	37694	cutsite_bigwig	motif_center	T_NK
RUNX3	Mixed_myeloid	215	0.003385058122632636	37694	37694	cutsite_bigwig	motif_center	T_NK
RUNX3	Mixed_myeloid	216	0.0032242035740625637	37694	37694	cutsite_bigwig	motif_center	T_NK
RUNX3	Mixed_myeloid	217	0.0033194032037799576	37694	37694	cutsite_bigwig	motif_center	T_NK
RUNX3	Mixed_myeloid	218	0.0033308928177664373	37694	37694	cutsite_bigwig	motif_center	T_NK
RUNX3	Mixed_myeloid	219	0.003298065356462332	37694	37694	cutsite_bigwig	motif_center	T_NK
RUNX3	Mixed_myeloid	220	0.0033330813150285834	37694	37694	cutsite_bigwig	motif_center	T_NK
RUNX3	Mixed_myeloid	221	0.0034058488406932355	37694	37694	cutsite_bigwig	motif_center	T_NK
RUNX3	Mixed_myeloid	222	0.0033259686904272465	37694	37694	cutsite_bigwig	motif_center	T_NK
RUNX3	Mixed_myeloid	223	0.0030972707328580954	37694	37694	cutsite_bigwig	motif_center	T_NK
RUNX3	Mixed_myeloid	224	0.003031615814993715	37694	37694	cutsite_bigwig	motif_center	T_NK
RUNX3	Mixed_myeloid	225	0.0032127139642269356	37694	37694	cutsite_bigwig	motif_center	T_NK
RUNX3	Mixed_myeloid	226	0.0032132610853799187	37694	37694	cutsite_bigwig	motif_center	T_NK
RUNX3	Mixed_myeloid	227	0.003230221940742827	37694	37694	cutsite_bigwig	motif_center	T_NK
RUNX3	Mixed_myeloid	228	0.0031114959650620443	37694	37694	cutsite_bigwig	motif_center	T_NK
RUNX3	Mixed_myeloid	229	0.003064990398043782	37694	37694	cutsite_bigwig	motif_center	T_NK
RUNX3	Mixed_myeloid	230	0.003163472770096522	37694	37694	cutsite_bigwig	motif_center	T_NK
RUNX3	Mixed_myeloid	231	0.003181527870730291	37694	37694	cutsite_bigwig	motif_center	T_NK
RUNX3	Mixed_myeloid	232	0.0031804336256570902	37694	37694	cutsite_bigwig	motif_center	T_NK
RUNX3	Mixed_myeloid	233	0.003293141235052929	37694	37694	cutsite_bigwig	motif_center	T_NK
RUNX3	Mixed_myeloid	234	0.003133928058045849	37694	37694	cutsite_bigwig	motif_center	T_NK
RUNX3	Mixed_myeloid	235	0.0031859048682194766	37694	37694	cutsite_bigwig	motif_center	T_NK
RUNX3	Mixed_myeloid	236	0.0033073664640943246	37694	37694	cutsite_bigwig	motif_center	T_NK
RUNX3	Mixed_myeloid	237	0.0034299223165066292	37694	37694	cutsite_bigwig	motif_center	T_NK
RUNX3	Mixed_myeloid	238	0.0033040837243285526	37694	37694	cutsite_bigwig	motif_center	T_NK
RUNX3	Mixed_myeloid	239	0.003177150882728765	37694	37694	cutsite_bigwig	motif_center	T_NK
RUNX3	Mixed_myeloid	240	0.0030874224947831192	37694	37694	cutsite_bigwig	motif_center	T_NK
RUNX3	Mixed_myeloid	241	0.003178245129383242	37694	37694	cutsite_bigwig	motif_center	T_NK
RUNX3	Mixed_myeloid	242	0.003152530293075793	37694	37694	cutsite_bigwig	motif_center	T_NK
RUNX3	Mixed_myeloid	243	0.003286028619939252	37694	37694	cutsite_bigwig	motif_center	T_NK
RUNX3	Mixed_myeloid	244	0.0033396468052337446	37694	37694	cutsite_bigwig	motif_center	T_NK
RUNX3	Mixed_myeloid	245	0.003295329735279969	37694	37694	cutsite_bigwig	motif_center	T_NK
RUNX3	Mixed_myeloid	246	0.0030797627514007144	37694	37694	cutsite_bigwig	motif_center	T_NK
RUNX3	Mixed_myeloid	247	0.003069914520046164	37694	37694	cutsite_bigwig	motif_center	T_NK
RUNX3	Mixed_myeloid	248	0.003136116565981613	37694	37694	cutsite_bigwig	motif_center	T_NK
RUNX3	Mixed_myeloid	249	0.0032925941093537754	37694	37694	cutsite_bigwig	motif_center	T_NK
CEBPB	B_cell	-250	0.0023696825656985667	17454	17454	cutsite_bigwig	motif_center	Myeloid
CEBPB	B_cell	-249	0.0025250423209571176	17454	17454	cutsite_bigwig	motif_center	Myeloid
CEBPB	B_cell	-248	0.002601829321481483	17454	17454	cutsite_bigwig	motif_center	Myeloid
CEBPB	B_cell	-247	0.002137535821014258	17454	17454	cutsite_bigwig	motif_center	Myeloid
CEBPB	B_cell	-246	0.002239323241316645	17454	17454	cutsite_bigwig	motif_center	Myeloid
CEBPB	B_cell	-245	0.0023786112929935427	17454	17454	cutsite_bigwig	motif_center	Myeloid
CEBPB	B_cell	-244	0.0026500444100292274	17454	17454	cutsite_bigwig	motif_center	Myeloid
CEBPB	B_cell	-243	0.0028250473501828578	17454	17454	cutsite_bigwig	motif_center	Myeloid
CEBPB	B_cell	-242	0.0027143312102691462	17454	17454	cutsite_bigwig	motif_center	Myeloid
CEBPB	B_cell	-241	0.0023339676744471823	17454	17454	cutsite_bigwig	motif_center	Myeloid
CEBPB	B_cell	-240	0.002566114434285359	17454	17454	cutsite_bigwig	motif_center	Myeloid
CEBPB	B_cell	-239	0.002331289063942341	17454	17454	cutsite_bigwig	motif_center	Myeloid
CEBPB	B_cell	-238	0.00242414776762149	17454	17454	cutsite_bigwig	motif_center	Myeloid
CEBPB	B_cell	-237	0.002001819254065743	17454	17454	cutsite_bigwig	motif_center	Myeloid
CEBPB	B_cell	-236	0.002254502060216454	17454	17454	cutsite_bigwig	motif_center	Myeloid
CEBPB	B_cell	-235	0.0020857492276752636	17454	17454	cutsite_bigwig	motif_center	Myeloid
CEBPB	B_cell	-234	0.0026018293148650055	17454	17454	cutsite_bigwig	motif_center	Myeloid
CEBPB	B_cell	-233	0.002399147343361338	17454	17454	cutsite_bigwig	motif_center	Myeloid
CEBPB	B_cell	-232	0.0021696792087550014	17454	17454	cutsite_bigwig	motif_center	Myeloid
CEBPB	B_cell	-231	0.0020232481925303385	17454	17454	cutsite_bigwig	motif_center	Myeloid
CEBPB	B_cell	-230	0.0018580668449309653	17454	17454	cutsite_bigwig	motif_center	Myeloid
CEBPB	B_cell	-229	0.002045569986222781	17454	17454	cutsite_bigwig	motif_center	Myeloid
CEBPB	B_cell	-228	0.0023759326807812234	17454	17454	cutsite_bigwig	motif_center	Myeloid
CEBPB	B_cell	-227	0.0025000418858117934	17454	17454	cutsite_bigwig	motif_center	Myeloid
CEBPB	B_cell	-226	0.0024089689438126813	17454	17454	cutsite_bigwig	motif_center	Myeloid
CEBPB	B_cell	-225	0.0021991440000775973	17454	17454	cutsite_bigwig	motif_center	Myeloid
CEBPB	B_cell	-224	0.0023482536402534915	17454	17454	cutsite_bigwig	motif_center	Myeloid
CEBPB	B_cell	-223	0.002077713376951611	17454	17454	cutsite_bigwig	motif_center	Myeloid
CEBPB	B_cell	-222	0.0026857592880476567	17454	17454	cutsite_bigwig	motif_center	Myeloid
CEBPB	B_cell	-221	0.002852726384947851	17454	17454	cutsite_bigwig	motif_center	Myeloid
CEBPB	B_cell	-220	0.0024893274320535157	17454	17454	cutsite_bigwig	motif_center	Myeloid
CEBPB	B_cell	-219	0.0026607588716845913	17454	17454	cutsite_bigwig	motif_center	Myeloid
CEBPB	B_cell	-218	0.002422362023016234	17454	17454	cutsite_bigwig	motif_center	Myeloid
CEBPB	B_cell	-217	0.0024821844519250127	17454	17454	cutsite_bigwig	motif_center	Myeloid
CEBPB	B_cell	-216	0.002808975648308683	17454	17454	cutsite_bigwig	motif_center	Myeloid
CEBPB	B_cell	-215	0.0019027104528055877	17454	17454	cutsite_bigwig	motif_center	Myeloid
CEBPB	B_cell	-214	0.002087534974841737	17454	17454	cutsite_bigwig	motif_center	Myeloid
CEBPB	B_cell	-213	0.0022116442005754786	17454	17454	cutsite_bigwig	motif_center	Myeloid
CEBPB	B_cell	-212	0.002333074816658118	17454	17454	cutsite_bigwig	motif_center	Myeloid
CEBPB	B_cell	-211	0.0026875450375619127	17454	17454	cutsite_bigwig	motif_center	Myeloid
CEBPB	B_cell	-210	0.002355396612058039	17454	17454	cutsite_bigwig	motif_center	Myeloid
CEBPB	B_cell	-209	0.002193786766261829	17454	17454	cutsite_bigwig	motif_center	Myeloid
CEBPB	B_cell	-208	0.0023464678892451928	17454	17454	cutsite_bigwig	motif_center	Myeloid
CEBPB	B_cell	-207	0.0026161152556994477	17454	17454	cutsite_bigwig	motif_center	Myeloid
CEBPB	B_cell	-206	0.0025634358306104296	17454	17454	cutsite_bigwig	motif_center	Myeloid
CEBPB	B_cell	-205	0.0028286188434486306	17454	17454	cutsite_bigwig	motif_center	Myeloid
CEBPB	B_cell	-204	0.0022375375007666494	17454	17454	cutsite_bigwig	motif_center	Myeloid
CEBPB	B_cell	-203	0.0021991439936745547	17454	17454	cutsite_bigwig	motif_center	Myeloid
CEBPB	B_cell	-202	0.002205394095524256	17454	17454	cutsite_bigwig	motif_center	Myeloid
CEBPB	B_cell	-201	0.002450041066532052	17454	17454	cutsite_bigwig	motif_center	Myeloid
CEBPB	B_cell	-200	0.0024036117078625654	17454	17454	cutsite_bigwig	motif_center	Myeloid
CEBPB	B_cell	-199	0.002627722617190524	17454	17454	cutsite_bigwig	motif_center	Myeloid
CEBPB	B_cell	-198	0.0028482620153241897	17454	17454	cutsite_bigwig	motif_center	Myeloid
CEBPB	B_cell	-197	0.0025098634828481805	17454	17454	cutsite_bigwig	motif_center	Myeloid
CEBPB	B_cell	-196	0.0024286121306286734	17454	17454	cutsite_bigwig	motif_center	Myeloid
CEBPB	B_cell	-195	0.002247359086917864	17454	17454	cutsite_bigwig	motif_center	Myeloid
CEBPB	B_cell	-194	0.002071463271260084	17454	17454	cutsite_bigwig	motif_center	Myeloid
CEBPB	B_cell	-193	0.0020223553236426665	17454	17454	cutsite_bigwig	motif_center	Myeloid
CEBPB	B_cell	-192	0.0019446754341677617	17454	17454	cutsite_bigwig	motif_center	Myeloid
CEBPB	B_cell	-191	0.002452719668712938	17454	17454	cutsite_bigwig	motif_center	Myeloid
CEBPB	B_cell	-190	0.0025339710484655283	17454	17454	cutsite_bigwig	motif_center	Myeloid
CEBPB	B_cell	-189	0.0023062886550494917	17454	17454	cutsite_bigwig	motif_center	Myeloid
CEBPB	B_cell	-188	0.0024366479841269784	17454	17454	cutsite_bigwig	motif_center	Myeloid
CEBPB	B_cell	-187	0.002393790098660397	17454	17454	cutsite_bigwig	motif_center	Myeloid
CEBPB	B_cell	-186	0.0022795024849034755	17454	17454	cutsite_bigwig	motif_center	Myeloid
CEBPB	B_cell	-185	0.002245573346154433	17454	17454	cutsite_bigwig	motif_center	Myeloid
CEBPB	B_cell	-184	0.002362539595174628	17454	17454	cutsite_bigwig	motif_center	Myeloid
CEBPB	B_cell	-183	0.002194679632374849	17454	17454	cutsite_bigwig	motif_center	Myeloid
CEBPB	B_cell	-182	0.002054498718213322	17454	17454	cutsite_bigwig	motif_center	Myeloid
CEBPB	B_cell	-181	0.0021857509046530033	17454	17454	cutsite_bigwig	motif_center	Myeloid
CEBPB	B_cell	-180	0.0023839685302242675	17454	17454	cutsite_bigwig	motif_center	Myeloid
CEBPB	B_cell	-179	0.002309860146180917	17454	17454	cutsite_bigwig	motif_center	Myeloid
CEBPB	B_cell	-178	0.002203608357108608	17454	17454	cutsite_bigwig	motif_center	Myeloid
CEBPB	B_cell	-177	0.0020893207258500363	17454	17454	cutsite_bigwig	motif_center	Myeloid
CEBPB	B_cell	-176	0.0019053890635238639	17454	17454	cutsite_bigwig	motif_center	Myeloid
CEBPB	B_cell	-175	0.002267002272026378	17454	17454	cutsite_bigwig	motif_center	Myeloid
CEBPB	B_cell	-174	0.0026000435760224878	17454	17454	cutsite_bigwig	motif_center	Myeloid
CEBPB	B_cell	-173	0.002851833507522789	17454	17454	cutsite_bigwig	motif_center	Myeloid
CEBPB	B_cell	-172	0.0025295066852449102	17454	17454	cutsite_bigwig	motif_center	Myeloid
CEBPB	B_cell	-171	0.0023562894871353188	17454	17454	cutsite_bigwig	motif_center	Myeloid
CEBPB	B_cell	-170	0.0021384286822182788	17454	17454	cutsite_bigwig	motif_center	Myeloid
CEBPB	B_cell	-169	0.002275038119548509	17454	17454	cutsite_bigwig	motif_center	Myeloid
CEBPB	B_cell	-168	0.0024402194705628387	17454	17454	cutsite_bigwig	motif_center	Myeloid
CEBPB	B_cell	-167	0.002667901857362398	17454	17454	cutsite_bigwig	motif_center	Myeloid
CEBPB	B_cell	-166	0.0025321852859317524	17454	17454	cutsite_bigwig	motif_center	Myeloid
CEBPB	B_cell	-165	0.002185750930692044	17454	17454	cutsite_bigwig	motif_center	Myeloid
CEBPB	B_cell	-164	0.002494684663948371	17454	17454	cutsite_bigwig	motif_center	Myeloid
CEBPB	B_cell	-163	0.002315217375941425	17454	17454	cutsite_bigwig	motif_center	Myeloid
CEBPB	B_cell	-162	0.0025920077186823575	17454	17454	cutsite_bigwig	motif_center	Myeloid
CEBPB	B_cell	-161	0.0023402177933716647	17454	17454	cutsite_bigwig	motif_center	Myeloid
CEBPB	B_cell	-160	0.0022134299445404305	17454	17454	cutsite_bigwig	motif_center	Myeloid
CEBPB	B_cell	-159	0.00209735657571995	17454	17454	cutsite_bigwig	motif_center	Myeloid
CEBPB	B_cell	-158	0.0023830756515185966	17454	17454	cutsite_bigwig	motif_center	Myeloid
CEBPB	B_cell	-157	0.0024750414715830754	17454	17454	cutsite_bigwig	motif_center	Myeloid
CEBPB	B_cell	-156	0.0026875450367081733	17454	17454	cutsite_bigwig	motif_center	Myeloid
CEBPB	B_cell	-155	0.0027679035411700497	17454	17454	cutsite_bigwig	motif_center	Myeloid
CEBPB	B_cell	-154	0.0027777251096061787	17454	17454	cutsite_bigwig	motif_center	Myeloid
CEBPB	B_cell	-153	0.0025723645421112337	17454	17454	cutsite_bigwig	motif_center	Myeloid
CEBPB	B_cell	-152	0.002158071872449227	17454	17454	cutsite_bigwig	motif_center	Myeloid
CEBPB	B_cell	-151	0.0024259335002743995	17454	17454	cutsite_bigwig	motif_center	Myeloid
CEBPB	B_cell	-150	0.0024437909512359606	17454	17454	cutsite_bigwig	motif_center	Myeloid
CEBPB	B_cell	-149	0.002128607100549194	17454	17454	cutsite_bigwig	motif_center	Myeloid
CEBPB	B_cell	-148	0.0024777200878506552	17454	17454	cutsite_bigwig	motif_center	Myeloid
CEBPB	B_cell	-147	0.0024714699827994326	17454	17454	cutsite_bigwig	motif_center	Myeloid
CEBPB	B_cell	-146	0.002513434979528909	17454	17454	cutsite_bigwig	motif_center	Myeloid
CEBPB	B_cell	-145	0.0024571840415381204	17454	17454	cutsite_bigwig	motif_center	Myeloid
CEBPB	B_cell	-144	0.0025759360247052682	17454	17454	cutsite_bigwig	motif_center	Myeloid
CEBPB	B_cell	-143	0.0028241544659278832	17454	17454	cutsite_bigwig	motif_center	Myeloid
CEBPB	B_cell	-142	0.00238128990285808	17454	17454	cutsite_bigwig	motif_center	Myeloid
CEBPB	B_cell	-141	0.002229501644493693	17454	17454	cutsite_bigwig	motif_center	Myeloid
CEBPB	B_cell	-140	0.002447362454533167	17454	17454	cutsite_bigwig	motif_center	Myeloid
CEBPB	B_cell	-139	0.0026446871787746762	17454	17454	cutsite_bigwig	motif_center	Myeloid
CEBPB	B_cell	-138	0.002669687602181089	17454	17454	cutsite_bigwig	motif_center	Myeloid
CEBPB	B_cell	-137	0.0022348588832184608	17454	17454	cutsite_bigwig	motif_center	Myeloid
CEBPB	B_cell	-136	0.002466112755173272	17454	17454	cutsite_bigwig	motif_center	Myeloid
CEBPB	B_cell	-135	0.002762546294975065	17454	17454	cutsite_bigwig	motif_center	Myeloid
CEBPB	B_cell	-134	0.002637544202487999	17454	17454	cutsite_bigwig	motif_center	Myeloid
CEBPB	B_cell	-133	0.002831297444348908	17454	17454	cutsite_bigwig	motif_center	Myeloid
CEBPB	B_cell	-132	0.00248932743717595	17454	17454	cutsite_bigwig	motif_center	Myeloid
CEBPB	B_cell	-131	0.0026866521695279796	17454	17454	cutsite_bigwig	motif_center	Myeloid
CEBPB	B_cell	-130	0.0024589697748313346	17454	17454	cutsite_bigwig	motif_center	Myeloid
CEBPB	B_cell	-129	0.002494684651569155	17454	17454	cutsite_bigwig	motif_center	Myeloid
CEBPB	B_cell	-128	0.002079499139698822	17454	17454	cutsite_bigwig	motif_center	Myeloid
CEBPB	B_cell	-127	0.0025616500727722183	17454	17454	cutsite_bigwig	motif_center	Myeloid
CEBPB	B_cell	-126	0.002750046099172748	17454	17454	cutsite_bigwig	motif_center	Myeloid
CEBPB	B_cell	-125	0.0023045029132188876	17454	17454	cutsite_bigwig	motif_center	Myeloid
CEBPB	B_cell	-124	0.0021214641161519964	17454	17454	cutsite_bigwig	motif_center	Myeloid
CEBPB	B_cell	-123	0.002326824712674069	17454	17454	cutsite_bigwig	motif_center	Myeloid
CEBPB	B_cell	-122	0.002446469573479714	17454	17454	cutsite_bigwig	motif_center	Myeloid
CEBPB	B_cell	-121	0.0026679018539474417	17454	17454	cutsite_bigwig	motif_center	Myeloid
CEBPB	B_cell	-120	0.00274022448954371	17454	17454	cutsite_bigwig	motif_center	Myeloid
CEBPB	B_cell	-119	0.00232325321599334	17454	17454	cutsite_bigwig	motif_center	Myeloid
CEBPB	B_cell	-118	0.002264323661094667	17454	17454	cutsite_bigwig	motif_center	Myeloid
CEBPB	B_cell	-117	0.002641115685935773	17454	17454	cutsite_bigwig	motif_center	Myeloid
CEBPB	B_cell	-116	0.0027473674722334304	17454	17454	cutsite_bigwig	motif_center	Myeloid
CEBPB	B_cell	-115	0.0028196901118849593	17454	17454	cutsite_bigwig	motif_center	Myeloid
CEBPB	B_cell	-114	0.0023268247056307217	17454	17454	cutsite_bigwig	motif_center	Myeloid
CEBPB	B_cell	-113	0.002063427436544038	17454	17454	cutsite_bigwig	motif_center	Myeloid
CEBPB	B_cell	-112	0.0021321785871984897	17454	17454	cutsite_bigwig	motif_center	Myeloid
CEBPB	B_cell	-111	0.002507184874050817	17454	17454	cutsite_bigwig	motif_center	Myeloid
CEBPB	B_cell	-110	0.002717009825042683	17454	17454	cutsite_bigwig	motif_center	Myeloid
CEBPB	B_cell	-109	0.003065229935345951	17454	17454	cutsite_bigwig	motif_center	Myeloid
CEBPB	B_cell	-108	0.002564328684130799	17454	17454	cutsite_bigwig	motif_center	Myeloid
CEBPB	B_cell	-107	0.002529506685458345	17454	17454	cutsite_bigwig	motif_center	Myeloid
CEBPB	B_cell	-106	0.0026241511213635337	17454	17454	cutsite_bigwig	motif_center	Myeloid
CEBPB	B_cell	-105	0.0027920110623929676	17454	17454	cutsite_bigwig	motif_center	Myeloid
CEBPB	B_cell	-104	0.00285004776953401	17454	17454	cutsite_bigwig	motif_center	Myeloid
CEBPB	B_cell	-103	0.0025286138020571094	17454	17454	cutsite_bigwig	motif_center	Myeloid
CEBPB	B_cell	-102	0.00240807607001601	17454	17454	cutsite_bigwig	motif_center	Myeloid
CEBPB	B_cell	-101	0.002610758031701678	17454	17454	cutsite_bigwig	motif_center	Myeloid
CEBPB	B_cell	-100	0.0024634341367713443	17454	17454	cutsite_bigwig	motif_center	Myeloid
CEBPB	B_cell	-99	0.002525042317115292	17454	17454	cutsite_bigwig	motif_center	Myeloid
CEBPB	B_cell	-98	0.0024018259617632656	17454	17454	cutsite_bigwig	motif_center	Myeloid
CEBPB	B_cell	-97	0.002207179840983251	17454	17454	cutsite_bigwig	motif_center	Myeloid
CEBPB	B_cell	-96	0.0023964687230384977	17454	17454	cutsite_bigwig	motif_center	Myeloid
CEBPB	B_cell	-95	0.002793796821298353	17454	17454	cutsite_bigwig	motif_center	Myeloid
CEBPB	B_cell	-94	0.0027857609673731785	17454	17454	cutsite_bigwig	motif_center	Myeloid
CEBPB	B_cell	-93	0.0025482569918611883	17454	17454	cutsite_bigwig	motif_center	Myeloid
CEBPB	B_cell	-92	0.0025446854992357197	17454	17454	cutsite_bigwig	motif_center	Myeloid
CEBPB	B_cell	-91	0.0025857576082952654	17454	17454	cutsite_bigwig	motif_center	Myeloid
CEBPB	B_cell	-90	0.0031420169467554888	17454	17454	cutsite_bigwig	motif_center	Myeloid
CEBPB	B_cell	-89	0.002946477953032542	17454	17454	cutsite_bigwig	motif_center	Myeloid
CEBPB	B_cell	-88	0.0029054058416252133	17454	17454	cutsite_bigwig	motif_center	Myeloid
CEBPB	B_cell	-87	0.0029848714479588554	17454	17454	cutsite_bigwig	motif_center	Myeloid
CEBPB	B_cell	-86	0.0025223636925237563	17454	17454	cutsite_bigwig	motif_center	Myeloid
CEBPB	B_cell	-85	0.002401825967952874	17454	17454	cutsite_bigwig	motif_center	Myeloid
CEBPB	B_cell	-84	0.0028670123291972497	17454	17454	cutsite_bigwig	motif_center	Myeloid
CEBPB	B_cell	-83	0.002918798921682505	17454	17454	cutsite_bigwig	motif_center	Myeloid
CEBPB	B_cell	-82	0.0025911148446722512	17454	17454	cutsite_bigwig	motif_center	Myeloid
CEBPB	B_cell	-81	0.0028616550932471334	17454	17454	cutsite_bigwig	motif_center	Myeloid
CEBPB	B_cell	-80	0.003368806461892724	17454	17454	cutsite_bigwig	motif_center	Myeloid
CEBPB	B_cell	-79	0.003523273335884387	17454	17454	cutsite_bigwig	motif_center	Myeloid
CEBPB	B_cell	-78	0.0025571857027216877	17454	17454	cutsite_bigwig	motif_center	Myeloid
CEBPB	B_cell	-77	0.0025268280706848083	17454	17454	cutsite_bigwig	motif_center	Myeloid
CEBPB	B_cell	-76	0.002778617993220849	17454	17454	cutsite_bigwig	motif_center	Myeloid
CEBPB	B_cell	-75	0.0025946863400723714	17454	17454	cutsite_bigwig	motif_center	Myeloid
CEBPB	B_cell	-74	0.003344698903105288	17454	17454	cutsite_bigwig	motif_center	Myeloid
CEBPB	B_cell	-73	0.0033214842264384795	17454	17454	cutsite_bigwig	motif_center	Myeloid
CEBPB	B_cell	-72	0.0029964787887467596	17454	17454	cutsite_bigwig	motif_center	Myeloid
CEBPB	B_cell	-71	0.003016121982606099	17454	17454	cutsite_bigwig	motif_center	Myeloid
CEBPB	B_cell	-70	0.0028964771034450647	17454	17454	cutsite_bigwig	motif_center	Myeloid
CEBPB	B_cell	-69	0.002441112326004121	17454	17454	cutsite_bigwig	motif_center	Myeloid
CEBPB	B_cell	-68	0.0024920060438389656	17454	17454	cutsite_bigwig	motif_center	Myeloid
CEBPB	B_cell	-67	0.0027607605593340688	17454	17454	cutsite_bigwig	motif_center	Myeloid
CEBPB	B_cell	-66	0.002717902705028962	17454	17454	cutsite_bigwig	motif_center	Myeloid
CEBPB	B_cell	-65	0.0028482620253556233	17454	17454	cutsite_bigwig	motif_center	Myeloid
CEBPB	B_cell	-64	0.0032339827550810557	17454	17454	cutsite_bigwig	motif_center	Myeloid
CEBPB	B_cell	-63	0.0027420102204891417	17454	17454	cutsite_bigwig	motif_center	Myeloid
CEBPB	B_cell	-62	0.002581293246141821	17454	17454	cutsite_bigwig	motif_center	Myeloid
CEBPB	B_cell	-61	0.0025714716710892142	17454	17454	cutsite_bigwig	motif_center	Myeloid
CEBPB	B_cell	-60	0.002485755947752003	17454	17454	cutsite_bigwig	motif_center	Myeloid
CEBPB	B_cell	-59	0.002942906470651942	17454	17454	cutsite_bigwig	motif_center	Myeloid
CEBPB	B_cell	-58	0.002644687181549328	17454	17454	cutsite_bigwig	motif_center	Myeloid
CEBPB	B_cell	-57	0.0024946846735529357	17454	17454	cutsite_bigwig	motif_center	Myeloid
CEBPB	B_cell	-56	0.0026062936829946235	17454	17454	cutsite_bigwig	motif_center	Myeloid
CEBPB	B_cell	-55	0.002580400386218409	17454	17454	cutsite_bigwig	motif_center	Myeloid
CEBPB	B_cell	-54	0.002599150699878034	17454	17454	cutsite_bigwig	motif_center	Myeloid
CEBPB	B_cell	-53	0.002384861407435895	17454	17454	cutsite_bigwig	motif_center	Myeloid
CEBPB	B_cell	-52	0.002738438749207149	17454	17454	cutsite_bigwig	motif_center	Myeloid
CEBPB	B_cell	-51	0.0028687980706009844	17454	17454	cutsite_bigwig	motif_center	Myeloid
CEBPB	B_cell	-50	0.0025036133767297837	17454	17454	cutsite_bigwig	motif_center	Myeloid
CEBPB	B_cell	-49	0.00250807774165788	17454	17454	cutsite_bigwig	motif_center	Myeloid
CEBPB	B_cell	-48	0.002510756365182242	17454	17454	cutsite_bigwig	motif_center	Myeloid
CEBPB	B_cell	-47	0.0024348622348261575	17454	17454	cutsite_bigwig	motif_center	Myeloid
CEBPB	B_cell	-46	0.0026018293187068313	17454	17454	cutsite_bigwig	motif_center	Myeloid
CEBPB	B_cell	-45	0.0026929022737254634	17454	17454	cutsite_bigwig	motif_center	Myeloid
CEBPB	B_cell	-44	0.002617901017806354	17454	17454	cutsite_bigwig	motif_center	Myeloid
CEBPB	B_cell	-43	0.0023866471324051532	17454	17454	cutsite_bigwig	motif_center	Myeloid
CEBPB	B_cell	-42	0.0024062903365093613	17454	17454	cutsite_bigwig	motif_center	Myeloid
CEBPB	B_cell	-41	0.0026830806843727278	17454	17454	cutsite_bigwig	motif_center	Myeloid
CEBPB	B_cell	-40	0.0030848731409442018	17454	17454	cutsite_bigwig	motif_center	Myeloid
CEBPB	B_cell	-39	0.002820582981199501	17454	17454	cutsite_bigwig	motif_center	Myeloid
CEBPB	B_cell	-38	0.0028196901101774814	17454	17454	cutsite_bigwig	motif_center	Myeloid
CEBPB	B_cell	-37	0.002701830983518789	17454	17454	cutsite_bigwig	motif_center	Myeloid
CEBPB	B_cell	-36	0.002840226176766318	17454	17454	cutsite_bigwig	motif_center	Myeloid
CEBPB	B_cell	-35	0.003193803536039223	17454	17454	cutsite_bigwig	motif_center	Myeloid
CEBPB	B_cell	-34	0.0031411240601527317	17454	17454	cutsite_bigwig	motif_center	Myeloid
CEBPB	B_cell	-33	0.0029821928301972324	17454	17454	cutsite_bigwig	motif_center	Myeloid
CEBPB	B_cell	-32	0.0036955976394941353	17454	17454	cutsite_bigwig	motif_center	Myeloid
CEBPB	B_cell	-31	0.003081301637220126	17454	17454	cutsite_bigwig	motif_center	Myeloid
CEBPB	B_cell	-30	0.0033286272069938515	17454	17454	cutsite_bigwig	motif_center	Myeloid
CEBPB	B_cell	-29	0.003274162011687406	17454	17454	cutsite_bigwig	motif_center	Myeloid
CEBPB	B_cell	-28	0.002754510448733542	17454	17454	cutsite_bigwig	motif_center	Myeloid
CEBPB	B_cell	-27	0.003303626798527872	17454	17454	cutsite_bigwig	motif_center	Myeloid
CEBPB	B_cell	-26	0.003522380465502672	17454	17454	cutsite_bigwig	motif_center	Myeloid
CEBPB	B_cell	-25	0.0038563146132011518	17454	17454	cutsite_bigwig	motif_center	Myeloid
CEBPB	B_cell	-24	0.00430721504727091	17454	17454	cutsite_bigwig	motif_center	Myeloid
CEBPB	B_cell	-23	0.0033982712446779294	17454	17454	cutsite_bigwig	motif_center	Myeloid
CEBPB	B_cell	-22	0.002934870626331332	17454	17454	cutsite_bigwig	motif_center	Myeloid
CEBPB	B_cell	-21	0.0026393299406902125	17454	17454	cutsite_bigwig	motif_center	Myeloid
CEBPB	B_cell	-20	0.0035857743853294414	17454	17454	cutsite_bigwig	motif_center	Myeloid
CEBPB	B_cell	-19	0.00450453976617655	17454	17454	cutsite_bigwig	motif_center	Myeloid
CEBPB	B_cell	-18	0.003323269965067562	17454	17454	cutsite_bigwig	motif_center	Myeloid
CEBPB	B_cell	-17	0.0029777284755140043	17454	17454	cutsite_bigwig	motif_center	Myeloid
CEBPB	B_cell	-16	0.0024321836140764473	17454	17454	cutsite_bigwig	motif_center	Myeloid
CEBPB	B_cell	-15	0.002249144828108164	17454	17454	cutsite_bigwig	motif_center	Myeloid
CEBPB	B_cell	-14	0.0035322020497329733	17454	17454	cutsite_bigwig	motif_center	Myeloid
CEBPB	B_cell	-13	0.0029634425109883035	17454	17454	cutsite_bigwig	motif_center	Myeloid
CEBPB	B_cell	-12	0.0031857676831812225	17454	17454	cutsite_bigwig	motif_center	Myeloid
CEBPB	B_cell	-11	0.003071480040183739	17454	17454	cutsite_bigwig	motif_center	Myeloid
CEBPB	B_cell	-10	0.0034420219689378817	17454	17454	cutsite_bigwig	motif_center	Myeloid
CEBPB	B_cell	-9	0.005545628646080663	17454	17454	cutsite_bigwig	motif_center	Myeloid
CEBPB	B_cell	-8	0.004551861995014317	17454	17454	cutsite_bigwig	motif_center	Myeloid
CEBPB	B_cell	-7	0.0022848597170117657	17454	17454	cutsite_bigwig	motif_center	Myeloid
CEBPB	B_cell	-6	0.002140214422981709	17454	17454	cutsite_bigwig	motif_center	Myeloid
CEBPB	B_cell	-5	0.0009669804849755905	17454	17454	cutsite_bigwig	motif_center	Myeloid
CEBPB	B_cell	-4	0.0040509607463603825	17454	17454	cutsite_bigwig	motif_center	Myeloid
CEBPB	B_cell	-3	0.0035536309822213953	17454	17454	cutsite_bigwig	motif_center	Myeloid
CEBPB	B_cell	-2	0.001269664130042041	17454	17454	cutsite_bigwig	motif_center	Myeloid
CEBPB	B_cell	-1	0.0013509154888780254	17454	17454	cutsite_bigwig	motif_center	Myeloid
CEBPB	B_cell	0	0.0015009180116014162	17454	17454	cutsite_bigwig	motif_center	Myeloid
CEBPB	B_cell	1	0.003775063253084559	17454	17454	cutsite_bigwig	motif_center	Myeloid
CEBPB	B_cell	2	0.003941137475547777	17454	17454	cutsite_bigwig	motif_center	Myeloid
CEBPB	B_cell	3	0.0009634090006740776	17454	17454	cutsite_bigwig	motif_center	Myeloid
CEBPB	B_cell	4	0.001644670415400325	17454	17454	cutsite_bigwig	motif_center	Myeloid
CEBPB	B_cell	5	0.0017589580344931153	17454	17454	cutsite_bigwig	motif_center	Myeloid
CEBPB	B_cell	6	0.004037567657125396	17454	17454	cutsite_bigwig	motif_center	Myeloid
CEBPB	B_cell	7	0.005467948770905888	17454	17454	cutsite_bigwig	motif_center	Myeloid
CEBPB	B_cell	8	0.0029295133886737376	17454	17454	cutsite_bigwig	motif_center	Myeloid
CEBPB	B_cell	9	0.0029625496561873255	17454	17454	cutsite_bigwig	motif_center	Myeloid
CEBPB	B_cell	10	0.0025545070962721067	17454	17454	cutsite_bigwig	motif_center	Myeloid
CEBPB	B_cell	11	0.00272415278788297	17454	17454	cutsite_bigwig	motif_center	Myeloid
CEBPB	B_cell	12	0.003042015262947837	17454	17454	cutsite_bigwig	motif_center	Myeloid
CEBPB	B_cell	13	0.0023303961918531477	17454	17454	cutsite_bigwig	motif_center	Myeloid
CEBPB	B_cell	14	0.0027018310008070047	17454	17454	cutsite_bigwig	motif_center	Myeloid
CEBPB	B_cell	15	0.003134873961291117	17454	17454	cutsite_bigwig	motif_center	Myeloid
CEBPB	B_cell	16	0.003437557616602436	17454	17454	cutsite_bigwig	motif_center	Myeloid
CEBPB	B_cell	17	0.00420007039251245	17454	17454	cutsite_bigwig	motif_center	Myeloid
CEBPB	B_cell	18	0.003577738524574355	17454	17454	cutsite_bigwig	motif_center	Myeloid
CEBPB	B_cell	19	0.0033223771153890187	17454	17454	cutsite_bigwig	motif_center	Myeloid
CEBPB	B_cell	20	0.00329023371036006	17454	17454	cutsite_bigwig	motif_center	Myeloid
CEBPB	B_cell	21	0.0032634475589963024	17454	17454	cutsite_bigwig	motif_center	Myeloid
CEBPB	B_cell	22	0.0033080911557723173	17454	17454	cutsite_bigwig	motif_center	Myeloid
CEBPB	B_cell	23	0.0033750565599006	17454	17454	cutsite_bigwig	motif_center	Myeloid
CEBPB	B_cell	24	0.0034429148341971628	17454	17454	cutsite_bigwig	motif_center	Myeloid
CEBPB	B_cell	25	0.0037179194568778364	17454	17454	cutsite_bigwig	motif_center	Myeloid
CEBPB	B_cell	26	0.003050943992377161	17454	17454	cutsite_bigwig	motif_center	Myeloid
CEBPB	B_cell	27	0.0033518419082056577	17454	17454	cutsite_bigwig	motif_center	Myeloid
CEBPB	B_cell	28	0.003152731422924416	17454	17454	cutsite_bigwig	motif_center	Myeloid
CEBPB	B_cell	29	0.0031509456638055965	17454	17454	cutsite_bigwig	motif_center	Myeloid
CEBPB	B_cell	30	0.004322393872573761	17454	17454	cutsite_bigwig	motif_center	Myeloid
CEBPB	B_cell	31	0.0034572007997900373	17454	17454	cutsite_bigwig	motif_center	Myeloid
CEBPB	B_cell	32	0.003323269990893168	17454	17454	cutsite_bigwig	motif_center	Myeloid
CEBPB	B_cell	33	0.002635758453400613	17454	17454	cutsite_bigwig	motif_center	Myeloid
CEBPB	B_cell	34	0.003248268726863538	17454	17454	cutsite_bigwig	motif_center	Myeloid
CEBPB	B_cell	35	0.003523273351891994	17454	17454	cutsite_bigwig	motif_center	Myeloid
CEBPB	B_cell	36	0.003163445866864695	17454	17454	cutsite_bigwig	motif_center	Myeloid
CEBPB	B_cell	37	0.003452736440838114	17454	17454	cutsite_bigwig	motif_center	Myeloid
CEBPB	B_cell	38	0.003157195774406123	17454	17454	cutsite_bigwig	motif_center	Myeloid
CEBPB	B_cell	39	0.0027509389561080734	17454	17454	cutsite_bigwig	motif_center	Myeloid
CEBPB	B_cell	40	0.002699152367464644	17454	17454	cutsite_bigwig	motif_center	Myeloid
CEBPB	B_cell	41	0.002804511286795542	17454	17454	cutsite_bigwig	motif_center	Myeloid
CEBPB	B_cell	42	0.0029152274375944267	17454	17454	cutsite_bigwig	motif_center	Myeloid
CEBPB	B_cell	43	0.0027839752372814863	17454	17454	cutsite_bigwig	motif_center	Myeloid
CEBPB	B_cell	44	0.002850047746483056	17454	17454	cutsite_bigwig	motif_center	Myeloid
CEBPB	B_cell	45	0.00290094148310016	17454	17454	cutsite_bigwig	motif_center	Myeloid
CEBPB	B_cell	46	0.002550935605354116	17454	17454	cutsite_bigwig	motif_center	Myeloid
CEBPB	B_cell	47	0.002872369564080192	17454	17454	cutsite_bigwig	motif_center	Myeloid
CEBPB	B_cell	48	0.0026214725016809977	17454	17454	cutsite_bigwig	motif_center	Myeloid
CEBPB	B_cell	49	0.002637544195231217	17454	17454	cutsite_bigwig	motif_center	Myeloid
CEBPB	B_cell	50	0.0028491549089702936	17454	17454	cutsite_bigwig	motif_center	Myeloid
CEBPB	B_cell	51	0.00250539911685291	17454	17454	cutsite_bigwig	motif_center	Myeloid
CEBPB	B_cell	52	0.0024330764891537272	17454	17454	cutsite_bigwig	motif_center	Myeloid
CEBPB	B_cell	53	0.0027545104510813246	17454	17454	cutsite_bigwig	motif_center	Myeloid
CEBPB	B_cell	54	0.0031679102399033124	17454	17454	cutsite_bigwig	motif_center	Myeloid
CEBPB	B_cell	55	0.0032098752174236607	17454	17454	cutsite_bigwig	motif_center	Myeloid
CEBPB	B_cell	56	0.0025661144449570968	17454	17454	cutsite_bigwig	motif_center	Myeloid
CEBPB	B_cell	57	0.0022857525967846107	17454	17454	cutsite_bigwig	motif_center	Myeloid
CEBPB	B_cell	58	0.00234289640046155	17454	17454	cutsite_bigwig	motif_center	Myeloid
CEBPB	B_cell	59	0.002788439598367757	17454	17454	cutsite_bigwig	motif_center	Myeloid
CEBPB	B_cell	60	0.002811654257319481	17454	17454	cutsite_bigwig	motif_center	Myeloid
CEBPB	B_cell	61	0.0023670039511384648	17454	17454	cutsite_bigwig	motif_center	Myeloid
CEBPB	B_cell	62	0.0025446855017969366	17454	17454	cutsite_bigwig	motif_center	Myeloid
CEBPB	B_cell	63	0.002380397025433018	17454	17454	cutsite_bigwig	motif_center	Myeloid
CEBPB	B_cell	64	0.0024589697722701173	17454	17454	cutsite_bigwig	motif_center	Myeloid
CEBPB	B_cell	65	0.0027857609763374384	17454	17454	cutsite_bigwig	motif_center	Myeloid
CEBPB	B_cell	66	0.0030438010135292667	17454	17454	cutsite_bigwig	motif_center	Myeloid
CEBPB	B_cell	67	0.003042908137811682	17454	17454	cutsite_bigwig	motif_center	Myeloid
CEBPB	B_cell	68	0.0031795175698060437	17454	17454	cutsite_bigwig	motif_center	Myeloid
CEBPB	B_cell	69	0.0034027356125941126	17454	17454	cutsite_bigwig	motif_center	Myeloid
CEBPB	B_cell	70	0.0029125488061729787	17454	17454	cutsite_bigwig	motif_center	Myeloid
CEBPB	B_cell	71	0.0025777217793419584	17454	17454	cutsite_bigwig	motif_center	Myeloid
CEBPB	B_cell	72	0.0027491532112893825	17454	17454	cutsite_bigwig	motif_center	Myeloid
CEBPB	B_cell	73	0.002785760960756701	17454	17454	cutsite_bigwig	motif_center	Myeloid
CEBPB	B_cell	74	0.0028411190460808596	17454	17454	cutsite_bigwig	motif_center	Myeloid
CEBPB	B_cell	75	0.0026696875972720894	17454	17454	cutsite_bigwig	motif_center	Myeloid
CEBPB	B_cell	76	0.002977728471245309	17454	17454	cutsite_bigwig	motif_center	Myeloid
CEBPB	B_cell	77	0.003331305844178038	17454	17454	cutsite_bigwig	motif_center	Myeloid
CEBPB	B_cell	78	0.0030670156899826407	17454	17454	cutsite_bigwig	motif_center	Myeloid
CEBPB	B_cell	79	0.0029089773212311616	17454	17454	cutsite_bigwig	motif_center	Myeloid
CEBPB	B_cell	80	0.002517006463830422	17454	17454	cutsite_bigwig	motif_center	Myeloid
CEBPB	B_cell	81	0.002725938536330052	17454	17454	cutsite_bigwig	motif_center	Myeloid
CEBPB	B_cell	82	0.0029036200825063936	17454	17454	cutsite_bigwig	motif_center	Myeloid
CEBPB	B_cell	83	0.0028268330943612445	17454	17454	cutsite_bigwig	motif_center	Myeloid
CEBPB	B_cell	84	0.002956299565009362	17454	17454	cutsite_bigwig	motif_center	Myeloid
CEBPB	B_cell	85	0.002636651328264458	17454	17454	cutsite_bigwig	motif_center	Myeloid
CEBPB	B_cell	86	0.0026357584501990913	17454	17454	cutsite_bigwig	motif_center	Myeloid
CEBPB	B_cell	87	0.0026295083532583896	17454	17454	cutsite_bigwig	motif_center	Myeloid
CEBPB	B_cell	88	0.0028357618109844827	17454	17454	cutsite_bigwig	motif_center	Myeloid
CEBPB	B_cell	89	0.0028750481752253376	17454	17454	cutsite_bigwig	motif_center	Myeloid
CEBPB	B_cell	90	0.0029545138146413676	17454	17454	cutsite_bigwig	motif_center	Myeloid
CEBPB	B_cell	91	0.0031893391734589085	17454	17454	cutsite_bigwig	motif_center	Myeloid
CEBPB	B_cell	92	0.002933977743143531	17454	17454	cutsite_bigwig	motif_center	Myeloid
CEBPB	B_cell	93	0.003145588427215176	17454	17454	cutsite_bigwig	motif_center	Myeloid
CEBPB	B_cell	94	0.003120588009358067	17454	17454	cutsite_bigwig	motif_center	Myeloid
CEBPB	B_cell	95	0.0024964704074864536	17454	17454	cutsite_bigwig	motif_center	Myeloid
CEBPB	B_cell	96	0.0027687963942635493	17454	17454	cutsite_bigwig	motif_center	Myeloid
CEBPB	B_cell	97	0.0024714699887756057	17454	17454	cutsite_bigwig	motif_center	Myeloid
CEBPB	B_cell	98	0.0025482569873790583	17454	17454	cutsite_bigwig	motif_center	Myeloid
CEBPB	B_cell	99	0.0026027221952781543	17454	17454	cutsite_bigwig	motif_center	Myeloid
CEBPB	B_cell	100	0.0026071865418508615	17454	17454	cutsite_bigwig	motif_center	Myeloid
CEBPB	B_cell	101	0.0029241561493086655	17454	17454	cutsite_bigwig	motif_center	Myeloid
CEBPB	B_cell	102	0.0026696875951377416	17454	17454	cutsite_bigwig	motif_center	Myeloid
CEBPB	B_cell	103	0.0022634307781203007	17454	17454	cutsite_bigwig	motif_center	Myeloid
CEBPB	B_cell	104	0.002676830576760288	17454	17454	cutsite_bigwig	motif_center	Myeloid
CEBPB	B_cell	105	0.0025750431477070757	17454	17454	cutsite_bigwig	motif_center	Myeloid
CEBPB	B_cell	106	0.0023670039532728126	17454	17454	cutsite_bigwig	motif_center	Myeloid
CEBPB	B_cell	107	0.003032193659935277	17454	17454	cutsite_bigwig	motif_center	Myeloid
CEBPB	B_cell	108	0.0027357601433978724	17454	17454	cutsite_bigwig	motif_center	Myeloid
CEBPB	B_cell	109	0.0024330764953433355	17454	17454	cutsite_bigwig	motif_center	Myeloid
CEBPB	B_cell	110	0.003030407927709237	17454	17454	cutsite_bigwig	motif_center	Myeloid
CEBPB	B_cell	111	0.002706295358905189	17454	17454	cutsite_bigwig	motif_center	Myeloid
CEBPB	B_cell	112	0.002792011084163313	17454	17454	cutsite_bigwig	motif_center	Myeloid
CEBPB	B_cell	113	0.0027536175858220435	17454	17454	cutsite_bigwig	motif_center	Myeloid
CEBPB	B_cell	114	0.002643794314369134	17454	17454	cutsite_bigwig	motif_center	Myeloid
CEBPB	B_cell	115	0.0022902169516812736	17454	17454	cutsite_bigwig	motif_center	Myeloid
CEBPB	B_cell	116	0.0020411056338873355	17454	17454	cutsite_bigwig	motif_center	Myeloid
CEBPB	B_cell	117	0.002385754263090612	17454	17454	cutsite_bigwig	motif_center	Myeloid
CEBPB	B_cell	118	0.0024312907530858615	17454	17454	cutsite_bigwig	motif_center	Myeloid
CEBPB	B_cell	119	0.0021937867604990904	17454	17454	cutsite_bigwig	motif_center	Myeloid
CEBPB	B_cell	120	0.002380397029061409	17454	17454	cutsite_bigwig	motif_center	Myeloid
CEBPB	B_cell	121	0.0022598593079054823	17454	17454	cutsite_bigwig	motif_center	Myeloid
CEBPB	B_cell	122	0.0022803953642494506	17454	17454	cutsite_bigwig	motif_center	Myeloid
CEBPB	B_cell	123	0.0024000402192923573	17454	17454	cutsite_bigwig	motif_center	Myeloid
CEBPB	B_cell	124	0.002670580461891066	17454	17454	cutsite_bigwig	motif_center	Myeloid
CEBPB	B_cell	125	0.002879512522438349	17454	17454	cutsite_bigwig	motif_center	Myeloid
CEBPB	B_cell	126	0.002375932670536355	17454	17454	cutsite_bigwig	motif_center	Myeloid
CEBPB	B_cell	127	0.002418790531244504	17454	17454	cutsite_bigwig	motif_center	Myeloid
CEBPB	B_cell	128	0.002570578788968587	17454	17454	cutsite_bigwig	motif_center	Myeloid
CEBPB	B_cell	129	0.0026768305776140268	17454	17454	cutsite_bigwig	motif_center	Myeloid
CEBPB	B_cell	130	0.0021607504895705463	17454	17454	cutsite_bigwig	motif_center	Myeloid
CEBPB	B_cell	131	0.0025661144204120996	17454	17454	cutsite_bigwig	motif_center	Myeloid
CEBPB	B_cell	132	0.002582186124847492	17454	17454	cutsite_bigwig	motif_center	Myeloid
CEBPB	B_cell	133	0.0029295133905946503	17454	17454	cutsite_bigwig	motif_center	Myeloid
CEBPB	B_cell	134	0.0027750465042237714	17454	17454	cutsite_bigwig	motif_center	Myeloid
CEBPB	B_cell	135	0.002453612539948392	17454	17454	cutsite_bigwig	motif_center	Myeloid
CEBPB	B_cell	136	0.0025000419007522264	17454	17454	cutsite_bigwig	motif_center	Myeloid
CEBPB	B_cell	137	0.0025071848770389037	17454	17454	cutsite_bigwig	motif_center	Myeloid
CEBPB	B_cell	138	0.0024964704002296717	17454	17454	cutsite_bigwig	motif_center	Myeloid
CEBPB	B_cell	139	0.0025821861306102303	17454	17454	cutsite_bigwig	motif_center	Myeloid
CEBPB	B_cell	140	0.002560757198121808	17454	17454	cutsite_bigwig	motif_center	Myeloid
CEBPB	B_cell	141	0.002940227837309581	17454	17454	cutsite_bigwig	motif_center	Myeloid
CEBPB	B_cell	142	0.0025357567819721772	17454	17454	cutsite_bigwig	motif_center	Myeloid
CEBPB	B_cell	143	0.0028473691511320823	17454	17454	cutsite_bigwig	motif_center	Myeloid
CEBPB	B_cell	144	0.002614329522406234	17454	17454	cutsite_bigwig	motif_center	Myeloid
CEBPB	B_cell	145	0.0026661161059272293	17454	17454	cutsite_bigwig	motif_center	Myeloid
CEBPB	B_cell	146	0.0026277226137755676	17454	17454	cutsite_bigwig	motif_center	Myeloid
CEBPB	B_cell	147	0.002755403320609301	17454	17454	cutsite_bigwig	motif_center	Myeloid
CEBPB	B_cell	148	0.002586650491696501	17454	17454	cutsite_bigwig	motif_center	Myeloid
CEBPB	B_cell	149	0.0026652232278618626	17454	17454	cutsite_bigwig	motif_center	Myeloid
CEBPB	B_cell	150	0.002548256998050796	17454	17454	cutsite_bigwig	motif_center	Myeloid
CEBPB	B_cell	151	0.0025848647421822454	17454	17454	cutsite_bigwig	motif_center	Myeloid
CEBPB	B_cell	152	0.0026821877962759275	17454	17454	cutsite_bigwig	motif_center	Myeloid
CEBPB	B_cell	153	0.0025562928421579713	17454	17454	cutsite_bigwig	motif_center	Myeloid
CEBPB	B_cell	154	0.0027464745879784555	17454	17454	cutsite_bigwig	motif_center	Myeloid
CEBPB	B_cell	155	0.002739331628979994	17454	17454	cutsite_bigwig	motif_center	Myeloid
CEBPB	B_cell	156	0.0024053974511872127	17454	17454	cutsite_bigwig	motif_center	Myeloid
CEBPB	B_cell	157	0.0027741536342689257	17454	17454	cutsite_bigwig	motif_center	Myeloid
CEBPB	B_cell	158	0.0023562894694202337	17454	17454	cutsite_bigwig	motif_center	Myeloid
CEBPB	B_cell	159	0.0029339777363136185	17454	17454	cutsite_bigwig	motif_center	Myeloid
CEBPB	B_cell	160	0.00289379849550144	17454	17454	cutsite_bigwig	motif_center	Myeloid
CEBPB	B_cell	161	0.002856297869676233	17454	17454	cutsite_bigwig	motif_center	Myeloid
CEBPB	B_cell	162	0.0027964754482376706	17454	17454	cutsite_bigwig	motif_center	Myeloid
CEBPB	B_cell	163	0.002661651756793305	17454	17454	cutsite_bigwig	motif_center	Myeloid
CEBPB	B_cell	164	0.0025652215624096006	17454	17454	cutsite_bigwig	motif_center	Myeloid
CEBPB	B_cell	165	0.0025482569918611883	17454	17454	cutsite_bigwig	motif_center	Myeloid
CEBPB	B_cell	166	0.0024723628467781048	17454	17454	cutsite_bigwig	motif_center	Myeloid
CEBPB	B_cell	167	0.0023366463013865003	17454	17454	cutsite_bigwig	motif_center	Myeloid
CEBPB	B_cell	168	0.002340217783126796	17454	17454	cutsite_bigwig	motif_center	Myeloid
CEBPB	B_cell	169	0.0026250439968676835	17454	17454	cutsite_bigwig	motif_center	Myeloid
CEBPB	B_cell	170	0.0024196834001321763	17454	17454	cutsite_bigwig	motif_center	Myeloid
CEBPB	B_cell	171	0.0023536108712946084	17454	17454	cutsite_bigwig	motif_center	Myeloid
CEBPB	B_cell	172	0.0021973582516305154	17454	17454	cutsite_bigwig	motif_center	Myeloid
CEBPB	B_cell	173	0.0025536142201276527	17454	17454	cutsite_bigwig	motif_center	Myeloid
CEBPB	B_cell	174	0.0028536192559698707	17454	17454	cutsite_bigwig	motif_center	Myeloid
CEBPB	B_cell	175	0.0030045146477943683	17454	17454	cutsite_bigwig	motif_center	Myeloid
CEBPB	B_cell	176	0.0022196800504453926	17454	17454	cutsite_bigwig	motif_center	Myeloid
CEBPB	B_cell	177	0.0022232515381618617	17454	17454	cutsite_bigwig	motif_center	Myeloid
CEBPB	B_cell	178	0.0026277226058784814	17454	17454	cutsite_bigwig	motif_center	Myeloid
CEBPB	B_cell	179	0.0024036117078625654	17454	17454	cutsite_bigwig	motif_center	Myeloid
CEBPB	B_cell	180	0.002975942726640053	17454	17454	cutsite_bigwig	motif_center	Myeloid
CEBPB	B_cell	181	0.0028464762830981497	17454	17454	cutsite_bigwig	motif_center	Myeloid
CEBPB	B_cell	182	0.002556292836395233	17454	17454	cutsite_bigwig	motif_center	Myeloid
CEBPB	B_cell	183	0.002363432464916039	17454	17454	cutsite_bigwig	motif_center	Myeloid
CEBPB	B_cell	184	0.0025670072937819016	17454	17454	cutsite_bigwig	motif_center	Myeloid
CEBPB	B_cell	185	0.002697366628835561	17454	17454	cutsite_bigwig	motif_center	Myeloid
CEBPB	B_cell	186	0.0025170064781305512	17454	17454	cutsite_bigwig	motif_center	Myeloid
CEBPB	B_cell	187	0.002584864748798723	17454	17454	cutsite_bigwig	motif_center	Myeloid
CEBPB	B_cell	188	0.0026607588706174176	17454	17454	cutsite_bigwig	motif_center	Myeloid
CEBPB	B_cell	189	0.0025241494409708382	17454	17454	cutsite_bigwig	motif_center	Myeloid
CEBPB	B_cell	190	0.0025420068874502694	17454	17454	cutsite_bigwig	motif_center	Myeloid
CEBPB	B_cell	191	0.002402718839188328	17454	17454	cutsite_bigwig	motif_center	Myeloid
CEBPB	B_cell	192	0.002370575438641499	17454	17454	cutsite_bigwig	motif_center	Myeloid
CEBPB	B_cell	193	0.002361646725433217	17454	17454	cutsite_bigwig	motif_center	Myeloid
CEBPB	B_cell	194	0.0027929039483554205	17454	17454	cutsite_bigwig	motif_center	Myeloid
CEBPB	B_cell	195	0.0025991507173796845	17454	17454	cutsite_bigwig	motif_center	Myeloid
CEBPB	B_cell	196	0.002645580059187825	17454	17454	cutsite_bigwig	motif_center	Myeloid
CEBPB	B_cell	197	0.0024027188325718503	17454	17454	cutsite_bigwig	motif_center	Myeloid
CEBPB	B_cell	198	0.0030196934598642647	17454	17454	cutsite_bigwig	motif_center	Myeloid
CEBPB	B_cell	199	0.0030330865476052076	17454	17454	cutsite_bigwig	motif_center	Myeloid
CEBPB	B_cell	200	0.0029955859307442606	17454	17454	cutsite_bigwig	motif_center	Myeloid
CEBPB	B_cell	201	0.002638437079272757	17454	17454	cutsite_bigwig	motif_center	Myeloid
CEBPB	B_cell	202	0.0025518284908896995	17454	17454	cutsite_bigwig	motif_center	Myeloid
CEBPB	B_cell	203	0.0026071865431314704	17454	17454	cutsite_bigwig	motif_center	Myeloid
CEBPB	B_cell	204	0.0024036117236567373	17454	17454	cutsite_bigwig	motif_center	Myeloid
CEBPB	B_cell	205	0.002456291165180232	17454	17454	cutsite_bigwig	motif_center	Myeloid
CEBPB	B_cell	206	0.0026196867649728277	17454	17454	cutsite_bigwig	motif_center	Myeloid
CEBPB	B_cell	207	0.00283040458058367	17454	17454	cutsite_bigwig	motif_center	Myeloid
CEBPB	B_cell	208	0.002796475439059976	17454	17454	cutsite_bigwig	motif_center	Myeloid
CEBPB	B_cell	209	0.002998264553628318	17454	17454	cutsite_bigwig	motif_center	Myeloid
CEBPB	B_cell	210	0.0025643286890397986	17454	17454	cutsite_bigwig	motif_center	Myeloid
CEBPB	B_cell	211	0.0030679085716763983	17454	17454	cutsite_bigwig	motif_center	Myeloid
CEBPB	B_cell	212	0.002630401228762539	17454	17454	cutsite_bigwig	motif_center	Myeloid
CEBPB	B_cell	213	0.0026616517570067395	17454	17454	cutsite_bigwig	motif_center	Myeloid
CEBPB	B_cell	214	0.0027741536357629693	17454	17454	cutsite_bigwig	motif_center	Myeloid
CEBPB	B_cell	215	0.0025277209295410464	17454	17454	cutsite_bigwig	motif_center	Myeloid
CEBPB	B_cell	216	0.0024402194626657525	17454	17454	cutsite_bigwig	motif_center	Myeloid
CEBPB	B_cell	217	0.0027107597167899387	17454	17454	cutsite_bigwig	motif_center	Myeloid
CEBPB	B_cell	218	0.002750938953333422	17454	17454	cutsite_bigwig	motif_center	Myeloid
CEBPB	B_cell	219	0.0024482553097610145	17454	17454	cutsite_bigwig	motif_center	Myeloid
CEBPB	B_cell	220	0.0023080743896233143	17454	17454	cutsite_bigwig	motif_center	Myeloid
CEBPB	B_cell	221	0.002261645053791347	17454	17454	cutsite_bigwig	motif_center	Myeloid
CEBPB	B_cell	222	0.0025902219806935786	17454	17454	cutsite_bigwig	motif_center	Myeloid
CEBPB	B_cell	223	0.0026500443980768808	17454	17454	cutsite_bigwig	motif_center	Myeloid
CEBPB	B_cell	224	0.0026812949290957334	17454	17454	cutsite_bigwig	motif_center	Myeloid
CEBPB	B_cell	225	0.0025411140153610763	17454	17454	cutsite_bigwig	motif_center	Myeloid
CEBPB	B_cell	226	0.0028759410471010964	17454	17454	cutsite_bigwig	motif_center	Myeloid
CEBPB	B_cell	227	0.0028000469291242277	17454	17454	cutsite_bigwig	motif_center	Myeloid
CEBPB	B_cell	228	0.002394682987610936	17454	17454	cutsite_bigwig	motif_center	Myeloid
CEBPB	B_cell	229	0.0023696825633507845	17454	17454	cutsite_bigwig	motif_center	Myeloid
CEBPB	B_cell	230	0.0023143244867774512	17454	17454	cutsite_bigwig	motif_center	Myeloid
CEBPB	B_cell	231	0.002435755093255526	17454	17454	cutsite_bigwig	motif_center	Myeloid
CEBPB	B_cell	232	0.0028080827638402735	17454	17454	cutsite_bigwig	motif_center	Myeloid
CEBPB	B_cell	233	0.002761653419897785	17454	17454	cutsite_bigwig	motif_center	Myeloid
CEBPB	B_cell	234	0.002472362852327409	17454	17454	cutsite_bigwig	motif_center	Myeloid
CEBPB	B_cell	235	0.002629508363503258	17454	17454	cutsite_bigwig	motif_center	Myeloid
CEBPB	B_cell	236	0.002780403749565017	17454	17454	cutsite_bigwig	motif_center	Myeloid
CEBPB	B_cell	237	0.0028741553138078822	17454	17454	cutsite_bigwig	motif_center	Myeloid
CEBPB	B_cell	238	0.0032429114924074653	17454	17454	cutsite_bigwig	motif_center	Myeloid
CEBPB	B_cell	239	0.0023875400126048677	17454	17454	cutsite_bigwig	motif_center	Myeloid
CEBPB	B_cell	240	0.0027437959857975697	17454	17454	cutsite_bigwig	motif_center	Myeloid
CEBPB	B_cell	241	0.00295272807579885	17454	17454	cutsite_bigwig	motif_center	Myeloid
CEBPB	B_cell	242	0.002278609607478413	17454	17454	cutsite_bigwig	motif_center	Myeloid
CEBPB	B_cell	243	0.00286611946713949	17454	17454	cutsite_bigwig	motif_center	Myeloid
CEBPB	B_cell	244	0.0030063003866368856	17454	17454	cutsite_bigwig	motif_center	Myeloid
CEBPB	B_cell	245	0.0022946813140481527	17454	17454	cutsite_bigwig	motif_center	Myeloid
CEBPB	B_cell	246	0.0026562945131595374	17454	17454	cutsite_bigwig	motif_center	Myeloid
CEBPB	B_cell	247	0.002283966843855399	17454	17454	cutsite_bigwig	motif_center	Myeloid
CEBPB	B_cell	248	0.0024018259594154835	17454	17454	cutsite_bigwig	motif_center	Myeloid
CEBPB	B_cell	249	0.0023821827698248393	17454	17454	cutsite_bigwig	motif_center	Myeloid
CEBPB	CD4_T	-250	0.002385863000763937	17454	17454	cutsite_bigwig	motif_center	Myeloid
CEBPB	CD4_T	-249	0.0023663686995266573	17454	17454	cutsite_bigwig	motif_center	Myeloid
CEBPB	CD4_T	-248	0.0024660283075495096	17454	17454	cutsite_bigwig	motif_center	Myeloid
CEBPB	CD4_T	-247	0.0022450266644986985	17454	17454	cutsite_bigwig	motif_center	Myeloid
CEBPB	CD4_T	-246	0.0021775923086127746	17454	17454	cutsite_bigwig	motif_center	Myeloid
CEBPB	CD4_T	-245	0.0024377814727731093	17454	17454	cutsite_bigwig	motif_center	Myeloid
CEBPB	CD4_T	-244	0.002516952189318584	17454	17454	cutsite_bigwig	motif_center	Myeloid
CEBPB	CD4_T	-243	0.002706126417342321	17454	17454	cutsite_bigwig	motif_center	Myeloid
CEBPB	CD4_T	-242	0.0025585267465069446	17454	17454	cutsite_bigwig	motif_center	Myeloid
CEBPB	CD4_T	-241	0.002374922314377454	17454	17454	cutsite_bigwig	motif_center	Myeloid
CEBPB	CD4_T	-240	0.0023297671631451983	17454	17454	cutsite_bigwig	motif_center	Myeloid
CEBPB	CD4_T	-239	0.0023757179951602817	17454	17454	cutsite_bigwig	motif_center	Myeloid
CEBPB	CD4_T	-238	0.0023194232488579734	17454	17454	cutsite_bigwig	motif_center	Myeloid
CEBPB	CD4_T	-237	0.0022181722716124942	17454	17454	cutsite_bigwig	motif_center	Myeloid
CEBPB	CD4_T	-236	0.002210215419069636	17454	17454	cutsite_bigwig	motif_center	Myeloid
CEBPB	CD4_T	-235	0.0020839003428784354	17454	17454	cutsite_bigwig	motif_center	Myeloid
CEBPB	CD4_T	-234	0.002106378463712569	17454	17454	cutsite_bigwig	motif_center	Myeloid
CEBPB	CD4_T	-233	0.0021294533345021047	17454	17454	cutsite_bigwig	motif_center	Myeloid
CEBPB	CD4_T	-232	0.002222548542837505	17454	17454	cutsite_bigwig	motif_center	Myeloid
CEBPB	CD4_T	-231	0.0020474977291071637	17454	17454	cutsite_bigwig	motif_center	Myeloid
CEBPB	CD4_T	-230	0.0020256163894699446	17454	17454	cutsite_bigwig	motif_center	Myeloid
CEBPB	CD4_T	-229	0.0021187115912955847	17454	17454	cutsite_bigwig	motif_center	Myeloid
CEBPB	CD4_T	-228	0.0023303639347909077	17454	17454	cutsite_bigwig	motif_center	Myeloid
CEBPB	CD4_T	-227	0.0026307351986153116	17454	17454	cutsite_bigwig	motif_center	Myeloid
CEBPB	CD4_T	-226	0.0024729905721200137	17454	17454	cutsite_bigwig	motif_center	Myeloid
CEBPB	CD4_T	-225	0.0020512772440004095	17454	17454	cutsite_bigwig	motif_center	Myeloid
CEBPB	CD4_T	-224	0.002166253794987795	17454	17454	cutsite_bigwig	motif_center	Myeloid
CEBPB	CD4_T	-223	0.0020174606050058076	17454	17454	cutsite_bigwig	motif_center	Myeloid
CEBPB	CD4_T	-222	0.0025461936363455418	17454	17454	cutsite_bigwig	motif_center	Myeloid
CEBPB	CD4_T	-221	0.002486517199773909	17454	17454	cutsite_bigwig	motif_center	Myeloid
CEBPB	CD4_T	-220	0.0026028862106867267	17454	17454	cutsite_bigwig	motif_center	Myeloid
CEBPB	CD4_T	-219	0.0027409376520196077	17454	17454	cutsite_bigwig	motif_center	Myeloid
CEBPB	CD4_T	-218	0.002171027911433181	17454	17454	cutsite_bigwig	motif_center	Myeloid
CEBPB	CD4_T	-217	0.002344288428955295	17454	17454	cutsite_bigwig	motif_center	Myeloid
CEBPB	CD4_T	-216	0.0025744404572486824	17454	17454	cutsite_bigwig	motif_center	Myeloid
CEBPB	CD4_T	-215	0.001930531958500983	17454	17454	cutsite_bigwig	motif_center	Myeloid
CEBPB	CD4_T	-214	0.0020065199306517094	17454	17454	cutsite_bigwig	motif_center	Myeloid
CEBPB	CD4_T	-213	0.002047696655479139	17454	17454	cutsite_bigwig	motif_center	Myeloid
CEBPB	CD4_T	-212	0.0022995311207823876	17454	17454	cutsite_bigwig	motif_center	Myeloid
CEBPB	CD4_T	-211	0.002306095525138725	17454	17454	cutsite_bigwig	motif_center	Myeloid
CEBPB	CD4_T	-210	0.002374325548761277	17454	17454	cutsite_bigwig	motif_center	Myeloid
CEBPB	CD4_T	-209	0.002069975840390092	17454	17454	cutsite_bigwig	motif_center	Myeloid
CEBPB	CD4_T	-208	0.0022681015330738487	17454	17454	cutsite_bigwig	motif_center	Myeloid
CEBPB	CD4_T	-207	0.002427835398850619	17454	17454	cutsite_bigwig	motif_center	Myeloid
CEBPB	CD4_T	-206	0.0024256472707883683	17454	17454	cutsite_bigwig	motif_center	Myeloid
CEBPB	CD4_T	-205	0.0027160724933724795	17454	17454	cutsite_bigwig	motif_center	Myeloid
CEBPB	CD4_T	-204	0.002157700179283259	17454	17454	cutsite_bigwig	motif_center	Myeloid
CEBPB	CD4_T	-203	0.002198280129396855	17454	17454	cutsite_bigwig	motif_center	Myeloid
CEBPB	CD4_T	-202	0.0021515336149181457	17454	17454	cutsite_bigwig	motif_center	Myeloid
CEBPB	CD4_T	-201	0.002508199637344036	17454	17454	cutsite_bigwig	motif_center	Myeloid
CEBPB	CD4_T	-200	0.0025350540307638274	17454	17454	cutsite_bigwig	motif_center	Myeloid
CEBPB	CD4_T	-199	0.0026134290565483992	17454	17454	cutsite_bigwig	motif_center	Myeloid
CEBPB	CD4_T	-198	0.002811554746857694	17454	17454	cutsite_bigwig	motif_center	Myeloid
CEBPB	CD4_T	-197	0.0025362475483897157	17454	17454	cutsite_bigwig	motif_center	Myeloid
CEBPB	CD4_T	-196	0.002498054640010978	17454	17454	cutsite_bigwig	motif_center	Myeloid
CEBPB	CD4_T	-195	0.0023154448252277996	17454	17454	cutsite_bigwig	motif_center	Myeloid
CEBPB	CD4_T	-194	0.002173017113550326	17454	17454	cutsite_bigwig	motif_center	Myeloid
CEBPB	CD4_T	-193	0.0021445713609393414	17454	17454	cutsite_bigwig	motif_center	Myeloid
CEBPB	CD4_T	-192	0.002084696030411137	17454	17454	cutsite_bigwig	motif_center	Myeloid
CEBPB	CD4_T	-191	0.0022615371323459026	17454	17454	cutsite_bigwig	motif_center	Myeloid
CEBPB	CD4_T	-190	0.002260144677169393	17454	17454	cutsite_bigwig	motif_center	Myeloid
CEBPB	CD4_T	-189	0.0022255323597130663	17454	17454	cutsite_bigwig	motif_center	Myeloid
CEBPB	CD4_T	-188	0.0026148214946234483	17454	17454	cutsite_bigwig	motif_center	Myeloid
CEBPB	CD4_T	-187	0.0023691535935252373	17454	17454	cutsite_bigwig	motif_center	Myeloid
CEBPB	CD4_T	-186	0.002259746842940908	17454	17454	cutsite_bigwig	motif_center	Myeloid
CEBPB	CD4_T	-185	0.0022038499354826114	17454	17454	cutsite_bigwig	motif_center	Myeloid
CEBPB	CD4_T	-184	0.002285208768111311	17454	17454	cutsite_bigwig	motif_center	Myeloid
CEBPB	CD4_T	-183	0.002138404810820998	17454	17454	cutsite_bigwig	motif_center	Myeloid
CEBPB	CD4_T	-182	0.0019850364210009593	17454	17454	cutsite_bigwig	motif_center	Myeloid
CEBPB	CD4_T	-181	0.002107969829413523	17454	17454	cutsite_bigwig	motif_center	Myeloid
CEBPB	CD4_T	-180	0.0025199360005114446	17454	17454	cutsite_bigwig	motif_center	Myeloid
CEBPB	CD4_T	-179	0.0023090793514854535	17454	17454	cutsite_bigwig	motif_center	Myeloid
CEBPB	CD4_T	-178	0.002194102777927342	17454	17454	cutsite_bigwig	motif_center	Myeloid
CEBPB	CD4_T	-177	0.0020642071323706407	17454	17454	cutsite_bigwig	motif_center	Myeloid
CEBPB	CD4_T	-176	0.0019136236450065347	17454	17454	cutsite_bigwig	motif_center	Myeloid
CEBPB	CD4_T	-175	0.0024662272345884685	17454	17454	cutsite_bigwig	motif_center	Myeloid
CEBPB	CD4_T	-174	0.0026659442916658906	17454	17454	cutsite_bigwig	motif_center	Myeloid
CEBPB	CD4_T	-173	0.0026637561669919166	17454	17454	cutsite_bigwig	motif_center	Myeloid
CEBPB	CD4_T	-172	0.00245926498850675	17454	17454	cutsite_bigwig	motif_center	Myeloid
CEBPB	CD4_T	-171	0.002090464748408664	17454	17454	cutsite_bigwig	motif_center	Myeloid
CEBPB	CD4_T	-170	0.0020061220914341866	17454	17454	cutsite_bigwig	motif_center	Myeloid
CEBPB	CD4_T	-169	0.0022046456117032712	17454	17454	cutsite_bigwig	motif_center	Myeloid
CEBPB	CD4_T	-168	0.0024147065930726725	17454	17454	cutsite_bigwig	motif_center	Myeloid
CEBPB	CD4_T	-167	0.0025036244495383695	17454	17454	cutsite_bigwig	motif_center	Myeloid
CEBPB	CD4_T	-166	0.0022895850465931037	17454	17454	cutsite_bigwig	motif_center	Myeloid
CEBPB	CD4_T	-165	0.0023124610015756845	17454	17454	cutsite_bigwig	motif_center	Myeloid
CEBPB	CD4_T	-164	0.002462646648548377	17454	17454	cutsite_bigwig	motif_center	Myeloid
CEBPB	CD4_T	-163	0.0022452255798521043	17454	17454	cutsite_bigwig	motif_center	Myeloid
CEBPB	CD4_T	-162	0.0025171510961345994	17454	17454	cutsite_bigwig	motif_center	Myeloid
CEBPB	CD4_T	-161	0.0022213550140863297	17454	17454	cutsite_bigwig	motif_center	Myeloid
CEBPB	CD4_T	-160	0.0021151310020006133	17454	17454	cutsite_bigwig	motif_center	Myeloid
CEBPB	CD4_T	-159	0.0020896690613561903	17454	17454	cutsite_bigwig	motif_center	Myeloid
CEBPB	CD4_T	-158	0.0021024000389885424	17454	17454	cutsite_bigwig	motif_center	Myeloid
CEBPB	CD4_T	-157	0.002318428653415403	17454	17454	cutsite_bigwig	motif_center	Myeloid
CEBPB	CD4_T	-156	0.0022408493064393874	17454	17454	cutsite_bigwig	motif_center	Myeloid
CEBPB	CD4_T	-155	0.0023908360404331355	17454	17454	cutsite_bigwig	motif_center	Myeloid
CEBPB	CD4_T	-154	0.002683449398282921	17454	17454	cutsite_bigwig	motif_center	Myeloid
CEBPB	CD4_T	-153	0.002501038470039456	17454	17454	cutsite_bigwig	motif_center	Myeloid
CEBPB	CD4_T	-152	0.0021087655144383663	17454	17454	cutsite_bigwig	motif_center	Myeloid
CEBPB	CD4_T	-151	0.002235279520283102	17454	17454	cutsite_bigwig	motif_center	Myeloid
CEBPB	CD4_T	-150	0.002352444214646682	17454	17454	cutsite_bigwig	motif_center	Myeloid
CEBPB	CD4_T	-149	0.002109561202824807	17454	17454	cutsite_bigwig	motif_center	Myeloid
CEBPB	CD4_T	-148	0.0023838737782370927	17454	17454	cutsite_bigwig	motif_center	Myeloid
CEBPB	CD4_T	-147	0.00237233634589711	17454	17454	cutsite_bigwig	motif_center	Myeloid
CEBPB	CD4_T	-146	0.0021976833773604647	17454	17454	cutsite_bigwig	motif_center	Myeloid
CEBPB	CD4_T	-145	0.0026186010164266442	17454	17454	cutsite_bigwig	motif_center	Myeloid
CEBPB	CD4_T	-144	0.00262954167989557	17454	17454	cutsite_bigwig	motif_center	Myeloid
CEBPB	CD4_T	-143	0.002785893882882741	17454	17454	cutsite_bigwig	motif_center	Myeloid
CEBPB	CD4_T	-142	0.002382879187143256	17454	17454	cutsite_bigwig	motif_center	Myeloid
CEBPB	CD4_T	-141	0.002153522822611274	17454	17454	cutsite_bigwig	motif_center	Myeloid
CEBPB	CD4_T	-140	0.002254972731217766	17454	17454	cutsite_bigwig	motif_center	Myeloid
CEBPB	CD4_T	-139	0.0023729331079649345	17454	17454	cutsite_bigwig	motif_center	Myeloid
CEBPB	CD4_T	-138	0.0024787592857154483	17454	17454	cutsite_bigwig	motif_center	Myeloid
CEBPB	CD4_T	-137	0.0022122046290038292	17454	17454	cutsite_bigwig	motif_center	Myeloid
CEBPB	CD4_T	-136	0.0023399121574634906	17454	17454	cutsite_bigwig	motif_center	Myeloid
CEBPB	CD4_T	-135	0.002786888492998951	17454	17454	cutsite_bigwig	motif_center	Myeloid
CEBPB	CD4_T	-134	0.002589160652258765	17454	17454	cutsite_bigwig	motif_center	Myeloid
CEBPB	CD4_T	-133	0.0027242282539052445	17454	17454	cutsite_bigwig	motif_center	Myeloid
CEBPB	CD4_T	-132	0.0025095921020450713	17454	17454	cutsite_bigwig	motif_center	Myeloid
CEBPB	CD4_T	-131	0.0027536686171660265	17454	17454	cutsite_bigwig	motif_center	Myeloid
CEBPB	CD4_T	-130	0.0025000438622176696	17454	17454	cutsite_bigwig	motif_center	Myeloid
CEBPB	CD4_T	-129	0.0026633583064042386	17454	17454	cutsite_bigwig	motif_center	Myeloid
CEBPB	CD4_T	-128	0.0021493454712217985	17454	17454	cutsite_bigwig	motif_center	Myeloid
CEBPB	CD4_T	-127	0.0025551450840641766	17454	17454	cutsite_bigwig	motif_center	Myeloid
CEBPB	CD4_T	-126	0.002777340259041005	17454	17454	cutsite_bigwig	motif_center	Myeloid
CEBPB	CD4_T	-125	0.002269295075885039	17454	17454	cutsite_bigwig	motif_center	Myeloid
CEBPB	CD4_T	-124	0.0022086240446178573	17454	17454	cutsite_bigwig	motif_center	Myeloid
CEBPB	CD4_T	-123	0.002299133281111316	17454	17454	cutsite_bigwig	motif_center	Myeloid
CEBPB	CD4_T	-122	0.0024264429505573806	17454	17454	cutsite_bigwig	motif_center	Myeloid
CEBPB	CD4_T	-121	0.002487909658712206	17454	17454	cutsite_bigwig	motif_center	Myeloid
CEBPB	CD4_T	-120	0.002674895752804236	17454	17454	cutsite_bigwig	motif_center	Myeloid
CEBPB	CD4_T	-119	0.0023631859572128978	17454	17454	cutsite_bigwig	motif_center	Myeloid
CEBPB	CD4_T	-118	0.0022100164931512095	17454	17454	cutsite_bigwig	motif_center	Myeloid
CEBPB	CD4_T	-117	0.00275764703591388	17454	17454	cutsite_bigwig	motif_center	Myeloid
CEBPB	CD4_T	-116	0.0027705769390377892	17454	17454	cutsite_bigwig	motif_center	Myeloid
CEBPB	CD4_T	-115	0.0025897574068563726	17454	17454	cutsite_bigwig	motif_center	Myeloid
CEBPB	CD4_T	-114	0.0022905796554553845	17454	17454	cutsite_bigwig	motif_center	Myeloid
CEBPB	CD4_T	-113	0.0020687823154540634	17454	17454	cutsite_bigwig	motif_center	Myeloid
CEBPB	CD4_T	-112	0.002229709705900069	17454	17454	cutsite_bigwig	motif_center	Myeloid
CEBPB	CD4_T	-111	0.0023824813449376462	17454	17454	cutsite_bigwig	motif_center	Myeloid
CEBPB	CD4_T	-110	0.0027240293410063384	17454	17454	cutsite_bigwig	motif_center	Myeloid
CEBPB	CD4_T	-109	0.003027782296087203	17454	17454	cutsite_bigwig	motif_center	Myeloid
CEBPB	CD4_T	-108	0.0023619924274479076	17454	17454	cutsite_bigwig	motif_center	Myeloid
CEBPB	CD4_T	-107	0.002336331565553943	17454	17454	cutsite_bigwig	motif_center	Myeloid
CEBPB	CD4_T	-106	0.0022961494416917083	17454	17454	cutsite_bigwig	motif_center	Myeloid
CEBPB	CD4_T	-105	0.002543209796178912	17454	17454	cutsite_bigwig	motif_center	Myeloid
CEBPB	CD4_T	-104	0.002876602035396589	17454	17454	cutsite_bigwig	motif_center	Myeloid
CEBPB	CD4_T	-103	0.002423061298786351	17454	17454	cutsite_bigwig	motif_center	Myeloid
CEBPB	CD4_T	-102	0.0021948984764786133	17454	17454	cutsite_bigwig	motif_center	Myeloid
CEBPB	CD4_T	-101	0.002537043239977678	17454	17454	cutsite_bigwig	motif_center	Myeloid
CEBPB	CD4_T	-100	0.002603284054199624	17454	17454	cutsite_bigwig	motif_center	Myeloid
CEBPB	CD4_T	-99	0.0025823973114723394	17454	17454	cutsite_bigwig	motif_center	Myeloid
CEBPB	CD4_T	-98	0.0023049019905981316	17454	17454	cutsite_bigwig	motif_center	Myeloid
CEBPB	CD4_T	-97	0.0021137385489851308	17454	17454	cutsite_bigwig	motif_center	Myeloid
CEBPB	CD4_T	-96	0.00239819612762661	17454	17454	cutsite_bigwig	motif_center	Myeloid
CEBPB	CD4_T	-95	0.003081888899600262	17454	17454	cutsite_bigwig	motif_center	Myeloid
CEBPB	CD4_T	-94	0.002890924370992885	17454	17454	cutsite_bigwig	motif_center	Myeloid
CEBPB	CD4_T	-93	0.0023880511254912697	17454	17454	cutsite_bigwig	motif_center	Myeloid
CEBPB	CD4_T	-92	0.0024505124341577403	17454	17454	cutsite_bigwig	motif_center	Myeloid
CEBPB	CD4_T	-91	0.0025955261248272197	17454	17454	cutsite_bigwig	motif_center	Myeloid
CEBPB	CD4_T	-90	0.0031264472758518905	17454	17454	cutsite_bigwig	motif_center	Myeloid
CEBPB	CD4_T	-89	0.002909225132673854	17454	17454	cutsite_bigwig	motif_center	Myeloid
CEBPB	CD4_T	-88	0.0028002162285905084	17454	17454	cutsite_bigwig	motif_center	Myeloid
CEBPB	CD4_T	-87	0.0026979706406685526	17454	17454	cutsite_bigwig	motif_center	Myeloid
CEBPB	CD4_T	-86	0.00230967611550087	17454	17454	cutsite_bigwig	motif_center	Myeloid
CEBPB	CD4_T	-85	0.0024727916361434745	17454	17454	cutsite_bigwig	motif_center	Myeloid
CEBPB	CD4_T	-84	0.002974471351159757	17454	17454	cutsite_bigwig	motif_center	Myeloid
CEBPB	CD4_T	-83	0.0027343732441149175	17454	17454	cutsite_bigwig	motif_center	Myeloid
CEBPB	CD4_T	-82	0.002652019782641108	17454	17454	cutsite_bigwig	motif_center	Myeloid
CEBPB	CD4_T	-81	0.0026518208758250926	17454	17454	cutsite_bigwig	motif_center	Myeloid
CEBPB	CD4_T	-80	0.0031268451325977427	17454	17454	cutsite_bigwig	motif_center	Myeloid
CEBPB	CD4_T	-79	0.0033303416963778518	17454	17454	cutsite_bigwig	motif_center	Myeloid
CEBPB	CD4_T	-78	0.002332353142910905	17454	17454	cutsite_bigwig	motif_center	Myeloid
CEBPB	CD4_T	-77	0.0024240558928949538	17454	17454	cutsite_bigwig	motif_center	Myeloid
CEBPB	CD4_T	-76	0.0025619084068420443	17454	17454	cutsite_bigwig	motif_center	Myeloid
CEBPB	CD4_T	-75	0.0023544334187380984	17454	17454	cutsite_bigwig	motif_center	Myeloid
CEBPB	CD4_T	-74	0.0030793029314934287	17454	17454	cutsite_bigwig	motif_center	Myeloid
CEBPB	CD4_T	-73	0.00338882458461567	17454	17454	cutsite_bigwig	motif_center	Myeloid
CEBPB	CD4_T	-72	0.0028783923167444215	17454	17454	cutsite_bigwig	motif_center	Myeloid
CEBPB	CD4_T	-71	0.002836022064713218	17454	17454	cutsite_bigwig	motif_center	Myeloid
CEBPB	CD4_T	-70	0.002952391072104363	17454	17454	cutsite_bigwig	motif_center	Myeloid
CEBPB	CD4_T	-69	0.0026337190241083014	17454	17454	cutsite_bigwig	motif_center	Myeloid
CEBPB	CD4_T	-68	0.0026912073077258545	17454	17454	cutsite_bigwig	motif_center	Myeloid
CEBPB	CD4_T	-67	0.002427437568784112	17454	17454	cutsite_bigwig	motif_center	Myeloid
CEBPB	CD4_T	-66	0.0026215848249515708	17454	17454	cutsite_bigwig	motif_center	Myeloid
CEBPB	CD4_T	-65	0.0027667974414060797	17454	17454	cutsite_bigwig	motif_center	Myeloid
CEBPB	CD4_T	-64	0.0030608032315681756	17454	17454	cutsite_bigwig	motif_center	Myeloid
CEBPB	CD4_T	-63	0.002686433190026539	17454	17454	cutsite_bigwig	motif_center	Myeloid
CEBPB	CD4_T	-62	0.002668530271938505	17454	17454	cutsite_bigwig	motif_center	Myeloid
CEBPB	CD4_T	-61	0.0023639816371686657	17454	17454	cutsite_bigwig	motif_center	Myeloid
CEBPB	CD4_T	-60	0.002440765292903551	17454	17454	cutsite_bigwig	motif_center	Myeloid
CEBPB	CD4_T	-59	0.002978449765292084	17454	17454	cutsite_bigwig	motif_center	Myeloid
CEBPB	CD4_T	-58	0.0028187159277153814	17454	17454	cutsite_bigwig	motif_center	Myeloid
CEBPB	CD4_T	-57	0.002457275773183329	17454	17454	cutsite_bigwig	motif_center	Myeloid
CEBPB	CD4_T	-56	0.0026737022274146583	17454	17454	cutsite_bigwig	motif_center	Myeloid
CEBPB	CD4_T	-55	0.002760630864128163	17454	17454	cutsite_bigwig	motif_center	Myeloid
CEBPB	CD4_T	-54	0.002722040123388494	17454	17454	cutsite_bigwig	motif_center	Myeloid
CEBPB	CD4_T	-53	0.0023401110825548572	17454	17454	cutsite_bigwig	motif_center	Myeloid
CEBPB	CD4_T	-52	0.0026347136292888327	17454	17454	cutsite_bigwig	motif_center	Myeloid
CEBPB	CD4_T	-51	0.002681659077209544	17454	17454	cutsite_bigwig	motif_center	Myeloid
CEBPB	CD4_T	-50	0.0023751212333592508	17454	17454	cutsite_bigwig	motif_center	Myeloid
CEBPB	CD4_T	-49	0.0027439214750314186	17454	17454	cutsite_bigwig	motif_center	Myeloid
CEBPB	CD4_T	-48	0.002487312892349007	17454	17454	cutsite_bigwig	motif_center	Myeloid
CEBPB	CD4_T	-47	0.002376911540746124	17454	17454	cutsite_bigwig	motif_center	Myeloid
CEBPB	CD4_T	-46	0.002497060049210613	17454	17454	cutsite_bigwig	motif_center	Myeloid
CEBPB	CD4_T	-45	0.0027868884882500276	17454	17454	cutsite_bigwig	motif_center	Myeloid
CEBPB	CD4_T	-44	0.0026669389054638504	17454	17454	cutsite_bigwig	motif_center	Myeloid
CEBPB	CD4_T	-43	0.002825479243289826	17454	17454	cutsite_bigwig	motif_center	Myeloid
CEBPB	CD4_T	-42	0.0026623637159240263	17454	17454	cutsite_bigwig	motif_center	Myeloid
CEBPB	CD4_T	-41	0.0027936518167372753	17454	17454	cutsite_bigwig	motif_center	Myeloid
CEBPB	CD4_T	-40	0.002794447496372891	17454	17454	cutsite_bigwig	motif_center	Myeloid
CEBPB	CD4_T	-39	0.0027005566154185427	17454	17454	cutsite_bigwig	motif_center	Myeloid
CEBPB	CD4_T	-38	0.002608853847505974	17454	17454	cutsite_bigwig	motif_center	Myeloid
CEBPB	CD4_T	-37	0.002761426555315935	17454	17454	cutsite_bigwig	motif_center	Myeloid
CEBPB	CD4_T	-36	0.0030594107762582697	17454	17454	cutsite_bigwig	motif_center	Myeloid
CEBPB	CD4_T	-35	0.0035927190029005664	17454	17454	cutsite_bigwig	motif_center	Myeloid
CEBPB	CD4_T	-34	0.002874612817992179	17454	17454	cutsite_bigwig	motif_center	Myeloid
CEBPB	CD4_T	-33	0.002733179717044541	17454	17454	cutsite_bigwig	motif_center	Myeloid
CEBPB	CD4_T	-32	0.0032790199745908744	17454	17454	cutsite_bigwig	motif_center	Myeloid
CEBPB	CD4_T	-31	0.003220736006882255	17454	17454	cutsite_bigwig	motif_center	Myeloid
CEBPB	CD4_T	-30	0.0033727119457144412	17454	17454	cutsite_bigwig	motif_center	Myeloid
CEBPB	CD4_T	-29	0.003271858807339653	17454	17454	cutsite_bigwig	motif_center	Myeloid
CEBPB	CD4_T	-28	0.002586574661287733	17454	17454	cutsite_bigwig	motif_center	Myeloid
CEBPB	CD4_T	-27	0.003205617995892359	17454	17454	cutsite_bigwig	motif_center	Myeloid
CEBPB	CD4_T	-26	0.003382260175697165	17454	17454	cutsite_bigwig	motif_center	Myeloid
CEBPB	CD4_T	-25	0.0036953624165136168	17454	17454	cutsite_bigwig	motif_center	Myeloid
CEBPB	CD4_T	-24	0.0036844217453343604	17454	17454	cutsite_bigwig	motif_center	Myeloid
CEBPB	CD4_T	-23	0.0034964410417931036	17454	17454	cutsite_bigwig	motif_center	Myeloid
CEBPB	CD4_T	-22	0.0027799262526799714	17454	17454	cutsite_bigwig	motif_center	Myeloid
CEBPB	CD4_T	-21	0.0025831929965772207	17454	17454	cutsite_bigwig	motif_center	Myeloid
CEBPB	CD4_T	-20	0.0036728843103264433	17454	17454	cutsite_bigwig	motif_center	Myeloid
CEBPB	CD4_T	-19	0.0043050564587394985	17454	17454	cutsite_bigwig	motif_center	Myeloid
CEBPB	CD4_T	-18	0.0033894213238993337	17454	17454	cutsite_bigwig	motif_center	Myeloid
CEBPB	CD4_T	-17	0.002919966902773154	17454	17454	cutsite_bigwig	motif_center	Myeloid
CEBPB	CD4_T	-16	0.002180178285497112	17454	17454	cutsite_bigwig	motif_center	Myeloid
CEBPB	CD4_T	-15	0.0021447702897124574	17454	17454	cutsite_bigwig	motif_center	Myeloid
CEBPB	CD4_T	-14	0.0028463659899656537	17454	17454	cutsite_bigwig	motif_center	Myeloid
CEBPB	CD4_T	-13	0.00297208429429771	17454	17454	cutsite_bigwig	motif_center	Myeloid
CEBPB	CD4_T	-12	0.0031328127628271916	17454	17454	cutsite_bigwig	motif_center	Myeloid
CEBPB	CD4_T	-11	0.003571434389314056	17454	17454	cutsite_bigwig	motif_center	Myeloid
CEBPB	CD4_T	-10	0.003418463848636256	17454	17454	cutsite_bigwig	motif_center	Myeloid
CEBPB	CD4_T	-9	0.005321942505487427	17454	17454	cutsite_bigwig	motif_center	Myeloid
CEBPB	CD4_T	-8	0.004302470463393054	17454	17454	cutsite_bigwig	motif_center	Myeloid
CEBPB	CD4_T	-7	0.0023124610029363313	17454	17454	cutsite_bigwig	motif_center	Myeloid
CEBPB	CD4_T	-6	0.0020763413351290827	17454	17454	cutsite_bigwig	motif_center	Myeloid
CEBPB	CD4_T	-5	0.0009711341615411985	17454	17454	cutsite_bigwig	motif_center	Myeloid
CEBPB	CD4_T	-4	0.003998120752514011	17454	17454	cutsite_bigwig	motif_center	Myeloid
CEBPB	CD4_T	-3	0.003591923304829523	17454	17454	cutsite_bigwig	motif_center	Myeloid
CEBPB	CD4_T	-2	0.0011819908217725146	17454	17454	cutsite_bigwig	motif_center	Myeloid
CEBPB	CD4_T	-1	0.001320440095653082	17454	17454	cutsite_bigwig	motif_center	Myeloid
CEBPB	CD4_T	0	0.0014539163450716772	17454	17454	cutsite_bigwig	motif_center	Myeloid
CEBPB	CD4_T	1	0.0036024661360709144	17454	17454	cutsite_bigwig	motif_center	Myeloid
CEBPB	CD4_T	2	0.0036054499533199865	17454	17454	cutsite_bigwig	motif_center	Myeloid
CEBPB	CD4_T	3	0.0009862521913400323	17454	17454	cutsite_bigwig	motif_center	Myeloid
CEBPB	CD4_T	4	0.0014242770544517843	17454	17454	cutsite_bigwig	motif_center	Myeloid
CEBPB	CD4_T	5	0.0016052955067622093	17454	17454	cutsite_bigwig	motif_center	Myeloid
CEBPB	CD4_T	6	0.003910595342260564	17454	17454	cutsite_bigwig	motif_center	Myeloid
CEBPB	CD4_T	7	0.005127994174144541	17454	17454	cutsite_bigwig	motif_center	Myeloid
CEBPB	CD4_T	8	0.002825081402738336	17454	17454	cutsite_bigwig	motif_center	Myeloid
CEBPB	CD4_T	9	0.0029872023221756312	17454	17454	cutsite_bigwig	motif_center	Myeloid
CEBPB	CD4_T	10	0.002530080992508634	17454	17454	cutsite_bigwig	motif_center	Myeloid
CEBPB	CD4_T	11	0.002434797653469728	17454	17454	cutsite_bigwig	motif_center	Myeloid
CEBPB	CD4_T	12	0.002655600385302431	17454	17454	cutsite_bigwig	motif_center	Myeloid
CEBPB	CD4_T	13	0.002297541910981591	17454	17454	cutsite_bigwig	motif_center	Myeloid
CEBPB	CD4_T	14	0.0029060424018588923	17454	17454	cutsite_bigwig	motif_center	Myeloid
CEBPB	CD4_T	15	0.003102178866679936	17454	17454	cutsite_bigwig	motif_center	Myeloid
CEBPB	CD4_T	16	0.0032356551273838943	17454	17454	cutsite_bigwig	motif_center	Myeloid
CEBPB	CD4_T	17	0.003948987178158489	17454	17454	cutsite_bigwig	motif_center	Myeloid
CEBPB	CD4_T	18	0.0037122707214439954	17454	17454	cutsite_bigwig	motif_center	Myeloid
CEBPB	CD4_T	19	0.00326628900968457	17454	17454	cutsite_bigwig	motif_center	Myeloid
CEBPB	CD4_T	20	0.00321019320143979	17454	17454	cutsite_bigwig	motif_center	Myeloid
CEBPB	CD4_T	21	0.003197263286923801	17454	17454	cutsite_bigwig	motif_center	Myeloid
CEBPB	CD4_T	22	0.003357395004404027	17454	17454	cutsite_bigwig	motif_center	Myeloid
CEBPB	CD4_T	23	0.0035131504202981483	17454	17454	cutsite_bigwig	motif_center	Myeloid
CEBPB	CD4_T	24	0.0034835111471799057	17454	17454	cutsite_bigwig	motif_center	Myeloid
CEBPB	CD4_T	25	0.0037051095588349803	17454	17454	cutsite_bigwig	motif_center	Myeloid
CEBPB	CD4_T	26	0.002974869183787481	17454	17454	cutsite_bigwig	motif_center	Myeloid
CEBPB	CD4_T	27	0.003095216622865962	17454	17454	cutsite_bigwig	motif_center	Myeloid
CEBPB	CD4_T	28	0.003197860061050689	17454	17454	cutsite_bigwig	motif_center	Myeloid
CEBPB	CD4_T	29	0.003302293771885782	17454	17454	cutsite_bigwig	motif_center	Myeloid
CEBPB	CD4_T	30	0.0041821230254084265	17454	17454	cutsite_bigwig	motif_center	Myeloid
CEBPB	CD4_T	31	0.003410109165119793	17454	17454	cutsite_bigwig	motif_center	Myeloid
CEBPB	CD4_T	32	0.0032115856417559044	17454	17454	cutsite_bigwig	motif_center	Myeloid
CEBPB	CD4_T	33	0.0028847578090022328	17454	17454	cutsite_bigwig	motif_center	Myeloid
CEBPB	CD4_T	34	0.003199252498405396	17454	17454	cutsite_bigwig	motif_center	Myeloid
CEBPB	CD4_T	35	0.003312040932189024	17454	17454	cutsite_bigwig	motif_center	Myeloid
CEBPB	CD4_T	36	0.0031151087750329967	17454	17454	cutsite_bigwig	motif_center	Myeloid
CEBPB	CD4_T	37	0.0035139461242653268	17454	17454	cutsite_bigwig	motif_center	Myeloid
CEBPB	CD4_T	38	0.0027817165321869287	17454	17454	cutsite_bigwig	motif_center	Myeloid
CEBPB	CD4_T	39	0.002567080367440632	17454	17454	cutsite_bigwig	motif_center	Myeloid
CEBPB	CD4_T	40	0.002693395437922453	17454	17454	cutsite_bigwig	motif_center	Myeloid
CEBPB	CD4_T	41	0.0029400579399058205	17454	17454	cutsite_bigwig	motif_center	Myeloid
CEBPB	CD4_T	42	0.002946423435258436	17454	17454	cutsite_bigwig	motif_center	Myeloid
CEBPB	CD4_T	43	0.002584187609094572	17454	17454	cutsite_bigwig	motif_center	Myeloid
CEBPB	CD4_T	44	0.002899875833118366	17454	17454	cutsite_bigwig	motif_center	Myeloid
CEBPB	CD4_T	45	0.0028467638212594107	17454	17454	cutsite_bigwig	motif_center	Myeloid
CEBPB	CD4_T	46	0.0026864331894129144	17454	17454	cutsite_bigwig	motif_center	Myeloid
CEBPB	CD4_T	47	0.00280538815970842	17454	17454	cutsite_bigwig	motif_center	Myeloid
CEBPB	CD4_T	48	0.0027648082183990073	17454	17454	cutsite_bigwig	motif_center	Myeloid
CEBPB	CD4_T	49	0.002754862141995338	17454	17454	cutsite_bigwig	motif_center	Myeloid
CEBPB	CD4_T	50	0.0028280652138244792	17454	17454	cutsite_bigwig	motif_center	Myeloid
CEBPB	CD4_T	51	0.0025430108850408428	17454	17454	cutsite_bigwig	motif_center	Myeloid
CEBPB	CD4_T	52	0.002368357917171181	17454	17454	cutsite_bigwig	motif_center	Myeloid
CEBPB	CD4_T	53	0.002792259390347779	17454	17454	cutsite_bigwig	motif_center	Myeloid
CEBPB	CD4_T	54	0.002926531309263839	17454	17454	cutsite_bigwig	motif_center	Myeloid
CEBPB	CD4_T	55	0.003140172847512808	17454	17454	cutsite_bigwig	motif_center	Myeloid
CEBPB	CD4_T	56	0.0024721948771437748	17454	17454	cutsite_bigwig	motif_center	Myeloid
CEBPB	CD4_T	57	0.002314450219433643	17454	17454	cutsite_bigwig	motif_center	Myeloid
CEBPB	CD4_T	58	0.002455087643760432	17454	17454	cutsite_bigwig	motif_center	Myeloid
CEBPB	CD4_T	59	0.00268603535433069	17454	17454	cutsite_bigwig	motif_center	Myeloid
CEBPB	CD4_T	60	0.0027467063795149813	17454	17454	cutsite_bigwig	motif_center	Myeloid
CEBPB	CD4_T	61	0.0024644369256808726	17454	17454	cutsite_bigwig	motif_center	Myeloid
CEBPB	CD4_T	62	0.0024473296927510785	17454	17454	cutsite_bigwig	motif_center	Myeloid
CEBPB	CD4_T	63	0.0022060380740031656	17454	17454	cutsite_bigwig	motif_center	Myeloid
CEBPB	CD4_T	64	0.0024425555967153914	17454	17454	cutsite_bigwig	motif_center	Myeloid
CEBPB	CD4_T	65	0.0027530718555250715	17454	17454	cutsite_bigwig	motif_center	Myeloid
CEBPB	CD4_T	66	0.0029784497786851153	17454	17454	cutsite_bigwig	motif_center	Myeloid
CEBPB	CD4_T	67	0.0029842184942281418	17454	17454	cutsite_bigwig	motif_center	Myeloid
CEBPB	CD4_T	68	0.002738351677056183	17454	17454	cutsite_bigwig	motif_center	Myeloid
CEBPB	CD4_T	69	0.0034258239516772615	17454	17454	cutsite_bigwig	motif_center	Myeloid
CEBPB	CD4_T	70	0.003216757581357847	17454	17454	cutsite_bigwig	motif_center	Myeloid
CEBPB	CD4_T	71	0.0025085974858459707	17454	17454	cutsite_bigwig	motif_center	Myeloid
CEBPB	CD4_T	72	0.0025881660300834906	17454	17454	cutsite_bigwig	motif_center	Myeloid
CEBPB	CD4_T	73	0.0026323265868603116	17454	17454	cutsite_bigwig	motif_center	Myeloid
CEBPB	CD4_T	74	0.0025513655779217563	17454	17454	cutsite_bigwig	motif_center	Myeloid
CEBPB	CD4_T	75	0.0024751786910579285	17454	17454	cutsite_bigwig	motif_center	Myeloid
CEBPB	CD4_T	76	0.0026939922007906576	17454	17454	cutsite_bigwig	motif_center	Myeloid
CEBPB	CD4_T	77	0.003246993639648227	17454	17454	cutsite_bigwig	motif_center	Myeloid
CEBPB	CD4_T	78	0.003086663005053758	17454	17454	cutsite_bigwig	motif_center	Myeloid
CEBPB	CD4_T	79	0.0029179776630914914	17454	17454	cutsite_bigwig	motif_center	Myeloid
CEBPB	CD4_T	80	0.0024170936514554416	17454	17454	cutsite_bigwig	motif_center	Myeloid
CEBPB	CD4_T	81	0.002507205026800956	17454	17454	cutsite_bigwig	motif_center	Myeloid
CEBPB	CD4_T	82	0.002665148612270389	17454	17454	cutsite_bigwig	motif_center	Myeloid
CEBPB	CD4_T	83	0.0025995045548070778	17454	17454	cutsite_bigwig	motif_center	Myeloid
CEBPB	CD4_T	84	0.0027212444327876675	17454	17454	cutsite_bigwig	motif_center	Myeloid
CEBPB	CD4_T	85	0.002674298991056564	17454	17454	cutsite_bigwig	motif_center	Myeloid
CEBPB	CD4_T	86	0.0027301958948864695	17454	17454	cutsite_bigwig	motif_center	Myeloid
CEBPB	CD4_T	87	0.00281235042241137	17454	17454	cutsite_bigwig	motif_center	Myeloid
CEBPB	CD4_T	88	0.002773759688715048	17454	17454	cutsite_bigwig	motif_center	Myeloid
CEBPB	CD4_T	89	0.002738550595904583	17454	17454	cutsite_bigwig	motif_center	Myeloid
CEBPB	CD4_T	90	0.002742727938783347	17454	17454	cutsite_bigwig	motif_center	Myeloid
CEBPB	CD4_T	91	0.0031889085892406054	17454	17454	cutsite_bigwig	motif_center	Myeloid
CEBPB	CD4_T	92	0.0027128897335303905	17454	17454	cutsite_bigwig	motif_center	Myeloid
CEBPB	CD4_T	93	0.002700755529011112	17454	17454	cutsite_bigwig	motif_center	Myeloid
CEBPB	CD4_T	94	0.0028626775441669295	17454	17454	cutsite_bigwig	motif_center	Myeloid
CEBPB	CD4_T	95	0.002449318907807706	17454	17454	cutsite_bigwig	motif_center	Myeloid
CEBPB	CD4_T	96	0.002548580688111833	17454	17454	cutsite_bigwig	motif_center	Myeloid
CEBPB	CD4_T	97	0.0023464765599255943	17454	17454	cutsite_bigwig	motif_center	Myeloid
CEBPB	CD4_T	98	0.002362191355714116	17454	17454	cutsite_bigwig	motif_center	Myeloid
CEBPB	CD4_T	99	0.0023108696270171883	17454	17454	cutsite_bigwig	motif_center	Myeloid
CEBPB	CD4_T	100	0.0023094771782170426	17454	17454	cutsite_bigwig	motif_center	Myeloid
CEBPB	CD4_T	101	0.0029832238878737195	17454	17454	cutsite_bigwig	motif_center	Myeloid
CEBPB	CD4_T	102	0.002550768802407542	17454	17454	cutsite_bigwig	motif_center	Myeloid
CEBPB	CD4_T	103	0.0022000704277394304	17454	17454	cutsite_bigwig	motif_center	Myeloid
CEBPB	CD4_T	104	0.002382879167373861	17454	17454	cutsite_bigwig	motif_center	Myeloid
CEBPB	CD4_T	105	0.0024314159932413456	17454	17454	cutsite_bigwig	motif_center	Myeloid
CEBPB	CD4_T	106	0.0024254483562086634	17454	17454	cutsite_bigwig	motif_center	Myeloid
CEBPB	CD4_T	107	0.0026158161147444127	17454	17454	cutsite_bigwig	motif_center	Myeloid
CEBPB	CD4_T	108	0.002457076841875675	17454	17454	cutsite_bigwig	motif_center	Myeloid
CEBPB	CD4_T	109	0.0023787018308981398	17454	17454	cutsite_bigwig	motif_center	Myeloid
CEBPB	CD4_T	110	0.002815732074502552	17454	17454	cutsite_bigwig	motif_center	Myeloid
CEBPB	CD4_T	111	0.002434996581389105	17454	17454	cutsite_bigwig	motif_center	Myeloid
CEBPB	CD4_T	112	0.0026943900349391046	17454	17454	cutsite_bigwig	motif_center	Myeloid
CEBPB	CD4_T	113	0.002575832896684378	17454	17454	cutsite_bigwig	motif_center	Myeloid
CEBPB	CD4_T	114	0.002496065437840474	17454	17454	cutsite_bigwig	motif_center	Myeloid
CEBPB	CD4_T	115	0.002319423256781739	17454	17454	cutsite_bigwig	motif_center	Myeloid
CEBPB	CD4_T	116	0.0020061220854580134	17454	17454	cutsite_bigwig	motif_center	Myeloid
CEBPB	CD4_T	117	0.0022891872024665815	17454	17454	cutsite_bigwig	motif_center	Myeloid
CEBPB	CD4_T	118	0.00230231601264662	17454	17454	cutsite_bigwig	motif_center	Myeloid
CEBPB	CD4_T	119	0.0022100164925909433	17454	17454	cutsite_bigwig	motif_center	Myeloid
CEBPB	CD4_T	120	0.0023789007471052845	17454	17454	cutsite_bigwig	motif_center	Myeloid
CEBPB	CD4_T	121	0.0020749488827272256	17454	17454	cutsite_bigwig	motif_center	Myeloid
CEBPB	CD4_T	122	0.0021256738356431456	17454	17454	cutsite_bigwig	motif_center	Myeloid
CEBPB	CD4_T	123	0.002341702459541174	17454	17454	cutsite_bigwig	motif_center	Myeloid
CEBPB	CD4_T	124	0.002726217466107182	17454	17454	cutsite_bigwig	motif_center	Myeloid
CEBPB	CD4_T	125	0.0029046499385985414	17454	17454	cutsite_bigwig	motif_center	Myeloid
CEBPB	CD4_T	126	0.0022581554658211945	17454	17454	cutsite_bigwig	motif_center	Myeloid
CEBPB	CD4_T	127	0.002408937877716401	17454	17454	cutsite_bigwig	motif_center	Myeloid
CEBPB	CD4_T	128	0.0022854076910950095	17454	17454	cutsite_bigwig	motif_center	Myeloid
CEBPB	CD4_T	129	0.002399588578934614	17454	17454	cutsite_bigwig	motif_center	Myeloid
CEBPB	CD4_T	130	0.002233290287324634	17454	17454	cutsite_bigwig	motif_center	Myeloid
CEBPB	CD4_T	131	0.002275859476746382	17454	17454	cutsite_bigwig	motif_center	Myeloid
CEBPB	CD4_T	132	0.002540424901646745	17454	17454	cutsite_bigwig	motif_center	Myeloid
CEBPB	CD4_T	133	0.0027232336446694526	17454	17454	cutsite_bigwig	motif_center	Myeloid
CEBPB	CD4_T	134	0.0025617094926892094	17454	17454	cutsite_bigwig	motif_center	Myeloid
CEBPB	CD4_T	135	0.002345680878769256	17454	17454	cutsite_bigwig	motif_center	Myeloid
CEBPB	CD4_T	136	0.00270731992803158	17454	17454	cutsite_bigwig	motif_center	Myeloid
CEBPB	CD4_T	137	0.00225178998957099	17454	17454	cutsite_bigwig	motif_center	Myeloid
CEBPB	CD4_T	138	0.0023542344959411555	17454	17454	cutsite_bigwig	motif_center	Myeloid
CEBPB	CD4_T	139	0.0025503709739151162	17454	17454	cutsite_bigwig	motif_center	Myeloid
CEBPB	CD4_T	140	0.0025911498639271152	17454	17454	cutsite_bigwig	motif_center	Myeloid
CEBPB	CD4_T	141	0.002456281155330109	17454	17454	cutsite_bigwig	motif_center	Myeloid
CEBPB	CD4_T	142	0.0023830780923851896	17454	17454	cutsite_bigwig	motif_center	Myeloid
CEBPB	CD4_T	143	0.002509393165294831	17454	17454	cutsite_bigwig	motif_center	Myeloid
CEBPB	CD4_T	144	0.0025650911516903415	17454	17454	cutsite_bigwig	motif_center	Myeloid
CEBPB	CD4_T	145	0.002509194245752768	17454	17454	cutsite_bigwig	motif_center	Myeloid
CEBPB	CD4_T	146	0.0026534122381110903	17454	17454	cutsite_bigwig	motif_center	Myeloid
CEBPB	CD4_T	147	0.0026454553769508036	17454	17454	cutsite_bigwig	motif_center	Myeloid
CEBPB	CD4_T	148	0.002440765299573387	17454	17454	cutsite_bigwig	motif_center	Myeloid
CEBPB	CD4_T	149	0.002507403942767987	17454	17454	cutsite_bigwig	motif_center	Myeloid
CEBPB	CD4_T	150	0.002372734187462415	17454	17454	cutsite_bigwig	motif_center	Myeloid
CEBPB	CD4_T	151	0.0025497742010154776	17454	17454	cutsite_bigwig	motif_center	Myeloid
CEBPB	CD4_T	152	0.0027226368863367367	17454	17454	cutsite_bigwig	motif_center	Myeloid
CEBPB	CD4_T	153	0.002104787094276507	17454	17454	cutsite_bigwig	motif_center	Myeloid
CEBPB	CD4_T	154	0.0025141672891303957	17454	17454	cutsite_bigwig	motif_center	Myeloid
CEBPB	CD4_T	155	0.0025183446347571323	17454	17454	cutsite_bigwig	motif_center	Myeloid
CEBPB	CD4_T	156	0.0025336615832176105	17454	17454	cutsite_bigwig	motif_center	Myeloid
CEBPB	CD4_T	157	0.0026257621880799577	17454	17454	cutsite_bigwig	motif_center	Myeloid
CEBPB	CD4_T	158	0.0023876532860069534	17454	17454	cutsite_bigwig	motif_center	Myeloid
CEBPB	CD4_T	159	0.002876602027526182	17454	17454	cutsite_bigwig	motif_center	Myeloid
CEBPB	CD4_T	160	0.0028358231409291394	17454	17454	cutsite_bigwig	motif_center	Myeloid
CEBPB	CD4_T	161	0.0025985099377809173	17454	17454	cutsite_bigwig	motif_center	Myeloid
CEBPB	CD4_T	162	0.0025997034900099164	17454	17454	cutsite_bigwig	motif_center	Myeloid
CEBPB	CD4_T	163	0.0026538100869598564	17454	17454	cutsite_bigwig	motif_center	Myeloid
CEBPB	CD4_T	164	0.002240053623362136	17454	17454	cutsite_bigwig	motif_center	Myeloid
CEBPB	CD4_T	165	0.002540623827298378	17454	17454	cutsite_bigwig	motif_center	Myeloid
CEBPB	CD4_T	166	0.002476968990147525	17454	17454	cutsite_bigwig	motif_center	Myeloid
CEBPB	CD4_T	167	0.0020526696838362953	17454	17454	cutsite_bigwig	motif_center	Myeloid
CEBPB	CD4_T	168	0.002278246529766603	17454	17454	cutsite_bigwig	motif_center	Myeloid
CEBPB	CD4_T	169	0.0022444299003765646	17454	17454	cutsite_bigwig	motif_center	Myeloid
CEBPB	CD4_T	170	0.00235582585753349	17454	17454	cutsite_bigwig	motif_center	Myeloid
CEBPB	CD4_T	171	0.0023701482122855553	17454	17454	cutsite_bigwig	motif_center	Myeloid
CEBPB	CD4_T	172	0.0023084825750374622	17454	17454	cutsite_bigwig	motif_center	Myeloid
CEBPB	CD4_T	173	0.002541419511256048	17454	17454	cutsite_bigwig	motif_center	Myeloid
CEBPB	CD4_T	174	0.002504221223611899	17454	17454	cutsite_bigwig	motif_center	Myeloid
CEBPB	CD4_T	175	0.002689218094216629	17454	17454	cutsite_bigwig	motif_center	Myeloid
CEBPB	CD4_T	176	0.0021883340707616297	17454	17454	cutsite_bigwig	motif_center	Myeloid
CEBPB	CD4_T	177	0.0021179159029625022	17454	17454	cutsite_bigwig	motif_center	Myeloid
CEBPB	CD4_T	178	0.002479554971087123	17454	17454	cutsite_bigwig	motif_center	Myeloid
CEBPB	CD4_T	179	0.0022975419007367224	17454	17454	cutsite_bigwig	motif_center	Myeloid
CEBPB	CD4_T	180	0.0026345147203117904	17454	17454	cutsite_bigwig	motif_center	Myeloid
CEBPB	CD4_T	181	0.002613429050839019	17454	17454	cutsite_bigwig	motif_center	Myeloid
CEBPB	CD4_T	182	0.0024467329327108847	17454	17454	cutsite_bigwig	motif_center	Myeloid
CEBPB	CD4_T	183	0.0023136545316074686	17454	17454	cutsite_bigwig	motif_center	Myeloid
CEBPB	CD4_T	184	0.002382680252794156	17454	17454	cutsite_bigwig	motif_center	Myeloid
CEBPB	CD4_T	185	0.00273059373663853	17454	17454	cutsite_bigwig	motif_center	Myeloid
CEBPB	CD4_T	186	0.0023190254187381073	17454	17454	cutsite_bigwig	motif_center	Myeloid
CEBPB	CD4_T	187	0.0025521612715907077	17454	17454	cutsite_bigwig	motif_center	Myeloid
CEBPB	CD4_T	188	0.0025010384679851464	17454	17454	cutsite_bigwig	motif_center	Myeloid
CEBPB	CD4_T	189	0.0022971440642404932	17454	17454	cutsite_bigwig	motif_center	Myeloid
CEBPB	CD4_T	190	0.00235005713886898	17454	17454	cutsite_bigwig	motif_center	Myeloid
CEBPB	CD4_T	191	0.00205963192925103	17454	17454	cutsite_bigwig	motif_center	Myeloid
CEBPB	CD4_T	192	0.0022589511517264564	17454	17454	cutsite_bigwig	motif_center	Myeloid
CEBPB	CD4_T	193	0.002320218939698914	17454	17454	cutsite_bigwig	motif_center	Myeloid
CEBPB	CD4_T	194	0.002795641026724827	17454	17454	cutsite_bigwig	motif_center	Myeloid
CEBPB	CD4_T	195	0.0027584427363860644	17454	17454	cutsite_bigwig	motif_center	Myeloid
CEBPB	CD4_T	196	0.0025107856157490964	17454	17454	cutsite_bigwig	motif_center	Myeloid
CEBPB	CD4_T	197	0.002529882065709789	17454	17454	cutsite_bigwig	motif_center	Myeloid
CEBPB	CD4_T	198	0.0028000173051265817	17454	17454	cutsite_bigwig	motif_center	Myeloid
CEBPB	CD4_T	199	0.0030261909096563986	17454	17454	cutsite_bigwig	motif_center	Myeloid
CEBPB	CD4_T	200	0.0030826845602668633	17454	17454	cutsite_bigwig	motif_center	Myeloid
CEBPB	CD4_T	201	0.002791065844281709	17454	17454	cutsite_bigwig	motif_center	Myeloid
CEBPB	CD4_T	202	0.002227322658802663	17454	17454	cutsite_bigwig	motif_center	Myeloid
CEBPB	CD4_T	203	0.0023741266390905715	17454	17454	cutsite_bigwig	motif_center	Myeloid
CEBPB	CD4_T	204	0.0023035095497484304	17454	17454	cutsite_bigwig	motif_center	Myeloid
CEBPB	CD4_T	205	0.0024684153643848767	17454	17454	cutsite_bigwig	motif_center	Myeloid
CEBPB	CD4_T	206	0.0026367028521891876	17454	17454	cutsite_bigwig	motif_center	Myeloid
CEBPB	CD4_T	207	0.0026510251942418847	17454	17454	cutsite_bigwig	motif_center	Myeloid
CEBPB	CD4_T	208	0.002785098202366707	17454	17454	cutsite_bigwig	motif_center	Myeloid
CEBPB	CD4_T	209	0.00280658172042145	17454	17454	cutsite_bigwig	motif_center	Myeloid
CEBPB	CD4_T	210	0.0026540090220826566	17454	17454	cutsite_bigwig	motif_center	Myeloid
CEBPB	CD4_T	211	0.002721443355024344	17454	17454	cutsite_bigwig	motif_center	Myeloid
CEBPB	CD4_T	212	0.0024696088863594983	17454	17454	cutsite_bigwig	motif_center	Myeloid
CEBPB	CD4_T	213	0.002574639387542521	17454	17454	cutsite_bigwig	motif_center	Myeloid
CEBPB	CD4_T	214	0.0026394877441067786	17454	17454	cutsite_bigwig	motif_center	Myeloid
CEBPB	CD4_T	215	0.002421271000230341	17454	17454	cutsite_bigwig	motif_center	Myeloid
CEBPB	CD4_T	216	0.002416894722628967	17454	17454	cutsite_bigwig	motif_center	Myeloid
CEBPB	CD4_T	217	0.0027807219334627987	17454	17454	cutsite_bigwig	motif_center	Myeloid
CEBPB	CD4_T	218	0.0028000172948817134	17454	17454	cutsite_bigwig	motif_center	Myeloid
CEBPB	CD4_T	219	0.0025284896067181337	17454	17454	cutsite_bigwig	motif_center	Myeloid
CEBPB	CD4_T	220	0.002135023140481144	17454	17454	cutsite_bigwig	motif_center	Myeloid
CEBPB	CD4_T	221	0.002176597703672357	17454	17454	cutsite_bigwig	motif_center	Myeloid
CEBPB	CD4_T	222	0.0023832770201978495	17454	17454	cutsite_bigwig	motif_center	Myeloid
CEBPB	CD4_T	223	0.002616611788990801	17454	17454	cutsite_bigwig	motif_center	Myeloid
CEBPB	CD4_T	224	0.002661766937928633	17454	17454	cutsite_bigwig	motif_center	Myeloid
CEBPB	CD4_T	225	0.0024166958062884253	17454	17454	cutsite_bigwig	motif_center	Myeloid
CEBPB	CD4_T	226	0.0028706343825430558	17454	17454	cutsite_bigwig	motif_center	Myeloid
CEBPB	CD4_T	227	0.0028845588924215773	17454	17454	cutsite_bigwig	motif_center	Myeloid
CEBPB	CD4_T	228	0.0025573332237853012	17454	17454	cutsite_bigwig	motif_center	Myeloid
CEBPB	CD4_T	229	0.002424254817079223	17454	17454	cutsite_bigwig	motif_center	Myeloid
CEBPB	CD4_T	230	0.0024194807089844717	17454	17454	cutsite_bigwig	motif_center	Myeloid
CEBPB	CD4_T	231	0.002582198388435282	17454	17454	cutsite_bigwig	motif_center	Myeloid
CEBPB	CD4_T	232	0.0028612850891771755	17454	17454	cutsite_bigwig	motif_center	Myeloid
CEBPB	CD4_T	233	0.0027007555368014804	17454	17454	cutsite_bigwig	motif_center	Myeloid
CEBPB	CD4_T	234	0.002401378872981815	17454	17454	cutsite_bigwig	motif_center	Myeloid
CEBPB	CD4_T	235	0.0023544334119348655	17454	17454	cutsite_bigwig	motif_center	Myeloid
CEBPB	CD4_T	236	0.0026261600311659854	17454	17454	cutsite_bigwig	motif_center	Myeloid
CEBPB	CD4_T	237	0.002800216220293232	17454	17454	cutsite_bigwig	motif_center	Myeloid
CEBPB	CD4_T	238	0.0030194275925078725	17454	17454	cutsite_bigwig	motif_center	Myeloid
CEBPB	CD4_T	239	0.0023285736363416153	17454	17454	cutsite_bigwig	motif_center	Myeloid
CEBPB	CD4_T	240	0.0024045616005685757	17454	17454	cutsite_bigwig	motif_center	Myeloid
CEBPB	CD4_T	241	0.0026378963695482824	17454	17454	cutsite_bigwig	motif_center	Myeloid
CEBPB	CD4_T	242	0.0022330913753061464	17454	17454	cutsite_bigwig	motif_center	Myeloid
CEBPB	CD4_T	243	0.0029704929143499863	17454	17454	cutsite_bigwig	motif_center	Myeloid
CEBPB	CD4_T	244	0.002842984307700132	17454	17454	cutsite_bigwig	motif_center	Myeloid
CEBPB	CD4_T	245	0.002365374084368051	17454	17454	cutsite_bigwig	motif_center	Myeloid
CEBPB	CD4_T	246	0.0027847003475417673	17454	17454	cutsite_bigwig	motif_center	Myeloid
CEBPB	CD4_T	247	0.002219365807513734	17454	17454	cutsite_bigwig	motif_center	Myeloid
CEBPB	CD4_T	248	0.002408341110259349	17454	17454	cutsite_bigwig	motif_center	Myeloid
CEBPB	CD4_T	249	0.002431415982222776	17454	17454	cutsite_bigwig	motif_center	Myeloid
CEBPB	NK_T_cytotoxic	-250	0.002358331974867701	17454	17454	cutsite_bigwig	motif_center	Myeloid
CEBPB	NK_T_cytotoxic	-249	0.002358331984365548	17454	17454	cutsite_bigwig	motif_center	Myeloid
CEBPB	NK_T_cytotoxic	-248	0.002546526090918237	17454	17454	cutsite_bigwig	motif_center	Myeloid
CEBPB	NK_T_cytotoxic	-247	0.0023228979391085674	17454	17454	cutsite_bigwig	motif_center	Myeloid
CEBPB	NK_T_cytotoxic	-246	0.0021693504540205096	17454	17454	cutsite_bigwig	motif_center	Myeloid
CEBPB	NK_T_cytotoxic	-245	0.00266070242064511	17454	17454	cutsite_bigwig	motif_center	Myeloid
CEBPB	NK_T_cytotoxic	-244	0.00260164570974719	17454	17454	cutsite_bigwig	motif_center	Myeloid
CEBPB	NK_T_cytotoxic	-243	0.0028173996177639107	17454	17454	cutsite_bigwig	motif_center	Myeloid
CEBPB	NK_T_cytotoxic	-242	0.0026323552118232055	17454	17454	cutsite_bigwig	motif_center	Myeloid
CEBPB	NK_T_cytotoxic	-241	0.002637867144860393	17454	17454	cutsite_bigwig	motif_center	Myeloid
CEBPB	NK_T_cytotoxic	-240	0.002489831620982911	17454	17454	cutsite_bigwig	motif_center	Myeloid
CEBPB	NK_T_cytotoxic	-239	0.002303999792530465	17454	17454	cutsite_bigwig	motif_center	Myeloid
CEBPB	NK_T_cytotoxic	-238	0.002415026429755876	17454	17454	cutsite_bigwig	motif_center	Myeloid
CEBPB	NK_T_cytotoxic	-237	0.002321323096646303	17454	17454	cutsite_bigwig	motif_center	Myeloid
CEBPB	NK_T_cytotoxic	-236	0.002049662154332235	17454	17454	cutsite_bigwig	motif_center	Myeloid
CEBPB	NK_T_cytotoxic	-235	0.0021953354155834943	17454	17454	cutsite_bigwig	motif_center	Myeloid
CEBPB	NK_T_cytotoxic	-234	0.0021457277620203774	17454	17454	cutsite_bigwig	motif_center	Myeloid
CEBPB	NK_T_cytotoxic	-233	0.00212682961565571	17454	17454	cutsite_bigwig	motif_center	Myeloid
CEBPB	NK_T_cytotoxic	-232	0.0023079369170415152	17454	17454	cutsite_bigwig	motif_center	Myeloid
CEBPB	NK_T_cytotoxic	-231	0.0021906108724025295	17454	17454	cutsite_bigwig	motif_center	Myeloid
CEBPB	NK_T_cytotoxic	-230	0.002064623189205373	17454	17454	cutsite_bigwig	motif_center	Myeloid
CEBPB	NK_T_cytotoxic	-229	0.0021787995240546807	17454	17454	cutsite_bigwig	motif_center	Myeloid
CEBPB	NK_T_cytotoxic	-228	0.002174862423981911	17454	17454	cutsite_bigwig	motif_center	Myeloid
CEBPB	NK_T_cytotoxic	-227	0.0027410195740431775	17454	17454	cutsite_bigwig	motif_center	Myeloid
CEBPB	NK_T_cytotoxic	-226	0.0024740831607166633	17454	17454	cutsite_bigwig	motif_center	Myeloid
CEBPB	NK_T_cytotoxic	-225	0.0022378562601379024	17454	17454	cutsite_bigwig	motif_center	Myeloid
CEBPB	NK_T_cytotoxic	-224	0.002239431096517276	17454	17454	cutsite_bigwig	motif_center	Myeloid
CEBPB	NK_T_cytotoxic	-223	0.0020693477248094044	17454	17454	cutsite_bigwig	motif_center	Myeloid
CEBPB	NK_T_cytotoxic	-222	0.0027181843171474366	17454	17454	cutsite_bigwig	motif_center	Myeloid
CEBPB	NK_T_cytotoxic	-221	0.002595346316313592	17454	17454	cutsite_bigwig	motif_center	Myeloid
CEBPB	NK_T_cytotoxic	-220	0.002791414660469621	17454	17454	cutsite_bigwig	motif_center	Myeloid
CEBPB	NK_T_cytotoxic	-219	0.002823698988466707	17454	17454	cutsite_bigwig	motif_center	Myeloid
CEBPB	NK_T_cytotoxic	-218	0.0021488774575099266	17454	17454	cutsite_bigwig	motif_center	Myeloid
CEBPB	NK_T_cytotoxic	-217	0.00238352951861451	17454	17454	cutsite_bigwig	motif_center	Myeloid
CEBPB	NK_T_cytotoxic	-216	0.0024386491325344636	17454	17454	cutsite_bigwig	motif_center	Myeloid
CEBPB	NK_T_cytotoxic	-215	0.0019449348986947934	17454	17454	cutsite_bigwig	motif_center	Myeloid
CEBPB	NK_T_cytotoxic	-214	0.0022433682224156522	17454	17454	cutsite_bigwig	motif_center	Myeloid
CEBPB	NK_T_cytotoxic	-213	0.002246517925161983	17454	17454	cutsite_bigwig	motif_center	Myeloid
CEBPB	NK_T_cytotoxic	-212	0.0024433736700594077	17454	17454	cutsite_bigwig	motif_center	Myeloid
CEBPB	NK_T_cytotoxic	-211	0.002259904110422792	17454	17454	cutsite_bigwig	motif_center	Myeloid
CEBPB	NK_T_cytotoxic	-210	0.0023717181832861815	17454	17454	cutsite_bigwig	motif_center	Myeloid
CEBPB	NK_T_cytotoxic	-209	0.0021323415759058294	17454	17454	cutsite_bigwig	motif_center	Myeloid
CEBPB	NK_T_cytotoxic	-208	0.0024811699698320897	17454	17454	cutsite_bigwig	motif_center	Myeloid
CEBPB	NK_T_cytotoxic	-207	0.0025284153677056142	17454	17454	cutsite_bigwig	motif_center	Myeloid
CEBPB	NK_T_cytotoxic	-206	0.0024732957378847706	17454	17454	cutsite_bigwig	motif_center	Myeloid
CEBPB	NK_T_cytotoxic	-205	0.002863070151298108	17454	17454	cutsite_bigwig	motif_center	Myeloid
CEBPB	NK_T_cytotoxic	-204	0.0022488801764761635	17454	17454	cutsite_bigwig	motif_center	Myeloid
CEBPB	NK_T_cytotoxic	-203	0.0021575391118622694	17454	17454	cutsite_bigwig	motif_center	Myeloid
CEBPB	NK_T_cytotoxic	-202	0.0021150182741377734	17454	17454	cutsite_bigwig	motif_center	Myeloid
CEBPB	NK_T_cytotoxic	-201	0.0026866873948007456	17454	17454	cutsite_bigwig	motif_center	Myeloid
CEBPB	NK_T_cytotoxic	-200	0.0026536156149446397	17454	17454	cutsite_bigwig	motif_center	Myeloid
CEBPB	NK_T_cytotoxic	-199	0.00275991772510341	17454	17454	cutsite_bigwig	motif_center	Myeloid
CEBPB	NK_T_cytotoxic	-198	0.0027929894907661045	17454	17454	cutsite_bigwig	motif_center	Myeloid
CEBPB	NK_T_cytotoxic	-197	0.0026969238842518535	17454	17454	cutsite_bigwig	motif_center	Myeloid
CEBPB	NK_T_cytotoxic	-196	0.002637867160654565	17454	17454	cutsite_bigwig	motif_center	Myeloid
CEBPB	NK_T_cytotoxic	-195	0.0024071522162706633	17454	17454	cutsite_bigwig	motif_center	Myeloid
CEBPB	NK_T_cytotoxic	-194	0.0022181706803763215	17454	17454	cutsite_bigwig	motif_center	Myeloid
CEBPB	NK_T_cytotoxic	-193	0.0019331235426632936	17454	17454	cutsite_bigwig	motif_center	Myeloid
CEBPB	NK_T_cytotoxic	-192	0.00211108114162292	17454	17454	cutsite_bigwig	motif_center	Myeloid
CEBPB	NK_T_cytotoxic	-191	0.002362269106955685	17454	17454	cutsite_bigwig	motif_center	Myeloid
CEBPB	NK_T_cytotoxic	-190	0.0021591139515498817	17454	17454	cutsite_bigwig	motif_center	Myeloid
CEBPB	NK_T_cytotoxic	-189	0.002307936920669906	17454	17454	cutsite_bigwig	motif_center	Myeloid
CEBPB	NK_T_cytotoxic	-188	0.002409514465450496	17454	17454	cutsite_bigwig	motif_center	Myeloid
CEBPB	NK_T_cytotoxic	-187	0.002497705860613882	17454	17454	cutsite_bigwig	motif_center	Myeloid
CEBPB	NK_T_cytotoxic	-186	0.0020551741141554853	17454	17454	cutsite_bigwig	motif_center	Myeloid
CEBPB	NK_T_cytotoxic	-185	0.00216068879710695	17454	17454	cutsite_bigwig	motif_center	Myeloid
CEBPB	NK_T_cytotoxic	-184	0.0022630538014302114	17454	17454	cutsite_bigwig	motif_center	Myeloid
CEBPB	NK_T_cytotoxic	-183	0.002003204197325841	17454	17454	cutsite_bigwig	motif_center	Myeloid
CEBPB	NK_T_cytotoxic	-182	0.002030764001671242	17454	17454	cutsite_bigwig	motif_center	Myeloid
CEBPB	NK_T_cytotoxic	-181	0.0022677783246550266	17454	17454	cutsite_bigwig	motif_center	Myeloid
CEBPB	NK_T_cytotoxic	-180	0.0024843196552902054	17454	17454	cutsite_bigwig	motif_center	Myeloid
CEBPB	NK_T_cytotoxic	-179	0.0022370688501120953	17454	17454	cutsite_bigwig	motif_center	Myeloid
CEBPB	NK_T_cytotoxic	-178	0.002254392151133129	17454	17454	cutsite_bigwig	motif_center	Myeloid
CEBPB	NK_T_cytotoxic	-177	0.0020441501973903547	17454	17454	cutsite_bigwig	motif_center	Myeloid
CEBPB	NK_T_cytotoxic	-176	0.0017606779036336343	17454	17454	cutsite_bigwig	motif_center	Myeloid
CEBPB	NK_T_cytotoxic	-175	0.002354394875115083	17454	17454	cutsite_bigwig	motif_center	Myeloid
CEBPB	NK_T_cytotoxic	-174	0.0027394447179210886	17454	17454	cutsite_bigwig	motif_center	Myeloid
CEBPB	NK_T_cytotoxic	-173	0.002530777621154142	17454	17454	cutsite_bigwig	motif_center	Myeloid
CEBPB	NK_T_cytotoxic	-172	0.0025764481696287722	17454	17454	cutsite_bigwig	motif_center	Myeloid
CEBPB	NK_T_cytotoxic	-171	0.001968557587066535	17454	17454	cutsite_bigwig	motif_center	Myeloid
CEBPB	NK_T_cytotoxic	-170	0.0020433627685822885	17454	17454	cutsite_bigwig	motif_center	Myeloid
CEBPB	NK_T_cytotoxic	-169	0.002117380531428127	17454	17454	cutsite_bigwig	motif_center	Myeloid
CEBPB	NK_T_cytotoxic	-168	0.0024071522059190774	17454	17454	cutsite_bigwig	motif_center	Myeloid
CEBPB	NK_T_cytotoxic	-167	0.002622906115856711	17454	17454	cutsite_bigwig	motif_center	Myeloid
CEBPB	NK_T_cytotoxic	-166	0.0023669936294334784	17454	17454	cutsite_bigwig	motif_center	Myeloid
CEBPB	NK_T_cytotoxic	-165	0.002299275246574848	17454	17454	cutsite_bigwig	motif_center	Myeloid
CEBPB	NK_T_cytotoxic	-164	0.0024512479052082484	17454	17454	cutsite_bigwig	motif_center	Myeloid
CEBPB	NK_T_cytotoxic	-163	0.0023551822918640854	17454	17454	cutsite_bigwig	motif_center	Myeloid
CEBPB	NK_T_cytotoxic	-162	0.0027677919579044683	17454	17454	cutsite_bigwig	motif_center	Myeloid
CEBPB	NK_T_cytotoxic	-161	0.002485107089113988	17454	17454	cutsite_bigwig	motif_center	Myeloid
CEBPB	NK_T_cytotoxic	-160	0.0022055719122913843	17454	17454	cutsite_bigwig	motif_center	Myeloid
CEBPB	NK_T_cytotoxic	-159	0.002159901381318404	17454	17454	cutsite_bigwig	motif_center	Myeloid
CEBPB	NK_T_cytotoxic	-158	0.002259904102205554	17454	17454	cutsite_bigwig	motif_center	Myeloid
CEBPB	NK_T_cytotoxic	-157	0.002543376399697383	17454	17454	cutsite_bigwig	motif_center	Myeloid
CEBPB	NK_T_cytotoxic	-156	0.002411089333951801	17454	17454	cutsite_bigwig	motif_center	Myeloid
CEBPB	NK_T_cytotoxic	-155	0.0026299929199564208	17454	17454	cutsite_bigwig	motif_center	Myeloid
CEBPB	NK_T_cytotoxic	-154	0.00285283365288274	17454	17454	cutsite_bigwig	motif_center	Myeloid
CEBPB	NK_T_cytotoxic	-153	0.002469358619456611	17454	17454	cutsite_bigwig	motif_center	Myeloid
CEBPB	NK_T_cytotoxic	-152	0.0021827366425895577	17454	17454	cutsite_bigwig	motif_center	Myeloid
CEBPB	NK_T_cytotoxic	-151	0.0023795923960243724	17454	17454	cutsite_bigwig	motif_center	Myeloid
CEBPB	NK_T_cytotoxic	-150	0.002470146039513852	17454	17454	cutsite_bigwig	motif_center	Myeloid
CEBPB	NK_T_cytotoxic	-149	0.0020843087718483235	17454	17454	cutsite_bigwig	motif_center	Myeloid
CEBPB	NK_T_cytotoxic	-148	0.0020646231980629157	17454	17454	cutsite_bigwig	motif_center	Myeloid
CEBPB	NK_T_cytotoxic	-147	0.002437074287937852	17454	17454	cutsite_bigwig	motif_center	Myeloid
CEBPB	NK_T_cytotoxic	-146	0.002129191887139475	17454	17454	cutsite_bigwig	motif_center	Myeloid
CEBPB	NK_T_cytotoxic	-145	0.0026339300574869913	17454	17454	cutsite_bigwig	motif_center	Myeloid
CEBPB	NK_T_cytotoxic	-144	0.0025874720718803393	17454	17454	cutsite_bigwig	motif_center	Myeloid
CEBPB	NK_T_cytotoxic	-143	0.002798501455284919	17454	17454	cutsite_bigwig	motif_center	Myeloid
CEBPB	NK_T_cytotoxic	-142	0.002422900677924237	17454	17454	cutsite_bigwig	motif_center	Myeloid
CEBPB	NK_T_cytotoxic	-141	0.0023000626751694796	17454	17454	cutsite_bigwig	motif_center	Myeloid
CEBPB	NK_T_cytotoxic	-140	0.0025236908238843447	17454	17454	cutsite_bigwig	motif_center	Myeloid
CEBPB	NK_T_cytotoxic	-139	0.0025559751589247777	17454	17454	cutsite_bigwig	motif_center	Myeloid
CEBPB	NK_T_cytotoxic	-138	0.0026662143807885124	17454	17454	cutsite_bigwig	motif_center	Myeloid
CEBPB	NK_T_cytotoxic	-137	0.002224470067727029	17454	17454	cutsite_bigwig	motif_center	Myeloid
CEBPB	NK_T_cytotoxic	-136	0.0024811699652432426	17454	17454	cutsite_bigwig	motif_center	Myeloid
CEBPB	NK_T_cytotoxic	-135	0.0028953545014924085	17454	17454	cutsite_bigwig	motif_center	Myeloid
CEBPB	NK_T_cytotoxic	-134	0.002792202069428255	17454	17454	cutsite_bigwig	motif_center	Myeloid
CEBPB	NK_T_cytotoxic	-133	0.0026622772730320906	17454	17454	cutsite_bigwig	motif_center	Myeloid
CEBPB	NK_T_cytotoxic	-132	0.0023803798122397878	17454	17454	cutsite_bigwig	motif_center	Myeloid
CEBPB	NK_T_cytotoxic	-131	0.00258983435371569	17454	17454	cutsite_bigwig	motif_center	Myeloid
CEBPB	NK_T_cytotoxic	-130	0.0023323470339011707	17454	17454	cutsite_bigwig	motif_center	Myeloid
CEBPB	NK_T_cytotoxic	-129	0.0026079450688177917	17454	17454	cutsite_bigwig	motif_center	Myeloid
CEBPB	NK_T_cytotoxic	-128	0.00220478449927749	17454	17454	cutsite_bigwig	motif_center	Myeloid
CEBPB	NK_T_cytotoxic	-127	0.0025622745522516583	17454	17454	cutsite_bigwig	motif_center	Myeloid
CEBPB	NK_T_cytotoxic	-126	0.002851258789290435	17454	17454	cutsite_bigwig	motif_center	Myeloid
CEBPB	NK_T_cytotoxic	-125	0.0024378617059674624	17454	17454	cutsite_bigwig	motif_center	Myeloid
CEBPB	NK_T_cytotoxic	-124	0.002292975885156464	17454	17454	cutsite_bigwig	motif_center	Myeloid
CEBPB	NK_T_cytotoxic	-123	0.0021662007685623944	17454	17454	cutsite_bigwig	motif_center	Myeloid
CEBPB	NK_T_cytotoxic	-122	0.002415026438826853	17454	17454	cutsite_bigwig	motif_center	Myeloid
CEBPB	NK_T_cytotoxic	-121	0.002625268391502454	17454	17454	cutsite_bigwig	motif_center	Myeloid
CEBPB	NK_T_cytotoxic	-120	0.0026662144028790098	17454	17454	cutsite_bigwig	motif_center	Myeloid
CEBPB	NK_T_cytotoxic	-119	0.002714247190502039	17454	17454	cutsite_bigwig	motif_center	Myeloid
CEBPB	NK_T_cytotoxic	-118	0.0023795924235574567	17454	17454	cutsite_bigwig	motif_center	Myeloid
CEBPB	NK_T_cytotoxic	-117	0.002831573210169158	17454	17454	cutsite_bigwig	motif_center	Myeloid
CEBPB	NK_T_cytotoxic	-116	0.0028418097254458716	17454	17454	cutsite_bigwig	motif_center	Myeloid
CEBPB	NK_T_cytotoxic	-115	0.0027425944152248334	17454	17454	cutsite_bigwig	motif_center	Myeloid
CEBPB	NK_T_cytotoxic	-114	0.0024173886886469905	17454	17454	cutsite_bigwig	motif_center	Myeloid
CEBPB	NK_T_cytotoxic	-113	0.002311874027145719	17454	17454	cutsite_bigwig	motif_center	Myeloid
CEBPB	NK_T_cytotoxic	-112	0.0024103019050370177	17454	17454	cutsite_bigwig	motif_center	Myeloid
CEBPB	NK_T_cytotoxic	-111	0.002749681230316433	17454	17454	cutsite_bigwig	motif_center	Myeloid
CEBPB	NK_T_cytotoxic	-110	0.0028284235336753023	17454	17454	cutsite_bigwig	motif_center	Myeloid
CEBPB	NK_T_cytotoxic	-109	0.002993782366897774	17454	17454	cutsite_bigwig	motif_center	Myeloid
CEBPB	NK_T_cytotoxic	-108	0.002399277981015105	17454	17454	cutsite_bigwig	motif_center	Myeloid
CEBPB	NK_T_cytotoxic	-107	0.0023378589878549644	17454	17454	cutsite_bigwig	motif_center	Myeloid
CEBPB	NK_T_cytotoxic	-106	0.002486681939259904	17454	17454	cutsite_bigwig	motif_center	Myeloid
CEBPB	NK_T_cytotoxic	-105	0.0027260585320199753	17454	17454	cutsite_bigwig	motif_center	Myeloid
CEBPB	NK_T_cytotoxic	-104	0.002752830931568721	17454	17454	cutsite_bigwig	motif_center	Myeloid
CEBPB	NK_T_cytotoxic	-103	0.0026339300483092963	17454	17454	cutsite_bigwig	motif_center	Myeloid
CEBPB	NK_T_cytotoxic	-102	0.002360694255209009	17454	17454	cutsite_bigwig	motif_center	Myeloid
CEBPB	NK_T_cytotoxic	-101	0.002476445444152775	17454	17454	cutsite_bigwig	motif_center	Myeloid
CEBPB	NK_T_cytotoxic	-100	0.002505580090533571	17454	17454	cutsite_bigwig	motif_center	Myeloid
CEBPB	NK_T_cytotoxic	-99	0.002600070855546014	17454	17454	cutsite_bigwig	motif_center	Myeloid
CEBPB	NK_T_cytotoxic	-98	0.0023150237049201832	17454	17454	cutsite_bigwig	motif_center	Myeloid
CEBPB	NK_T_cytotoxic	-97	0.0025150291578998076	17454	17454	cutsite_bigwig	motif_center	Myeloid
CEBPB	NK_T_cytotoxic	-96	0.0027024358387392343	17454	17454	cutsite_bigwig	motif_center	Myeloid
CEBPB	NK_T_cytotoxic	-95	0.003112683243434003	17454	17454	cutsite_bigwig	motif_center	Myeloid
CEBPB	NK_T_cytotoxic	-94	0.003041027752925669	17454	17454	cutsite_bigwig	motif_center	Myeloid
CEBPB	NK_T_cytotoxic	-93	0.002578023007929059	17454	17454	cutsite_bigwig	motif_center	Myeloid
CEBPB	NK_T_cytotoxic	-92	0.0025071549192292935	17454	17454	cutsite_bigwig	motif_center	Myeloid
CEBPB	NK_T_cytotoxic	-91	0.002708735220754073	17454	17454	cutsite_bigwig	motif_center	Myeloid
CEBPB	NK_T_cytotoxic	-90	0.003162290899771772	17454	17454	cutsite_bigwig	motif_center	Myeloid
CEBPB	NK_T_cytotoxic	-89	0.002888267673808158	17454	17454	cutsite_bigwig	motif_center	Myeloid
CEBPB	NK_T_cytotoxic	-88	0.0029268514126337747	17454	17454	cutsite_bigwig	motif_center	Myeloid
CEBPB	NK_T_cytotoxic	-87	0.0028961419134391287	17454	17454	cutsite_bigwig	motif_center	Myeloid
CEBPB	NK_T_cytotoxic	-86	0.002507154938972009	17454	17454	cutsite_bigwig	motif_center	Myeloid
CEBPB	NK_T_cytotoxic	-85	0.002608732521103682	17454	17454	cutsite_bigwig	motif_center	Myeloid
CEBPB	NK_T_cytotoxic	-84	0.002986695555968152	17454	17454	cutsite_bigwig	motif_center	Myeloid
CEBPB	NK_T_cytotoxic	-83	0.002866219835795767	17454	17454	cutsite_bigwig	motif_center	Myeloid
CEBPB	NK_T_cytotoxic	-82	0.002963860298538824	17454	17454	cutsite_bigwig	motif_center	Myeloid
CEBPB	NK_T_cytotoxic	-81	0.0030103182565056744	17454	17454	cutsite_bigwig	motif_center	Myeloid
CEBPB	NK_T_cytotoxic	-80	0.0032890660229823194	17454	17454	cutsite_bigwig	motif_center	Myeloid
CEBPB	NK_T_cytotoxic	-79	0.003329224562223553	17454	17454	cutsite_bigwig	motif_center	Myeloid
CEBPB	NK_T_cytotoxic	-78	0.002558337425499543	17454	17454	cutsite_bigwig	motif_center	Myeloid
CEBPB	NK_T_cytotoxic	-77	0.0023189608186527776	17454	17454	cutsite_bigwig	motif_center	Myeloid
CEBPB	NK_T_cytotoxic	-76	0.00267723831761651	17454	17454	cutsite_bigwig	motif_center	Myeloid
CEBPB	NK_T_cytotoxic	-75	0.0027063729501240466	17454	17454	cutsite_bigwig	motif_center	Myeloid
CEBPB	NK_T_cytotoxic	-74	0.0029260639933235554	17454	17454	cutsite_bigwig	motif_center	Myeloid
CEBPB	NK_T_cytotoxic	-73	0.003292215704812044	17454	17454	cutsite_bigwig	motif_center	Myeloid
CEBPB	NK_T_cytotoxic	-72	0.0029575609067059865	17454	17454	cutsite_bigwig	motif_center	Myeloid
CEBPB	NK_T_cytotoxic	-71	0.003112683241406373	17454	17454	cutsite_bigwig	motif_center	Myeloid
CEBPB	NK_T_cytotoxic	-70	0.003033940928656374	17454	17454	cutsite_bigwig	motif_center	Myeloid
CEBPB	NK_T_cytotoxic	-69	0.002750468652614739	17454	17454	cutsite_bigwig	motif_center	Myeloid
CEBPB	NK_T_cytotoxic	-68	0.002637867161401587	17454	17454	cutsite_bigwig	motif_center	Myeloid
CEBPB	NK_T_cytotoxic	-67	0.0026607024381467602	17454	17454	cutsite_bigwig	motif_center	Myeloid
CEBPB	NK_T_cytotoxic	-66	0.0025260530971823055	17454	17454	cutsite_bigwig	motif_center	Myeloid
CEBPB	NK_T_cytotoxic	-65	0.0029551986238034616	17454	17454	cutsite_bigwig	motif_center	Myeloid
CEBPB	NK_T_cytotoxic	-64	0.003186701014710515	17454	17454	cutsite_bigwig	motif_center	Myeloid
CEBPB	NK_T_cytotoxic	-63	0.0027882649562292468	17454	17454	cutsite_bigwig	motif_center	Myeloid
CEBPB	NK_T_cytotoxic	-62	0.002779603295900731	17454	17454	cutsite_bigwig	motif_center	Myeloid
CEBPB	NK_T_cytotoxic	-61	0.002570148792736368	17454	17454	cutsite_bigwig	motif_center	Myeloid
CEBPB	NK_T_cytotoxic	-60	0.0027118849218996433	17454	17454	cutsite_bigwig	motif_center	Myeloid
CEBPB	NK_T_cytotoxic	-59	0.0032709552718097434	17454	17454	cutsite_bigwig	motif_center	Myeloid
CEBPB	NK_T_cytotoxic	-58	0.0031410304711448843	17454	17454	cutsite_bigwig	motif_center	Myeloid
CEBPB	NK_T_cytotoxic	-57	0.0025764481556487953	17454	17454	cutsite_bigwig	motif_center	Myeloid
CEBPB	NK_T_cytotoxic	-56	0.002940237610914104	17454	17454	cutsite_bigwig	motif_center	Myeloid
CEBPB	NK_T_cytotoxic	-55	0.0028402348715648477	17454	17454	cutsite_bigwig	motif_center	Myeloid
CEBPB	NK_T_cytotoxic	-54	0.00262290613015684	17454	17454	cutsite_bigwig	motif_center	Myeloid
CEBPB	NK_T_cytotoxic	-53	0.002507942363618097	17454	17454	cutsite_bigwig	motif_center	Myeloid
CEBPB	NK_T_cytotoxic	-52	0.003084336018497774	17454	17454	cutsite_bigwig	motif_center	Myeloid
CEBPB	NK_T_cytotoxic	-51	0.003087485706837259	17454	17454	cutsite_bigwig	motif_center	Myeloid
CEBPB	NK_T_cytotoxic	-50	0.0023795923989057416	17454	17454	cutsite_bigwig	motif_center	Myeloid
CEBPB	NK_T_cytotoxic	-49	0.002685112541239874	17454	17454	cutsite_bigwig	motif_center	Myeloid
CEBPB	NK_T_cytotoxic	-48	0.002518178851788596	17454	17454	cutsite_bigwig	motif_center	Myeloid
CEBPB	NK_T_cytotoxic	-47	0.002533139887835625	17454	17454	cutsite_bigwig	motif_center	Myeloid
CEBPB	NK_T_cytotoxic	-46	0.00281031279904392	17454	17454	cutsite_bigwig	motif_center	Myeloid
CEBPB	NK_T_cytotoxic	-45	0.0027945643410187374	17454	17454	cutsite_bigwig	motif_center	Myeloid
CEBPB	NK_T_cytotoxic	-44	0.002764642271912766	17454	17454	cutsite_bigwig	motif_center	Myeloid
CEBPB	NK_T_cytotoxic	-43	0.0029843333027330587	17454	17454	cutsite_bigwig	motif_center	Myeloid
CEBPB	NK_T_cytotoxic	-42	0.0027985014473878326	17454	17454	cutsite_bigwig	motif_center	Myeloid
CEBPB	NK_T_cytotoxic	-41	0.002902441288303903	17454	17454	cutsite_bigwig	motif_center	Myeloid
CEBPB	NK_T_cytotoxic	-40	0.0028803934702476617	17454	17454	cutsite_bigwig	motif_center	Myeloid
CEBPB	NK_T_cytotoxic	-39	0.0028788186093232906	17454	17454	cutsite_bigwig	motif_center	Myeloid
CEBPB	NK_T_cytotoxic	-38	0.0028425971546808073	17454	17454	cutsite_bigwig	motif_center	Myeloid
CEBPB	NK_T_cytotoxic	-37	0.0031615034828093354	17454	17454	cutsite_bigwig	motif_center	Myeloid
CEBPB	NK_T_cytotoxic	-36	0.0034646613474700943	17454	17454	cutsite_bigwig	motif_center	Myeloid
CEBPB	NK_T_cytotoxic	-35	0.0038174268477654504	17454	17454	cutsite_bigwig	motif_center	Myeloid
CEBPB	NK_T_cytotoxic	-34	0.0033276497471876553	17454	17454	cutsite_bigwig	motif_center	Myeloid
CEBPB	NK_T_cytotoxic	-33	0.002971734525683861	17454	17454	cutsite_bigwig	motif_center	Myeloid
CEBPB	NK_T_cytotoxic	-32	0.0035371042621976474	17454	17454	cutsite_bigwig	motif_center	Myeloid
CEBPB	NK_T_cytotoxic	-31	0.003389068724126754	17454	17454	cutsite_bigwig	motif_center	Myeloid
CEBPB	NK_T_cytotoxic	-30	0.003715061856995296	17454	17454	cutsite_bigwig	motif_center	Myeloid
CEBPB	NK_T_cytotoxic	-29	0.0035347419969034904	17454	17454	cutsite_bigwig	motif_center	Myeloid
CEBPB	NK_T_cytotoxic	-28	0.00277566618120768	17454	17454	cutsite_bigwig	motif_center	Myeloid
CEBPB	NK_T_cytotoxic	-27	0.003515056418422518	17454	17454	cutsite_bigwig	motif_center	Myeloid
CEBPB	NK_T_cytotoxic	-26	0.003692226579823253	17454	17454	cutsite_bigwig	motif_center	Myeloid
CEBPB	NK_T_cytotoxic	-25	0.0038678219107140706	17454	17454	cutsite_bigwig	motif_center	Myeloid
CEBPB	NK_T_cytotoxic	-24	0.003993022199999744	17454	17454	cutsite_bigwig	motif_center	Myeloid
CEBPB	NK_T_cytotoxic	-23	0.0038434118225613902	17454	17454	cutsite_bigwig	motif_center	Myeloid
CEBPB	NK_T_cytotoxic	-22	0.0030055937143918833	17454	17454	cutsite_bigwig	motif_center	Myeloid
CEBPB	NK_T_cytotoxic	-21	0.002622906115856711	17454	17454	cutsite_bigwig	motif_center	Myeloid
CEBPB	NK_T_cytotoxic	-20	0.003972549187481553	17454	17454	cutsite_bigwig	motif_center	Myeloid
CEBPB	NK_T_cytotoxic	-19	0.004661544358012663	17454	17454	cutsite_bigwig	motif_center	Myeloid
CEBPB	NK_T_cytotoxic	-18	0.0036363195670828167	17454	17454	cutsite_bigwig	motif_center	Myeloid
CEBPB	NK_T_cytotoxic	-17	0.003067012710646828	17454	17454	cutsite_bigwig	motif_center	Myeloid
CEBPB	NK_T_cytotoxic	-16	0.002425262941510916	17454	17454	cutsite_bigwig	motif_center	Myeloid
CEBPB	NK_T_cytotoxic	-15	0.002447310786780089	17454	17454	cutsite_bigwig	motif_center	Myeloid
CEBPB	NK_T_cytotoxic	-14	0.003517418675392719	17454	17454	cutsite_bigwig	motif_center	Myeloid
CEBPB	NK_T_cytotoxic	-13	0.003102446743738027	17454	17454	cutsite_bigwig	motif_center	Myeloid
CEBPB	NK_T_cytotoxic	-12	0.0032378835126568094	17454	17454	cutsite_bigwig	motif_center	Myeloid
CEBPB	NK_T_cytotoxic	-11	0.003648918328978146	17454	17454	cutsite_bigwig	motif_center	Myeloid
CEBPB	NK_T_cytotoxic	-10	0.003606397464467588	17454	17454	cutsite_bigwig	motif_center	Myeloid
CEBPB	NK_T_cytotoxic	-9	0.005433218931014955	17454	17454	cutsite_bigwig	motif_center	Myeloid
CEBPB	NK_T_cytotoxic	-8	0.004546580585497747	17454	17454	cutsite_bigwig	motif_center	Myeloid
CEBPB	NK_T_cytotoxic	-7	0.0021457277666092245	17454	17454	cutsite_bigwig	motif_center	Myeloid
CEBPB	NK_T_cytotoxic	-6	0.00214179065287663	17454	17454	cutsite_bigwig	motif_center	Myeloid
CEBPB	NK_T_cytotoxic	-5	0.00096853033081252	17454	17454	cutsite_bigwig	motif_center	Myeloid
CEBPB	NK_T_cytotoxic	-4	0.004060740567917941	17454	17454	cutsite_bigwig	motif_center	Myeloid
CEBPB	NK_T_cytotoxic	-3	0.0037922293320853126	17454	17454	cutsite_bigwig	motif_center	Myeloid
CEBPB	NK_T_cytotoxic	-2	0.0013118467763342902	17454	17454	cutsite_bigwig	motif_center	Myeloid
CEBPB	NK_T_cytotoxic	-1	0.0013598795728148622	17454	17454	cutsite_bigwig	motif_center	Myeloid
CEBPB	NK_T_cytotoxic	0	0.0014370470298696414	17454	17454	cutsite_bigwig	motif_center	Myeloid
CEBPB	NK_T_cytotoxic	1	0.0036796278329750743	17454	17454	cutsite_bigwig	motif_center	Myeloid
CEBPB	NK_T_cytotoxic	2	0.003942627115494213	17454	17454	cutsite_bigwig	motif_center	Myeloid
CEBPB	NK_T_cytotoxic	3	0.0010323115994049688	17454	17454	cutsite_bigwig	motif_center	Myeloid
CEBPB	NK_T_cytotoxic	4	0.0016150046502794613	17454	17454	cutsite_bigwig	motif_center	Myeloid
CEBPB	NK_T_cytotoxic	5	0.0016480764096458301	17454	17454	cutsite_bigwig	motif_center	Myeloid
CEBPB	NK_T_cytotoxic	6	0.004267045417959555	17454	17454	cutsite_bigwig	motif_center	Myeloid
CEBPB	NK_T_cytotoxic	7	0.005457629042858894	17454	17454	cutsite_bigwig	motif_center	Myeloid
CEBPB	NK_T_cytotoxic	8	0.0031244946011729814	17454	17454	cutsite_bigwig	motif_center	Myeloid
CEBPB	NK_T_cytotoxic	9	0.0033536346869802946	17454	17454	cutsite_bigwig	motif_center	Myeloid
CEBPB	NK_T_cytotoxic	10	0.002604795396379197	17454	17454	cutsite_bigwig	motif_center	Myeloid
CEBPB	NK_T_cytotoxic	11	0.0024953436070586366	17454	17454	cutsite_bigwig	motif_center	Myeloid
CEBPB	NK_T_cytotoxic	12	0.003001656614319113	17454	17454	cutsite_bigwig	motif_center	Myeloid
CEBPB	NK_T_cytotoxic	13	0.0021599013876147295	17454	17454	cutsite_bigwig	motif_center	Myeloid
CEBPB	NK_T_cytotoxic	14	0.0028394474708234524	17454	17454	cutsite_bigwig	motif_center	Myeloid
CEBPB	NK_T_cytotoxic	15	0.0032095362841989064	17454	17454	cutsite_bigwig	motif_center	Myeloid
CEBPB	NK_T_cytotoxic	16	0.003440251225061135	17454	17454	cutsite_bigwig	motif_center	Myeloid
CEBPB	NK_T_cytotoxic	17	0.004430041988235651	17454	17454	cutsite_bigwig	motif_center	Myeloid
CEBPB	NK_T_cytotoxic	18	0.003956800746637869	17454	17454	cutsite_bigwig	motif_center	Myeloid
CEBPB	NK_T_cytotoxic	19	0.0035536401550070695	17454	17454	cutsite_bigwig	motif_center	Myeloid
CEBPB	NK_T_cytotoxic	20	0.0034701733088941047	17454	17454	cutsite_bigwig	motif_center	Myeloid
CEBPB	NK_T_cytotoxic	21	0.003688289483699026	17454	17454	cutsite_bigwig	motif_center	Myeloid
CEBPB	NK_T_cytotoxic	22	0.0036213585407470694	17454	17454	cutsite_bigwig	motif_center	Myeloid
CEBPB	NK_T_cytotoxic	23	0.0036717535893955604	17454	17454	cutsite_bigwig	motif_center	Myeloid
CEBPB	NK_T_cytotoxic	24	0.0035418288121018076	17454	17454	cutsite_bigwig	motif_center	Myeloid
CEBPB	NK_T_cytotoxic	25	0.0038772709967558484	17454	17454	cutsite_bigwig	motif_center	Myeloid
CEBPB	NK_T_cytotoxic	26	0.003341823347703423	17454	17454	cutsite_bigwig	motif_center	Myeloid
CEBPB	NK_T_cytotoxic	27	0.0036339573028558335	17454	17454	cutsite_bigwig	motif_center	Myeloid
CEBPB	NK_T_cytotoxic	28	0.0035150564200232787	17454	17454	cutsite_bigwig	motif_center	Myeloid
CEBPB	NK_T_cytotoxic	29	0.003292215706306087	17454	17454	cutsite_bigwig	motif_center	Myeloid
CEBPB	NK_T_cytotoxic	30	0.00424027303911398	17454	17454	cutsite_bigwig	motif_center	Myeloid
CEBPB	NK_T_cytotoxic	31	0.003533167135338815	17454	17454	cutsite_bigwig	motif_center	Myeloid
CEBPB	NK_T_cytotoxic	32	0.003617421424026388	17454	17454	cutsite_bigwig	motif_center	Myeloid
CEBPB	NK_T_cytotoxic	33	0.0032244973078667197	17454	17454	cutsite_bigwig	motif_center	Myeloid
CEBPB	NK_T_cytotoxic	34	0.003434739240799605	17454	17454	cutsite_bigwig	motif_center	Myeloid
CEBPB	NK_T_cytotoxic	35	0.003456787132917708	17454	17454	cutsite_bigwig	motif_center	Myeloid
CEBPB	NK_T_cytotoxic	36	0.003348910163115175	17454	17454	cutsite_bigwig	motif_center	Myeloid
CEBPB	NK_T_cytotoxic	37	0.0037174241413918644	17454	17454	cutsite_bigwig	motif_center	Myeloid
CEBPB	NK_T_cytotoxic	38	0.0027992888791839856	17454	17454	cutsite_bigwig	motif_center	Myeloid
CEBPB	NK_T_cytotoxic	39	0.002921339454838155	17454	17454	cutsite_bigwig	motif_center	Myeloid
CEBPB	NK_T_cytotoxic	40	0.0028339354938187043	17454	17454	cutsite_bigwig	motif_center	Myeloid
CEBPB	NK_T_cytotoxic	41	0.0032292218512611193	17454	17454	cutsite_bigwig	motif_center	Myeloid
CEBPB	NK_T_cytotoxic	42	0.0031520543995422093	17454	17454	cutsite_bigwig	motif_center	Myeloid
CEBPB	NK_T_cytotoxic	43	0.002747318956591603	17454	17454	cutsite_bigwig	motif_center	Myeloid
CEBPB	NK_T_cytotoxic	44	0.002986695563865238	17454	17454	cutsite_bigwig	motif_center	Myeloid
CEBPB	NK_T_cytotoxic	45	0.0029150400898980975	17454	17454	cutsite_bigwig	motif_center	Myeloid
CEBPB	NK_T_cytotoxic	46	0.002822124133411792	17454	17454	cutsite_bigwig	motif_center	Myeloid
CEBPB	NK_T_cytotoxic	47	0.0029048035658705584	17454	17454	cutsite_bigwig	motif_center	Myeloid
CEBPB	NK_T_cytotoxic	48	0.002812675065618686	17454	17454	cutsite_bigwig	motif_center	Myeloid
CEBPB	NK_T_cytotoxic	49	0.0028173996037839343	17454	17454	cutsite_bigwig	motif_center	Myeloid
CEBPB	NK_T_cytotoxic	50	0.003070162399626617	17454	17454	cutsite_bigwig	motif_center	Myeloid
CEBPB	NK_T_cytotoxic	51	0.0028307857951276336	17454	17454	cutsite_bigwig	motif_center	Myeloid
CEBPB	NK_T_cytotoxic	52	0.002635504868147476	17454	17454	cutsite_bigwig	motif_center	Myeloid
CEBPB	NK_T_cytotoxic	53	0.0029835458834228394	17454	17454	cutsite_bigwig	motif_center	Myeloid
CEBPB	NK_T_cytotoxic	54	0.003055988777233786	17454	17454	cutsite_bigwig	motif_center	Myeloid
CEBPB	NK_T_cytotoxic	55	0.0034095417086849908	17454	17454	cutsite_bigwig	motif_center	Myeloid
CEBPB	NK_T_cytotoxic	56	0.0025937714745983493	17454	17454	cutsite_bigwig	motif_center	Myeloid
CEBPB	NK_T_cytotoxic	57	0.002381954672950724	17454	17454	cutsite_bigwig	motif_center	Myeloid
CEBPB	NK_T_cytotoxic	58	0.0024748705925128163	17454	17454	cutsite_bigwig	motif_center	Myeloid
CEBPB	NK_T_cytotoxic	59	0.0026898370795118394	17454	17454	cutsite_bigwig	motif_center	Myeloid
CEBPB	NK_T_cytotoxic	60	0.0030347283577845927	17454	17454	cutsite_bigwig	motif_center	Myeloid
CEBPB	NK_T_cytotoxic	61	0.002831573230338743	17454	17454	cutsite_bigwig	motif_center	Myeloid
CEBPB	NK_T_cytotoxic	62	0.0024433736739012334	17454	17454	cutsite_bigwig	motif_center	Myeloid
CEBPB	NK_T_cytotoxic	63	0.0026205438513095757	17454	17454	cutsite_bigwig	motif_center	Myeloid
CEBPB	NK_T_cytotoxic	64	0.0027355076100579498	17454	17454	cutsite_bigwig	motif_center	Myeloid
CEBPB	NK_T_cytotoxic	65	0.002995357215442929	17454	17454	cutsite_bigwig	motif_center	Myeloid
CEBPB	NK_T_cytotoxic	66	0.0031355185238075675	17454	17454	cutsite_bigwig	motif_center	Myeloid
CEBPB	NK_T_cytotoxic	67	0.0030693749681506162	17454	17454	cutsite_bigwig	motif_center	Myeloid
CEBPB	NK_T_cytotoxic	68	0.003063075584535017	17454	17454	cutsite_bigwig	motif_center	Myeloid
CEBPB	NK_T_cytotoxic	69	0.0038977439982821487	17454	17454	cutsite_bigwig	motif_center	Myeloid
CEBPB	NK_T_cytotoxic	70	0.0033945806898194597	17454	17454	cutsite_bigwig	motif_center	Myeloid
CEBPB	NK_T_cytotoxic	71	0.0027410195754305035	17454	17454	cutsite_bigwig	motif_center	Myeloid
CEBPB	NK_T_cytotoxic	72	0.0028638575710351966	17454	17454	cutsite_bigwig	motif_center	Myeloid
CEBPB	NK_T_cytotoxic	73	0.0026827502871510415	17454	17454	cutsite_bigwig	motif_center	Myeloid
CEBPB	NK_T_cytotoxic	74	0.002792202073163363	17454	17454	cutsite_bigwig	motif_center	Myeloid
CEBPB	NK_T_cytotoxic	75	0.0025402266998324208	17454	17454	cutsite_bigwig	motif_center	Myeloid
CEBPB	NK_T_cytotoxic	76	0.0029827584555752297	17454	17454	cutsite_bigwig	motif_center	Myeloid
CEBPB	NK_T_cytotoxic	77	0.0034308021540665075	17454	17454	cutsite_bigwig	motif_center	Myeloid
CEBPB	NK_T_cytotoxic	78	0.003223709880872849	17454	17454	cutsite_bigwig	motif_center	Myeloid
CEBPB	NK_T_cytotoxic	79	0.003096147371114318	17454	17454	cutsite_bigwig	motif_center	Myeloid
CEBPB	NK_T_cytotoxic	80	0.0026567653089401458	17454	17454	cutsite_bigwig	motif_center	Myeloid
CEBPB	NK_T_cytotoxic	81	0.0026126696233107994	17454	17454	cutsite_bigwig	motif_center	Myeloid
CEBPB	NK_T_cytotoxic	82	0.002638654570573655	17454	17454	cutsite_bigwig	motif_center	Myeloid
CEBPB	NK_T_cytotoxic	83	0.0026677892277329066	17454	17454	cutsite_bigwig	motif_center	Myeloid
CEBPB	NK_T_cytotoxic	84	0.003081973747867748	17454	17454	cutsite_bigwig	motif_center	Myeloid
CEBPB	NK_T_cytotoxic	85	0.002696923882437658	17454	17454	cutsite_bigwig	motif_center	Myeloid
CEBPB	NK_T_cytotoxic	86	0.002617394156033461	17454	17454	cutsite_bigwig	motif_center	Myeloid
CEBPB	NK_T_cytotoxic	87	0.0029591357559981633	17454	17454	cutsite_bigwig	motif_center	Myeloid
CEBPB	NK_T_cytotoxic	88	0.002820549294471201	17454	17454	cutsite_bigwig	motif_center	Myeloid
CEBPB	NK_T_cytotoxic	89	0.0028945670654275607	17454	17454	cutsite_bigwig	motif_center	Myeloid
CEBPB	NK_T_cytotoxic	90	0.003122919743236697	17454	17454	cutsite_bigwig	motif_center	Myeloid
CEBPB	NK_T_cytotoxic	91	0.003244970308645998	17454	17454	cutsite_bigwig	motif_center	Myeloid
CEBPB	NK_T_cytotoxic	92	0.002712672356470448	17454	17454	cutsite_bigwig	motif_center	Myeloid
CEBPB	NK_T_cytotoxic	93	0.003006381132421494	17454	17454	cutsite_bigwig	motif_center	Myeloid
CEBPB	NK_T_cytotoxic	94	0.003017405065834536	17454	17454	cutsite_bigwig	motif_center	Myeloid
CEBPB	NK_T_cytotoxic	95	0.002566999076863799	17454	17454	cutsite_bigwig	motif_center	Myeloid
CEBPB	NK_T_cytotoxic	96	0.0027260585387431703	17454	17454	cutsite_bigwig	motif_center	Myeloid
CEBPB	NK_T_cytotoxic	97	0.002570148779289978	17454	17454	cutsite_bigwig	motif_center	Myeloid
CEBPB	NK_T_cytotoxic	98	0.002412664178868565	17454	17454	cutsite_bigwig	motif_center	Myeloid
CEBPB	NK_T_cytotoxic	99	0.002554400319770752	17454	17454	cutsite_bigwig	motif_center	Myeloid
CEBPB	NK_T_cytotoxic	100	0.0026284180782411783	17454	17454	cutsite_bigwig	motif_center	Myeloid
CEBPB	NK_T_cytotoxic	101	0.002848109108848036	17454	17454	cutsite_bigwig	motif_center	Myeloid
CEBPB	NK_T_cytotoxic	102	0.0025669990928714062	17454	17454	cutsite_bigwig	motif_center	Myeloid
CEBPB	NK_T_cytotoxic	103	0.002318960831352146	17454	17454	cutsite_bigwig	motif_center	Myeloid
CEBPB	NK_T_cytotoxic	104	0.0026055828054445474	17454	17454	cutsite_bigwig	motif_center	Myeloid
CEBPB	NK_T_cytotoxic	105	0.0026685766594223416	17454	17454	cutsite_bigwig	motif_center	Myeloid
CEBPB	NK_T_cytotoxic	106	0.0024827448162428973	17454	17454	cutsite_bigwig	motif_center	Myeloid
CEBPB	NK_T_cytotoxic	107	0.0030134679276636613	17454	17454	cutsite_bigwig	motif_center	Myeloid
CEBPB	NK_T_cytotoxic	108	0.0027284208127881524	17454	17454	cutsite_bigwig	motif_center	Myeloid
CEBPB	NK_T_cytotoxic	109	0.0025528254716524665	17454	17454	cutsite_bigwig	motif_center	Myeloid
CEBPB	NK_T_cytotoxic	110	0.0029977194800967816	17454	17454	cutsite_bigwig	motif_center	Myeloid
CEBPB	NK_T_cytotoxic	111	0.0026323551899461424	17454	17454	cutsite_bigwig	motif_center	Myeloid
CEBPB	NK_T_cytotoxic	112	0.0027229088512574244	17454	17454	cutsite_bigwig	motif_center	Myeloid
CEBPB	NK_T_cytotoxic	113	0.0025882595044235137	17454	17454	cutsite_bigwig	motif_center	Myeloid
CEBPB	NK_T_cytotoxic	114	0.00252920279000392	17454	17454	cutsite_bigwig	motif_center	Myeloid
CEBPB	NK_T_cytotoxic	115	0.002240218520416343	17454	17454	cutsite_bigwig	motif_center	Myeloid
CEBPB	NK_T_cytotoxic	116	0.0020197400876807636	17454	17454	cutsite_bigwig	motif_center	Myeloid
CEBPB	NK_T_cytotoxic	117	0.0023047872248602047	17454	17454	cutsite_bigwig	motif_center	Myeloid
CEBPB	NK_T_cytotoxic	118	0.002308724344035386	17454	17454	cutsite_bigwig	motif_center	Myeloid
CEBPB	NK_T_cytotoxic	119	0.002233131727201806	17454	17454	cutsite_bigwig	motif_center	Myeloid
CEBPB	NK_T_cytotoxic	120	0.002289038746665437	17454	17454	cutsite_bigwig	motif_center	Myeloid
CEBPB	NK_T_cytotoxic	121	0.002156751678892225	17454	17454	cutsite_bigwig	motif_center	Myeloid
CEBPB	NK_T_cytotoxic	122	0.0023299847447023204	17454	17454	cutsite_bigwig	motif_center	Myeloid
CEBPB	NK_T_cytotoxic	123	0.0023134488697147005	17454	17454	cutsite_bigwig	motif_center	Myeloid
CEBPB	NK_T_cytotoxic	124	0.00262369355554995	17454	17454	cutsite_bigwig	motif_center	Myeloid
CEBPB	NK_T_cytotoxic	125	0.002883543142259387	17454	17454	cutsite_bigwig	motif_center	Myeloid
CEBPB	NK_T_cytotoxic	126	0.0022646286563784094	17454	17454	cutsite_bigwig	motif_center	Myeloid
CEBPB	NK_T_cytotoxic	127	0.00216147622452769	17454	17454	cutsite_bigwig	motif_center	Myeloid
CEBPB	NK_T_cytotoxic	128	0.0024614843990347687	17454	17454	cutsite_bigwig	motif_center	Myeloid
CEBPB	NK_T_cytotoxic	129	0.002481957396932678	17454	17454	cutsite_bigwig	motif_center	Myeloid
CEBPB	NK_T_cytotoxic	130	0.0021984851037095444	17454	17454	cutsite_bigwig	motif_center	Myeloid
CEBPB	NK_T_cytotoxic	131	0.002578810427772865	17454	17454	cutsite_bigwig	motif_center	Myeloid
CEBPB	NK_T_cytotoxic	132	0.0024882567831094942	17454	17454	cutsite_bigwig	motif_center	Myeloid
CEBPB	NK_T_cytotoxic	133	0.002566211665343949	17454	17454	cutsite_bigwig	motif_center	Myeloid
CEBPB	NK_T_cytotoxic	134	0.0027551931902464	17454	17454	cutsite_bigwig	motif_center	Myeloid
CEBPB	NK_T_cytotoxic	135	0.0024520353325222714	17454	17454	cutsite_bigwig	motif_center	Myeloid
CEBPB	NK_T_cytotoxic	136	0.002745744116370404	17454	17454	cutsite_bigwig	motif_center	Myeloid
CEBPB	NK_T_cytotoxic	137	0.0021449403422832886	17454	17454	cutsite_bigwig	motif_center	Myeloid
CEBPB	NK_T_cytotoxic	138	0.0023173859839808824	17454	17454	cutsite_bigwig	motif_center	Myeloid
CEBPB	NK_T_cytotoxic	139	0.0026465288056157785	17454	17454	cutsite_bigwig	motif_center	Myeloid
CEBPB	NK_T_cytotoxic	140	0.0025551877450571444	17454	17454	cutsite_bigwig	motif_center	Myeloid
CEBPB	NK_T_cytotoxic	141	0.002915040066633709	17454	17454	cutsite_bigwig	motif_center	Myeloid
CEBPB	NK_T_cytotoxic	142	0.0025528254713323146	17454	17454	cutsite_bigwig	motif_center	Myeloid
CEBPB	NK_T_cytotoxic	143	0.0024953435913711818	17454	17454	cutsite_bigwig	motif_center	Myeloid
CEBPB	NK_T_cytotoxic	144	0.0027347201847715574	17454	17454	cutsite_bigwig	motif_center	Myeloid
CEBPB	NK_T_cytotoxic	145	0.002796926621253328	17454	17454	cutsite_bigwig	motif_center	Myeloid
CEBPB	NK_T_cytotoxic	146	0.002806375684137434	17454	17454	cutsite_bigwig	motif_center	Myeloid
CEBPB	NK_T_cytotoxic	147	0.002883543145887778	17454	17454	cutsite_bigwig	motif_center	Myeloid
CEBPB	NK_T_cytotoxic	148	0.002409514479217038	17454	17454	cutsite_bigwig	motif_center	Myeloid
CEBPB	NK_T_cytotoxic	149	0.0023811672502255486	17454	17454	cutsite_bigwig	motif_center	Myeloid
CEBPB	NK_T_cytotoxic	150	0.002411089328615932	17454	17454	cutsite_bigwig	motif_center	Myeloid
CEBPB	NK_T_cytotoxic	151	0.002818187014770198	17454	17454	cutsite_bigwig	motif_center	Myeloid
CEBPB	NK_T_cytotoxic	152	0.0029386627508434723	17454	17454	cutsite_bigwig	motif_center	Myeloid
CEBPB	NK_T_cytotoxic	153	0.002154389412210742	17454	17454	cutsite_bigwig	motif_center	Myeloid
CEBPB	NK_T_cytotoxic	154	0.0025181788514684438	17454	17454	cutsite_bigwig	motif_center	Myeloid
CEBPB	NK_T_cytotoxic	155	0.0026331426195012305	17454	17454	cutsite_bigwig	motif_center	Myeloid
CEBPB	NK_T_cytotoxic	156	0.002433924600345389	17454	17454	cutsite_bigwig	motif_center	Myeloid
CEBPB	NK_T_cytotoxic	157	0.002415026442668679	17454	17454	cutsite_bigwig	motif_center	Myeloid
CEBPB	NK_T_cytotoxic	158	0.0024354994413136096	17454	17454	cutsite_bigwig	motif_center	Myeloid
CEBPB	NK_T_cytotoxic	159	0.0027150346115197366	17454	17454	cutsite_bigwig	motif_center	Myeloid
CEBPB	NK_T_cytotoxic	160	0.0028638575786121305	17454	17454	cutsite_bigwig	motif_center	Myeloid
CEBPB	NK_T_cytotoxic	161	0.0026205438275116	17454	17454	cutsite_bigwig	motif_center	Myeloid
CEBPB	NK_T_cytotoxic	162	0.0027055855476751734	17454	17454	cutsite_bigwig	motif_center	Myeloid
CEBPB	NK_T_cytotoxic	163	0.0027929895022915812	17454	17454	cutsite_bigwig	motif_center	Myeloid
CEBPB	NK_T_cytotoxic	164	0.0023213231063575848	17454	17454	cutsite_bigwig	motif_center	Myeloid
CEBPB	NK_T_cytotoxic	165	0.002693774183853305	17454	17454	cutsite_bigwig	motif_center	Myeloid
CEBPB	NK_T_cytotoxic	166	0.002555975158497908	17454	17454	cutsite_bigwig	motif_center	Myeloid
CEBPB	NK_T_cytotoxic	167	0.002181161801407902	17454	17454	cutsite_bigwig	motif_center	Myeloid
CEBPB	NK_T_cytotoxic	168	0.0022772274157125214	17454	17454	cutsite_bigwig	motif_center	Myeloid
CEBPB	NK_T_cytotoxic	169	0.0025000681220662133	17454	17454	cutsite_bigwig	motif_center	Myeloid
CEBPB	NK_T_cytotoxic	170	0.0024740831756570967	17454	17454	cutsite_bigwig	motif_center	Myeloid
CEBPB	NK_T_cytotoxic	171	0.0024417988289844694	17454	17454	cutsite_bigwig	motif_center	Myeloid
CEBPB	NK_T_cytotoxic	172	0.00230321237834268	17454	17454	cutsite_bigwig	motif_center	Myeloid
CEBPB	NK_T_cytotoxic	173	0.0026000708678185127	17454	17454	cutsite_bigwig	motif_center	Myeloid
CEBPB	NK_T_cytotoxic	174	0.002622906124500819	17454	17454	cutsite_bigwig	motif_center	Myeloid
CEBPB	NK_T_cytotoxic	175	0.0027496812177237825	17454	17454	cutsite_bigwig	motif_center	Myeloid
CEBPB	NK_T_cytotoxic	176	0.0023000626821061093	17454	17454	cutsite_bigwig	motif_center	Myeloid
CEBPB	NK_T_cytotoxic	177	0.002102419498689337	17454	17454	cutsite_bigwig	motif_center	Myeloid
CEBPB	NK_T_cytotoxic	178	0.002329984748010559	17454	17454	cutsite_bigwig	motif_center	Myeloid
CEBPB	NK_T_cytotoxic	179	0.0023583319840453955	17454	17454	cutsite_bigwig	motif_center	Myeloid
CEBPB	NK_T_cytotoxic	180	0.0026071576584718323	17454	17454	cutsite_bigwig	motif_center	Myeloid
CEBPB	NK_T_cytotoxic	181	0.002557550016967779	17454	17454	cutsite_bigwig	motif_center	Myeloid
CEBPB	NK_T_cytotoxic	182	0.0025315650545510555	17454	17454	cutsite_bigwig	motif_center	Myeloid
CEBPB	NK_T_cytotoxic	183	0.0023354967108218955	17454	17454	cutsite_bigwig	motif_center	Myeloid
CEBPB	NK_T_cytotoxic	184	0.002507154935130183	17454	17454	cutsite_bigwig	motif_center	Myeloid
CEBPB	NK_T_cytotoxic	185	0.002952836372169129	17454	17454	cutsite_bigwig	motif_center	Myeloid
CEBPB	NK_T_cytotoxic	186	0.0024197509731502757	17454	17454	cutsite_bigwig	motif_center	Myeloid
CEBPB	NK_T_cytotoxic	187	0.0024449485077193897	17454	17454	cutsite_bigwig	motif_center	Myeloid
CEBPB	NK_T_cytotoxic	188	0.0023803798394527198	17454	17454	cutsite_bigwig	motif_center	Myeloid
CEBPB	NK_T_cytotoxic	189	0.0023039997937043563	17454	17454	cutsite_bigwig	motif_center	Myeloid
CEBPB	NK_T_cytotoxic	190	0.0023567571391286315	17454	17454	cutsite_bigwig	motif_center	Myeloid
CEBPB	NK_T_cytotoxic	191	0.0020606860802750604	17454	17454	cutsite_bigwig	motif_center	Myeloid
CEBPB	NK_T_cytotoxic	192	0.0021079314609670865	17454	17454	cutsite_bigwig	motif_center	Myeloid
CEBPB	NK_T_cytotoxic	193	0.0024323497513733645	17454	17454	cutsite_bigwig	motif_center	Myeloid
CEBPB	NK_T_cytotoxic	194	0.0028339354862417705	17454	17454	cutsite_bigwig	motif_center	Myeloid
CEBPB	NK_T_cytotoxic	195	0.0025063675088833337	17454	17454	cutsite_bigwig	motif_center	Myeloid
CEBPB	NK_T_cytotoxic	196	0.0026173941637171127	17454	17454	cutsite_bigwig	motif_center	Myeloid
CEBPB	NK_T_cytotoxic	197	0.0026386545880753053	17454	17454	cutsite_bigwig	motif_center	Myeloid
CEBPB	NK_T_cytotoxic	198	0.0029496866730511894	17454	17454	cutsite_bigwig	motif_center	Myeloid
CEBPB	NK_T_cytotoxic	199	0.0027835404203050635	17454	17454	cutsite_bigwig	motif_center	Myeloid
CEBPB	NK_T_cytotoxic	200	0.0032008746080762185	17454	17454	cutsite_bigwig	motif_center	Myeloid
CEBPB	NK_T_cytotoxic	201	0.0028929921950053426	17454	17454	cutsite_bigwig	motif_center	Myeloid
CEBPB	NK_T_cytotoxic	202	0.0024630592593188356	17454	17454	cutsite_bigwig	motif_center	Myeloid
CEBPB	NK_T_cytotoxic	203	0.0025646368068740774	17454	17454	cutsite_bigwig	motif_center	Myeloid
CEBPB	NK_T_cytotoxic	204	0.002222895222810265	17454	17454	cutsite_bigwig	motif_center	Myeloid
CEBPB	NK_T_cytotoxic	205	0.0025685739391754963	17454	17454	cutsite_bigwig	motif_center	Myeloid
CEBPB	NK_T_cytotoxic	206	0.002710310083172487	17454	17454	cutsite_bigwig	motif_center	Myeloid
CEBPB	NK_T_cytotoxic	207	0.002731570508918006	17454	17454	cutsite_bigwig	motif_center	Myeloid
CEBPB	NK_T_cytotoxic	208	0.002741019570841656	17454	17454	cutsite_bigwig	motif_center	Myeloid
CEBPB	NK_T_cytotoxic	209	0.0028575581804829676	17454	17454	cutsite_bigwig	motif_center	Myeloid
CEBPB	NK_T_cytotoxic	210	0.0025000681278289517	17454	17454	cutsite_bigwig	motif_center	Myeloid
CEBPB	NK_T_cytotoxic	211	0.0027937769216018005	17454	17454	cutsite_bigwig	motif_center	Myeloid
CEBPB	NK_T_cytotoxic	212	0.0024158138617654634	17454	17454	cutsite_bigwig	motif_center	Myeloid
CEBPB	NK_T_cytotoxic	213	0.0027173968826833496	17454	17454	cutsite_bigwig	motif_center	Myeloid
CEBPB	NK_T_cytotoxic	214	0.0024937687355692448	17454	17454	cutsite_bigwig	motif_center	Myeloid
CEBPB	NK_T_cytotoxic	215	0.0023291973281667528	17454	17454	cutsite_bigwig	motif_center	Myeloid
CEBPB	NK_T_cytotoxic	216	0.002290613605028591	17454	17454	cutsite_bigwig	motif_center	Myeloid
CEBPB	NK_T_cytotoxic	217	0.0029386627531912545	17454	17454	cutsite_bigwig	motif_center	Myeloid
CEBPB	NK_T_cytotoxic	218	0.0028142499058398853	17454	17454	cutsite_bigwig	motif_center	Myeloid
CEBPB	NK_T_cytotoxic	219	0.002535502161133586	17454	17454	cutsite_bigwig	motif_center	Myeloid
CEBPB	NK_T_cytotoxic	220	0.002153601999410283	17454	17454	cutsite_bigwig	motif_center	Myeloid
CEBPB	NK_T_cytotoxic	221	0.0021827366575299907	17454	17454	cutsite_bigwig	motif_center	Myeloid
CEBPB	NK_T_cytotoxic	222	0.002525265682354216	17454	17454	cutsite_bigwig	motif_center	Myeloid
CEBPB	NK_T_cytotoxic	223	0.0025662116706798178	17454	17454	cutsite_bigwig	motif_center	Myeloid
CEBPB	NK_T_cytotoxic	224	0.002677238313988119	17454	17454	cutsite_bigwig	motif_center	Myeloid
CEBPB	NK_T_cytotoxic	225	0.0026449539672087747	17454	17454	cutsite_bigwig	motif_center	Myeloid
CEBPB	NK_T_cytotoxic	226	0.003059138486703312	17454	17454	cutsite_bigwig	motif_center	Myeloid
CEBPB	NK_T_cytotoxic	227	0.0029591357595198367	17454	17454	cutsite_bigwig	motif_center	Myeloid
CEBPB	NK_T_cytotoxic	228	0.0027457441180778817	17454	17454	cutsite_bigwig	motif_center	Myeloid
CEBPB	NK_T_cytotoxic	229	0.002395340866855641	17454	17454	cutsite_bigwig	motif_center	Myeloid
CEBPB	NK_T_cytotoxic	230	0.0022071467519789965	17454	17454	cutsite_bigwig	motif_center	Myeloid
CEBPB	NK_T_cytotoxic	231	0.002539439291940961	17454	17454	cutsite_bigwig	motif_center	Myeloid
CEBPB	NK_T_cytotoxic	232	0.0029040161430386657	17454	17454	cutsite_bigwig	motif_center	Myeloid
CEBPB	NK_T_cytotoxic	233	0.002684325118407981	17454	17454	cutsite_bigwig	motif_center	Myeloid
CEBPB	NK_T_cytotoxic	234	0.002463059238402229	17454	17454	cutsite_bigwig	motif_center	Myeloid
CEBPB	NK_T_cytotoxic	235	0.002276439988398499	17454	17454	cutsite_bigwig	motif_center	Myeloid
CEBPB	NK_T_cytotoxic	236	0.0027937769229891265	17454	17454	cutsite_bigwig	motif_center	Myeloid
CEBPB	NK_T_cytotoxic	237	0.0027087352336668757	17454	17454	cutsite_bigwig	motif_center	Myeloid
CEBPB	NK_T_cytotoxic	238	0.0027756661853696575	17454	17454	cutsite_bigwig	motif_center	Myeloid
CEBPB	NK_T_cytotoxic	239	0.0022095090301859567	17454	17454	cutsite_bigwig	motif_center	Myeloid
CEBPB	NK_T_cytotoxic	240	0.0025780230064350153	17454	17454	cutsite_bigwig	motif_center	Myeloid
CEBPB	NK_T_cytotoxic	241	0.0027756661811009623	17454	17454	cutsite_bigwig	motif_center	Myeloid
CEBPB	NK_T_cytotoxic	242	0.0023614816734520544	17454	17454	cutsite_bigwig	motif_center	Myeloid
CEBPB	NK_T_cytotoxic	243	0.0028575582015062917	17454	17454	cutsite_bigwig	motif_center	Myeloid
CEBPB	NK_T_cytotoxic	244	0.002818974462360523	17454	17454	cutsite_bigwig	motif_center	Myeloid
CEBPB	NK_T_cytotoxic	245	0.002385104361290209	17454	17454	cutsite_bigwig	motif_center	Myeloid
CEBPB	NK_T_cytotoxic	246	0.002693774191323521	17454	17454	cutsite_bigwig	motif_center	Myeloid
CEBPB	NK_T_cytotoxic	247	0.002395340869630293	17454	17454	cutsite_bigwig	motif_center	Myeloid
CEBPB	NK_T_cytotoxic	248	0.0025331398946655376	17454	17454	cutsite_bigwig	motif_center	Myeloid
CEBPB	NK_T_cytotoxic	249	0.0027071603761574608	17454	17454	cutsite_bigwig	motif_center	Myeloid
CEBPB	CD14_Monocyte	-250	0.004232250925051472	17454	17454	cutsite_bigwig	motif_center	Myeloid
CEBPB	CD14_Monocyte	-249	0.004188589651619526	17454	17454	cutsite_bigwig	motif_center	Myeloid
CEBPB	CD14_Monocyte	-248	0.0043348982567130885	17454	17454	cutsite_bigwig	motif_center	Myeloid
CEBPB	CD14_Monocyte	-247	0.004189746250527905	17454	17454	cutsite_bigwig	motif_center	Myeloid
CEBPB	CD14_Monocyte	-246	0.003915056182126846	17454	17454	cutsite_bigwig	motif_center	Myeloid
CEBPB	CD14_Monocyte	-245	0.004217504393499312	17454	17454	cutsite_bigwig	motif_center	Myeloid
CEBPB	CD14_Monocyte	-244	0.004338946333469852	17454	17454	cutsite_bigwig	motif_center	Myeloid
CEBPB	CD14_Monocyte	-243	0.004313501337624448	17454	17454	cutsite_bigwig	motif_center	Myeloid
CEBPB	CD14_Monocyte	-242	0.0045237115283264144	17454	17454	cutsite_bigwig	motif_center	Myeloid
CEBPB	CD14_Monocyte	-241	0.004417305277905726	17454	17454	cutsite_bigwig	motif_center	Myeloid
CEBPB	CD14_Monocyte	-240	0.004264346285275684	17454	17454	cutsite_bigwig	motif_center	Myeloid
CEBPB	CD14_Monocyte	-239	0.004134519095156417	17454	17454	cutsite_bigwig	motif_center	Myeloid
CEBPB	CD14_Monocyte	-238	0.004012209719397624	17454	17454	cutsite_bigwig	motif_center	Myeloid
CEBPB	CD14_Monocyte	-237	0.004149554750129838	17454	17454	cutsite_bigwig	motif_center	Myeloid
CEBPB	CD14_Monocyte	-236	0.004285743208099432	17454	17454	cutsite_bigwig	motif_center	Myeloid
CEBPB	CD14_Monocyte	-235	0.004247575725963521	17454	17454	cutsite_bigwig	motif_center	Myeloid
CEBPB	CD14_Monocyte	-234	0.0042851649000011345	17454	17454	cutsite_bigwig	motif_center	Myeloid
CEBPB	CD14_Monocyte	-233	0.004194372608703621	17454	17454	cutsite_bigwig	motif_center	Myeloid
CEBPB	CD14_Monocyte	-232	0.004131049325430777	17454	17454	cutsite_bigwig	motif_center	Myeloid
CEBPB	CD14_Monocyte	-231	0.004231383466852569	17454	17454	cutsite_bigwig	motif_center	Myeloid
CEBPB	CD14_Monocyte	-230	0.003969994197002293	17454	17454	cutsite_bigwig	motif_center	Myeloid
CEBPB	CD14_Monocyte	-229	0.004078424481906179	17454	17454	cutsite_bigwig	motif_center	Myeloid
CEBPB	CD14_Monocyte	-228	0.004034474082918625	17454	17454	cutsite_bigwig	motif_center	Myeloid
CEBPB	CD14_Monocyte	-227	0.004610166622113838	17454	17454	cutsite_bigwig	motif_center	Myeloid
CEBPB	CD14_Monocyte	-226	0.004354271141425248	17454	17454	cutsite_bigwig	motif_center	Myeloid
CEBPB	CD14_Monocyte	-225	0.0039115864301162906	17454	17454	cutsite_bigwig	motif_center	Myeloid
CEBPB	CD14_Monocyte	-224	0.004372198278088879	17454	17454	cutsite_bigwig	motif_center	Myeloid
CEBPB	CD14_Monocyte	-223	0.004105893502203346	17454	17454	cutsite_bigwig	motif_center	Myeloid
CEBPB	CD14_Monocyte	-222	0.004347909894598245	17454	17454	cutsite_bigwig	motif_center	Myeloid
CEBPB	CD14_Monocyte	-221	0.004669441827562744	17454	17454	cutsite_bigwig	motif_center	Myeloid
CEBPB	CD14_Monocyte	-220	0.00437798122802291	17454	17454	cutsite_bigwig	motif_center	Myeloid
CEBPB	CD14_Monocyte	-219	0.004535855723273253	17454	17454	cutsite_bigwig	motif_center	Myeloid
CEBPB	CD14_Monocyte	-218	0.003786674730771696	17454	17454	cutsite_bigwig	motif_center	Myeloid
CEBPB	CD14_Monocyte	-217	0.004286610633749534	17454	17454	cutsite_bigwig	motif_center	Myeloid
CEBPB	CD14_Monocyte	-216	0.004508965007766144	17454	17454	cutsite_bigwig	motif_center	Myeloid
CEBPB	CD14_Monocyte	-215	0.0041975532279017866	17454	17454	cutsite_bigwig	motif_center	Myeloid
CEBPB	CD14_Monocyte	-214	0.004160831508968271	17454	17454	cutsite_bigwig	motif_center	Myeloid
CEBPB	CD14_Monocyte	-213	0.004014522915080035	17454	17454	cutsite_bigwig	motif_center	Myeloid
CEBPB	CD14_Monocyte	-212	0.004375957189804604	17454	17454	cutsite_bigwig	motif_center	Myeloid
CEBPB	CD14_Monocyte	-211	0.004295863349887532	17454	17454	cutsite_bigwig	motif_center	Myeloid
CEBPB	CD14_Monocyte	-210	0.004133073349989258	17454	17454	cutsite_bigwig	motif_center	Myeloid
CEBPB	CD14_Monocyte	-209	0.004143482655110919	17454	17454	cutsite_bigwig	motif_center	Myeloid
CEBPB	CD14_Monocyte	-208	0.004360632374272274	17454	17454	cutsite_bigwig	motif_center	Myeloid
CEBPB	CD14_Monocyte	-207	0.004334030808972489	17454	17454	cutsite_bigwig	motif_center	Myeloid
CEBPB	CD14_Monocyte	-206	0.004582986760561383	17454	17454	cutsite_bigwig	motif_center	Myeloid
CEBPB	CD14_Monocyte	-205	0.004918108619766621	17454	17454	cutsite_bigwig	motif_center	Myeloid
CEBPB	CD14_Monocyte	-204	0.004385788216175247	17454	17454	cutsite_bigwig	motif_center	Myeloid
CEBPB	CD14_Monocyte	-203	0.004063388829067105	17454	17454	cutsite_bigwig	motif_center	Myeloid
CEBPB	CD14_Monocyte	-202	0.0038901895140157376	17454	17454	cutsite_bigwig	motif_center	Myeloid
CEBPB	CD14_Monocyte	-201	0.004381740147849156	17454	17454	cutsite_bigwig	motif_center	Myeloid
CEBPB	CD14_Monocyte	-200	0.004360343231748603	17454	17454	cutsite_bigwig	motif_center	Myeloid
CEBPB	CD14_Monocyte	-199	0.004572866594441721	17454	17454	cutsite_bigwig	motif_center	Myeloid
CEBPB	CD14_Monocyte	-198	0.004731897667043532	17454	17454	cutsite_bigwig	motif_center	Myeloid
CEBPB	CD14_Monocyte	-197	0.004161120644235162	17454	17454	cutsite_bigwig	motif_center	Myeloid
CEBPB	CD14_Monocyte	-196	0.004274466433786979	17454	17454	cutsite_bigwig	motif_center	Myeloid
CEBPB	CD14_Monocyte	-195	0.0041206400135859215	17454	17454	cutsite_bigwig	motif_center	Myeloid
CEBPB	CD14_Monocyte	-194	0.00368344909965589	17454	17454	cutsite_bigwig	motif_center	Myeloid
CEBPB	CD14_Monocyte	-193	0.0037036894229309546	17454	17454	cutsite_bigwig	motif_center	Myeloid
CEBPB	CD14_Monocyte	-192	0.003997463207694896	17454	17454	cutsite_bigwig	motif_center	Myeloid
CEBPB	CD14_Monocyte	-191	0.004442171954127355	17454	17454	cutsite_bigwig	motif_center	Myeloid
CEBPB	CD14_Monocyte	-190	0.004212010606792124	17454	17454	cutsite_bigwig	motif_center	Myeloid
CEBPB	CD14_Monocyte	-189	0.0041003996886033785	17454	17454	cutsite_bigwig	motif_center	Myeloid
CEBPB	CD14_Monocyte	-188	0.004275333895934425	17454	17454	cutsite_bigwig	motif_center	Myeloid
CEBPB	CD14_Monocyte	-187	0.004193216002645178	17454	17454	cutsite_bigwig	motif_center	Myeloid
CEBPB	CD14_Monocyte	-186	0.004138567147261466	17454	17454	cutsite_bigwig	motif_center	Myeloid
CEBPB	CD14_Monocyte	-185	0.00396450040559954	17454	17454	cutsite_bigwig	motif_center	Myeloid
CEBPB	CD14_Monocyte	-184	0.003885274009687959	17454	17454	cutsite_bigwig	motif_center	Myeloid
CEBPB	CD14_Monocyte	-183	0.003713520424223013	17454	17454	cutsite_bigwig	motif_center	Myeloid
CEBPB	CD14_Monocyte	-182	0.003892791831732083	17454	17454	cutsite_bigwig	motif_center	Myeloid
CEBPB	CD14_Monocyte	-181	0.004049509741947306	17454	17454	cutsite_bigwig	motif_center	Myeloid
CEBPB	CD14_Monocyte	-180	0.004052112066066694	17454	17454	cutsite_bigwig	motif_center	Myeloid
CEBPB	CD14_Monocyte	-179	0.004289791256469373	17454	17454	cutsite_bigwig	motif_center	Myeloid
CEBPB	CD14_Monocyte	-178	0.004007294217737779	17454	17454	cutsite_bigwig	motif_center	Myeloid
CEBPB	CD14_Monocyte	-177	0.0039277786779152	17454	17454	cutsite_bigwig	motif_center	Myeloid
CEBPB	CD14_Monocyte	-176	0.0038777561768653795	17454	17454	cutsite_bigwig	motif_center	Myeloid
CEBPB	CD14_Monocyte	-175	0.00412873614671643	17454	17454	cutsite_bigwig	motif_center	Myeloid
CEBPB	CD14_Monocyte	-174	0.004122953193901029	17454	17454	cutsite_bigwig	motif_center	Myeloid
CEBPB	CD14_Monocyte	-173	0.004342705232486209	17454	17454	cutsite_bigwig	motif_center	Myeloid
CEBPB	CD14_Monocyte	-172	0.004388968824915109	17454	17454	cutsite_bigwig	motif_center	Myeloid
CEBPB	CD14_Monocyte	-171	0.0039043577267978626	17454	17454	cutsite_bigwig	motif_center	Myeloid
CEBPB	CD14_Monocyte	-170	0.0037120746959172003	17454	17454	cutsite_bigwig	motif_center	Myeloid
CEBPB	CD14_Monocyte	-169	0.0040032461688342515	17454	17454	cutsite_bigwig	motif_center	Myeloid
CEBPB	CD14_Monocyte	-168	0.004580384424596366	17454	17454	cutsite_bigwig	motif_center	Myeloid
CEBPB	CD14_Monocyte	-167	0.004238033872957873	17454	17454	cutsite_bigwig	motif_center	Myeloid
CEBPB	CD14_Monocyte	-166	0.004070906638518578	17454	17454	cutsite_bigwig	motif_center	Myeloid
CEBPB	CD14_Monocyte	-165	0.004015390355350417	17454	17454	cutsite_bigwig	motif_center	Myeloid
CEBPB	CD14_Monocyte	-164	0.004152735370075025	17454	17454	cutsite_bigwig	motif_center	Myeloid
CEBPB	CD14_Monocyte	-163	0.0040460399703007525	17454	17454	cutsite_bigwig	motif_center	Myeloid
CEBPB	CD14_Monocyte	-162	0.004406028531873378	17454	17454	cutsite_bigwig	motif_center	Myeloid
CEBPB	CD14_Monocyte	-161	0.004227913705024015	17454	17454	cutsite_bigwig	motif_center	Myeloid
CEBPB	CD14_Monocyte	-160	0.0038656119840528884	17454	17454	cutsite_bigwig	motif_center	Myeloid
CEBPB	CD14_Monocyte	-159	0.004349355618848798	17454	17454	cutsite_bigwig	motif_center	Myeloid
CEBPB	CD14_Monocyte	-158	0.004300200566500032	17454	17454	cutsite_bigwig	motif_center	Myeloid
CEBPB	CD14_Monocyte	-157	0.00441383549580087	17454	17454	cutsite_bigwig	motif_center	Myeloid
CEBPB	CD14_Monocyte	-156	0.004578071248549953	17454	17454	cutsite_bigwig	motif_center	Myeloid
CEBPB	CD14_Monocyte	-155	0.004431473483110917	17454	17454	cutsite_bigwig	motif_center	Myeloid
CEBPB	CD14_Monocyte	-154	0.004470219241009759	17454	17454	cutsite_bigwig	motif_center	Myeloid
CEBPB	CD14_Monocyte	-153	0.0044716649838291355	17454	17454	cutsite_bigwig	motif_center	Myeloid
CEBPB	CD14_Monocyte	-152	0.004182806711823646	17454	17454	cutsite_bigwig	motif_center	Myeloid
CEBPB	CD14_Monocyte	-151	0.00444217195188629	17454	17454	cutsite_bigwig	motif_center	Myeloid
CEBPB	CD14_Monocyte	-150	0.0047995581667154424	17454	17454	cutsite_bigwig	motif_center	Myeloid
CEBPB	CD14_Monocyte	-149	0.004534120828645793	17454	17454	cutsite_bigwig	motif_center	Myeloid
CEBPB	CD14_Monocyte	-148	0.004499712293762494	17454	17454	cutsite_bigwig	motif_center	Myeloid
CEBPB	CD14_Monocyte	-147	0.004274755583033845	17454	17454	cutsite_bigwig	motif_center	Myeloid
CEBPB	CD14_Monocyte	-146	0.004085942324546757	17454	17454	cutsite_bigwig	motif_center	Myeloid
CEBPB	CD14_Monocyte	-145	0.004759944971000717	17454	17454	cutsite_bigwig	motif_center	Myeloid
CEBPB	CD14_Monocyte	-144	0.004673200747282272	17454	17454	cutsite_bigwig	motif_center	Myeloid
CEBPB	CD14_Monocyte	-143	0.004914060547278552	17454	17454	cutsite_bigwig	motif_center	Myeloid
CEBPB	CD14_Monocyte	-142	0.004694308501223156	17454	17454	cutsite_bigwig	motif_center	Myeloid
CEBPB	CD14_Monocyte	-141	0.004403426201457664	17454	17454	cutsite_bigwig	motif_center	Myeloid
CEBPB	CD14_Monocyte	-140	0.004693151903488668	17454	17454	cutsite_bigwig	motif_center	Myeloid
CEBPB	CD14_Monocyte	-139	0.005076561403906132	17454	17454	cutsite_bigwig	motif_center	Myeloid
CEBPB	CD14_Monocyte	-138	0.004890061311434024	17454	17454	cutsite_bigwig	motif_center	Myeloid
CEBPB	CD14_Monocyte	-137	0.004596865826017554	17454	17454	cutsite_bigwig	motif_center	Myeloid
CEBPB	CD14_Monocyte	-136	0.004502025467781276	17454	17454	cutsite_bigwig	motif_center	Myeloid
CEBPB	CD14_Monocyte	-135	0.0047807635902082975	17454	17454	cutsite_bigwig	motif_center	Myeloid
CEBPB	CD14_Monocyte	-134	0.005135836636674688	17454	17454	cutsite_bigwig	motif_center	Myeloid
CEBPB	CD14_Monocyte	-133	0.004942396993012387	17454	17454	cutsite_bigwig	motif_center	Myeloid
CEBPB	CD14_Monocyte	-132	0.004969866010855055	17454	17454	cutsite_bigwig	motif_center	Myeloid
CEBPB	CD14_Monocyte	-131	0.00508321180616961	17454	17454	cutsite_bigwig	motif_center	Myeloid
CEBPB	CD14_Monocyte	-130	0.004652382150592059	17454	17454	cutsite_bigwig	motif_center	Myeloid
CEBPB	CD14_Monocyte	-129	0.004738258910669014	17454	17454	cutsite_bigwig	motif_center	Myeloid
CEBPB	CD14_Monocyte	-128	0.004087388055200352	17454	17454	cutsite_bigwig	motif_center	Myeloid
CEBPB	CD14_Monocyte	-127	0.0045876131060377315	17454	17454	cutsite_bigwig	motif_center	Myeloid
CEBPB	CD14_Monocyte	-126	0.004792618633773922	17454	17454	cutsite_bigwig	motif_center	Myeloid
CEBPB	CD14_Monocyte	-125	0.004745198451614338	17454	17454	cutsite_bigwig	motif_center	Myeloid
CEBPB	CD14_Monocyte	-124	0.005009768358164429	17454	17454	cutsite_bigwig	motif_center	Myeloid
CEBPB	CD14_Monocyte	-123	0.004774691494762508	17454	17454	cutsite_bigwig	motif_center	Myeloid
CEBPB	CD14_Monocyte	-122	0.004815750425933111	17454	17454	cutsite_bigwig	motif_center	Myeloid
CEBPB	CD14_Monocyte	-121	0.005025671467281493	17454	17454	cutsite_bigwig	motif_center	Myeloid
CEBPB	CD14_Monocyte	-120	0.005493801136871336	17454	17454	cutsite_bigwig	motif_center	Myeloid
CEBPB	CD14_Monocyte	-119	0.005108945926716883	17454	17454	cutsite_bigwig	motif_center	Myeloid
CEBPB	CD14_Monocyte	-118	0.0049684202651543085	17454	17454	cutsite_bigwig	motif_center	Myeloid
CEBPB	CD14_Monocyte	-117	0.00515318547388413	17454	17454	cutsite_bigwig	motif_center	Myeloid
CEBPB	CD14_Monocyte	-116	0.005236749079898452	17454	17454	cutsite_bigwig	motif_center	Myeloid
CEBPB	CD14_Monocyte	-115	0.004798112441290999	17454	17454	cutsite_bigwig	motif_center	Myeloid
CEBPB	CD14_Monocyte	-114	0.004750113954661508	17454	17454	cutsite_bigwig	motif_center	Myeloid
CEBPB	CD14_Monocyte	-113	0.005304698740022555	17454	17454	cutsite_bigwig	motif_center	Myeloid
CEBPB	CD14_Monocyte	-112	0.005289952208790546	17454	17454	cutsite_bigwig	motif_center	Myeloid
CEBPB	CD14_Monocyte	-111	0.005271735926615157	17454	17454	cutsite_bigwig	motif_center	Myeloid
CEBPB	CD14_Monocyte	-110	0.00555683528530416	17454	17454	cutsite_bigwig	motif_center	Myeloid
CEBPB	CD14_Monocyte	-109	0.005946027723703309	17454	17454	cutsite_bigwig	motif_center	Myeloid
CEBPB	CD14_Monocyte	-108	0.005349516583442469	17454	17454	cutsite_bigwig	motif_center	Myeloid
CEBPB	CD14_Monocyte	-107	0.005256121958421004	17454	17454	cutsite_bigwig	motif_center	Myeloid
CEBPB	CD14_Monocyte	-106	0.00540763521879669	17454	17454	cutsite_bigwig	motif_center	Myeloid
CEBPB	CD14_Monocyte	-105	0.005697939233621556	17454	17454	cutsite_bigwig	motif_center	Myeloid
CEBPB	CD14_Monocyte	-104	0.006096384398083418	17454	17454	cutsite_bigwig	motif_center	Myeloid
CEBPB	CD14_Monocyte	-103	0.005992580455881228	17454	17454	cutsite_bigwig	motif_center	Myeloid
CEBPB	CD14_Monocyte	-102	0.005769358635404627	17454	17454	cutsite_bigwig	motif_center	Myeloid
CEBPB	CD14_Monocyte	-101	0.0060793247012633006	17454	17454	cutsite_bigwig	motif_center	Myeloid
CEBPB	CD14_Monocyte	-100	0.006169827840112425	17454	17454	cutsite_bigwig	motif_center	Myeloid
CEBPB	CD14_Monocyte	-99	0.0061932487668982005	17454	17454	cutsite_bigwig	motif_center	Myeloid
CEBPB	CD14_Monocyte	-98	0.006085685928240871	17454	17454	cutsite_bigwig	motif_center	Myeloid
CEBPB	CD14_Monocyte	-97	0.006294739521421783	17454	17454	cutsite_bigwig	motif_center	Myeloid
CEBPB	CD14_Monocyte	-96	0.006506684614968447	17454	17454	cutsite_bigwig	motif_center	Myeloid
CEBPB	CD14_Monocyte	-95	0.006729906406204487	17454	17454	cutsite_bigwig	motif_center	Myeloid
CEBPB	CD14_Monocyte	-94	0.007664430890989164	17454	17454	cutsite_bigwig	motif_center	Myeloid
CEBPB	CD14_Monocyte	-93	0.006826481632922467	17454	17454	cutsite_bigwig	motif_center	Myeloid
CEBPB	CD14_Monocyte	-92	0.006827349089520609	17454	17454	cutsite_bigwig	motif_center	Myeloid
CEBPB	CD14_Monocyte	-91	0.007016740653971646	17454	17454	cutsite_bigwig	motif_center	Myeloid
CEBPB	CD14_Monocyte	-90	0.00723620355632948	17454	17454	cutsite_bigwig	motif_center	Myeloid
CEBPB	CD14_Monocyte	-89	0.007262226831459488	17454	17454	cutsite_bigwig	motif_center	Myeloid
CEBPB	CD14_Monocyte	-88	0.007198903546372449	17454	17454	cutsite_bigwig	motif_center	Myeloid
CEBPB	CD14_Monocyte	-87	0.007534603696921355	17454	17454	cutsite_bigwig	motif_center	Myeloid
CEBPB	CD14_Monocyte	-86	0.007076883314951521	17454	17454	cutsite_bigwig	motif_center	Myeloid
CEBPB	CD14_Monocyte	-85	0.006712268412704831	17454	17454	cutsite_bigwig	motif_center	Myeloid
CEBPB	CD14_Monocyte	-84	0.007452485805766455	17454	17454	cutsite_bigwig	motif_center	Myeloid
CEBPB	CD14_Monocyte	-83	0.007381066406437884	17454	17454	cutsite_bigwig	motif_center	Myeloid
CEBPB	CD14_Monocyte	-82	0.007726308443501696	17454	17454	cutsite_bigwig	motif_center	Myeloid
CEBPB	CD14_Monocyte	-81	0.00802846751032286	17454	17454	cutsite_bigwig	motif_center	Myeloid
CEBPB	CD14_Monocyte	-80	0.00797555353035748	17454	17454	cutsite_bigwig	motif_center	Myeloid
CEBPB	CD14_Monocyte	-79	0.008864392708614341	17454	17454	cutsite_bigwig	motif_center	Myeloid
CEBPB	CD14_Monocyte	-78	0.007633781262592439	17454	17454	cutsite_bigwig	motif_center	Myeloid
CEBPB	CD14_Monocyte	-77	0.006921032853544073	17454	17454	cutsite_bigwig	motif_center	Myeloid
CEBPB	CD14_Monocyte	-76	0.006845565397948474	17454	17454	cutsite_bigwig	motif_center	Myeloid
CEBPB	CD14_Monocyte	-75	0.006994187151555365	17454	17454	cutsite_bigwig	motif_center	Myeloid
CEBPB	CD14_Monocyte	-74	0.007997239587701096	17454	17454	cutsite_bigwig	motif_center	Myeloid
CEBPB	CD14_Monocyte	-73	0.008168993135708243	17454	17454	cutsite_bigwig	motif_center	Myeloid
CEBPB	CD14_Monocyte	-72	0.007564964167960693	17454	17454	cutsite_bigwig	motif_center	Myeloid
CEBPB	CD14_Monocyte	-71	0.007654889018347519	17454	17454	cutsite_bigwig	motif_center	Myeloid
CEBPB	CD14_Monocyte	-70	0.007938831815799378	17454	17454	cutsite_bigwig	motif_center	Myeloid
CEBPB	CD14_Monocyte	-69	0.007608625431254487	17454	17454	cutsite_bigwig	motif_center	Myeloid
CEBPB	CD14_Monocyte	-68	0.0070898949534769825	17454	17454	cutsite_bigwig	motif_center	Myeloid
CEBPB	CD14_Monocyte	-67	0.007552241706642052	17454	17454	cutsite_bigwig	motif_center	Myeloid
CEBPB	CD14_Monocyte	-66	0.008113765984498733	17454	17454	cutsite_bigwig	motif_center	Myeloid
CEBPB	CD14_Monocyte	-65	0.008107115609128034	17454	17454	cutsite_bigwig	motif_center	Myeloid
CEBPB	CD14_Monocyte	-64	0.009296668121311398	17454	17454	cutsite_bigwig	motif_center	Myeloid
CEBPB	CD14_Monocyte	-63	0.007691899908298245	17454	17454	cutsite_bigwig	motif_center	Myeloid
CEBPB	CD14_Monocyte	-62	0.0075406757998373606	17454	17454	cutsite_bigwig	motif_center	Myeloid
CEBPB	CD14_Monocyte	-61	0.00781073947762062	17454	17454	cutsite_bigwig	motif_center	Myeloid
CEBPB	CD14_Monocyte	-60	0.007991167485105243	17454	17454	cutsite_bigwig	motif_center	Myeloid
CEBPB	CD14_Monocyte	-59	0.008875091171947127	17454	17454	cutsite_bigwig	motif_center	Myeloid
CEBPB	CD14_Monocyte	-58	0.008101332663569416	17454	17454	cutsite_bigwig	motif_center	Myeloid
CEBPB	CD14_Monocyte	-57	0.008209762935453781	17454	17454	cutsite_bigwig	motif_center	Myeloid
CEBPB	CD14_Monocyte	-56	0.008683097268009398	17454	17454	cutsite_bigwig	motif_center	Myeloid
CEBPB	CD14_Monocyte	-55	0.008295061442178455	17454	17454	cutsite_bigwig	motif_center	Myeloid
CEBPB	CD14_Monocyte	-54	0.007830112363399953	17454	17454	cutsite_bigwig	motif_center	Myeloid
CEBPB	CD14_Monocyte	-53	0.0075600486676881745	17454	17454	cutsite_bigwig	motif_center	Myeloid
CEBPB	CD14_Monocyte	-52	0.008059117136265085	17454	17454	cutsite_bigwig	motif_center	Myeloid
CEBPB	CD14_Monocyte	-51	0.008943040827268947	17454	17454	cutsite_bigwig	motif_center	Myeloid
CEBPB	CD14_Monocyte	-50	0.008614280196642041	17454	17454	cutsite_bigwig	motif_center	Myeloid
CEBPB	CD14_Monocyte	-49	0.00851597005779495	17454	17454	cutsite_bigwig	motif_center	Myeloid
CEBPB	CD14_Monocyte	-48	0.00819732959104664	17454	17454	cutsite_bigwig	motif_center	Myeloid
CEBPB	CD14_Monocyte	-47	0.007905868988305286	17454	17454	cutsite_bigwig	motif_center	Myeloid
CEBPB	CD14_Monocyte	-46	0.008809165554736896	17454	17454	cutsite_bigwig	motif_center	Myeloid
CEBPB	CD14_Monocyte	-45	0.009066217629211431	17454	17454	cutsite_bigwig	motif_center	Myeloid
CEBPB	CD14_Monocyte	-44	0.009071422267952359	17454	17454	cutsite_bigwig	motif_center	Myeloid
CEBPB	CD14_Monocyte	-43	0.00859403985650563	17454	17454	cutsite_bigwig	motif_center	Myeloid
CEBPB	CD14_Monocyte	-42	0.008115211724650174	17454	17454	cutsite_bigwig	motif_center	Myeloid
CEBPB	CD14_Monocyte	-41	0.00877967250732003	17454	17454	cutsite_bigwig	motif_center	Myeloid
CEBPB	CD14_Monocyte	-40	0.009794001702304194	17454	17454	cutsite_bigwig	motif_center	Myeloid
CEBPB	CD14_Monocyte	-39	0.011383734251166231	17454	17454	cutsite_bigwig	motif_center	Myeloid
CEBPB	CD14_Monocyte	-38	0.01125043730252665	17454	17454	cutsite_bigwig	motif_center	Myeloid
CEBPB	CD14_Monocyte	-37	0.01075426030091295	17454	17454	cutsite_bigwig	motif_center	Myeloid
CEBPB	CD14_Monocyte	-36	0.010071294065263928	17454	17454	cutsite_bigwig	motif_center	Myeloid
CEBPB	CD14_Monocyte	-35	0.010839269644304064	17454	17454	cutsite_bigwig	motif_center	Myeloid
CEBPB	CD14_Monocyte	-34	0.012162408275717351	17454	17454	cutsite_bigwig	motif_center	Myeloid
CEBPB	CD14_Monocyte	-33	0.011907958546598964	17454	17454	cutsite_bigwig	motif_center	Myeloid
CEBPB	CD14_Monocyte	-32	0.014100563493540733	17454	17454	cutsite_bigwig	motif_center	Myeloid
CEBPB	CD14_Monocyte	-31	0.01356708650043211	17454	17454	cutsite_bigwig	motif_center	Myeloid
CEBPB	CD14_Monocyte	-30	0.012066989607355146	17454	17454	cutsite_bigwig	motif_center	Myeloid
CEBPB	CD14_Monocyte	-29	0.014286774449678779	17454	17454	cutsite_bigwig	motif_center	Myeloid
CEBPB	CD14_Monocyte	-28	0.012093302042297041	17454	17454	cutsite_bigwig	motif_center	Myeloid
CEBPB	CD14_Monocyte	-27	0.012959298602293294	17454	17454	cutsite_bigwig	motif_center	Myeloid
CEBPB	CD14_Monocyte	-26	0.01350954615962308	17454	17454	cutsite_bigwig	motif_center	Myeloid
CEBPB	CD14_Monocyte	-25	0.014880683263045577	17454	17454	cutsite_bigwig	motif_center	Myeloid
CEBPB	CD14_Monocyte	-24	0.017330051105440863	17454	17454	cutsite_bigwig	motif_center	Myeloid
CEBPB	CD14_Monocyte	-23	0.014568982335214963	17454	17454	cutsite_bigwig	motif_center	Myeloid
CEBPB	CD14_Monocyte	-22	0.013018284659562507	17454	17454	cutsite_bigwig	motif_center	Myeloid
CEBPB	CD14_Monocyte	-21	0.013781923022843881	17454	17454	cutsite_bigwig	motif_center	Myeloid
CEBPB	CD14_Monocyte	-20	0.016560629789664244	17454	17454	cutsite_bigwig	motif_center	Myeloid
CEBPB	CD14_Monocyte	-19	0.018315176410685703	17454	17454	cutsite_bigwig	motif_center	Myeloid
CEBPB	CD14_Monocyte	-18	0.010621541620566083	17454	17454	cutsite_bigwig	motif_center	Myeloid
CEBPB	CD14_Monocyte	-17	0.006539647415783194	17454	17454	cutsite_bigwig	motif_center	Myeloid
CEBPB	CD14_Monocyte	-16	0.005342866193131338	17454	17454	cutsite_bigwig	motif_center	Myeloid
CEBPB	CD14_Monocyte	-15	0.005507391092352636	17454	17454	cutsite_bigwig	motif_center	Myeloid
CEBPB	CD14_Monocyte	-14	0.008268170732860954	17454	17454	cutsite_bigwig	motif_center	Myeloid
CEBPB	CD14_Monocyte	-13	0.006968453038051439	17454	17454	cutsite_bigwig	motif_center	Myeloid
CEBPB	CD14_Monocyte	-12	0.005304987889162703	17454	17454	cutsite_bigwig	motif_center	Myeloid
CEBPB	CD14_Monocyte	-11	0.006504082271533214	17454	17454	cutsite_bigwig	motif_center	Myeloid
CEBPB	CD14_Monocyte	-10	0.007044498806974487	17454	17454	cutsite_bigwig	motif_center	Myeloid
CEBPB	CD14_Monocyte	-9	0.01415954956980564	17454	17454	cutsite_bigwig	motif_center	Myeloid
CEBPB	CD14_Monocyte	-8	0.011786516633627921	17454	17454	cutsite_bigwig	motif_center	Myeloid
CEBPB	CD14_Monocyte	-7	0.004642840276669805	17454	17454	cutsite_bigwig	motif_center	Myeloid
CEBPB	CD14_Monocyte	-6	0.0043360548537005545	17454	17454	cutsite_bigwig	motif_center	Myeloid
CEBPB	CD14_Monocyte	-5	0.0019187823461307425	17454	17454	cutsite_bigwig	motif_center	Myeloid
CEBPB	CD14_Monocyte	-4	0.008951426111140366	17454	17454	cutsite_bigwig	motif_center	Myeloid
CEBPB	CD14_Monocyte	-3	0.008880584999206919	17454	17454	cutsite_bigwig	motif_center	Myeloid
CEBPB	CD14_Monocyte	-2	0.0029521952636673973	17454	17454	cutsite_bigwig	motif_center	Myeloid
CEBPB	CD14_Monocyte	-1	0.0033916993533236895	17454	17454	cutsite_bigwig	motif_center	Myeloid
CEBPB	CD14_Monocyte	0	0.0031580682312471017	17454	17454	cutsite_bigwig	motif_center	Myeloid
CEBPB	CD14_Monocyte	1	0.009181298319473598	17454	17454	cutsite_bigwig	motif_center	Myeloid
CEBPB	CD14_Monocyte	2	0.008991039300131896	17454	17454	cutsite_bigwig	motif_center	Myeloid
CEBPB	CD14_Monocyte	3	0.002001767659520787	17454	17454	cutsite_bigwig	motif_center	Myeloid
CEBPB	CD14_Monocyte	4	0.00391621279426818	17454	17454	cutsite_bigwig	motif_center	Myeloid
CEBPB	CD14_Monocyte	5	0.00431089903837021	17454	17454	cutsite_bigwig	motif_center	Myeloid
CEBPB	CD14_Monocyte	6	0.01136522883628517	17454	17454	cutsite_bigwig	motif_center	Myeloid
CEBPB	CD14_Monocyte	7	0.014077431702768869	17454	17454	cutsite_bigwig	motif_center	Myeloid
CEBPB	CD14_Monocyte	8	0.006827638253067605	17454	17454	cutsite_bigwig	motif_center	Myeloid
CEBPB	CD14_Monocyte	9	0.006373965925230451	17454	17454	cutsite_bigwig	motif_center	Myeloid
CEBPB	CD14_Monocyte	10	0.005114439729218243	17454	17454	cutsite_bigwig	motif_center	Myeloid
CEBPB	CD14_Monocyte	11	0.006343894581134047	17454	17454	cutsite_bigwig	motif_center	Myeloid
CEBPB	CD14_Monocyte	12	0.0079119410851384	17454	17454	cutsite_bigwig	motif_center	Myeloid
CEBPB	CD14_Monocyte	13	0.005471536802590897	17454	17454	cutsite_bigwig	motif_center	Myeloid
CEBPB	CD14_Monocyte	14	0.005974942475187658	17454	17454	cutsite_bigwig	motif_center	Myeloid
CEBPB	CD14_Monocyte	15	0.006694630429236609	17454	17454	cutsite_bigwig	motif_center	Myeloid
CEBPB	CD14_Monocyte	16	0.010189266250982848	17454	17454	cutsite_bigwig	motif_center	Myeloid
CEBPB	CD14_Monocyte	17	0.017598090770724707	17454	17454	cutsite_bigwig	motif_center	Myeloid
CEBPB	CD14_Monocyte	18	0.01598927450859459	17454	17454	cutsite_bigwig	motif_center	Myeloid
CEBPB	CD14_Monocyte	19	0.015412136232662894	17454	17454	cutsite_bigwig	motif_center	Myeloid
CEBPB	CD14_Monocyte	20	0.013892666474189616	17454	17454	cutsite_bigwig	motif_center	Myeloid
CEBPB	CD14_Monocyte	21	0.014520694703393865	17454	17454	cutsite_bigwig	motif_center	Myeloid
CEBPB	CD14_Monocyte	22	0.016656048449595777	17454	17454	cutsite_bigwig	motif_center	Myeloid
CEBPB	CD14_Monocyte	23	0.01419858448143348	17454	17454	cutsite_bigwig	motif_center	Myeloid
CEBPB	CD14_Monocyte	24	0.013717153993016552	17454	17454	cutsite_bigwig	motif_center	Myeloid
CEBPB	CD14_Monocyte	25	0.012890770663631609	17454	17454	cutsite_bigwig	motif_center	Myeloid
CEBPB	CD14_Monocyte	26	0.01170844682232459	17454	17454	cutsite_bigwig	motif_center	Myeloid
CEBPB	CD14_Monocyte	27	0.013635903577668923	17454	17454	cutsite_bigwig	motif_center	Myeloid
CEBPB	CD14_Monocyte	28	0.012008581830330992	17454	17454	cutsite_bigwig	motif_center	Myeloid
CEBPB	CD14_Monocyte	29	0.013803898234343363	17454	17454	cutsite_bigwig	motif_center	Myeloid
CEBPB	CD14_Monocyte	30	0.014542959054002063	17454	17454	cutsite_bigwig	motif_center	Myeloid
CEBPB	CD14_Monocyte	31	0.012147372617649126	17454	17454	cutsite_bigwig	motif_center	Myeloid
CEBPB	CD14_Monocyte	32	0.011873550014810469	17454	17454	cutsite_bigwig	motif_center	Myeloid
CEBPB	CD14_Monocyte	33	0.009610971383826421	17454	17454	cutsite_bigwig	motif_center	Myeloid
CEBPB	CD14_Monocyte	34	0.010229746887928413	17454	17454	cutsite_bigwig	motif_center	Myeloid
CEBPB	CD14_Monocyte	35	0.01038993454695267	17454	17454	cutsite_bigwig	motif_center	Myeloid
CEBPB	CD14_Monocyte	36	0.011144320193028872	17454	17454	cutsite_bigwig	motif_center	Myeloid
CEBPB	CD14_Monocyte	37	0.01208462763148269	17454	17454	cutsite_bigwig	motif_center	Myeloid
CEBPB	CD14_Monocyte	38	0.01006435454811658	17454	17454	cutsite_bigwig	motif_center	Myeloid
CEBPB	CD14_Monocyte	39	0.008983810604390402	17454	17454	cutsite_bigwig	motif_center	Myeloid
CEBPB	CD14_Monocyte	40	0.00842199714335073	17454	17454	cutsite_bigwig	motif_center	Myeloid
CEBPB	CD14_Monocyte	41	0.008900247004672405	17454	17454	cutsite_bigwig	motif_center	Myeloid
CEBPB	CD14_Monocyte	42	0.009317775886564324	17454	17454	cutsite_bigwig	motif_center	Myeloid
CEBPB	CD14_Monocyte	43	0.008594039881584215	17454	17454	cutsite_bigwig	motif_center	Myeloid
CEBPB	CD14_Monocyte	44	0.009281054173820417	17454	17454	cutsite_bigwig	motif_center	Myeloid
CEBPB	CD14_Monocyte	45	0.008557318134370594	17454	17454	cutsite_bigwig	motif_center	Myeloid
CEBPB	CD14_Monocyte	46	0.008735722095739825	17454	17454	cutsite_bigwig	motif_center	Myeloid
CEBPB	CD14_Monocyte	47	0.00888810280919198	17454	17454	cutsite_bigwig	motif_center	Myeloid
CEBPB	CD14_Monocyte	48	0.008550956908566915	17454	17454	cutsite_bigwig	motif_center	Myeloid
CEBPB	CD14_Monocyte	49	0.00900202689232853	17454	17454	cutsite_bigwig	motif_center	Myeloid
CEBPB	CD14_Monocyte	50	0.008411009555636225	17454	17454	cutsite_bigwig	motif_center	Myeloid
CEBPB	CD14_Monocyte	51	0.007911362791126798	17454	17454	cutsite_bigwig	motif_center	Myeloid
CEBPB	CD14_Monocyte	52	0.007776620095719296	17454	17454	cutsite_bigwig	motif_center	Myeloid
CEBPB	CD14_Monocyte	53	0.008187498605121886	17454	17454	cutsite_bigwig	motif_center	Myeloid
CEBPB	CD14_Monocyte	54	0.008814948510006795	17454	17454	cutsite_bigwig	motif_center	Myeloid
CEBPB	CD14_Monocyte	55	0.009382255762342504	17454	17454	cutsite_bigwig	motif_center	Myeloid
CEBPB	CD14_Monocyte	56	0.008343349057244922	17454	17454	cutsite_bigwig	motif_center	Myeloid
CEBPB	CD14_Monocyte	57	0.00795444576318364	17454	17454	cutsite_bigwig	motif_center	Myeloid
CEBPB	CD14_Monocyte	58	0.007583758762823227	17454	17454	cutsite_bigwig	motif_center	Myeloid
CEBPB	CD14_Monocyte	59	0.007717923147037627	17454	17454	cutsite_bigwig	motif_center	Myeloid
CEBPB	CD14_Monocyte	60	0.008389034332291113	17454	17454	cutsite_bigwig	motif_center	Myeloid
CEBPB	CD14_Monocyte	61	0.008221907138084272	17454	17454	cutsite_bigwig	motif_center	Myeloid
CEBPB	CD14_Monocyte	62	0.008914126087523509	17454	17454	cutsite_bigwig	motif_center	Myeloid
CEBPB	CD14_Monocyte	63	0.007531133936906996	17454	17454	cutsite_bigwig	motif_center	Myeloid
CEBPB	CD14_Monocyte	64	0.0073932106102422655	17454	17454	cutsite_bigwig	motif_center	Myeloid
CEBPB	CD14_Monocyte	65	0.007820570514342848	17454	17454	cutsite_bigwig	motif_center	Myeloid
CEBPB	CD14_Monocyte	66	0.007944614754421367	17454	17454	cutsite_bigwig	motif_center	Myeloid
CEBPB	CD14_Monocyte	67	0.007488050951297045	17454	17454	cutsite_bigwig	motif_center	Myeloid
CEBPB	CD14_Monocyte	68	0.007653443294843987	17454	17454	cutsite_bigwig	motif_center	Myeloid
CEBPB	CD14_Monocyte	69	0.007771704588723583	17454	17454	cutsite_bigwig	motif_center	Myeloid
CEBPB	CD14_Monocyte	70	0.0075296881914196844	17454	17454	cutsite_bigwig	motif_center	Myeloid
CEBPB	CD14_Monocyte	71	0.007063004258352893	17454	17454	cutsite_bigwig	motif_center	Myeloid
CEBPB	CD14_Monocyte	72	0.007381066402702776	17454	17454	cutsite_bigwig	motif_center	Myeloid
CEBPB	CD14_Monocyte	73	0.006844119644350642	17454	17454	cutsite_bigwig	motif_center	Myeloid
CEBPB	CD14_Monocyte	74	0.0069204545533428615	17454	17454	cutsite_bigwig	motif_center	Myeloid
CEBPB	CD14_Monocyte	75	0.006945899536488897	17454	17454	cutsite_bigwig	motif_center	Myeloid
CEBPB	CD14_Monocyte	76	0.0073677656233611215	17454	17454	cutsite_bigwig	motif_center	Myeloid
CEBPB	CD14_Monocyte	77	0.008861501271638712	17454	17454	cutsite_bigwig	motif_center	Myeloid
CEBPB	CD14_Monocyte	78	0.008207160604184329	17454	17454	cutsite_bigwig	motif_center	Myeloid
CEBPB	CD14_Monocyte	79	0.00794461475591541	17454	17454	cutsite_bigwig	motif_center	Myeloid
CEBPB	CD14_Monocyte	80	0.007392632306092511	17454	17454	cutsite_bigwig	motif_center	Myeloid
CEBPB	CD14_Monocyte	81	0.006661667615509059	17454	17454	cutsite_bigwig	motif_center	Myeloid
CEBPB	CD14_Monocyte	82	0.006917563081577367	17454	17454	cutsite_bigwig	motif_center	Myeloid
CEBPB	CD14_Monocyte	83	0.006945321245998967	17454	17454	cutsite_bigwig	motif_center	Myeloid
CEBPB	CD14_Monocyte	84	0.0073365377027669884	17454	17454	cutsite_bigwig	motif_center	Myeloid
CEBPB	CD14_Monocyte	85	0.006631307118323963	17454	17454	cutsite_bigwig	motif_center	Myeloid
CEBPB	CD14_Monocyte	86	0.0069623809272383475	17454	17454	cutsite_bigwig	motif_center	Myeloid
CEBPB	CD14_Monocyte	87	0.007168543058471765	17454	17454	cutsite_bigwig	motif_center	Myeloid
CEBPB	CD14_Monocyte	88	0.007104641466567036	17454	17454	cutsite_bigwig	motif_center	Myeloid
CEBPB	CD14_Monocyte	89	0.0069933197096842216	17454	17454	cutsite_bigwig	motif_center	Myeloid
CEBPB	CD14_Monocyte	90	0.0070878709205945455	17454	17454	cutsite_bigwig	motif_center	Myeloid
CEBPB	CD14_Monocyte	91	0.007256733011563195	17454	17454	cutsite_bigwig	motif_center	Myeloid
CEBPB	CD14_Monocyte	92	0.007186759327627634	17454	17454	cutsite_bigwig	motif_center	Myeloid
CEBPB	CD14_Monocyte	93	0.00713615853459384	17454	17454	cutsite_bigwig	motif_center	Myeloid
CEBPB	CD14_Monocyte	94	0.006785711873942966	17454	17454	cutsite_bigwig	motif_center	Myeloid
CEBPB	CD14_Monocyte	95	0.006325967429103113	17454	17454	cutsite_bigwig	motif_center	Myeloid
CEBPB	CD14_Monocyte	96	0.006441337262849409	17454	17454	cutsite_bigwig	motif_center	Myeloid
CEBPB	CD14_Monocyte	97	0.005941979648013718	17454	17454	cutsite_bigwig	motif_center	Myeloid
CEBPB	CD14_Monocyte	98	0.00641502486184364	17454	17454	cutsite_bigwig	motif_center	Myeloid
CEBPB	CD14_Monocyte	99	0.0059815928588823125	17454	17454	cutsite_bigwig	motif_center	Myeloid
CEBPB	CD14_Monocyte	100	0.005669024489073835	17454	17454	cutsite_bigwig	motif_center	Myeloid
CEBPB	CD14_Monocyte	101	0.00581793541081657	17454	17454	cutsite_bigwig	motif_center	Myeloid
CEBPB	CD14_Monocyte	102	0.005403876304092878	17454	17454	cutsite_bigwig	motif_center	Myeloid
CEBPB	CD14_Monocyte	103	0.0057014090088965	17454	17454	cutsite_bigwig	motif_center	Myeloid
CEBPB	CD14_Monocyte	104	0.005713264048940451	17454	17454	cutsite_bigwig	motif_center	Myeloid
CEBPB	CD14_Monocyte	105	0.005382768536598887	17454	17454	cutsite_bigwig	motif_center	Myeloid
CEBPB	CD14_Monocyte	106	0.005258724299401738	17454	17454	cutsite_bigwig	motif_center	Myeloid
CEBPB	CD14_Monocyte	107	0.005812441610556275	17454	17454	cutsite_bigwig	motif_center	Myeloid
CEBPB	CD14_Monocyte	108	0.0055753407196077855	17454	17454	cutsite_bigwig	motif_center	Myeloid
CEBPB	CD14_Monocyte	109	0.005354721238191006	17454	17454	cutsite_bigwig	motif_center	Myeloid
CEBPB	CD14_Monocyte	110	0.005752877247429828	17454	17454	cutsite_bigwig	motif_center	Myeloid
CEBPB	CD14_Monocyte	111	0.005363106513098164	17454	17454	cutsite_bigwig	motif_center	Myeloid
CEBPB	CD14_Monocyte	112	0.005371491783950062	17454	17454	cutsite_bigwig	motif_center	Myeloid
CEBPB	CD14_Monocyte	113	0.005057766824944488	17454	17454	cutsite_bigwig	motif_center	Myeloid
CEBPB	CD14_Monocyte	114	0.005252941338902687	17454	17454	cutsite_bigwig	motif_center	Myeloid
CEBPB	CD14_Monocyte	115	0.004721777508500803	17454	17454	cutsite_bigwig	motif_center	Myeloid
CEBPB	CD14_Monocyte	116	0.004823268261316908	17454	17454	cutsite_bigwig	motif_center	Myeloid
CEBPB	CD14_Monocyte	117	0.005027984631802429	17454	17454	cutsite_bigwig	motif_center	Myeloid
CEBPB	CD14_Monocyte	118	0.0051427761767662734	17454	17454	cutsite_bigwig	motif_center	Myeloid
CEBPB	CD14_Monocyte	119	0.00469546509628971	17454	17454	cutsite_bigwig	motif_center	Myeloid
CEBPB	CD14_Monocyte	120	0.00487300161525421	17454	17454	cutsite_bigwig	motif_center	Myeloid
CEBPB	CD14_Monocyte	121	0.004936614050228421	17454	17454	cutsite_bigwig	motif_center	Myeloid
CEBPB	CD14_Monocyte	122	0.004447954904061386	17454	17454	cutsite_bigwig	motif_center	Myeloid
CEBPB	CD14_Monocyte	123	0.004743463577476614	17454	17454	cutsite_bigwig	motif_center	Myeloid
CEBPB	CD14_Monocyte	124	0.005321180138348939	17454	17454	cutsite_bigwig	motif_center	Myeloid
CEBPB	CD14_Monocyte	125	0.005060369142447398	17454	17454	cutsite_bigwig	motif_center	Myeloid
CEBPB	CD14_Monocyte	126	0.004457785904499705	17454	17454	cutsite_bigwig	motif_center	Myeloid
CEBPB	CD14_Monocyte	127	0.004452292119820148	17454	17454	cutsite_bigwig	motif_center	Myeloid
CEBPB	CD14_Monocyte	128	0.004370174248941551	17454	17454	cutsite_bigwig	motif_center	Myeloid
CEBPB	CD14_Monocyte	129	0.004679561998164536	17454	17454	cutsite_bigwig	motif_center	Myeloid
CEBPB	CD14_Monocyte	130	0.004551758819690948	17454	17454	cutsite_bigwig	motif_center	Myeloid
CEBPB	CD14_Monocyte	131	0.0047203317718710345	17454	17454	cutsite_bigwig	motif_center	Myeloid
CEBPB	CD14_Monocyte	132	0.004517350291103975	17454	17454	cutsite_bigwig	motif_center	Myeloid
CEBPB	CD14_Monocyte	133	0.0048079434431166435	17454	17454	cutsite_bigwig	motif_center	Myeloid
CEBPB	CD14_Monocyte	134	0.004294706768694237	17454	17454	cutsite_bigwig	motif_center	Myeloid
CEBPB	CD14_Monocyte	135	0.004051822912978001	17454	17454	cutsite_bigwig	motif_center	Myeloid
CEBPB	CD14_Monocyte	136	0.004542216956120279	17454	17454	cutsite_bigwig	motif_center	Myeloid
CEBPB	CD14_Monocyte	137	0.004404582787239805	17454	17454	cutsite_bigwig	motif_center	Myeloid
CEBPB	CD14_Monocyte	138	0.004428582017321596	17454	17454	cutsite_bigwig	motif_center	Myeloid
CEBPB	CD14_Monocyte	139	0.0045523371283228324	17454	17454	cutsite_bigwig	motif_center	Myeloid
CEBPB	CD14_Monocyte	140	0.004543084398738445	17454	17454	cutsite_bigwig	motif_center	Myeloid
CEBPB	CD14_Monocyte	141	0.004783655055464031	17454	17454	cutsite_bigwig	motif_center	Myeloid
CEBPB	CD14_Monocyte	142	0.004566216196340221	17454	17454	cutsite_bigwig	motif_center	Myeloid
CEBPB	CD14_Monocyte	143	0.004656430186476066	17454	17454	cutsite_bigwig	motif_center	Myeloid
CEBPB	CD14_Monocyte	144	0.004414124652731387	17454	17454	cutsite_bigwig	motif_center	Myeloid
CEBPB	CD14_Monocyte	145	0.004437256451293619	17454	17454	cutsite_bigwig	motif_center	Myeloid
CEBPB	CD14_Monocyte	146	0.004942107849634976	17454	17454	cutsite_bigwig	motif_center	Myeloid
CEBPB	CD14_Monocyte	147	0.00503318929978392	17454	17454	cutsite_bigwig	motif_center	Myeloid
CEBPB	CD14_Monocyte	148	0.0046289611922179395	17454	17454	cutsite_bigwig	motif_center	Myeloid
CEBPB	CD14_Monocyte	149	0.003941079457683724	17454	17454	cutsite_bigwig	motif_center	Myeloid
CEBPB	CD14_Monocyte	150	0.004389547130879059	17454	17454	cutsite_bigwig	motif_center	Myeloid
CEBPB	CD14_Monocyte	151	0.00486577292666278	17454	17454	cutsite_bigwig	motif_center	Myeloid
CEBPB	CD14_Monocyte	152	0.004785679091868142	17454	17454	cutsite_bigwig	motif_center	Myeloid
CEBPB	CD14_Monocyte	153	0.00424410596520214	17454	17454	cutsite_bigwig	motif_center	Myeloid
CEBPB	CD14_Monocyte	154	0.004420485891341152	17454	17454	cutsite_bigwig	motif_center	Myeloid
CEBPB	CD14_Monocyte	155	0.004286321487170602	17454	17454	cutsite_bigwig	motif_center	Myeloid
CEBPB	CD14_Monocyte	156	0.004379137809643074	17454	17454	cutsite_bigwig	motif_center	Myeloid
CEBPB	CD14_Monocyte	157	0.0043603432371911895	17454	17454	cutsite_bigwig	motif_center	Myeloid
CEBPB	CD14_Monocyte	158	0.003973463961178629	17454	17454	cutsite_bigwig	motif_center	Myeloid
CEBPB	CD14_Monocyte	159	0.004580673583554514	17454	17454	cutsite_bigwig	motif_center	Myeloid
CEBPB	CD14_Monocyte	160	0.004358030049832734	17454	17454	cutsite_bigwig	motif_center	Myeloid
CEBPB	CD14_Monocyte	161	0.0042776470771032716	17454	17454	cutsite_bigwig	motif_center	Myeloid
CEBPB	CD14_Monocyte	162	0.0038580941501631352	17454	17454	cutsite_bigwig	motif_center	Myeloid
CEBPB	CD14_Monocyte	163	0.004109074108915578	17454	17454	cutsite_bigwig	motif_center	Myeloid
CEBPB	CD14_Monocyte	164	0.004155337713830411	17454	17454	cutsite_bigwig	motif_center	Myeloid
CEBPB	CD14_Monocyte	165	0.004247575723295587	17454	17454	cutsite_bigwig	motif_center	Myeloid
CEBPB	CD14_Monocyte	166	0.004103580315591913	17454	17454	cutsite_bigwig	motif_center	Myeloid
CEBPB	CD14_Monocyte	167	0.003606535880431026	17454	17454	cutsite_bigwig	motif_center	Myeloid
CEBPB	CD14_Monocyte	168	0.004036498109291301	17454	17454	cutsite_bigwig	motif_center	Myeloid
CEBPB	CD14_Monocyte	169	0.0039850298762005585	17454	17454	cutsite_bigwig	motif_center	Myeloid
CEBPB	CD14_Monocyte	170	0.003961608932980308	17454	17454	cutsite_bigwig	motif_center	Myeloid
CEBPB	CD14_Monocyte	171	0.0037091832147605765	17454	17454	cutsite_bigwig	motif_center	Myeloid
CEBPB	CD14_Monocyte	172	0.0036999305045987523	17454	17454	cutsite_bigwig	motif_center	Myeloid
CEBPB	CD14_Monocyte	173	0.004219528430116857	17454	17454	cutsite_bigwig	motif_center	Myeloid
CEBPB	CD14_Monocyte	174	0.004301357158258347	17454	17454	cutsite_bigwig	motif_center	Myeloid
CEBPB	CD14_Monocyte	175	0.0042614548050795165	17454	17454	cutsite_bigwig	motif_center	Myeloid
CEBPB	CD14_Monocyte	176	0.003698773925112936	17454	17454	cutsite_bigwig	motif_center	Myeloid
CEBPB	CD14_Monocyte	177	0.003607114176683694	17454	17454	cutsite_bigwig	motif_center	Myeloid
CEBPB	CD14_Monocyte	178	0.003806047611428595	17454	17454	cutsite_bigwig	motif_center	Myeloid
CEBPB	CD14_Monocyte	179	0.004030136860970254	17454	17454	cutsite_bigwig	motif_center	Myeloid
CEBPB	CD14_Monocyte	180	0.0040405461738822835	17454	17454	cutsite_bigwig	motif_center	Myeloid
CEBPB	CD14_Monocyte	181	0.004120640020202399	17454	17454	cutsite_bigwig	motif_center	Myeloid
CEBPB	CD14_Monocyte	182	0.004290658698233799	17454	17454	cutsite_bigwig	motif_center	Myeloid
CEBPB	CD14_Monocyte	183	0.003998908944004512	17454	17454	cutsite_bigwig	motif_center	Myeloid
CEBPB	CD14_Monocyte	184	0.003952934503490413	17454	17454	cutsite_bigwig	motif_center	Myeloid
CEBPB	CD14_Monocyte	185	0.004096640791187783	17454	17454	cutsite_bigwig	motif_center	Myeloid
CEBPB	CD14_Monocyte	186	0.004033028342767182	17454	17454	cutsite_bigwig	motif_center	Myeloid
CEBPB	CD14_Monocyte	187	0.004293261027048752	17454	17454	cutsite_bigwig	motif_center	Myeloid
CEBPB	CD14_Monocyte	188	0.0044950859319583866	17454	17454	cutsite_bigwig	motif_center	Myeloid
CEBPB	CD14_Monocyte	189	0.004525157276695095	17454	17454	cutsite_bigwig	motif_center	Myeloid
CEBPB	CD14_Monocyte	190	0.004296152498067225	17454	17454	cutsite_bigwig	motif_center	Myeloid
CEBPB	CD14_Monocyte	191	0.003750531307130393	17454	17454	cutsite_bigwig	motif_center	Myeloid
CEBPB	CD14_Monocyte	192	0.0039046468847955544	17454	17454	cutsite_bigwig	motif_center	Myeloid
CEBPB	CD14_Monocyte	193	0.003950043028950268	17454	17454	cutsite_bigwig	motif_center	Myeloid
CEBPB	CD14_Monocyte	194	0.004071774092875656	17454	17454	cutsite_bigwig	motif_center	Myeloid
CEBPB	CD14_Monocyte	195	0.004312055616788852	17454	17454	cutsite_bigwig	motif_center	Myeloid
CEBPB	CD14_Monocyte	196	0.0042819842777081655	17454	17454	cutsite_bigwig	motif_center	Myeloid
CEBPB	CD14_Monocyte	197	0.004270996676333837	17454	17454	cutsite_bigwig	motif_center	Myeloid
CEBPB	CD14_Monocyte	198	0.0044901704154648265	17454	17454	cutsite_bigwig	motif_center	Myeloid
CEBPB	CD14_Monocyte	199	0.0045196634681108445	17454	17454	cutsite_bigwig	motif_center	Myeloid
CEBPB	CD14_Monocyte	200	0.0047344999942577235	17454	17454	cutsite_bigwig	motif_center	Myeloid
CEBPB	CD14_Monocyte	201	0.004237166427138186	17454	17454	cutsite_bigwig	motif_center	Myeloid
CEBPB	CD14_Monocyte	202	0.004138278002283295	17454	17454	cutsite_bigwig	motif_center	Myeloid
CEBPB	CD14_Monocyte	203	0.004078713631473197	17454	17454	cutsite_bigwig	motif_center	Myeloid
CEBPB	CD14_Monocyte	204	0.0038699491989579115	17454	17454	cutsite_bigwig	motif_center	Myeloid
CEBPB	CD14_Monocyte	205	0.004487278952983745	17454	17454	cutsite_bigwig	motif_center	Myeloid
CEBPB	CD14_Monocyte	206	0.0045795169809110265	17454	17454	cutsite_bigwig	motif_center	Myeloid
CEBPB	CD14_Monocyte	207	0.004265792021478583	17454	17454	cutsite_bigwig	motif_center	Myeloid
CEBPB	CD14_Monocyte	208	0.004207095099262824	17454	17454	cutsite_bigwig	motif_center	Myeloid
CEBPB	CD14_Monocyte	209	0.004096351623478809	17454	17454	cutsite_bigwig	motif_center	Myeloid
CEBPB	CD14_Monocyte	210	0.004414702955600533	17454	17454	cutsite_bigwig	motif_center	Myeloid
CEBPB	CD14_Monocyte	211	0.004636479028562192	17454	17454	cutsite_bigwig	motif_center	Myeloid
CEBPB	CD14_Monocyte	212	0.004626937162857176	17454	17454	cutsite_bigwig	motif_center	Myeloid
CEBPB	CD14_Monocyte	213	0.004547710765451551	17454	17454	cutsite_bigwig	motif_center	Myeloid
CEBPB	CD14_Monocyte	214	0.00438723394650869	17454	17454	cutsite_bigwig	motif_center	Myeloid
CEBPB	CD14_Monocyte	215	0.004255093555584579	17454	17454	cutsite_bigwig	motif_center	Myeloid
CEBPB	CD14_Monocyte	216	0.0040434376439403	17454	17454	cutsite_bigwig	motif_center	Myeloid
CEBPB	CD14_Monocyte	217	0.004416148689669085	17454	17454	cutsite_bigwig	motif_center	Myeloid
CEBPB	CD14_Monocyte	218	0.004403715345475379	17454	17454	cutsite_bigwig	motif_center	Myeloid
CEBPB	CD14_Monocyte	219	0.004309453288720921	17454	17454	cutsite_bigwig	motif_center	Myeloid
CEBPB	CD14_Monocyte	220	0.003963922110414046	17454	17454	cutsite_bigwig	motif_center	Myeloid
CEBPB	CD14_Monocyte	221	0.004190902844847437	17454	17454	cutsite_bigwig	motif_center	Myeloid
CEBPB	CD14_Monocyte	222	0.00441846186763641	17454	17454	cutsite_bigwig	motif_center	Myeloid
CEBPB	CD14_Monocyte	223	0.004470508403809733	17454	17454	cutsite_bigwig	motif_center	Myeloid
CEBPB	CD14_Monocyte	224	0.004369595946392558	17454	17454	cutsite_bigwig	motif_center	Myeloid
CEBPB	CD14_Monocyte	225	0.004273020712524512	17454	17454	cutsite_bigwig	motif_center	Myeloid
CEBPB	CD14_Monocyte	226	0.004777582981575153	17454	17454	cutsite_bigwig	motif_center	Myeloid
CEBPB	CD14_Monocyte	227	0.004559854960184955	17454	17454	cutsite_bigwig	motif_center	Myeloid
CEBPB	CD14_Monocyte	228	0.00448207429855536	17454	17454	cutsite_bigwig	motif_center	Myeloid
CEBPB	CD14_Monocyte	229	0.004422509924863894	17454	17454	cutsite_bigwig	motif_center	Myeloid
CEBPB	CD14_Monocyte	230	0.004269261796753527	17454	17454	cutsite_bigwig	motif_center	Myeloid
CEBPB	CD14_Monocyte	231	0.004615371265443614	17454	17454	cutsite_bigwig	motif_center	Myeloid
CEBPB	CD14_Monocyte	232	0.004967841986616726	17454	17454	cutsite_bigwig	motif_center	Myeloid
CEBPB	CD14_Monocyte	233	0.004865194634892242	17454	17454	cutsite_bigwig	motif_center	Myeloid
CEBPB	CD14_Monocyte	234	0.004631852666331216	17454	17454	cutsite_bigwig	motif_center	Myeloid
CEBPB	CD14_Monocyte	235	0.004350512224693806	17454	17454	cutsite_bigwig	motif_center	Myeloid
CEBPB	CD14_Monocyte	236	0.004358030049726017	17454	17454	cutsite_bigwig	motif_center	Myeloid
CEBPB	CD14_Monocyte	237	0.004549445644818426	17454	17454	cutsite_bigwig	motif_center	Myeloid
CEBPB	CD14_Monocyte	238	0.004464436300573575	17454	17454	cutsite_bigwig	motif_center	Myeloid
CEBPB	CD14_Monocyte	239	0.004244395123199832	17454	17454	cutsite_bigwig	motif_center	Myeloid
CEBPB	CD14_Monocyte	240	0.004310031582625807	17454	17454	cutsite_bigwig	motif_center	Myeloid
CEBPB	CD14_Monocyte	241	0.004204492770021002	17454	17454	cutsite_bigwig	motif_center	Myeloid
CEBPB	CD14_Monocyte	242	0.0038806476471368303	17454	17454	cutsite_bigwig	motif_center	Myeloid
CEBPB	CD14_Monocyte	243	0.004438413028645088	17454	17454	cutsite_bigwig	motif_center	Myeloid
CEBPB	CD14_Monocyte	244	0.004644285997185249	17454	17454	cutsite_bigwig	motif_center	Myeloid
CEBPB	CD14_Monocyte	245	0.004324778100838295	17454	17454	cutsite_bigwig	motif_center	Myeloid
CEBPB	CD14_Monocyte	246	0.004402558752436456	17454	17454	cutsite_bigwig	motif_center	Myeloid
CEBPB	CD14_Monocyte	247	0.0037088940707428616	17454	17454	cutsite_bigwig	motif_center	Myeloid
CEBPB	CD14_Monocyte	248	0.004212588896535033	17454	17454	cutsite_bigwig	motif_center	Myeloid
CEBPB	CD14_Monocyte	249	0.004127001256891251	17454	17454	cutsite_bigwig	motif_center	Myeloid
CEBPB	FCGR3A_Monocyte	-250	0.004097778257911006	17454	17454	cutsite_bigwig	motif_center	Myeloid
CEBPB	FCGR3A_Monocyte	-249	0.004786373982514401	17454	17454	cutsite_bigwig	motif_center	Myeloid
CEBPB	FCGR3A_Monocyte	-248	0.004239299470436891	17454	17454	cutsite_bigwig	motif_center	Myeloid
CEBPB	FCGR3A_Monocyte	-247	0.004243523994243212	17454	17454	cutsite_bigwig	motif_center	Myeloid
CEBPB	FCGR3A_Monocyte	-246	0.0037365823427508264	17454	17454	cutsite_bigwig	motif_center	Myeloid
CEBPB	FCGR3A_Monocyte	-245	0.0041231253563545	17454	17454	cutsite_bigwig	motif_center	Myeloid
CEBPB	FCGR3A_Monocyte	-244	0.004450525146588586	17454	17454	cutsite_bigwig	motif_center	Myeloid
CEBPB	FCGR3A_Monocyte	-243	0.0042773200944108735	17454	17454	cutsite_bigwig	motif_center	Myeloid
CEBPB	FCGR3A_Monocyte	-242	0.0045371276685154645	17454	17454	cutsite_bigwig	motif_center	Myeloid
CEBPB	FCGR3A_Monocyte	-241	0.0045962708611504465	17454	17454	cutsite_bigwig	motif_center	Myeloid
CEBPB	FCGR3A_Monocyte	-240	0.004420953565745115	17454	17454	cutsite_bigwig	motif_center	Myeloid
CEBPB	FCGR3A_Monocyte	-239	0.003947808023171216	17454	17454	cutsite_bigwig	motif_center	Myeloid
CEBPB	FCGR3A_Monocyte	-238	0.0037408068680511906	17454	17454	cutsite_bigwig	motif_center	Myeloid
CEBPB	FCGR3A_Monocyte	-237	0.003810511337653173	17454	17454	cutsite_bigwig	motif_center	Myeloid
CEBPB	FCGR3A_Monocyte	-236	0.004357585845461987	17454	17454	cutsite_bigwig	motif_center	Myeloid
CEBPB	FCGR3A_Monocyte	-235	0.00410200277872924	17454	17454	cutsite_bigwig	motif_center	Myeloid
CEBPB	FCGR3A_Monocyte	-234	0.004161145981609091	17454	17454	cutsite_bigwig	motif_center	Myeloid
CEBPB	FCGR3A_Monocyte	-233	0.004150584677535875	17454	17454	cutsite_bigwig	motif_center	Myeloid
CEBPB	FCGR3A_Monocyte	-232	0.004121013092637144	17454	17454	cutsite_bigwig	motif_center	Myeloid
CEBPB	FCGR3A_Monocyte	-231	0.004289993631466839	17454	17454	cutsite_bigwig	motif_center	Myeloid
CEBPB	FCGR3A_Monocyte	-230	0.003677439160574148	17454	17454	cutsite_bigwig	motif_center	Myeloid
CEBPB	FCGR3A_Monocyte	-229	0.0040893292290806234	17454	17454	cutsite_bigwig	motif_center	Myeloid
CEBPB	FCGR3A_Monocyte	-228	0.00416325822889197	17454	17454	cutsite_bigwig	motif_center	Myeloid
CEBPB	FCGR3A_Monocyte	-227	0.004450525157900628	17454	17454	cutsite_bigwig	motif_center	Myeloid
CEBPB	FCGR3A_Monocyte	-226	0.004473759980674419	17454	17454	cutsite_bigwig	motif_center	Myeloid
CEBPB	FCGR3A_Monocyte	-225	0.0037724907196553643	17454	17454	cutsite_bigwig	motif_center	Myeloid
CEBPB	FCGR3A_Monocyte	-224	0.004013287986468528	17454	17454	cutsite_bigwig	motif_center	Myeloid
CEBPB	FCGR3A_Monocyte	-223	0.0041146763102359015	17454	17454	cutsite_bigwig	motif_center	Myeloid
CEBPB	FCGR3A_Monocyte	-222	0.004032298295467433	17454	17454	cutsite_bigwig	motif_center	Myeloid
CEBPB	FCGR3A_Monocyte	-221	0.004218176917996933	17454	17454	cutsite_bigwig	motif_center	Myeloid
CEBPB	FCGR3A_Monocyte	-220	0.004289993632960882	17454	17454	cutsite_bigwig	motif_center	Myeloid
CEBPB	FCGR3A_Monocyte	-219	0.0045286786390447776	17454	17454	cutsite_bigwig	motif_center	Myeloid
CEBPB	FCGR3A_Monocyte	-218	0.004089329242953883	17454	17454	cutsite_bigwig	motif_center	Myeloid
CEBPB	FCGR3A_Monocyte	-217	0.0040745434398327795	17454	17454	cutsite_bigwig	motif_center	Myeloid
CEBPB	FCGR3A_Monocyte	-216	0.004805384289592392	17454	17454	cutsite_bigwig	motif_center	Myeloid
CEBPB	FCGR3A_Monocyte	-215	0.0037767152338571207	17454	17454	cutsite_bigwig	motif_center	Myeloid
CEBPB	FCGR3A_Monocyte	-214	0.0037408068650631038	17454	17454	cutsite_bigwig	motif_center	Myeloid
CEBPB	FCGR3A_Monocyte	-213	0.004059757633723589	17454	17454	cutsite_bigwig	motif_center	Myeloid
CEBPB	FCGR3A_Monocyte	-212	0.0044906580408964015	17454	17454	cutsite_bigwig	motif_center	Myeloid
CEBPB	FCGR3A_Monocyte	-211	0.004463198697731246	17454	17454	cutsite_bigwig	motif_center	Myeloid
CEBPB	FCGR3A_Monocyte	-210	0.00485819071946213	17454	17454	cutsite_bigwig	motif_center	Myeloid
CEBPB	FCGR3A_Monocyte	-209	0.003871766773302339	17454	17454	cutsite_bigwig	motif_center	Myeloid
CEBPB	FCGR3A_Monocyte	-208	0.004640628262403236	17454	17454	cutsite_bigwig	motif_center	Myeloid
CEBPB	FCGR3A_Monocyte	-207	0.004499107051798264	17454	17454	cutsite_bigwig	motif_center	Myeloid
CEBPB	FCGR3A_Monocyte	-206	0.00426042203589637	17454	17454	cutsite_bigwig	motif_center	Myeloid
CEBPB	FCGR3A_Monocyte	-205	0.004949017745132461	17454	17454	cutsite_bigwig	motif_center	Myeloid
CEBPB	FCGR3A_Monocyte	-204	0.004879313283000695	17454	17454	cutsite_bigwig	motif_center	Myeloid
CEBPB	FCGR3A_Monocyte	-203	0.004581485085135557	17454	17454	cutsite_bigwig	motif_center	Myeloid
CEBPB	FCGR3A_Monocyte	-202	0.0037936132804192776	17454	17454	cutsite_bigwig	motif_center	Myeloid
CEBPB	FCGR3A_Monocyte	-201	0.004486433498094387	17454	17454	cutsite_bigwig	motif_center	Myeloid
CEBPB	FCGR3A_Monocyte	-200	0.0044441883761396905	17454	17454	cutsite_bigwig	motif_center	Myeloid
CEBPB	FCGR3A_Monocyte	-199	0.0045688115312182455	17454	17454	cutsite_bigwig	motif_center	Myeloid
CEBPB	FCGR3A_Monocyte	-198	0.005022946740675112	17454	17454	cutsite_bigwig	motif_center	Myeloid
CEBPB	FCGR3A_Monocyte	-197	0.004334351025249412	17454	17454	cutsite_bigwig	motif_center	Myeloid
CEBPB	FCGR3A_Monocyte	-196	0.004387157455546019	17454	17454	cutsite_bigwig	motif_center	Myeloid
CEBPB	FCGR3A_Monocyte	-195	0.0043322387741247075	17454	17454	cutsite_bigwig	motif_center	Myeloid
CEBPB	FCGR3A_Monocyte	-194	0.0040534208662627805	17454	17454	cutsite_bigwig	motif_center	Myeloid
CEBPB	FCGR3A_Monocyte	-193	0.004030186043915859	17454	17454	cutsite_bigwig	motif_center	Myeloid
CEBPB	FCGR3A_Monocyte	-192	0.003992165426771789	17454	17454	cutsite_bigwig	motif_center	Myeloid
CEBPB	FCGR3A_Monocyte	-191	0.00460049541782572	17454	17454	cutsite_bigwig	motif_center	Myeloid
CEBPB	FCGR3A_Monocyte	-190	0.004530790919836914	17454	17454	cutsite_bigwig	motif_center	Myeloid
CEBPB	FCGR3A_Monocyte	-189	0.004047084101149754	17454	17454	cutsite_bigwig	motif_center	Myeloid
CEBPB	FCGR3A_Monocyte	-188	0.0042076156235282824	17454	17454	cutsite_bigwig	motif_center	Myeloid
CEBPB	FCGR3A_Monocyte	-187	0.004296330391030562	17454	17454	cutsite_bigwig	motif_center	Myeloid
CEBPB	FCGR3A_Monocyte	-186	0.003922460956316067	17454	17454	cutsite_bigwig	motif_center	Myeloid
CEBPB	FCGR3A_Monocyte	-185	0.004082992462260119	17454	17454	cutsite_bigwig	motif_center	Myeloid
CEBPB	FCGR3A_Monocyte	-184	0.00394569578143764	17454	17454	cutsite_bigwig	motif_center	Myeloid
CEBPB	FCGR3A_Monocyte	-183	0.003945695787413814	17454	17454	cutsite_bigwig	motif_center	Myeloid
CEBPB	FCGR3A_Monocyte	-182	0.004522341878200446	17454	17454	cutsite_bigwig	motif_center	Myeloid
CEBPB	FCGR3A_Monocyte	-181	0.004072431186360292	17454	17454	cutsite_bigwig	motif_center	Myeloid
CEBPB	FCGR3A_Monocyte	-180	0.0039710428510674415	17454	17454	cutsite_bigwig	motif_center	Myeloid
CEBPB	FCGR3A_Monocyte	-179	0.004091441493438284	17454	17454	cutsite_bigwig	motif_center	Myeloid
CEBPB	FCGR3A_Monocyte	-178	0.00471033273115148	17454	17454	cutsite_bigwig	motif_center	Myeloid
CEBPB	FCGR3A_Monocyte	-177	0.004245636232988701	17454	17454	cutsite_bigwig	motif_center	Myeloid
CEBPB	FCGR3A_Monocyte	-176	0.00355070374327228	17454	17454	cutsite_bigwig	motif_center	Myeloid
CEBPB	FCGR3A_Monocyte	-175	0.003941471272571754	17454	17454	cutsite_bigwig	motif_center	Myeloid
CEBPB	FCGR3A_Monocyte	-174	0.0044948825582996794	17454	17454	cutsite_bigwig	motif_center	Myeloid
CEBPB	FCGR3A_Monocyte	-173	0.004535015414829542	17454	17454	cutsite_bigwig	motif_center	Myeloid
CEBPB	FCGR3A_Monocyte	-172	0.0044948825365293335	17454	17454	cutsite_bigwig	motif_center	Myeloid
CEBPB	FCGR3A_Monocyte	-171	0.0036795514155406783	17454	17454	cutsite_bigwig	motif_center	Myeloid
CEBPB	FCGR3A_Monocyte	-170	0.0035612650219467587	17454	17454	cutsite_bigwig	motif_center	Myeloid
CEBPB	FCGR3A_Monocyte	-169	0.004228738187066848	17454	17454	cutsite_bigwig	motif_center	Myeloid
CEBPB	FCGR3A_Monocyte	-168	0.004712445000631574	17454	17454	cutsite_bigwig	motif_center	Myeloid
CEBPB	FCGR3A_Monocyte	-167	0.004930007451287424	17454	17454	cutsite_bigwig	motif_center	Myeloid
CEBPB	FCGR3A_Monocyte	-166	0.0039963899322227195	17454	17454	cutsite_bigwig	motif_center	Myeloid
CEBPB	FCGR3A_Monocyte	-165	0.004070318927338501	17454	17454	cutsite_bigwig	motif_center	Myeloid
CEBPB	FCGR3A_Monocyte	-164	0.004560362501534124	17454	17454	cutsite_bigwig	motif_center	Myeloid
CEBPB	FCGR3A_Monocyte	-163	0.004260422033548587	17454	17454	cutsite_bigwig	motif_center	Myeloid
CEBPB	FCGR3A_Monocyte	-162	0.004587821849608279	17454	17454	cutsite_bigwig	motif_center	Myeloid
CEBPB	FCGR3A_Monocyte	-161	0.004520229631557871	17454	17454	cutsite_bigwig	motif_center	Myeloid
CEBPB	FCGR3A_Monocyte	-160	0.0036922249641221207	17454	17454	cutsite_bigwig	motif_center	Myeloid
CEBPB	FCGR3A_Monocyte	-159	0.004786373992332399	17454	17454	cutsite_bigwig	motif_center	Myeloid
CEBPB	FCGR3A_Monocyte	-158	0.004444188374645647	17454	17454	cutsite_bigwig	motif_center	Myeloid
CEBPB	FCGR3A_Monocyte	-157	0.004663863089018853	17454	17454	cutsite_bigwig	motif_center	Myeloid
CEBPB	FCGR3A_Monocyte	-156	0.0046765366247942105	17454	17454	cutsite_bigwig	motif_center	Myeloid
CEBPB	FCGR3A_Monocyte	-155	0.004733567585940485	17454	17454	cutsite_bigwig	motif_center	Myeloid
CEBPB	FCGR3A_Monocyte	-154	0.0052130498588375445	17454	17454	cutsite_bigwig	motif_center	Myeloid
CEBPB	FCGR3A_Monocyte	-153	0.004638515986306664	17454	17454	cutsite_bigwig	motif_center	Myeloid
CEBPB	FCGR3A_Monocyte	-152	0.004423065807692125	17454	17454	cutsite_bigwig	motif_center	Myeloid
CEBPB	FCGR3A_Monocyte	-151	0.004539239929244734	17454	17454	cutsite_bigwig	motif_center	Myeloid
CEBPB	FCGR3A_Monocyte	-150	0.0048793133083994316	17454	17454	cutsite_bigwig	motif_center	Myeloid
CEBPB	FCGR3A_Monocyte	-149	0.004577260565811366	17454	17454	cutsite_bigwig	motif_center	Myeloid
CEBPB	FCGR3A_Monocyte	-148	0.004758914643831374	17454	17454	cutsite_bigwig	motif_center	Myeloid
CEBPB	FCGR3A_Monocyte	-147	0.004653301810344374	17454	17454	cutsite_bigwig	motif_center	Myeloid
CEBPB	FCGR3A_Monocyte	-146	0.0043533613423588375	17454	17454	cutsite_bigwig	motif_center	Myeloid
CEBPB	FCGR3A_Monocyte	-145	0.005126447312152234	17454	17454	cutsite_bigwig	motif_center	Myeloid
CEBPB	FCGR3A_Monocyte	-144	0.005546786426137004	17454	17454	cutsite_bigwig	motif_center	Myeloid
CEBPB	FCGR3A_Monocyte	-143	0.0050482938141467384	17454	17454	cutsite_bigwig	motif_center	Myeloid
CEBPB	FCGR3A_Monocyte	-142	0.005071528651860963	17454	17454	cutsite_bigwig	motif_center	Myeloid
CEBPB	FCGR3A_Monocyte	-141	0.004739904339741469	17454	17454	cutsite_bigwig	motif_center	Myeloid
CEBPB	FCGR3A_Monocyte	-140	0.004490658041963575	17454	17454	cutsite_bigwig	motif_center	Myeloid
CEBPB	FCGR3A_Monocyte	-139	0.005308101424108369	17454	17454	cutsite_bigwig	motif_center	Myeloid
CEBPB	FCGR3A_Monocyte	-138	0.005077865416333685	17454	17454	cutsite_bigwig	motif_center	Myeloid
CEBPB	FCGR3A_Monocyte	-137	0.004697659191320863	17454	17454	cutsite_bigwig	motif_center	Myeloid
CEBPB	FCGR3A_Monocyte	-136	0.004587821855157583	17454	17454	cutsite_bigwig	motif_center	Myeloid
CEBPB	FCGR3A_Monocyte	-135	0.004596270868407228	17454	17454	cutsite_bigwig	motif_center	Myeloid
CEBPB	FCGR3A_Monocyte	-134	0.005115886041588276	17454	17454	cutsite_bigwig	motif_center	Myeloid
CEBPB	FCGR3A_Monocyte	-133	0.00522149888958884	17454	17454	cutsite_bigwig	motif_center	Myeloid
CEBPB	FCGR3A_Monocyte	-132	0.004849741680173444	17454	17454	cutsite_bigwig	motif_center	Myeloid
CEBPB	FCGR3A_Monocyte	-131	0.005493980015476394	17454	17454	cutsite_bigwig	motif_center	Myeloid
CEBPB	FCGR3A_Monocyte	-130	0.005331336246455291	17454	17454	cutsite_bigwig	motif_center	Myeloid
CEBPB	FCGR3A_Monocyte	-129	0.0048793132955933455	17454	17454	cutsite_bigwig	motif_center	Myeloid
CEBPB	FCGR3A_Monocyte	-128	0.004319565233440351	17454	17454	cutsite_bigwig	motif_center	Myeloid
CEBPB	FCGR3A_Monocyte	-127	0.004452637413294028	17454	17454	cutsite_bigwig	motif_center	Myeloid
CEBPB	FCGR3A_Monocyte	-126	0.00468709791606134	17454	17454	cutsite_bigwig	motif_center	Myeloid
CEBPB	FCGR3A_Monocyte	-125	0.004769475928908896	17454	17454	cutsite_bigwig	motif_center	Myeloid
CEBPB	FCGR3A_Monocyte	-124	0.004803272036333339	17454	17454	cutsite_bigwig	motif_center	Myeloid
CEBPB	FCGR3A_Monocyte	-123	0.00505463061084811	17454	17454	cutsite_bigwig	motif_center	Myeloid
CEBPB	FCGR3A_Monocyte	-122	0.004448412894823577	17454	17454	cutsite_bigwig	motif_center	Myeloid
CEBPB	FCGR3A_Monocyte	-121	0.004955354521130661	17454	17454	cutsite_bigwig	motif_center	Myeloid
CEBPB	FCGR3A_Monocyte	-120	0.005483418728904829	17454	17454	cutsite_bigwig	motif_center	Myeloid
CEBPB	FCGR3A_Monocyte	-119	0.00521304988551689	17454	17454	cutsite_bigwig	motif_center	Myeloid
CEBPB	FCGR3A_Monocyte	-118	0.005553123210672593	17454	17454	cutsite_bigwig	motif_center	Myeloid
CEBPB	FCGR3A_Monocyte	-117	0.005392591685519413	17454	17454	cutsite_bigwig	motif_center	Myeloid
CEBPB	FCGR3A_Monocyte	-116	0.004898323605872859	17454	17454	cutsite_bigwig	motif_center	Myeloid
CEBPB	FCGR3A_Monocyte	-115	0.005079977691149649	17454	17454	cutsite_bigwig	motif_center	Myeloid
CEBPB	FCGR3A_Monocyte	-114	0.004784261740140521	17454	17454	cutsite_bigwig	motif_center	Myeloid
CEBPB	FCGR3A_Monocyte	-113	0.005022946760737979	17454	17454	cutsite_bigwig	motif_center	Myeloid
CEBPB	FCGR3A_Monocyte	-112	0.0050757531903942825	17454	17454	cutsite_bigwig	motif_center	Myeloid
CEBPB	FCGR3A_Monocyte	-111	0.005819267560135079	17454	17454	cutsite_bigwig	motif_center	Myeloid
CEBPB	FCGR3A_Monocyte	-110	0.005929104941973397	17454	17454	cutsite_bigwig	motif_center	Myeloid
CEBPB	FCGR3A_Monocyte	-109	0.006186800269648848	17454	17454	cutsite_bigwig	motif_center	Myeloid
CEBPB	FCGR3A_Monocyte	-108	0.005409489752357872	17454	17454	cutsite_bigwig	motif_center	Myeloid
CEBPB	FCGR3A_Monocyte	-107	0.0051011002578897355	17454	17454	cutsite_bigwig	motif_center	Myeloid
CEBPB	FCGR3A_Monocyte	-106	0.005500316776747595	17454	17454	cutsite_bigwig	motif_center	Myeloid
CEBPB	FCGR3A_Monocyte	-105	0.005825604333572061	17454	17454	cutsite_bigwig	motif_center	Myeloid
CEBPB	FCGR3A_Monocyte	-104	0.006281851806746284	17454	17454	cutsite_bigwig	motif_center	Myeloid
CEBPB	FCGR3A_Monocyte	-103	0.006245943473169003	17454	17454	cutsite_bigwig	motif_center	Myeloid
CEBPB	FCGR3A_Monocyte	-102	0.005665072832750443	17454	17454	cutsite_bigwig	motif_center	Myeloid
CEBPB	FCGR3A_Monocyte	-101	0.005424275567217888	17454	17454	cutsite_bigwig	motif_center	Myeloid
CEBPB	FCGR3A_Monocyte	-100	0.005899533344908885	17454	17454	cutsite_bigwig	motif_center	Myeloid
CEBPB	FCGR3A_Monocyte	-99	0.00600514616025393	17454	17454	cutsite_bigwig	motif_center	Myeloid
CEBPB	FCGR3A_Monocyte	-98	0.006414923990014917	17454	17454	cutsite_bigwig	motif_center	Myeloid
CEBPB	FCGR3A_Monocyte	-97	0.006165677702055021	17454	17454	cutsite_bigwig	motif_center	Myeloid
CEBPB	FCGR3A_Monocyte	-96	0.006199473801368944	17454	17454	cutsite_bigwig	motif_center	Myeloid
CEBPB	FCGR3A_Monocyte	-95	0.006471954936861063	17454	17454	cutsite_bigwig	motif_center	Myeloid
CEBPB	FCGR3A_Monocyte	-94	0.006972559808726859	17454	17454	cutsite_bigwig	motif_center	Myeloid
CEBPB	FCGR3A_Monocyte	-93	0.006414923985746222	17454	17454	cutsite_bigwig	motif_center	Myeloid
CEBPB	FCGR3A_Monocyte	-92	0.006624037421444949	17454	17454	cutsite_bigwig	motif_center	Myeloid
CEBPB	FCGR3A_Monocyte	-91	0.006888069531735077	17454	17454	cutsite_bigwig	motif_center	Myeloid
CEBPB	FCGR3A_Monocyte	-90	0.007133091315951519	17454	17454	cutsite_bigwig	motif_center	Myeloid
CEBPB	FCGR3A_Monocyte	-89	0.007240816393519877	17454	17454	cutsite_bigwig	motif_center	Myeloid
CEBPB	FCGR3A_Monocyte	-88	0.007359102786686927	17454	17454	cutsite_bigwig	motif_center	Myeloid
CEBPB	FCGR3A_Monocyte	-87	0.007468940167031202	17454	17454	cutsite_bigwig	motif_center	Myeloid
CEBPB	FCGR3A_Monocyte	-86	0.007213357071911631	17454	17454	cutsite_bigwig	motif_center	Myeloid
CEBPB	FCGR3A_Monocyte	-85	0.00667684384021608	17454	17454	cutsite_bigwig	motif_center	Myeloid
CEBPB	FCGR3A_Monocyte	-84	0.007416133739295811	17454	17454	cutsite_bigwig	motif_center	Myeloid
CEBPB	FCGR3A_Monocyte	-83	0.007139428101340848	17454	17454	cutsite_bigwig	motif_center	Myeloid
CEBPB	FCGR3A_Monocyte	-82	0.007523858821346299	17454	17454	cutsite_bigwig	motif_center	Myeloid
CEBPB	FCGR3A_Monocyte	-81	0.0075492059308884	17454	17454	cutsite_bigwig	motif_center	Myeloid
CEBPB	FCGR3A_Monocyte	-80	0.0075301956009728895	17454	17454	cutsite_bigwig	motif_center	Myeloid
CEBPB	FCGR3A_Monocyte	-79	0.008225128087701223	17454	17454	cutsite_bigwig	motif_center	Myeloid
CEBPB	FCGR3A_Monocyte	-78	0.006431822054505594	17454	17454	cutsite_bigwig	motif_center	Myeloid
CEBPB	FCGR3A_Monocyte	-77	0.006526873624045114	17454	17454	cutsite_bigwig	motif_center	Myeloid
CEBPB	FCGR3A_Monocyte	-76	0.006119208058641787	17454	17454	cutsite_bigwig	motif_center	Myeloid
CEBPB	FCGR3A_Monocyte	-75	0.006976784315244964	17454	17454	cutsite_bigwig	motif_center	Myeloid
CEBPB	FCGR3A_Monocyte	-74	0.008022351447423259	17454	17454	cutsite_bigwig	motif_center	Myeloid
CEBPB	FCGR3A_Monocyte	-73	0.008237801636282667	17454	17454	cutsite_bigwig	motif_center	Myeloid
CEBPB	FCGR3A_Monocyte	-72	0.007363327313267899	17454	17454	cutsite_bigwig	motif_center	Myeloid
CEBPB	FCGR3A_Monocyte	-71	0.006926090164886754	17454	17454	cutsite_bigwig	motif_center	Myeloid
CEBPB	FCGR3A_Monocyte	-70	0.0069746720782069525	17454	17454	cutsite_bigwig	motif_center	Myeloid
CEBPB	FCGR3A_Monocyte	-69	0.007494287252882044	17454	17454	cutsite_bigwig	motif_center	Myeloid
CEBPB	FCGR3A_Monocyte	-68	0.006704303182100627	17454	17454	cutsite_bigwig	motif_center	Myeloid
CEBPB	FCGR3A_Monocyte	-67	0.00731474541787622	17454	17454	cutsite_bigwig	motif_center	Myeloid
CEBPB	FCGR3A_Monocyte	-66	0.0076294716949590335	17454	17454	cutsite_bigwig	motif_center	Myeloid
CEBPB	FCGR3A_Monocyte	-65	0.00785759542151471	17454	17454	cutsite_bigwig	motif_center	Myeloid
CEBPB	FCGR3A_Monocyte	-64	0.009065806315884196	17454	17454	cutsite_bigwig	motif_center	Myeloid
CEBPB	FCGR3A_Monocyte	-63	0.0075111852960292455	17454	17454	cutsite_bigwig	motif_center	Myeloid
CEBPB	FCGR3A_Monocyte	-62	0.007411909235552358	17454	17454	cutsite_bigwig	motif_center	Myeloid
CEBPB	FCGR3A_Monocyte	-61	0.007323194433687082	17454	17454	cutsite_bigwig	motif_center	Myeloid
CEBPB	FCGR3A_Monocyte	-60	0.007268275754186683	17454	17454	cutsite_bigwig	motif_center	Myeloid
CEBPB	FCGR3A_Monocyte	-59	0.008246250663832439	17454	17454	cutsite_bigwig	motif_center	Myeloid
CEBPB	FCGR3A_Monocyte	-58	0.00734431702198408	17454	17454	cutsite_bigwig	motif_center	Myeloid
CEBPB	FCGR3A_Monocyte	-57	0.008442690546467594	17454	17454	cutsite_bigwig	motif_center	Myeloid
CEBPB	FCGR3A_Monocyte	-56	0.007982218553755747	17454	17454	cutsite_bigwig	motif_center	Myeloid
CEBPB	FCGR3A_Monocyte	-55	0.0077350845152130785	17454	17454	cutsite_bigwig	motif_center	Myeloid
CEBPB	FCGR3A_Monocyte	-54	0.007809013486851036	17454	17454	cutsite_bigwig	motif_center	Myeloid
CEBPB	FCGR3A_Monocyte	-53	0.006687405133617557	17454	17454	cutsite_bigwig	motif_center	Myeloid
CEBPB	FCGR3A_Monocyte	-52	0.007680165865593546	17454	17454	cutsite_bigwig	motif_center	Myeloid
CEBPB	FCGR3A_Monocyte	-51	0.008417343481960228	17454	17454	cutsite_bigwig	motif_center	Myeloid
CEBPB	FCGR3A_Monocyte	-50	0.00802446369342553	17454	17454	cutsite_bigwig	motif_center	Myeloid
CEBPB	FCGR3A_Monocyte	-49	0.00871517165890876	17454	17454	cutsite_bigwig	motif_center	Myeloid
CEBPB	FCGR3A_Monocyte	-48	0.007817462539159242	17454	17454	cutsite_bigwig	motif_center	Myeloid
CEBPB	FCGR3A_Monocyte	-47	0.00751963431781628	17454	17454	cutsite_bigwig	motif_center	Myeloid
CEBPB	FCGR3A_Monocyte	-46	0.007986443086312892	17454	17454	cutsite_bigwig	motif_center	Myeloid
CEBPB	FCGR3A_Monocyte	-45	0.008239913908537412	17454	17454	cutsite_bigwig	motif_center	Myeloid
CEBPB	FCGR3A_Monocyte	-44	0.008679263303774568	17454	17454	cutsite_bigwig	motif_center	Myeloid
CEBPB	FCGR3A_Monocyte	-43	0.007925187641059163	17454	17454	cutsite_bigwig	motif_center	Myeloid
CEBPB	FCGR3A_Monocyte	-42	0.007606236849134289	17454	17454	cutsite_bigwig	motif_center	Myeloid
CEBPB	FCGR3A_Monocyte	-41	0.008275822268153734	17454	17454	cutsite_bigwig	motif_center	Myeloid
CEBPB	FCGR3A_Monocyte	-40	0.009059469562723518	17454	17454	cutsite_bigwig	motif_center	Myeloid
CEBPB	FCGR3A_Monocyte	-39	0.011129481252442935	17454	17454	cutsite_bigwig	motif_center	Myeloid
CEBPB	FCGR3A_Monocyte	-38	0.010639437637054402	17454	17454	cutsite_bigwig	motif_center	Myeloid
CEBPB	FCGR3A_Monocyte	-37	0.009631891164493695	17454	17454	cutsite_bigwig	motif_center	Myeloid
CEBPB	FCGR3A_Monocyte	-36	0.009752289771007496	17454	17454	cutsite_bigwig	motif_center	Myeloid
CEBPB	FCGR3A_Monocyte	-35	0.009974076733730757	17454	17454	cutsite_bigwig	motif_center	Myeloid
CEBPB	FCGR3A_Monocyte	-34	0.0109478271754901	17454	17454	cutsite_bigwig	motif_center	Myeloid
CEBPB	FCGR3A_Monocyte	-33	0.011361829483809238	17454	17454	cutsite_bigwig	motif_center	Myeloid
CEBPB	FCGR3A_Monocyte	-32	0.01335368765353938	17454	17454	cutsite_bigwig	motif_center	Myeloid
CEBPB	FCGR3A_Monocyte	-31	0.012371488244632299	17454	17454	cutsite_bigwig	motif_center	Myeloid
CEBPB	FCGR3A_Monocyte	-30	0.01166599445745914	17454	17454	cutsite_bigwig	motif_center	Myeloid
CEBPB	FCGR3A_Monocyte	-29	0.01331566700459353	17454	17454	cutsite_bigwig	motif_center	Myeloid
CEBPB	FCGR3A_Monocyte	-28	0.010943602617534217	17454	17454	cutsite_bigwig	motif_center	Myeloid
CEBPB	FCGR3A_Monocyte	-27	0.012120129666702572	17454	17454	cutsite_bigwig	motif_center	Myeloid
CEBPB	FCGR3A_Monocyte	-26	0.01263129580977263	17454	17454	cutsite_bigwig	motif_center	Myeloid
CEBPB	FCGR3A_Monocyte	-25	0.013981027910478394	17454	17454	cutsite_bigwig	motif_center	Myeloid
CEBPB	FCGR3A_Monocyte	-24	0.015233596227871016	17454	17454	cutsite_bigwig	motif_center	Myeloid
CEBPB	FCGR3A_Monocyte	-23	0.013180482603709449	17454	17454	cutsite_bigwig	motif_center	Myeloid
CEBPB	FCGR3A_Monocyte	-22	0.012010292324776555	17454	17454	cutsite_bigwig	motif_center	Myeloid
CEBPB	FCGR3A_Monocyte	-21	0.01235036571140147	17454	17454	cutsite_bigwig	motif_center	Myeloid
CEBPB	FCGR3A_Monocyte	-20	0.014764675241545521	17454	17454	cutsite_bigwig	motif_center	Myeloid
CEBPB	FCGR3A_Monocyte	-19	0.016135529908351067	17454	17454	cutsite_bigwig	motif_center	Myeloid
CEBPB	FCGR3A_Monocyte	-18	0.009131286310769855	17454	17454	cutsite_bigwig	motif_center	Myeloid
CEBPB	FCGR3A_Monocyte	-17	0.005971350099571699	17454	17454	cutsite_bigwig	motif_center	Myeloid
CEBPB	FCGR3A_Monocyte	-16	0.005382030433951149	17454	17454	cutsite_bigwig	motif_center	Myeloid
CEBPB	FCGR3A_Monocyte	-15	0.005286978885755105	17454	17454	cutsite_bigwig	motif_center	Myeloid
CEBPB	FCGR3A_Monocyte	-14	0.008398333177656888	17454	17454	cutsite_bigwig	motif_center	Myeloid
CEBPB	FCGR3A_Monocyte	-13	0.0070929584510977	17454	17454	cutsite_bigwig	motif_center	Myeloid
CEBPB	FCGR3A_Monocyte	-12	0.005358795609256444	17454	17454	cutsite_bigwig	motif_center	Myeloid
CEBPB	FCGR3A_Monocyte	-11	0.006512087839706269	17454	17454	cutsite_bigwig	motif_center	Myeloid
CEBPB	FCGR3A_Monocyte	-10	0.0073464293021359124	17454	17454	cutsite_bigwig	motif_center	Myeloid
CEBPB	FCGR3A_Monocyte	-9	0.01383105778672468	17454	17454	cutsite_bigwig	motif_center	Myeloid
CEBPB	FCGR3A_Monocyte	-8	0.012390498606776459	17454	17454	cutsite_bigwig	motif_center	Myeloid
CEBPB	FCGR3A_Monocyte	-7	0.004875088798893239	17454	17454	cutsite_bigwig	motif_center	Myeloid
CEBPB	FCGR3A_Monocyte	-6	0.004423065828395297	17454	17454	cutsite_bigwig	motif_center	Myeloid
CEBPB	FCGR3A_Monocyte	-5	0.0020298788395925966	17454	17454	cutsite_bigwig	motif_center	Myeloid
CEBPB	FCGR3A_Monocyte	-4	0.009503043530643553	17454	17454	cutsite_bigwig	motif_center	Myeloid
CEBPB	FCGR3A_Monocyte	-3	0.00945657386844806	17454	17454	cutsite_bigwig	motif_center	Myeloid
CEBPB	FCGR3A_Monocyte	-2	0.002676229448430902	17454	17454	cutsite_bigwig	motif_center	Myeloid
CEBPB	FCGR3A_Monocyte	-1	0.0034281928728276873	17454	17454	cutsite_bigwig	motif_center	Myeloid
CEBPB	FCGR3A_Monocyte	0	0.0031493749705150636	17454	17454	cutsite_bigwig	motif_center	Myeloid
CEBPB	FCGR3A_Monocyte	1	0.00920099082220505	17454	17454	cutsite_bigwig	motif_center	Myeloid
CEBPB	FCGR3A_Monocyte	2	0.009122837308405381	17454	17454	cutsite_bigwig	motif_center	Myeloid
CEBPB	FCGR3A_Monocyte	3	0.0019517253289944502	17454	17454	cutsite_bigwig	motif_center	Myeloid
CEBPB	FCGR3A_Monocyte	4	0.0038612055270699436	17454	17454	cutsite_bigwig	motif_center	Myeloid
CEBPB	FCGR3A_Monocyte	5	0.004826506910118039	17454	17454	cutsite_bigwig	motif_center	Myeloid
CEBPB	FCGR3A_Monocyte	6	0.011701902883880544	17454	17454	cutsite_bigwig	motif_center	Myeloid
CEBPB	FCGR3A_Monocyte	7	0.014344336183053788	17454	17454	cutsite_bigwig	motif_center	Myeloid
CEBPB	FCGR3A_Monocyte	8	0.006719089040074464	17454	17454	cutsite_bigwig	motif_center	Myeloid
CEBPB	FCGR3A_Monocyte	9	0.006729650293563641	17454	17454	cutsite_bigwig	motif_center	Myeloid
CEBPB	FCGR3A_Monocyte	10	0.0050525183706085774	17454	17454	cutsite_bigwig	motif_center	Myeloid
CEBPB	FCGR3A_Monocyte	11	0.0061614532074892635	17454	17454	cutsite_bigwig	motif_center	Myeloid
CEBPB	FCGR3A_Monocyte	12	0.008104729485456116	17454	17454	cutsite_bigwig	motif_center	Myeloid
CEBPB	FCGR3A_Monocyte	13	0.0057136547599439015	17454	17454	cutsite_bigwig	motif_center	Myeloid
CEBPB	FCGR3A_Monocyte	14	0.006383240166797566	17454	17454	cutsite_bigwig	motif_center	Myeloid
CEBPB	FCGR3A_Monocyte	15	0.0069725598121418144	17454	17454	cutsite_bigwig	motif_center	Myeloid
CEBPB	FCGR3A_Monocyte	16	0.0095009312675665	17454	17454	cutsite_bigwig	motif_center	Myeloid
CEBPB	FCGR3A_Monocyte	17	0.01658966510372124	17454	17454	cutsite_bigwig	motif_center	Myeloid
CEBPB	FCGR3A_Monocyte	18	0.015208249151624737	17454	17454	cutsite_bigwig	motif_center	Myeloid
CEBPB	FCGR3A_Monocyte	19	0.014209151634045984	17454	17454	cutsite_bigwig	motif_center	Myeloid
CEBPB	FCGR3A_Monocyte	20	0.012825623465614644	17454	17454	cutsite_bigwig	motif_center	Myeloid
CEBPB	FCGR3A_Monocyte	21	0.012973481419135426	17454	17454	cutsite_bigwig	motif_center	Myeloid
CEBPB	FCGR3A_Monocyte	22	0.01528429042241022	17454	17454	cutsite_bigwig	motif_center	Myeloid
CEBPB	FCGR3A_Monocyte	23	0.013615607489653847	17454	17454	cutsite_bigwig	motif_center	Myeloid
CEBPB	FCGR3A_Monocyte	24	0.013459300487666684	17454	17454	cutsite_bigwig	motif_center	Myeloid
CEBPB	FCGR3A_Monocyte	25	0.012077884541546355	17454	17454	cutsite_bigwig	motif_center	Myeloid
CEBPB	FCGR3A_Monocyte	26	0.010992184535123111	17454	17454	cutsite_bigwig	motif_center	Myeloid
CEBPB	FCGR3A_Monocyte	27	0.012726347371628498	17454	17454	cutsite_bigwig	motif_center	Myeloid
CEBPB	FCGR3A_Monocyte	28	0.011091460600935868	17454	17454	cutsite_bigwig	motif_center	Myeloid
CEBPB	FCGR3A_Monocyte	29	0.012857307301424644	17454	17454	cutsite_bigwig	motif_center	Myeloid
CEBPB	FCGR3A_Monocyte	30	0.01421337615358361	17454	17454	cutsite_bigwig	motif_center	Myeloid
CEBPB	FCGR3A_Monocyte	31	0.01168289255247099	17454	17454	cutsite_bigwig	motif_center	Myeloid
CEBPB	FCGR3A_Monocyte	32	0.010652111218718233	17454	17454	cutsite_bigwig	motif_center	Myeloid
CEBPB	FCGR3A_Monocyte	33	0.008801774190653637	17454	17454	cutsite_bigwig	motif_center	Myeloid
CEBPB	FCGR3A_Monocyte	34	0.009479808631673553	17454	17454	cutsite_bigwig	motif_center	Myeloid
CEBPB	FCGR3A_Monocyte	35	0.010259231424847665	17454	17454	cutsite_bigwig	motif_center	Myeloid
CEBPB	FCGR3A_Monocyte	36	0.010385966860504922	17454	17454	cutsite_bigwig	motif_center	Myeloid
CEBPB	FCGR3A_Monocyte	37	0.011087236107223848	17454	17454	cutsite_bigwig	motif_center	Myeloid
CEBPB	FCGR3A_Monocyte	38	0.009902260014924981	17454	17454	cutsite_bigwig	motif_center	Myeloid
CEBPB	FCGR3A_Monocyte	39	0.008427904765116836	17454	17454	cutsite_bigwig	motif_center	Myeloid
CEBPB	FCGR3A_Monocyte	40	0.008098392685126354	17454	17454	cutsite_bigwig	motif_center	Myeloid
CEBPB	FCGR3A_Monocyte	41	0.007840697358944947	17454	17454	cutsite_bigwig	motif_center	Myeloid
CEBPB	FCGR3A_Monocyte	42	0.008544078882827618	17454	17454	cutsite_bigwig	motif_center	Myeloid
CEBPB	FCGR3A_Monocyte	43	0.007937861168937433	17454	17454	cutsite_bigwig	motif_center	Myeloid
CEBPB	FCGR3A_Monocyte	44	0.009091153386581173	17454	17454	cutsite_bigwig	motif_center	Myeloid
CEBPB	FCGR3A_Monocyte	45	0.008478598904803309	17454	17454	cutsite_bigwig	motif_center	Myeloid
CEBPB	FCGR3A_Monocyte	46	0.007893503786466902	17454	17454	cutsite_bigwig	motif_center	Myeloid
CEBPB	FCGR3A_Monocyte	47	0.008482823429676803	17454	17454	cutsite_bigwig	motif_center	Myeloid
CEBPB	FCGR3A_Monocyte	48	0.007629471679164861	17454	17454	cutsite_bigwig	motif_center	Myeloid
CEBPB	FCGR3A_Monocyte	49	0.00829483257224364	17454	17454	cutsite_bigwig	motif_center	Myeloid
CEBPB	FCGR3A_Monocyte	50	0.008189219725523684	17454	17454	cutsite_bigwig	motif_center	Myeloid
CEBPB	FCGR3A_Monocyte	51	0.00734854152337975	17454	17454	cutsite_bigwig	motif_center	Myeloid
CEBPB	FCGR3A_Monocyte	52	0.007012692680197155	17454	17454	cutsite_bigwig	motif_center	Myeloid
CEBPB	FCGR3A_Monocyte	53	0.0074309195496736966	17454	17454	cutsite_bigwig	motif_center	Myeloid
CEBPB	FCGR3A_Monocyte	54	0.00888837674737038	17454	17454	cutsite_bigwig	motif_center	Myeloid
CEBPB	FCGR3A_Monocyte	55	0.008715171686228408	17454	17454	cutsite_bigwig	motif_center	Myeloid
CEBPB	FCGR3A_Monocyte	56	0.007386562133053604	17454	17454	cutsite_bigwig	motif_center	Myeloid
CEBPB	FCGR3A_Monocyte	57	0.007386562148847776	17454	17454	cutsite_bigwig	motif_center	Myeloid
CEBPB	FCGR3A_Monocyte	58	0.007092958464757525	17454	17454	cutsite_bigwig	motif_center	Myeloid
CEBPB	FCGR3A_Monocyte	59	0.007555542697068601	17454	17454	cutsite_bigwig	motif_center	Myeloid
CEBPB	FCGR3A_Monocyte	60	0.008318067397578647	17454	17454	cutsite_bigwig	motif_center	Myeloid
CEBPB	FCGR3A_Monocyte	61	0.007462603369689526	17454	17454	cutsite_bigwig	motif_center	Myeloid
CEBPB	FCGR3A_Monocyte	62	0.00807727013247296	17454	17454	cutsite_bigwig	motif_center	Myeloid
CEBPB	FCGR3A_Monocyte	63	0.0070464888096053785	17454	17454	cutsite_bigwig	motif_center	Myeloid
CEBPB	FCGR3A_Monocyte	64	0.006997906898419527	17454	17454	cutsite_bigwig	motif_center	Myeloid
CEBPB	FCGR3A_Monocyte	65	0.00771396196768212	17454	17454	cutsite_bigwig	motif_center	Myeloid
CEBPB	FCGR3A_Monocyte	66	0.007627359412459419	17454	17454	cutsite_bigwig	motif_center	Myeloid
CEBPB	FCGR3A_Monocyte	67	0.00652053683844235	17454	17454	cutsite_bigwig	motif_center	Myeloid
CEBPB	FCGR3A_Monocyte	68	0.007770992862023315	17454	17454	cutsite_bigwig	motif_center	Myeloid
CEBPB	FCGR3A_Monocyte	69	0.007133091302931998	17454	17454	cutsite_bigwig	motif_center	Myeloid
CEBPB	FCGR3A_Monocyte	70	0.00682470183621038	17454	17454	cutsite_bigwig	motif_center	Myeloid
CEBPB	FCGR3A_Monocyte	71	0.006795130241066781	17454	17454	cutsite_bigwig	motif_center	Myeloid
CEBPB	FCGR3A_Monocyte	72	0.006577567775257062	17454	17454	cutsite_bigwig	motif_center	Myeloid
CEBPB	FCGR3A_Monocyte	73	0.006871171484105746	17454	17454	cutsite_bigwig	motif_center	Myeloid
CEBPB	FCGR3A_Monocyte	74	0.00643393433529773	17454	17454	cutsite_bigwig	motif_center	Myeloid
CEBPB	FCGR3A_Monocyte	75	0.006537434909976375	17454	17454	cutsite_bigwig	motif_center	Myeloid
CEBPB	FCGR3A_Monocyte	76	0.007253489974116533	17454	17454	cutsite_bigwig	motif_center	Myeloid
CEBPB	FCGR3A_Monocyte	77	0.008457476357058916	17454	17454	cutsite_bigwig	motif_center	Myeloid
CEBPB	FCGR3A_Monocyte	78	0.007610461350316525	17454	17454	cutsite_bigwig	motif_center	Myeloid
CEBPB	FCGR3A_Monocyte	79	0.007487950469413628	17454	17454	cutsite_bigwig	motif_center	Myeloid
CEBPB	FCGR3A_Monocyte	80	0.007179560985617229	17454	17454	cutsite_bigwig	motif_center	Myeloid
CEBPB	FCGR3A_Monocyte	81	0.006066401625143658	17454	17454	cutsite_bigwig	motif_center	Myeloid
CEBPB	FCGR3A_Monocyte	82	0.0070718358743261794	17454	17454	cutsite_bigwig	motif_center	Myeloid
CEBPB	FCGR3A_Monocyte	83	0.007071835884144178	17454	17454	cutsite_bigwig	motif_center	Myeloid
CEBPB	FCGR3A_Monocyte	84	0.007411909197134101	17454	17454	cutsite_bigwig	motif_center	Myeloid
CEBPB	FCGR3A_Monocyte	85	0.006655721266219211	17454	17454	cutsite_bigwig	motif_center	Myeloid
CEBPB	FCGR3A_Monocyte	86	0.006738099293153461	17454	17454	cutsite_bigwig	motif_center	Myeloid
CEBPB	FCGR3A_Monocyte	87	0.0072070203341182545	17454	17454	cutsite_bigwig	motif_center	Myeloid
CEBPB	FCGR3A_Monocyte	88	0.006801466978860159	17454	17454	cutsite_bigwig	motif_center	Myeloid
CEBPB	FCGR3A_Monocyte	89	0.007291510573118648	17454	17454	cutsite_bigwig	motif_center	Myeloid
CEBPB	FCGR3A_Monocyte	90	0.0072154693482216386	17454	17454	cutsite_bigwig	motif_center	Myeloid
CEBPB	FCGR3A_Monocyte	91	0.007196459022147953	17454	17454	cutsite_bigwig	motif_center	Myeloid
CEBPB	FCGR3A_Monocyte	92	0.006687405152186381	17454	17454	cutsite_bigwig	motif_center	Myeloid
CEBPB	FCGR3A_Monocyte	93	0.006695854156044896	17454	17454	cutsite_bigwig	motif_center	Myeloid
CEBPB	FCGR3A_Monocyte	94	0.006366342098891933	17454	17454	cutsite_bigwig	motif_center	Myeloid
CEBPB	FCGR3A_Monocyte	95	0.0063431072611777085	17454	17454	cutsite_bigwig	motif_center	Myeloid
CEBPB	FCGR3A_Monocyte	96	0.006328321443543041	17454	17454	cutsite_bigwig	motif_center	Myeloid
CEBPB	FCGR3A_Monocyte	97	0.006349444030345996	17454	17454	cutsite_bigwig	motif_center	Myeloid
CEBPB	FCGR3A_Monocyte	98	0.005914319129247729	17454	17454	cutsite_bigwig	motif_center	Myeloid
CEBPB	FCGR3A_Monocyte	99	0.00589742107500192	17454	17454	cutsite_bigwig	motif_center	Myeloid
CEBPB	FCGR3A_Monocyte	100	0.005624939942711323	17454	17454	cutsite_bigwig	motif_center	Myeloid
CEBPB	FCGR3A_Monocyte	101	0.005711542471041244	17454	17454	cutsite_bigwig	motif_center	Myeloid
CEBPB	FCGR3A_Monocyte	102	0.005719991489199889	17454	17454	cutsite_bigwig	motif_center	Myeloid
CEBPB	FCGR3A_Monocyte	103	0.005867849461289497	17454	17454	cutsite_bigwig	motif_center	Myeloid
CEBPB	FCGR3A_Monocyte	104	0.0057009811957817215	17454	17454	cutsite_bigwig	motif_center	Myeloid
CEBPB	FCGR3A_Monocyte	105	0.005559459973437837	17454	17454	cutsite_bigwig	motif_center	Myeloid
CEBPB	FCGR3A_Monocyte	106	0.004932119721834692	17454	17454	cutsite_bigwig	motif_center	Myeloid
CEBPB	FCGR3A_Monocyte	107	0.00593332940537768	17454	17454	cutsite_bigwig	motif_center	Myeloid
CEBPB	FCGR3A_Monocyte	108	0.005662960561776306	17454	17454	cutsite_bigwig	motif_center	Myeloid
CEBPB	FCGR3A_Monocyte	109	0.005872074011561728	17454	17454	cutsite_bigwig	motif_center	Myeloid
CEBPB	FCGR3A_Monocyte	110	0.005812930784350315	17454	17454	cutsite_bigwig	motif_center	Myeloid
CEBPB	FCGR3A_Monocyte	111	0.005284866600053969	17454	17454	cutsite_bigwig	motif_center	Myeloid
CEBPB	FCGR3A_Monocyte	112	0.005521439368459549	17454	17454	cutsite_bigwig	motif_center	Myeloid
CEBPB	FCGR3A_Monocyte	113	0.005297540129212849	17454	17454	cutsite_bigwig	motif_center	Myeloid
CEBPB	FCGR3A_Monocyte	114	0.005187702790274917	17454	17454	cutsite_bigwig	motif_center	Myeloid
CEBPB	FCGR3A_Monocyte	115	0.005141233112285251	17454	17454	cutsite_bigwig	motif_center	Myeloid
CEBPB	FCGR3A_Monocyte	116	0.005018722238639137	17454	17454	cutsite_bigwig	motif_center	Myeloid
CEBPB	FCGR3A_Monocyte	117	0.005464408448292748	17454	17454	cutsite_bigwig	motif_center	Myeloid
CEBPB	FCGR3A_Monocyte	118	0.005130671836385424	17454	17454	cutsite_bigwig	motif_center	Myeloid
CEBPB	FCGR3A_Monocyte	119	0.0046976591966567316	17454	17454	cutsite_bigwig	motif_center	Myeloid
CEBPB	FCGR3A_Monocyte	120	0.005003936439146424	17454	17454	cutsite_bigwig	motif_center	Myeloid
CEBPB	FCGR3A_Monocyte	121	0.004849741668221098	17454	17454	cutsite_bigwig	motif_center	Myeloid
CEBPB	FCGR3A_Monocyte	122	0.0045202296213130025	17454	17454	cutsite_bigwig	motif_center	Myeloid
CEBPB	FCGR3A_Monocyte	123	0.005101100257249432	17454	17454	cutsite_bigwig	motif_center	Myeloid
CEBPB	FCGR3A_Monocyte	124	0.005403152979774629	17454	17454	cutsite_bigwig	motif_center	Myeloid
CEBPB	FCGR3A_Monocyte	125	0.005570021253392925	17454	17454	cutsite_bigwig	motif_center	Myeloid
CEBPB	FCGR3A_Monocyte	126	0.004575148315753835	17454	17454	cutsite_bigwig	motif_center	Myeloid
CEBPB	FCGR3A_Monocyte	127	0.004818057819818445	17454	17454	cutsite_bigwig	motif_center	Myeloid
CEBPB	FCGR3A_Monocyte	128	0.004475872229878212	17454	17454	cutsite_bigwig	motif_center	Myeloid
CEBPB	FCGR3A_Monocyte	129	0.0045835973324184365	17454	17454	cutsite_bigwig	motif_center	Myeloid
CEBPB	FCGR3A_Monocyte	130	0.004744128840923705	17454	17454	cutsite_bigwig	motif_center	Myeloid
CEBPB	FCGR3A_Monocyte	131	0.0047948230254314765	17454	17454	cutsite_bigwig	motif_center	Myeloid
CEBPB	FCGR3A_Monocyte	132	0.004408280004571021	17454	17454	cutsite_bigwig	motif_center	Myeloid
CEBPB	FCGR3A_Monocyte	133	0.004703995967532497	17454	17454	cutsite_bigwig	motif_center	Myeloid
CEBPB	FCGR3A_Monocyte	134	0.004953242266377564	17454	17454	cutsite_bigwig	motif_center	Myeloid
CEBPB	FCGR3A_Monocyte	135	0.0041400233950195705	17454	17454	cutsite_bigwig	motif_center	Myeloid
CEBPB	FCGR3A_Monocyte	136	0.0045117806044349664	17454	17454	cutsite_bigwig	motif_center	Myeloid
CEBPB	FCGR3A_Monocyte	137	0.004583597329430349	17454	17454	cutsite_bigwig	motif_center	Myeloid
CEBPB	FCGR3A_Monocyte	138	0.004949017766689372	17454	17454	cutsite_bigwig	motif_center	Myeloid
CEBPB	FCGR3A_Monocyte	139	0.004775812690820401	17454	17454	cutsite_bigwig	motif_center	Myeloid
CEBPB	FCGR3A_Monocyte	140	0.0049363442131989295	17454	17454	cutsite_bigwig	motif_center	Myeloid
CEBPB	FCGR3A_Monocyte	141	0.004900435855076651	17454	17454	cutsite_bigwig	motif_center	Myeloid
CEBPB	FCGR3A_Monocyte	142	0.004801159790971373	17454	17454	cutsite_bigwig	motif_center	Myeloid
CEBPB	FCGR3A_Monocyte	143	0.004993375154282337	17454	17454	cutsite_bigwig	motif_center	Myeloid
CEBPB	FCGR3A_Monocyte	144	0.0049109971393004334	17454	17454	cutsite_bigwig	motif_center	Myeloid
CEBPB	FCGR3A_Monocyte	145	0.004978589351374668	17454	17454	cutsite_bigwig	motif_center	Myeloid
CEBPB	FCGR3A_Monocyte	146	0.005382030410900194	17454	17454	cutsite_bigwig	motif_center	Myeloid
CEBPB	FCGR3A_Monocyte	147	0.005134896338421399	17454	17454	cutsite_bigwig	motif_center	Myeloid
CEBPB	FCGR3A_Monocyte	148	0.004828619127733486	17454	17454	cutsite_bigwig	motif_center	Myeloid
CEBPB	FCGR3A_Monocyte	149	0.0045075560789211684	17454	17454	cutsite_bigwig	motif_center	Myeloid
CEBPB	FCGR3A_Monocyte	150	0.004376596163638586	17454	17454	cutsite_bigwig	motif_center	Myeloid
CEBPB	FCGR3A_Monocyte	151	0.004851853935353409	17454	17454	cutsite_bigwig	motif_center	Myeloid
CEBPB	FCGR3A_Monocyte	152	0.004744128856931313	17454	17454	cutsite_bigwig	motif_center	Myeloid
CEBPB	FCGR3A_Monocyte	153	0.004249860751886022	17454	17454	cutsite_bigwig	motif_center	Myeloid
CEBPB	FCGR3A_Monocyte	154	0.004129462121894396	17454	17454	cutsite_bigwig	motif_center	Myeloid
CEBPB	FCGR3A_Monocyte	155	0.004606832154125054	17454	17454	cutsite_bigwig	motif_center	Myeloid
CEBPB	FCGR3A_Monocyte	156	0.004678648876345785	17454	17454	cutsite_bigwig	motif_center	Myeloid
CEBPB	FCGR3A_Monocyte	157	0.0044737599710698555	17454	17454	cutsite_bigwig	motif_center	Myeloid
CEBPB	FCGR3A_Monocyte	158	0.004110451795180406	17454	17454	cutsite_bigwig	motif_center	Myeloid
CEBPB	FCGR3A_Monocyte	159	0.004887762309056426	17454	17454	cutsite_bigwig	motif_center	Myeloid
CEBPB	FCGR3A_Monocyte	160	0.004456861930483872	17454	17454	cutsite_bigwig	motif_center	Myeloid
CEBPB	FCGR3A_Monocyte	161	0.00418649304803737	17454	17454	cutsite_bigwig	motif_center	Myeloid
CEBPB	FCGR3A_Monocyte	162	0.00413157436896384	17454	17454	cutsite_bigwig	motif_center	Myeloid
CEBPB	FCGR3A_Monocyte	163	0.004611056651038594	17454	17454	cutsite_bigwig	motif_center	Myeloid
CEBPB	FCGR3A_Monocyte	164	0.004554025744745053	17454	17454	cutsite_bigwig	motif_center	Myeloid
CEBPB	FCGR3A_Monocyte	165	0.004554025750507792	17454	17454	cutsite_bigwig	motif_center	Myeloid
CEBPB	FCGR3A_Monocyte	166	0.004452637395152074	17454	17454	cutsite_bigwig	motif_center	Myeloid
CEBPB	FCGR3A_Monocyte	167	0.004097778274345483	17454	17454	cutsite_bigwig	motif_center	Myeloid
CEBPB	FCGR3A_Monocyte	168	0.0044674231903760915	17454	17454	cutsite_bigwig	motif_center	Myeloid
CEBPB	FCGR3A_Monocyte	169	0.004494882541438333	17454	17454	cutsite_bigwig	motif_center	Myeloid
CEBPB	FCGR3A_Monocyte	170	0.004313228463845195	17454	17454	cutsite_bigwig	motif_center	Myeloid
CEBPB	FCGR3A_Monocyte	171	0.004021737043472299	17454	17454	cutsite_bigwig	motif_center	Myeloid
CEBPB	FCGR3A_Monocyte	172	0.003918236433790355	17454	17454	cutsite_bigwig	motif_center	Myeloid
CEBPB	FCGR3A_Monocyte	173	0.004742016575925741	17454	17454	cutsite_bigwig	motif_center	Myeloid
CEBPB	FCGR3A_Monocyte	174	0.004131574376647492	17454	17454	cutsite_bigwig	motif_center	Myeloid
CEBPB	FCGR3A_Monocyte	175	0.004222401401464084	17454	17454	cutsite_bigwig	motif_center	Myeloid
CEBPB	FCGR3A_Monocyte	176	0.0042604220463546725	17454	17454	cutsite_bigwig	motif_center	Myeloid
CEBPB	FCGR3A_Monocyte	177	0.003742919124511764	17454	17454	cutsite_bigwig	motif_center	Myeloid
CEBPB	FCGR3A_Monocyte	178	0.004287881373725657	17454	17454	cutsite_bigwig	motif_center	Myeloid
CEBPB	FCGR3A_Monocyte	179	0.0037598171811053555	17454	17454	cutsite_bigwig	motif_center	Myeloid
CEBPB	FCGR3A_Monocyte	180	0.004526566386639464	17454	17454	cutsite_bigwig	motif_center	Myeloid
CEBPB	FCGR3A_Monocyte	181	0.00452867866337634	17454	17454	cutsite_bigwig	motif_center	Myeloid
CEBPB	FCGR3A_Monocyte	182	0.004486433514742298	17454	17454	cutsite_bigwig	motif_center	Myeloid
CEBPB	FCGR3A_Monocyte	183	0.003702786239808513	17454	17454	cutsite_bigwig	motif_center	Myeloid
CEBPB	FCGR3A_Monocyte	184	0.004494882552110071	17454	17454	cutsite_bigwig	motif_center	Myeloid
CEBPB	FCGR3A_Monocyte	185	0.004830731360716236	17454	17454	cutsite_bigwig	motif_center	Myeloid
CEBPB	FCGR3A_Monocyte	186	0.004275207827491996	17454	17454	cutsite_bigwig	motif_center	Myeloid
CEBPB	FCGR3A_Monocyte	187	0.004699771447568002	17454	17454	cutsite_bigwig	motif_center	Myeloid
CEBPB	FCGR3A_Monocyte	188	0.00465330179625768	17454	17454	cutsite_bigwig	motif_center	Myeloid
CEBPB	FCGR3A_Monocyte	189	0.004784261727121	17454	17454	cutsite_bigwig	motif_center	Myeloid
CEBPB	FCGR3A_Monocyte	190	0.004161145974992613	17454	17454	cutsite_bigwig	motif_center	Myeloid
CEBPB	FCGR3A_Monocyte	191	0.003968930597168085	17454	17454	cutsite_bigwig	motif_center	Myeloid
CEBPB	FCGR3A_Monocyte	192	0.004480096754965141	17454	17454	cutsite_bigwig	motif_center	Myeloid
CEBPB	FCGR3A_Monocyte	193	0.003964706088729067	17454	17454	cutsite_bigwig	motif_center	Myeloid
CEBPB	FCGR3A_Monocyte	194	0.004070318925204154	17454	17454	cutsite_bigwig	motif_center	Myeloid
CEBPB	FCGR3A_Monocyte	195	0.00457726056687854	17454	17454	cutsite_bigwig	motif_center	Myeloid
CEBPB	FCGR3A_Monocyte	196	0.0043491368168450395	17454	17454	cutsite_bigwig	motif_center	Myeloid
CEBPB	FCGR3A_Monocyte	197	0.00449065804623227	17454	17454	cutsite_bigwig	motif_center	Myeloid
CEBPB	FCGR3A_Monocyte	198	0.004382932937502438	17454	17454	cutsite_bigwig	motif_center	Myeloid
CEBPB	FCGR3A_Monocyte	199	0.004830731365625235	17454	17454	cutsite_bigwig	motif_center	Myeloid
CEBPB	FCGR3A_Monocyte	200	0.004805384274865394	17454	17454	cutsite_bigwig	motif_center	Myeloid
CEBPB	FCGR3A_Monocyte	201	0.004368147125417074	17454	17454	cutsite_bigwig	motif_center	Myeloid
CEBPB	FCGR3A_Monocyte	202	0.004237187204798622	17454	17454	cutsite_bigwig	motif_center	Myeloid
CEBPB	FCGR3A_Monocyte	203	0.0042519730079197265	17454	17454	cutsite_bigwig	motif_center	Myeloid
CEBPB	FCGR3A_Monocyte	204	0.004192829819340005	17454	17454	cutsite_bigwig	motif_center	Myeloid
CEBPB	FCGR3A_Monocyte	205	0.004649077305960617	17454	17454	cutsite_bigwig	motif_center	Myeloid
CEBPB	FCGR3A_Monocyte	206	0.004756802399109712	17454	17454	cutsite_bigwig	motif_center	Myeloid
CEBPB	FCGR3A_Monocyte	207	0.0048708642443523135	17454	17454	cutsite_bigwig	motif_center	Myeloid
CEBPB	FCGR3A_Monocyte	208	0.004427290335340272	17454	17454	cutsite_bigwig	motif_center	Myeloid
CEBPB	FCGR3A_Monocyte	209	0.004321677475387362	17454	17454	cutsite_bigwig	motif_center	Myeloid
CEBPB	FCGR3A_Monocyte	210	0.004807496548400748	17454	17454	cutsite_bigwig	motif_center	Myeloid
CEBPB	FCGR3A_Monocyte	211	0.004526566414385983	17454	17454	cutsite_bigwig	motif_center	Myeloid
CEBPB	FCGR3A_Monocyte	212	0.00468921017145474	17454	17454	cutsite_bigwig	motif_center	Myeloid
CEBPB	FCGR3A_Monocyte	213	0.0049511300289126845	17454	17454	cutsite_bigwig	motif_center	Myeloid
CEBPB	FCGR3A_Monocyte	214	0.004262534297479378	17454	17454	cutsite_bigwig	motif_center	Myeloid
CEBPB	FCGR3A_Monocyte	215	0.004085104733661126	17454	17454	cutsite_bigwig	motif_center	Myeloid
CEBPB	FCGR3A_Monocyte	216	0.004435739370360262	17454	17454	cutsite_bigwig	motif_center	Myeloid
CEBPB	FCGR3A_Monocyte	217	0.004296330398927648	17454	17454	cutsite_bigwig	motif_center	Myeloid
CEBPB	FCGR3A_Monocyte	218	0.004638516007223271	17454	17454	cutsite_bigwig	motif_center	Myeloid
CEBPB	FCGR3A_Monocyte	219	0.004490658026809707	17454	17454	cutsite_bigwig	motif_center	Myeloid
CEBPB	FCGR3A_Monocyte	220	0.0037724907160269733	17454	17454	cutsite_bigwig	motif_center	Myeloid
CEBPB	FCGR3A_Monocyte	221	0.003968930599515867	17454	17454	cutsite_bigwig	motif_center	Myeloid
CEBPB	FCGR3A_Monocyte	222	0.0043174529921336455	17454	17454	cutsite_bigwig	motif_center	Myeloid
CEBPB	FCGR3A_Monocyte	223	0.0045899341139659395	17454	17454	cutsite_bigwig	motif_center	Myeloid
CEBPB	FCGR3A_Monocyte	224	0.004370259392549386	17454	17454	cutsite_bigwig	motif_center	Myeloid
CEBPB	FCGR3A_Monocyte	225	0.004182268538531178	17454	17454	cutsite_bigwig	motif_center	Myeloid
CEBPB	FCGR3A_Monocyte	226	0.004632179230798202	17454	17454	cutsite_bigwig	motif_center	Myeloid
CEBPB	FCGR3A_Monocyte	227	0.0047356798300218425	17454	17454	cutsite_bigwig	motif_center	Myeloid
CEBPB	FCGR3A_Monocyte	228	0.0049828138470076	17454	17454	cutsite_bigwig	motif_center	Myeloid
CEBPB	FCGR3A_Monocyte	229	0.0041442479271498476	17454	17454	cutsite_bigwig	motif_center	Myeloid
CEBPB	FCGR3A_Monocyte	230	0.004061869909820161	17454	17454	cutsite_bigwig	motif_center	Myeloid
CEBPB	FCGR3A_Monocyte	231	0.004915221649873799	17454	17454	cutsite_bigwig	motif_center	Myeloid
CEBPB	FCGR3A_Monocyte	232	0.00470610822399307	17454	17454	cutsite_bigwig	motif_center	Myeloid
CEBPB	FCGR3A_Monocyte	233	0.0047145572564518436	17454	17454	cutsite_bigwig	motif_center	Myeloid
CEBPB	FCGR3A_Monocyte	234	0.004513892849583498	17454	17454	cutsite_bigwig	motif_center	Myeloid
CEBPB	FCGR3A_Monocyte	235	0.0049257829296154515	17454	17454	cutsite_bigwig	motif_center	Myeloid
CEBPB	FCGR3A_Monocyte	236	0.004197054351470281	17454	17454	cutsite_bigwig	motif_center	Myeloid
CEBPB	FCGR3A_Monocyte	237	0.004701883701894228	17454	17454	cutsite_bigwig	motif_center	Myeloid
CEBPB	FCGR3A_Monocyte	238	0.004862415247964015	17454	17454	cutsite_bigwig	motif_center	Myeloid
CEBPB	FCGR3A_Monocyte	239	0.004078767964919709	17454	17454	cutsite_bigwig	motif_center	Myeloid
CEBPB	FCGR3A_Monocyte	240	0.004499107050944525	17454	17454	cutsite_bigwig	motif_center	Myeloid
CEBPB	FCGR3A_Monocyte	241	0.00428576912879056	17454	17454	cutsite_bigwig	motif_center	Myeloid
CEBPB	FCGR3A_Monocyte	242	0.003998502199355032	17454	17454	cutsite_bigwig	motif_center	Myeloid
CEBPB	FCGR3A_Monocyte	243	0.00456669928542941	17454	17454	cutsite_bigwig	motif_center	Myeloid
CEBPB	FCGR3A_Monocyte	244	0.0049933751480927295	17454	17454	cutsite_bigwig	motif_center	Myeloid
CEBPB	FCGR3A_Monocyte	245	0.00428788137479283	17454	17454	cutsite_bigwig	motif_center	Myeloid
CEBPB	FCGR3A_Monocyte	246	0.00443996386940815	17454	17454	cutsite_bigwig	motif_center	Myeloid
CEBPB	FCGR3A_Monocyte	247	0.0036732146265229587	17454	17454	cutsite_bigwig	motif_center	Myeloid
CEBPB	FCGR3A_Monocyte	248	0.003831633916985911	17454	17454	cutsite_bigwig	motif_center	Myeloid
CEBPB	FCGR3A_Monocyte	249	0.0038738790395809117	17454	17454	cutsite_bigwig	motif_center	Myeloid
CEBPB	Dendritic_cell	-250	0.0028167395044975748	17454	17454	cutsite_bigwig	motif_center	Myeloid
CEBPB	Dendritic_cell	-249	0.00340531194366799	17454	17454	cutsite_bigwig	motif_center	Myeloid
CEBPB	Dendritic_cell	-248	0.0031883809575709646	17454	17454	cutsite_bigwig	motif_center	Myeloid
CEBPB	Dendritic_cell	-247	0.0029243641763787246	17454	17454	cutsite_bigwig	motif_center	Myeloid
CEBPB	Dendritic_cell	-246	0.0028285109442804392	17454	17454	cutsite_bigwig	motif_center	Myeloid
CEBPB	Dendritic_cell	-245	0.0032321034836841843	17454	17454	cutsite_bigwig	motif_center	Myeloid
CEBPB	Dendritic_cell	-244	0.0030757113712782903	17454	17454	cutsite_bigwig	motif_center	Myeloid
CEBPB	Dendritic_cell	-243	0.002969768335115388	17454	17454	cutsite_bigwig	motif_center	Myeloid
CEBPB	Dendritic_cell	-242	0.0034254915650301786	17454	17454	cutsite_bigwig	motif_center	Myeloid
CEBPB	Dendritic_cell	-241	0.0031967891251703123	17454	17454	cutsite_bigwig	motif_center	Myeloid
CEBPB	Dendritic_cell	-240	0.003213605495479026	17454	17454	cutsite_bigwig	motif_center	Myeloid
CEBPB	Dendritic_cell	-239	0.002818421132318736	17454	17454	cutsite_bigwig	motif_center	Myeloid
CEBPB	Dendritic_cell	-238	0.0029647234270001885	17454	17454	cutsite_bigwig	motif_center	Myeloid
CEBPB	Dendritic_cell	-237	0.0026822086613378982	17454	17454	cutsite_bigwig	motif_center	Myeloid
CEBPB	Dendritic_cell	-236	0.0030706664658310258	17454	17454	cutsite_bigwig	motif_center	Myeloid
CEBPB	Dendritic_cell	-235	0.0029176376352132126	17454	17454	cutsite_bigwig	motif_center	Myeloid
CEBPB	Dendritic_cell	-234	0.0032018340411825975	17454	17454	cutsite_bigwig	motif_center	Myeloid
CEBPB	Dendritic_cell	-233	0.0029159560004554212	17454	17454	cutsite_bigwig	motif_center	Myeloid
CEBPB	Dendritic_cell	-232	0.0031463400681364492	17454	17454	cutsite_bigwig	motif_center	Myeloid
CEBPB	Dendritic_cell	-231	0.0029983561440330743	17454	17454	cutsite_bigwig	motif_center	Myeloid
CEBPB	Dendritic_cell	-230	0.0028722334686861807	17454	17454	cutsite_bigwig	motif_center	Myeloid
CEBPB	Dendritic_cell	-229	0.0029479070692841262	17454	17454	cutsite_bigwig	motif_center	Myeloid
CEBPB	Dendritic_cell	-228	0.0029546336074615515	17454	17454	cutsite_bigwig	motif_center	Myeloid
CEBPB	Dendritic_cell	-227	0.00359029183852566	17454	17454	cutsite_bigwig	motif_center	Myeloid
CEBPB	Dendritic_cell	-226	0.003257328018710876	17454	17454	cutsite_bigwig	motif_center	Myeloid
CEBPB	Dendritic_cell	-225	0.0030471235698308202	17454	17454	cutsite_bigwig	motif_center	Myeloid
CEBPB	Dendritic_cell	-224	0.003028625583653292	17454	17454	cutsite_bigwig	motif_center	Myeloid
CEBPB	Dendritic_cell	-223	0.002868870203866163	17454	17454	cutsite_bigwig	motif_center	Myeloid
CEBPB	Dendritic_cell	-222	0.003206878943748493	17454	17454	cutsite_bigwig	motif_center	Myeloid
CEBPB	Dendritic_cell	-221	0.0032405116569395533	17454	17454	cutsite_bigwig	motif_center	Myeloid
CEBPB	Dendritic_cell	-220	0.0030572133865948052	17454	17454	cutsite_bigwig	motif_center	Myeloid
CEBPB	Dendritic_cell	-219	0.003333001605648997	17454	17454	cutsite_bigwig	motif_center	Myeloid
CEBPB	Dendritic_cell	-218	0.002899139638363946	17454	17454	cutsite_bigwig	motif_center	Myeloid
CEBPB	Dendritic_cell	-217	0.0029983561385904882	17454	17454	cutsite_bigwig	motif_center	Myeloid
CEBPB	Dendritic_cell	-216	0.0035062100838814743	17454	17454	cutsite_bigwig	motif_center	Myeloid
CEBPB	Dendritic_cell	-215	0.0027057515543500174	17454	17454	cutsite_bigwig	motif_center	Myeloid
CEBPB	Dendritic_cell	-214	0.002776380248646959	17454	17454	cutsite_bigwig	motif_center	Myeloid
CEBPB	Dendritic_cell	-213	0.0027629271609800657	17454	17454	cutsite_bigwig	motif_center	Myeloid
CEBPB	Dendritic_cell	-212	0.003023580675324658	17454	17454	cutsite_bigwig	motif_center	Myeloid
CEBPB	Dendritic_cell	-211	0.0033884955873392532	17454	17454	cutsite_bigwig	motif_center	Myeloid
CEBPB	Dendritic_cell	-210	0.0030471235657755598	17454	17454	cutsite_bigwig	motif_center	Myeloid
CEBPB	Dendritic_cell	-209	0.0030437603012756945	17454	17454	cutsite_bigwig	motif_center	Myeloid
CEBPB	Dendritic_cell	-208	0.0030067643140869217	17454	17454	cutsite_bigwig	motif_center	Myeloid
CEBPB	Dendritic_cell	-207	0.0031665196938740507	17454	17454	cutsite_bigwig	motif_center	Myeloid
CEBPB	Dendritic_cell	-206	0.003450716106566631	17454	17454	cutsite_bigwig	motif_center	Myeloid
CEBPB	Dendritic_cell	-205	0.0036592389077760926	17454	17454	cutsite_bigwig	motif_center	Myeloid
CEBPB	Dendritic_cell	-204	0.0028201027760407873	17454	17454	cutsite_bigwig	motif_center	Myeloid
CEBPB	Dendritic_cell	-203	0.0030824379164990628	17454	17454	cutsite_bigwig	motif_center	Myeloid
CEBPB	Dendritic_cell	-202	0.0029949928715294056	17454	17454	cutsite_bigwig	motif_center	Myeloid
CEBPB	Dendritic_cell	-201	0.0033884955882997098	17454	17454	cutsite_bigwig	motif_center	Myeloid
CEBPB	Dendritic_cell	-200	0.003186699313742196	17454	17454	cutsite_bigwig	motif_center	Myeloid
CEBPB	Dendritic_cell	-199	0.003519663150845196	17454	17454	cutsite_bigwig	motif_center	Myeloid
CEBPB	Dendritic_cell	-198	0.003755092133151183	17454	17454	cutsite_bigwig	motif_center	Myeloid
CEBPB	Dendritic_cell	-197	0.003121115536097844	17454	17454	cutsite_bigwig	motif_center	Myeloid
CEBPB	Dendritic_cell	-196	0.003208560581601088	17454	17454	cutsite_bigwig	motif_center	Myeloid
CEBPB	Dendritic_cell	-195	0.002820102766756375	17454	17454	cutsite_bigwig	motif_center	Myeloid
CEBPB	Dendritic_cell	-194	0.002966405064639349	17454	17454	cutsite_bigwig	motif_center	Myeloid
CEBPB	Dendritic_cell	-193	0.0028890498271492648	17454	17454	cutsite_bigwig	motif_center	Myeloid
CEBPB	Dendritic_cell	-192	0.003124478811803034	17454	17454	cutsite_bigwig	motif_center	Myeloid
CEBPB	Dendritic_cell	-191	0.002926045813484298	17454	17454	cutsite_bigwig	motif_center	Myeloid
CEBPB	Dendritic_cell	-190	0.0029428621597816012	17454	17454	cutsite_bigwig	motif_center	Myeloid
CEBPB	Dendritic_cell	-189	0.00318501769018973	17454	17454	cutsite_bigwig	motif_center	Myeloid
CEBPB	Dendritic_cell	-188	0.002909229446803976	17454	17454	cutsite_bigwig	motif_center	Myeloid
CEBPB	Dendritic_cell	-187	0.0029748132544359118	17454	17454	cutsite_bigwig	motif_center	Myeloid
CEBPB	Dendritic_cell	-186	0.0029462254375144216	17454	17454	cutsite_bigwig	motif_center	Myeloid
CEBPB	Dendritic_cell	-185	0.002961360156844302	17454	17454	cutsite_bigwig	motif_center	Myeloid
CEBPB	Dendritic_cell	-184	0.0026502575853591293	17454	17454	cutsite_bigwig	motif_center	Myeloid
CEBPB	Dendritic_cell	-183	0.002640167772223535	17454	17454	cutsite_bigwig	motif_center	Myeloid
CEBPB	Dendritic_cell	-182	0.0027646088057692907	17454	17454	cutsite_bigwig	motif_center	Myeloid
CEBPB	Dendritic_cell	-181	0.002900821280591954	17454	17454	cutsite_bigwig	motif_center	Myeloid
CEBPB	Dendritic_cell	-180	0.0027662904324165607	17454	17454	cutsite_bigwig	motif_center	Myeloid
CEBPB	Dendritic_cell	-179	0.0029613601579114757	17454	17454	cutsite_bigwig	motif_center	Myeloid
CEBPB	Dendritic_cell	-178	0.0030303072149961267	17454	17454	cutsite_bigwig	motif_center	Myeloid
CEBPB	Dendritic_cell	-177	0.00276629043284343	17454	17454	cutsite_bigwig	motif_center	Myeloid
CEBPB	Dendritic_cell	-176	0.0029714499781971345	17454	17454	cutsite_bigwig	motif_center	Myeloid
CEBPB	Dendritic_cell	-175	0.0030992542784838207	17454	17454	cutsite_bigwig	motif_center	Myeloid
CEBPB	Dendritic_cell	-174	0.003149703341173705	17454	17454	cutsite_bigwig	motif_center	Myeloid
CEBPB	Dendritic_cell	-173	0.00340363029461007	17454	17454	cutsite_bigwig	motif_center	Myeloid
CEBPB	Dendritic_cell	-172	0.0034137201225793797	17454	17454	cutsite_bigwig	motif_center	Myeloid
CEBPB	Dendritic_cell	-171	0.0028453273022099363	17454	17454	cutsite_bigwig	motif_center	Myeloid
CEBPB	Dendritic_cell	-170	0.0025409512767992754	17454	17454	cutsite_bigwig	motif_center	Myeloid
CEBPB	Dendritic_cell	-169	0.003124478805613426	17454	17454	cutsite_bigwig	motif_center	Myeloid
CEBPB	Dendritic_cell	-168	0.003284234178357208	17454	17454	cutsite_bigwig	motif_center	Myeloid
CEBPB	Dendritic_cell	-167	0.0030874828216261754	17454	17454	cutsite_bigwig	motif_center	Myeloid
CEBPB	Dendritic_cell	-166	0.0030471235663091464	17454	17454	cutsite_bigwig	motif_center	Myeloid
CEBPB	Dendritic_cell	-165	0.00294790707483343	17454	17454	cutsite_bigwig	motif_center	Myeloid
CEBPB	Dendritic_cell	-164	0.0029142743620692393	17454	17454	cutsite_bigwig	motif_center	Myeloid
CEBPB	Dendritic_cell	-163	0.0030740297405757594	17454	17454	cutsite_bigwig	motif_center	Myeloid
CEBPB	Dendritic_cell	-162	0.003132886980789708	17454	17454	cutsite_bigwig	motif_center	Myeloid
CEBPB	Dendritic_cell	-161	0.0030101275876577645	17454	17454	cutsite_bigwig	motif_center	Myeloid
CEBPB	Dendritic_cell	-160	0.0026334412323386312	17454	17454	cutsite_bigwig	motif_center	Myeloid
CEBPB	Dendritic_cell	-159	0.003232103483364032	17454	17454	cutsite_bigwig	motif_center	Myeloid
CEBPB	Dendritic_cell	-158	0.003173246240695584	17454	17454	cutsite_bigwig	motif_center	Myeloid
CEBPB	Dendritic_cell	-157	0.0032253769465739324	17454	17454	cutsite_bigwig	motif_center	Myeloid
CEBPB	Dendritic_cell	-156	0.0035667489482881934	17454	17454	cutsite_bigwig	motif_center	Myeloid
CEBPB	Dendritic_cell	-155	0.0032035156744463457	17454	17454	cutsite_bigwig	motif_center	Myeloid
CEBPB	Dendritic_cell	-154	0.0033716792250343434	17454	17454	cutsite_bigwig	motif_center	Myeloid
CEBPB	Dendritic_cell	-153	0.0033313199686501407	17454	17454	cutsite_bigwig	motif_center	Myeloid
CEBPB	Dendritic_cell	-152	0.003144658435299571	17454	17454	cutsite_bigwig	motif_center	Myeloid
CEBPB	Dendritic_cell	-151	0.0034557610129743515	17454	17454	cutsite_bigwig	motif_center	Myeloid
CEBPB	Dendritic_cell	-150	0.0033363648771922096	17454	17454	cutsite_bigwig	motif_center	Myeloid
CEBPB	Dendritic_cell	-149	0.0033565445061313325	17454	17454	cutsite_bigwig	motif_center	Myeloid
CEBPB	Dendritic_cell	-148	0.003464169177905765	17454	17454	cutsite_bigwig	motif_center	Myeloid
CEBPB	Dendritic_cell	-147	0.003465850821627816	17454	17454	cutsite_bigwig	motif_center	Myeloid
CEBPB	Dendritic_cell	-146	0.0030286255799181834	17454	17454	cutsite_bigwig	motif_center	Myeloid
CEBPB	Dendritic_cell	-145	0.003497801893551325	17454	17454	cutsite_bigwig	motif_center	Myeloid
CEBPB	Dendritic_cell	-144	0.0037248226908630313	17454	17454	cutsite_bigwig	motif_center	Myeloid
CEBPB	Dendritic_cell	-143	0.003514618244437475	17454	17454	cutsite_bigwig	motif_center	Myeloid
CEBPB	Dendritic_cell	-142	0.003708006331012621	17454	17454	cutsite_bigwig	motif_center	Myeloid
CEBPB	Dendritic_cell	-141	0.003454079370532909	17454	17454	cutsite_bigwig	motif_center	Myeloid
CEBPB	Dendritic_cell	-140	0.003361589418408509	17454	17454	cutsite_bigwig	motif_center	Myeloid
CEBPB	Dendritic_cell	-139	0.0034624875470965167	17454	17454	cutsite_bigwig	motif_center	Myeloid
CEBPB	Dendritic_cell	-138	0.00354656931977594	17454	17454	cutsite_bigwig	motif_center	Myeloid
CEBPB	Dendritic_cell	-137	0.00352807133039689	17454	17454	cutsite_bigwig	motif_center	Myeloid
CEBPB	Dendritic_cell	-136	0.0029361356140272417	17454	17454	cutsite_bigwig	motif_center	Myeloid
CEBPB	Dendritic_cell	-135	0.003491075363697855	17454	17454	cutsite_bigwig	motif_center	Myeloid
CEBPB	Dendritic_cell	-134	0.00377359012060932	17454	17454	cutsite_bigwig	motif_center	Myeloid
CEBPB	Dendritic_cell	-133	0.003797133026000655	17454	17454	cutsite_bigwig	motif_center	Myeloid
CEBPB	Dendritic_cell	-132	0.003430536472611791	17454	17454	cutsite_bigwig	motif_center	Myeloid
CEBPB	Dendritic_cell	-131	0.0037298675894803833	17454	17454	cutsite_bigwig	motif_center	Myeloid
CEBPB	Dendritic_cell	-130	0.0034473528225374846	17454	17454	cutsite_bigwig	motif_center	Myeloid
CEBPB	Dendritic_cell	-129	0.0035482509532531225	17454	17454	cutsite_bigwig	motif_center	Myeloid
CEBPB	Dendritic_cell	-128	0.0031866993229198908	17454	17454	cutsite_bigwig	motif_center	Myeloid
CEBPB	Dendritic_cell	-127	0.003274144367249244	17454	17454	cutsite_bigwig	motif_center	Myeloid
CEBPB	Dendritic_cell	-126	0.003554977502635873	17454	17454	cutsite_bigwig	motif_center	Myeloid
CEBPB	Dendritic_cell	-125	0.003344773061652903	17454	17454	cutsite_bigwig	motif_center	Myeloid
CEBPB	Dendritic_cell	-124	0.003282552543706134	17454	17454	cutsite_bigwig	motif_center	Myeloid
CEBPB	Dendritic_cell	-123	0.0033632710613835386	17454	17454	cutsite_bigwig	motif_center	Myeloid
CEBPB	Dendritic_cell	-122	0.003380087408427863	17454	17454	cutsite_bigwig	motif_center	Myeloid
CEBPB	Dendritic_cell	-121	0.0038105860886956814	17454	17454	cutsite_bigwig	motif_center	Myeloid
CEBPB	Dendritic_cell	-120	0.003802177923977703	17454	17454	cutsite_bigwig	motif_center	Myeloid
CEBPB	Dendritic_cell	-119	0.003549932593773652	17454	17454	cutsite_bigwig	motif_center	Myeloid
CEBPB	Dendritic_cell	-118	0.0036726919896802475	17454	17454	cutsite_bigwig	motif_center	Myeloid
CEBPB	Dendritic_cell	-117	0.003595336758593206	17454	17454	cutsite_bigwig	motif_center	Myeloid
CEBPB	Dendritic_cell	-116	0.0035633856733300246	17454	17454	cutsite_bigwig	motif_center	Myeloid
CEBPB	Dendritic_cell	-115	0.0035684305875281143	17454	17454	cutsite_bigwig	motif_center	Myeloid
CEBPB	Dendritic_cell	-114	0.003105980815807507	17454	17454	cutsite_bigwig	motif_center	Myeloid
CEBPB	Dendritic_cell	-113	0.0032455565603591876	17454	17454	cutsite_bigwig	motif_center	Myeloid
CEBPB	Dendritic_cell	-112	0.0035549774977268736	17454	17454	cutsite_bigwig	motif_center	Myeloid
CEBPB	Dendritic_cell	-111	0.00406451305910011	17454	17454	cutsite_bigwig	motif_center	Myeloid
CEBPB	Dendritic_cell	-110	0.0039501618577923595	17454	17454	cutsite_bigwig	motif_center	Myeloid
CEBPB	Dendritic_cell	-109	0.004020790547180302	17454	17454	cutsite_bigwig	motif_center	Myeloid
CEBPB	Dendritic_cell	-108	0.003642422557316812	17454	17454	cutsite_bigwig	motif_center	Myeloid
CEBPB	Dendritic_cell	-107	0.003787043196110432	17454	17454	cutsite_bigwig	motif_center	Myeloid
CEBPB	Dendritic_cell	-106	0.003909802594684961	17454	17454	cutsite_bigwig	motif_center	Myeloid
CEBPB	Dendritic_cell	-105	0.003750047218632941	17454	17454	cutsite_bigwig	motif_center	Myeloid
CEBPB	Dendritic_cell	-104	0.004209133733217183	17454	17454	cutsite_bigwig	motif_center	Myeloid
CEBPB	Dendritic_cell	-103	0.004153639745337318	17454	17454	cutsite_bigwig	motif_center	Myeloid
CEBPB	Dendritic_cell	-102	0.003965296566557219	17454	17454	cutsite_bigwig	motif_center	Myeloid
CEBPB	Dendritic_cell	-101	0.0037735901165540597	17454	17454	cutsite_bigwig	motif_center	Myeloid
CEBPB	Dendritic_cell	-100	0.003824039178390205	17454	17454	cutsite_bigwig	motif_center	Myeloid
CEBPB	Dendritic_cell	-99	0.003950161850642294	17454	17454	cutsite_bigwig	motif_center	Myeloid
CEBPB	Dendritic_cell	-98	0.0039619332890378335	17454	17454	cutsite_bigwig	motif_center	Myeloid
CEBPB	Dendritic_cell	-97	0.004177182649021175	17454	17454	cutsite_bigwig	motif_center	Myeloid
CEBPB	Dendritic_cell	-96	0.003997247638160575	17454	17454	cutsite_bigwig	motif_center	Myeloid
CEBPB	Dendritic_cell	-95	0.004384023810350412	17454	17454	cutsite_bigwig	motif_center	Myeloid
CEBPB	Dendritic_cell	-94	0.004713624380925915	17454	17454	cutsite_bigwig	motif_center	Myeloid
CEBPB	Dendritic_cell	-93	0.004281444051813612	17454	17454	cutsite_bigwig	motif_center	Myeloid
CEBPB	Dendritic_cell	-92	0.004434472877629143	17454	17454	cutsite_bigwig	motif_center	Myeloid
CEBPB	Dendritic_cell	-91	0.0043907503526898145	17454	17454	cutsite_bigwig	motif_center	Myeloid
CEBPB	Dendritic_cell	-90	0.004449607593650785	17454	17454	cutsite_bigwig	motif_center	Myeloid
CEBPB	Dendritic_cell	-89	0.004629542598748646	17454	17454	cutsite_bigwig	motif_center	Myeloid
CEBPB	Dendritic_cell	-88	0.004720350912059994	17454	17454	cutsite_bigwig	motif_center	Myeloid
CEBPB	Dendritic_cell	-87	0.004589183346846573	17454	17454	cutsite_bigwig	motif_center	Myeloid
CEBPB	Dendritic_cell	-86	0.004432791246819895	17454	17454	cutsite_bigwig	motif_center	Myeloid
CEBPB	Dendritic_cell	-85	0.004516873019179166	17454	17454	cutsite_bigwig	motif_center	Myeloid
CEBPB	Dendritic_cell	-84	0.004469787229526538	17454	17454	cutsite_bigwig	motif_center	Myeloid
CEBPB	Dendritic_cell	-83	0.004506783211379441	17454	17454	cutsite_bigwig	motif_center	Myeloid
CEBPB	Dendritic_cell	-82	0.004651403868741885	17454	17454	cutsite_bigwig	motif_center	Myeloid
CEBPB	Dendritic_cell	-81	0.004427746340092022	17454	17454	cutsite_bigwig	motif_center	Myeloid
CEBPB	Dendritic_cell	-80	0.005122261810089471	17454	17454	cutsite_bigwig	motif_center	Myeloid
CEBPB	Dendritic_cell	-79	0.005431682755567677	17454	17454	cutsite_bigwig	motif_center	Myeloid
CEBPB	Dendritic_cell	-78	0.004501738297501503	17454	17454	cutsite_bigwig	motif_center	Myeloid
CEBPB	Dendritic_cell	-77	0.0040796477822718155	17454	17454	cutsite_bigwig	motif_center	Myeloid
CEBPB	Dendritic_cell	-76	0.0037803166682845923	17454	17454	cutsite_bigwig	motif_center	Myeloid
CEBPB	Dendritic_cell	-75	0.004215860264244544	17454	17454	cutsite_bigwig	motif_center	Myeloid
CEBPB	Dendritic_cell	-74	0.00460936297439837	17454	17454	cutsite_bigwig	motif_center	Myeloid
CEBPB	Dendritic_cell	-73	0.005391323495021497	17454	17454	cutsite_bigwig	motif_center	Myeloid
CEBPB	Dendritic_cell	-72	0.005024726945367742	17454	17454	cutsite_bigwig	motif_center	Myeloid
CEBPB	Dendritic_cell	-71	0.004525281207908555	17454	17454	cutsite_bigwig	motif_center	Myeloid
CEBPB	Dendritic_cell	-70	0.004636269140661179	17454	17454	cutsite_bigwig	motif_center	Myeloid
CEBPB	Dendritic_cell	-69	0.004723714196729444	17454	17454	cutsite_bigwig	motif_center	Myeloid
CEBPB	Dendritic_cell	-68	0.004557232276203672	17454	17454	cutsite_bigwig	motif_center	Myeloid
CEBPB	Dendritic_cell	-67	0.004183909180475406	17454	17454	cutsite_bigwig	motif_center	Myeloid
CEBPB	Dendritic_cell	-66	0.004624497698850685	17454	17454	cutsite_bigwig	motif_center	Myeloid
CEBPB	Dendritic_cell	-65	0.005051633126357549	17454	17454	cutsite_bigwig	motif_center	Myeloid
CEBPB	Dendritic_cell	-64	0.004841428677797645	17454	17454	cutsite_bigwig	motif_center	Myeloid
CEBPB	Dendritic_cell	-63	0.004839747039091311	17454	17454	cutsite_bigwig	motif_center	Myeloid
CEBPB	Dendritic_cell	-62	0.004395795270943165	17454	17454	cutsite_bigwig	motif_center	Myeloid
CEBPB	Dendritic_cell	-61	0.004352072744189641	17454	17454	cutsite_bigwig	motif_center	Myeloid
CEBPB	Dendritic_cell	-60	0.005172710879395833	17454	17454	cutsite_bigwig	motif_center	Myeloid
CEBPB	Dendritic_cell	-59	0.0050432249346400735	17454	17454	cutsite_bigwig	motif_center	Myeloid
CEBPB	Dendritic_cell	-58	0.004740530534809509	17454	17454	cutsite_bigwig	motif_center	Myeloid
CEBPB	Dendritic_cell	-57	0.004755665273775387	17454	17454	cutsite_bigwig	motif_center	Myeloid
CEBPB	Dendritic_cell	-56	0.004854881770053386	17454	17454	cutsite_bigwig	motif_center	Myeloid
CEBPB	Dendritic_cell	-55	0.0045471424669099045	17454	17454	cutsite_bigwig	motif_center	Myeloid
CEBPB	Dendritic_cell	-54	0.004458015779818957	17454	17454	cutsite_bigwig	motif_center	Myeloid
CEBPB	Dendritic_cell	-53	0.004098145773358344	17454	17454	cutsite_bigwig	motif_center	Myeloid
CEBPB	Dendritic_cell	-52	0.004569003717373863	17454	17454	cutsite_bigwig	motif_center	Myeloid
CEBPB	Dendritic_cell	-51	0.00512394344367337	17454	17454	cutsite_bigwig	motif_center	Myeloid
CEBPB	Dendritic_cell	-50	0.004991094231856529	17454	17454	cutsite_bigwig	motif_center	Myeloid
CEBPB	Dendritic_cell	-49	0.0047792081657203325	17454	17454	cutsite_bigwig	motif_center	Myeloid
CEBPB	Dendritic_cell	-48	0.004648040591542652	17454	17454	cutsite_bigwig	motif_center	Myeloid
CEBPB	Dendritic_cell	-47	0.004283125677180274	17454	17454	cutsite_bigwig	motif_center	Myeloid
CEBPB	Dendritic_cell	-46	0.005209706858687518	17454	17454	cutsite_bigwig	motif_center	Myeloid
CEBPB	Dendritic_cell	-45	0.005362735689838918	17454	17454	cutsite_bigwig	motif_center	Myeloid
CEBPB	Dendritic_cell	-44	0.005147486340634032	17454	17454	cutsite_bigwig	motif_center	Myeloid
CEBPB	Dendritic_cell	-43	0.0045740486234614325	17454	17454	cutsite_bigwig	motif_center	Myeloid
CEBPB	Dendritic_cell	-42	0.0043672074630926525	17454	17454	cutsite_bigwig	motif_center	Myeloid
CEBPB	Dendritic_cell	-41	0.004979322809895467	17454	17454	cutsite_bigwig	motif_center	Myeloid
CEBPB	Dendritic_cell	-40	0.0055695768718713266	17454	17454	cutsite_bigwig	motif_center	Myeloid
CEBPB	Dendritic_cell	-39	0.005778099663049355	17454	17454	cutsite_bigwig	motif_center	Myeloid
CEBPB	Dendritic_cell	-38	0.005546033959009775	17454	17454	cutsite_bigwig	motif_center	Myeloid
CEBPB	Dendritic_cell	-37	0.0056048912044528755	17454	17454	cutsite_bigwig	motif_center	Myeloid
CEBPB	Dendritic_cell	-36	0.005794916020018396	17454	17454	cutsite_bigwig	motif_center	Myeloid
CEBPB	Dendritic_cell	-35	0.005781462947825522	17454	17454	cutsite_bigwig	motif_center	Myeloid
CEBPB	Dendritic_cell	-34	0.006433937509499479	17454	17454	cutsite_bigwig	motif_center	Myeloid
CEBPB	Dendritic_cell	-33	0.0058638630788105245	17454	17454	cutsite_bigwig	motif_center	Myeloid
CEBPB	Dendritic_cell	-32	0.00735883706820128	17454	17454	cutsite_bigwig	motif_center	Myeloid
CEBPB	Dendritic_cell	-31	0.006891342391673712	17454	17454	cutsite_bigwig	motif_center	Myeloid
CEBPB	Dendritic_cell	-30	0.005964761206751511	17454	17454	cutsite_bigwig	motif_center	Myeloid
CEBPB	Dendritic_cell	-29	0.006901432198192828	17454	17454	cutsite_bigwig	motif_center	Myeloid
CEBPB	Dendritic_cell	-28	0.005657021918868614	17454	17454	cutsite_bigwig	motif_center	Myeloid
CEBPB	Dendritic_cell	-27	0.006238867796277063	17454	17454	cutsite_bigwig	motif_center	Myeloid
CEBPB	Dendritic_cell	-26	0.006410394624064294	17454	17454	cutsite_bigwig	motif_center	Myeloid
CEBPB	Dendritic_cell	-25	0.007377335056086285	17454	17454	cutsite_bigwig	motif_center	Myeloid
CEBPB	Dendritic_cell	-24	0.00780783374179669	17454	17454	cutsite_bigwig	motif_center	Myeloid
CEBPB	Dendritic_cell	-23	0.006472615139022976	17454	17454	cutsite_bigwig	motif_center	Myeloid
CEBPB	Dendritic_cell	-22	0.006364990477493413	17454	17454	cutsite_bigwig	motif_center	Myeloid
CEBPB	Dendritic_cell	-21	0.006640778689717692	17454	17454	cutsite_bigwig	motif_center	Myeloid
CEBPB	Dendritic_cell	-20	0.008039899447543748	17454	17454	cutsite_bigwig	motif_center	Myeloid
CEBPB	Dendritic_cell	-19	0.009254040286500722	17454	17454	cutsite_bigwig	motif_center	Myeloid
CEBPB	Dendritic_cell	-18	0.005529217604068364	17454	17454	cutsite_bigwig	motif_center	Myeloid
CEBPB	Dendritic_cell	-17	0.004611044606594944	17454	17454	cutsite_bigwig	motif_center	Myeloid
CEBPB	Dendritic_cell	-16	0.0038677617079183805	17454	17454	cutsite_bigwig	motif_center	Myeloid
CEBPB	Dendritic_cell	-15	0.0038929862396368336	17454	17454	cutsite_bigwig	motif_center	Myeloid
CEBPB	Dendritic_cell	-14	0.0055981646750262746	17454	17454	cutsite_bigwig	motif_center	Myeloid
CEBPB	Dendritic_cell	-13	0.004567322084536985	17454	17454	cutsite_bigwig	motif_center	Myeloid
CEBPB	Dendritic_cell	-12	0.004035925262348204	17454	17454	cutsite_bigwig	motif_center	Myeloid
CEBPB	Dendritic_cell	-11	0.0052046619587895575	17454	17454	cutsite_bigwig	motif_center	Myeloid
CEBPB	Dendritic_cell	-10	0.004952416620901855	17454	17454	cutsite_bigwig	motif_center	Myeloid
CEBPB	Dendritic_cell	-9	0.010231070548519655	17454	17454	cutsite_bigwig	motif_center	Myeloid
CEBPB	Dendritic_cell	-8	0.00882522324291161	17454	17454	cutsite_bigwig	motif_center	Myeloid
CEBPB	Dendritic_cell	-7	0.00340026702498777	17454	17454	cutsite_bigwig	motif_center	Myeloid
CEBPB	Dendritic_cell	-6	0.003158111512508161	17454	17454	cutsite_bigwig	motif_center	Myeloid
CEBPB	Dendritic_cell	-5	0.0013133573414245818	17454	17454	cutsite_bigwig	motif_center	Myeloid
CEBPB	Dendritic_cell	-4	0.006691227759130771	17454	17454	cutsite_bigwig	motif_center	Myeloid
CEBPB	Dendritic_cell	-3	0.006830803509872059	17454	17454	cutsite_bigwig	motif_center	Myeloid
CEBPB	Dendritic_cell	-2	0.0021339954742829906	17454	17454	cutsite_bigwig	motif_center	Myeloid
CEBPB	Dendritic_cell	-1	0.0024736858555395895	17454	17454	cutsite_bigwig	motif_center	Myeloid
CEBPB	Dendritic_cell	0	0.0023912857137761315	17454	17454	cutsite_bigwig	motif_center	Myeloid
CEBPB	Dendritic_cell	1	0.006782036075216771	17454	17454	cutsite_bigwig	motif_center	Myeloid
CEBPB	Dendritic_cell	2	0.0069468363458308835	17454	17454	cutsite_bigwig	motif_center	Myeloid
CEBPB	Dendritic_cell	3	0.0015504679511248608	17454	17454	cutsite_bigwig	motif_center	Myeloid
CEBPB	Dendritic_cell	4	0.002959678521446207	17454	17454	cutsite_bigwig	motif_center	Myeloid
CEBPB	Dendritic_cell	5	0.003016854124447864	17454	17454	cutsite_bigwig	motif_center	Myeloid
CEBPB	Dendritic_cell	6	0.007898642070582058	17454	17454	cutsite_bigwig	motif_center	Myeloid
CEBPB	Dendritic_cell	7	0.00991492306369013	17454	17454	cutsite_bigwig	motif_center	Myeloid
CEBPB	Dendritic_cell	8	0.005162621063485587	17454	17454	cutsite_bigwig	motif_center	Myeloid
CEBPB	Dendritic_cell	9	0.005440090930423806	17454	17454	cutsite_bigwig	motif_center	Myeloid
CEBPB	Dendritic_cell	10	0.004286488948830203	17454	17454	cutsite_bigwig	motif_center	Myeloid
CEBPB	Dendritic_cell	11	0.004239403154695445	17454	17454	cutsite_bigwig	motif_center	Myeloid
CEBPB	Dendritic_cell	12	0.0054148663861127025	17454	17454	cutsite_bigwig	motif_center	Myeloid
CEBPB	Dendritic_cell	13	0.00413009685147146	17454	17454	cutsite_bigwig	motif_center	Myeloid
CEBPB	Dendritic_cell	14	0.004659812045839079	17454	17454	cutsite_bigwig	motif_center	Myeloid
CEBPB	Dendritic_cell	15	0.004616089521540055	17454	17454	cutsite_bigwig	motif_center	Myeloid
CEBPB	Dendritic_cell	16	0.005889087601244566	17454	17454	cutsite_bigwig	motif_center	Myeloid
CEBPB	Dendritic_cell	17	0.00830727949334257	17454	17454	cutsite_bigwig	motif_center	Myeloid
CEBPB	Dendritic_cell	18	0.008046625995005585	17454	17454	cutsite_bigwig	motif_center	Myeloid
CEBPB	Dendritic_cell	19	0.007249530750250296	17454	17454	cutsite_bigwig	motif_center	Myeloid
CEBPB	Dendritic_cell	20	0.006475978415261754	17454	17454	cutsite_bigwig	motif_center	Myeloid
CEBPB	Dendritic_cell	21	0.007029236519609555	17454	17454	cutsite_bigwig	motif_center	Myeloid
CEBPB	Dendritic_cell	22	0.0075976293107384366	17454	17454	cutsite_bigwig	motif_center	Myeloid
CEBPB	Dendritic_cell	23	0.0064221660766532445	17454	17454	cutsite_bigwig	motif_center	Myeloid
CEBPB	Dendritic_cell	24	0.0072058082338483575	17454	17454	cutsite_bigwig	motif_center	Myeloid
CEBPB	Dendritic_cell	25	0.006817350402996038	17454	17454	cutsite_bigwig	motif_center	Myeloid
CEBPB	Dendritic_cell	26	0.005574621766967006	17454	17454	cutsite_bigwig	motif_center	Myeloid
CEBPB	Dendritic_cell	27	0.006694591023417202	17454	17454	cutsite_bigwig	motif_center	Myeloid
CEBPB	Dendritic_cell	28	0.005840320180355819	17454	17454	cutsite_bigwig	motif_center	Myeloid
CEBPB	Dendritic_cell	29	0.006444027342057636	17454	17454	cutsite_bigwig	motif_center	Myeloid
CEBPB	Dendritic_cell	30	0.007190673503099718	17454	17454	cutsite_bigwig	motif_center	Myeloid
CEBPB	Dendritic_cell	31	0.006206916724780424	17454	17454	cutsite_bigwig	motif_center	Myeloid
CEBPB	Dendritic_cell	32	0.005868907966542704	17454	17454	cutsite_bigwig	motif_center	Myeloid
CEBPB	Dendritic_cell	33	0.005329102976220989	17454	17454	cutsite_bigwig	motif_center	Myeloid
CEBPB	Dendritic_cell	34	0.005352645881612324	17454	17454	cutsite_bigwig	motif_center	Myeloid
CEBPB	Dendritic_cell	35	0.005919357071812823	17454	17454	cutsite_bigwig	motif_center	Myeloid
CEBPB	Dendritic_cell	36	0.005784826211578367	17454	17454	cutsite_bigwig	motif_center	Myeloid
CEBPB	Dendritic_cell	37	0.006148059471546955	17454	17454	cutsite_bigwig	motif_center	Myeloid
CEBPB	Dendritic_cell	38	0.0053644173368692085	17454	17454	cutsite_bigwig	motif_center	Myeloid
CEBPB	Dendritic_cell	39	0.005270245747745953	17454	17454	cutsite_bigwig	motif_center	Myeloid
CEBPB	Dendritic_cell	40	0.004812840877310632	17454	17454	cutsite_bigwig	motif_center	Myeloid
CEBPB	Dendritic_cell	41	0.004888514463395013	17454	17454	cutsite_bigwig	motif_center	Myeloid
CEBPB	Dendritic_cell	42	0.005110490356646781	17454	17454	cutsite_bigwig	motif_center	Myeloid
CEBPB	Dendritic_cell	43	0.004681673310389733	17454	17454	cutsite_bigwig	motif_center	Myeloid
CEBPB	Dendritic_cell	44	0.005352645886307889	17454	17454	cutsite_bigwig	motif_center	Myeloid
CEBPB	Dendritic_cell	45	0.004804432702347785	17454	17454	cutsite_bigwig	motif_center	Myeloid
CEBPB	Dendritic_cell	46	0.004728759096307253	17454	17454	cutsite_bigwig	motif_center	Myeloid
CEBPB	Dendritic_cell	47	0.0046968080212889405	17454	17454	cutsite_bigwig	motif_center	Myeloid
CEBPB	Dendritic_cell	48	0.004780889799304232	17454	17454	cutsite_bigwig	motif_center	Myeloid
CEBPB	Dendritic_cell	49	0.004913739005038183	17454	17454	cutsite_bigwig	motif_center	Myeloid
CEBPB	Dendritic_cell	50	0.0045202362980858776	17454	17454	cutsite_bigwig	motif_center	Myeloid
CEBPB	Dendritic_cell	51	0.004373934003297708	17454	17454	cutsite_bigwig	motif_center	Myeloid
CEBPB	Dendritic_cell	52	0.004676628408997728	17454	17454	cutsite_bigwig	motif_center	Myeloid
CEBPB	Dendritic_cell	53	0.004641314053471944	17454	17454	cutsite_bigwig	motif_center	Myeloid
CEBPB	Dendritic_cell	54	0.005125625079178183	17454	17454	cutsite_bigwig	motif_center	Myeloid
CEBPB	Dendritic_cell	55	0.005295470276903188	17454	17454	cutsite_bigwig	motif_center	Myeloid
CEBPB	Dendritic_cell	56	0.004711942745634538	17454	17454	cutsite_bigwig	motif_center	Myeloid
CEBPB	Dendritic_cell	57	0.0044596974097744655	17454	17454	cutsite_bigwig	motif_center	Myeloid
CEBPB	Dendritic_cell	58	0.004303305304945506	17454	17454	cutsite_bigwig	motif_center	Myeloid
CEBPB	Dendritic_cell	59	0.0046581304036110716	17454	17454	cutsite_bigwig	motif_center	Myeloid
CEBPB	Dendritic_cell	60	0.005243339567716601	17454	17454	cutsite_bigwig	motif_center	Myeloid
CEBPB	Dendritic_cell	61	0.004447925962841537	17454	17454	cutsite_bigwig	motif_center	Myeloid
CEBPB	Dendritic_cell	62	0.004582456810803495	17454	17454	cutsite_bigwig	motif_center	Myeloid
CEBPB	Dendritic_cell	63	0.004483240309616497	17454	17454	cutsite_bigwig	motif_center	Myeloid
CEBPB	Dendritic_cell	64	0.004236039878883538	17454	17454	cutsite_bigwig	motif_center	Myeloid
CEBPB	Dendritic_cell	65	0.004521917931349625	17454	17454	cutsite_bigwig	motif_center	Myeloid
CEBPB	Dendritic_cell	66	0.004701852918412249	17454	17454	cutsite_bigwig	motif_center	Myeloid
CEBPB	Dendritic_cell	67	0.004831338869677768	17454	17454	cutsite_bigwig	motif_center	Myeloid
CEBPB	Dendritic_cell	68	0.00445969741692453	17454	17454	cutsite_bigwig	motif_center	Myeloid
CEBPB	Dendritic_cell	69	0.005098718917504221	17454	17454	cutsite_bigwig	motif_center	Myeloid
CEBPB	Dendritic_cell	70	0.004523599559170787	17454	17454	cutsite_bigwig	motif_center	Myeloid
CEBPB	Dendritic_cell	71	0.0040914192252562015	17454	17454	cutsite_bigwig	motif_center	Myeloid
CEBPB	Dendritic_cell	72	0.004358799269987851	17454	17454	cutsite_bigwig	motif_center	Myeloid
CEBPB	Dendritic_cell	73	0.004493330127554373	17454	17454	cutsite_bigwig	motif_center	Myeloid
CEBPB	Dendritic_cell	74	0.004429427979225226	17454	17454	cutsite_bigwig	motif_center	Myeloid
CEBPB	Dendritic_cell	75	0.004157003023176856	17454	17454	cutsite_bigwig	motif_center	Myeloid
CEBPB	Dendritic_cell	76	0.004273035874396265	17454	17454	cutsite_bigwig	motif_center	Myeloid
CEBPB	Dendritic_cell	77	0.005021363677559637	17454	17454	cutsite_bigwig	motif_center	Myeloid
CEBPB	Dendritic_cell	78	0.004881787935249022	17454	17454	cutsite_bigwig	motif_center	Myeloid
CEBPB	Dendritic_cell	79	0.005014637128603756	17454	17454	cutsite_bigwig	motif_center	Myeloid
CEBPB	Dendritic_cell	80	0.004278080779630095	17454	17454	cutsite_bigwig	motif_center	Myeloid
CEBPB	Dendritic_cell	81	0.003911484227735275	17454	17454	cutsite_bigwig	motif_center	Myeloid
CEBPB	Dendritic_cell	82	0.00441597488472842	17454	17454	cutsite_bigwig	motif_center	Myeloid
CEBPB	Dendritic_cell	83	0.004167092832363907	17454	17454	cutsite_bigwig	motif_center	Myeloid
CEBPB	Dendritic_cell	84	0.0046463589673498805	17454	17454	cutsite_bigwig	motif_center	Myeloid
CEBPB	Dendritic_cell	85	0.004155321386284717	17454	17454	cutsite_bigwig	motif_center	Myeloid
CEBPB	Dendritic_cell	86	0.004192317367604034	17454	17454	cutsite_bigwig	motif_center	Myeloid
CEBPB	Dendritic_cell	87	0.004489966842031184	17454	17454	cutsite_bigwig	motif_center	Myeloid
CEBPB	Dendritic_cell	88	0.004237721527407871	17454	17454	cutsite_bigwig	motif_center	Myeloid
CEBPB	Dendritic_cell	89	0.004649722233450507	17454	17454	cutsite_bigwig	motif_center	Myeloid
CEBPB	Dendritic_cell	90	0.004434472882004555	17454	17454	cutsite_bigwig	motif_center	Myeloid
CEBPB	Dendritic_cell	91	0.004748938723005311	17454	17454	cutsite_bigwig	motif_center	Myeloid
CEBPB	Dendritic_cell	92	0.004345346197368108	17454	17454	cutsite_bigwig	motif_center	Myeloid
CEBPB	Dendritic_cell	93	0.004567322085604159	17454	17454	cutsite_bigwig	motif_center	Myeloid
CEBPB	Dendritic_cell	94	0.004558913912562225	17454	17454	cutsite_bigwig	motif_center	Myeloid
CEBPB	Dendritic_cell	95	0.003815631003640793	17454	17454	cutsite_bigwig	motif_center	Myeloid
CEBPB	Dendritic_cell	96	0.004182227551053483	17454	17454	cutsite_bigwig	motif_center	Myeloid
CEBPB	Dendritic_cell	97	0.003696234880984888	17454	17454	cutsite_bigwig	motif_center	Myeloid
CEBPB	Dendritic_cell	98	0.004358799291651479	17454	17454	cutsite_bigwig	motif_center	Myeloid
CEBPB	Dendritic_cell	99	0.003723141056638827	17454	17454	cutsite_bigwig	motif_center	Myeloid
CEBPB	Dendritic_cell	100	0.0036474674557207295	17454	17454	cutsite_bigwig	motif_center	Myeloid
CEBPB	Dendritic_cell	101	0.004355436009970115	17454	17454	cutsite_bigwig	motif_center	Myeloid
CEBPB	Dendritic_cell	102	0.003877851517532301	17454	17454	cutsite_bigwig	motif_center	Myeloid
CEBPB	Dendritic_cell	103	0.0036020632869526326	17454	17454	cutsite_bigwig	motif_center	Myeloid
CEBPB	Dendritic_cell	104	0.0035247080612014602	17454	17454	cutsite_bigwig	motif_center	Myeloid
CEBPB	Dendritic_cell	105	0.003968659848131865	17454	17454	cutsite_bigwig	motif_center	Myeloid
CEBPB	Dendritic_cell	106	0.003570112222072471	17454	17454	cutsite_bigwig	motif_center	Myeloid
CEBPB	Dendritic_cell	107	0.004153639755902339	17454	17454	cutsite_bigwig	motif_center	Myeloid
CEBPB	Dendritic_cell	108	0.0038173126388254533	17454	17454	cutsite_bigwig	motif_center	Myeloid
CEBPB	Dendritic_cell	109	0.0036104714711998917	17454	17454	cutsite_bigwig	motif_center	Myeloid
CEBPB	Dendritic_cell	110	0.004059468158241692	17454	17454	cutsite_bigwig	motif_center	Myeloid
CEBPB	Dendritic_cell	111	0.0035583407744992374	17454	17454	cutsite_bigwig	motif_center	Myeloid
CEBPB	Dendritic_cell	112	0.003980431280657948	17454	17454	cutsite_bigwig	motif_center	Myeloid
CEBPB	Dendritic_cell	113	0.0038711249770070934	17454	17454	cutsite_bigwig	motif_center	Myeloid
CEBPB	Dendritic_cell	114	0.003597018402315257	17454	17454	cutsite_bigwig	motif_center	Myeloid
CEBPB	Dendritic_cell	115	0.003435581387450185	17454	17454	cutsite_bigwig	motif_center	Myeloid
CEBPB	Dendritic_cell	116	0.0033733608684362423	17454	17454	cutsite_bigwig	motif_center	Myeloid
CEBPB	Dendritic_cell	117	0.003423809937529169	17454	17454	cutsite_bigwig	motif_center	Myeloid
CEBPB	Dendritic_cell	118	0.0032960056306260057	17454	17454	cutsite_bigwig	motif_center	Myeloid
CEBPB	Dendritic_cell	119	0.003548250960083035	17454	17454	cutsite_bigwig	motif_center	Myeloid
CEBPB	Dendritic_cell	120	0.003497801886614695	17454	17454	cutsite_bigwig	motif_center	Myeloid
CEBPB	Dendritic_cell	121	0.0032455565656950565	17454	17454	cutsite_bigwig	motif_center	Myeloid
CEBPB	Dendritic_cell	122	0.002998356140831553	17454	17454	cutsite_bigwig	motif_center	Myeloid
CEBPB	Dendritic_cell	123	0.003380087406186798	17454	17454	cutsite_bigwig	motif_center	Myeloid
CEBPB	Dendritic_cell	124	0.0036525123661837106	17454	17454	cutsite_bigwig	motif_center	Myeloid
CEBPB	Dendritic_cell	125	0.0036071081973088966	17454	17454	cutsite_bigwig	motif_center	Myeloid
CEBPB	Dendritic_cell	126	0.0032287402044573203	17454	17454	cutsite_bigwig	motif_center	Myeloid
CEBPB	Dendritic_cell	127	0.0032220136645724168	17454	17454	cutsite_bigwig	motif_center	Myeloid
CEBPB	Dendritic_cell	128	0.003176609500926754	17454	17454	cutsite_bigwig	motif_center	Myeloid
CEBPB	Dendritic_cell	129	0.0034961202476949263	17454	17454	cutsite_bigwig	motif_center	Myeloid
CEBPB	Dendritic_cell	130	0.003304413800893288	17454	17454	cutsite_bigwig	motif_center	Myeloid
CEBPB	Dendritic_cell	131	0.003494438623395438	17454	17454	cutsite_bigwig	motif_center	Myeloid
CEBPB	Dendritic_cell	132	0.0034187650241848185	17454	17454	cutsite_bigwig	motif_center	Myeloid
CEBPB	Dendritic_cell	133	0.0034221282965817704	17454	17454	cutsite_bigwig	motif_center	Myeloid
CEBPB	Dendritic_cell	134	0.003418765028026644	17454	17454	cutsite_bigwig	motif_center	Myeloid
CEBPB	Dendritic_cell	135	0.0034271731960528614	17454	17454	cutsite_bigwig	motif_center	Myeloid
CEBPB	Dendritic_cell	136	0.003477622262584572	17454	17454	cutsite_bigwig	motif_center	Myeloid
CEBPB	Dendritic_cell	137	0.003023580675324658	17454	17454	cutsite_bigwig	motif_center	Myeloid
CEBPB	Dendritic_cell	138	0.0034742590026735536	17454	17454	cutsite_bigwig	motif_center	Myeloid
CEBPB	Dendritic_cell	139	0.0031799727783394225	17454	17454	cutsite_bigwig	motif_center	Myeloid
CEBPB	Dendritic_cell	140	0.003669328710773536	17454	17454	cutsite_bigwig	motif_center	Myeloid
CEBPB	Dendritic_cell	141	0.0032472382002394127	17454	17454	cutsite_bigwig	motif_center	Myeloid
CEBPB	Dendritic_cell	142	0.003941753671090601	17454	17454	cutsite_bigwig	motif_center	Myeloid
CEBPB	Dendritic_cell	143	0.003449034458682602	17454	17454	cutsite_bigwig	motif_center	Myeloid
CEBPB	Dendritic_cell	144	0.0034355813696283826	17454	17454	cutsite_bigwig	motif_center	Myeloid
CEBPB	Dendritic_cell	145	0.003373360861286178	17454	17454	cutsite_bigwig	motif_center	Myeloid
CEBPB	Dendritic_cell	146	0.004120007040576931	17454	17454	cutsite_bigwig	motif_center	Myeloid
CEBPB	Dendritic_cell	147	0.003817312641279953	17454	17454	cutsite_bigwig	motif_center	Myeloid
CEBPB	Dendritic_cell	148	0.0034423079248805887	17454	17454	cutsite_bigwig	motif_center	Myeloid
CEBPB	Dendritic_cell	149	0.0036003816702300786	17454	17454	cutsite_bigwig	motif_center	Myeloid
CEBPB	Dendritic_cell	150	0.003657557267575715	17454	17454	cutsite_bigwig	motif_center	Myeloid
CEBPB	Dendritic_cell	151	0.0036541939887757206	17454	17454	cutsite_bigwig	motif_center	Myeloid
CEBPB	Dendritic_cell	152	0.003512936622699204	17454	17454	cutsite_bigwig	motif_center	Myeloid
CEBPB	Dendritic_cell	153	0.003353181233520946	17454	17454	cutsite_bigwig	motif_center	Myeloid
CEBPB	Dendritic_cell	154	0.0033615894123256184	17454	17454	cutsite_bigwig	motif_center	Myeloid
CEBPB	Dendritic_cell	155	0.0033582261361935588	17454	17454	cutsite_bigwig	motif_center	Myeloid
CEBPB	Dendritic_cell	156	0.0029294090860946843	17454	17454	cutsite_bigwig	motif_center	Myeloid
CEBPB	Dendritic_cell	157	0.003289279087326146	17454	17454	cutsite_bigwig	motif_center	Myeloid
CEBPB	Dendritic_cell	158	0.0029647234298815577	17454	17454	cutsite_bigwig	motif_center	Myeloid
CEBPB	Dendritic_cell	159	0.003297687256099385	17454	17454	cutsite_bigwig	motif_center	Myeloid
CEBPB	Dendritic_cell	160	0.003568430583793006	17454	17454	cutsite_bigwig	motif_center	Myeloid
CEBPB	Dendritic_cell	161	0.0033481363264729206	17454	17454	cutsite_bigwig	motif_center	Myeloid
CEBPB	Dendritic_cell	162	0.002969768327645171	17454	17454	cutsite_bigwig	motif_center	Myeloid
CEBPB	Dendritic_cell	163	0.003311140339497583	17454	17454	cutsite_bigwig	motif_center	Myeloid
CEBPB	Dendritic_cell	164	0.0030639399291476433	17454	17454	cutsite_bigwig	motif_center	Myeloid
CEBPB	Dendritic_cell	165	0.003240511657152988	17454	17454	cutsite_bigwig	motif_center	Myeloid
CEBPB	Dendritic_cell	166	0.003084119556912875	17454	17454	cutsite_bigwig	motif_center	Myeloid
CEBPB	Dendritic_cell	167	0.0029479070736595386	17454	17454	cutsite_bigwig	motif_center	Myeloid
CEBPB	Dendritic_cell	168	0.002877278387259683	17454	17454	cutsite_bigwig	motif_center	Myeloid
CEBPB	Dendritic_cell	169	0.0031648380532468038	17454	17454	cutsite_bigwig	motif_center	Myeloid
CEBPB	Dendritic_cell	170	0.003075711379602246	17454	17454	cutsite_bigwig	motif_center	Myeloid
CEBPB	Dendritic_cell	171	0.0031530666097288307	17454	17454	cutsite_bigwig	motif_center	Myeloid
CEBPB	Dendritic_cell	172	0.002915955995012835	17454	17454	cutsite_bigwig	motif_center	Myeloid
CEBPB	Dendritic_cell	173	0.0031698829663777198	17454	17454	cutsite_bigwig	motif_center	Myeloid
CEBPB	Dendritic_cell	174	0.0033767241306950427	17454	17454	cutsite_bigwig	motif_center	Myeloid
CEBPB	Dendritic_cell	175	0.003309458715091378	17454	17454	cutsite_bigwig	motif_center	Myeloid
CEBPB	Dendritic_cell	176	0.003016854130850907	17454	17454	cutsite_bigwig	motif_center	Myeloid
CEBPB	Dendritic_cell	177	0.002941180530146244	17454	17454	cutsite_bigwig	motif_center	Myeloid
CEBPB	Dendritic_cell	178	0.002951270343815425	17454	17454	cutsite_bigwig	motif_center	Myeloid
CEBPB	Dendritic_cell	179	0.003203515678074736	17454	17454	cutsite_bigwig	motif_center	Myeloid
CEBPB	Dendritic_cell	180	0.003312821992930916	17454	17454	cutsite_bigwig	motif_center	Myeloid
CEBPB	Dendritic_cell	181	0.00317829114038011	17454	17454	cutsite_bigwig	motif_center	Myeloid
CEBPB	Dendritic_cell	182	0.0032304218542622623	17454	17454	cutsite_bigwig	motif_center	Myeloid
CEBPB	Dendritic_cell	183	0.0030370337548810303	17454	17454	cutsite_bigwig	motif_center	Myeloid
CEBPB	Dendritic_cell	184	0.002905866189027305	17454	17454	cutsite_bigwig	motif_center	Myeloid
CEBPB	Dendritic_cell	185	0.0030572133864880877	17454	17454	cutsite_bigwig	motif_center	Myeloid
CEBPB	Dendritic_cell	186	0.0028083313218510765	17454	17454	cutsite_bigwig	motif_center	Myeloid
CEBPB	Dendritic_cell	187	0.003211923850476366	17454	17454	cutsite_bigwig	motif_center	Myeloid
CEBPB	Dendritic_cell	188	0.0032556463759492813	17454	17454	cutsite_bigwig	motif_center	Myeloid
CEBPB	Dendritic_cell	189	0.0033279566946524284	17454	17454	cutsite_bigwig	motif_center	Myeloid
CEBPB	Dendritic_cell	190	0.0029983561452069656	17454	17454	cutsite_bigwig	motif_center	Myeloid
CEBPB	Dendritic_cell	191	0.0027612455307044047	17454	17454	cutsite_bigwig	motif_center	Myeloid
CEBPB	Dendritic_cell	192	0.0031631564204099255	17454	17454	cutsite_bigwig	motif_center	Myeloid
CEBPB	Dendritic_cell	193	0.0029983561412584227	17454	17454	cutsite_bigwig	motif_center	Myeloid
CEBPB	Dendritic_cell	194	0.003247238187860197	17454	17454	cutsite_bigwig	motif_center	Myeloid
CEBPB	Dendritic_cell	195	0.0031497033392527923	17454	17454	cutsite_bigwig	motif_center	Myeloid
CEBPB	Dendritic_cell	196	0.0033716792352792117	17454	17454	cutsite_bigwig	motif_center	Myeloid
CEBPB	Dendritic_cell	197	0.0029361356291811094	17454	17454	cutsite_bigwig	motif_center	Myeloid
CEBPB	Dendritic_cell	198	0.0030134908548255647	17454	17454	cutsite_bigwig	motif_center	Myeloid
CEBPB	Dendritic_cell	199	0.003541524413901806	17454	17454	cutsite_bigwig	motif_center	Myeloid
CEBPB	Dendritic_cell	200	0.0032640545474971723	17454	17454	cutsite_bigwig	motif_center	Myeloid
CEBPB	Dendritic_cell	201	0.003381769047881219	17454	17454	cutsite_bigwig	motif_center	Myeloid
CEBPB	Dendritic_cell	202	0.0030017194129083524	17454	17454	cutsite_bigwig	motif_center	Myeloid
CEBPB	Dendritic_cell	203	0.003220332024585474	17454	17454	cutsite_bigwig	motif_center	Myeloid
CEBPB	Dendritic_cell	204	0.0030504868393464025	17454	17454	cutsite_bigwig	motif_center	Myeloid
CEBPB	Dendritic_cell	205	0.0033279567036166883	17454	17454	cutsite_bigwig	motif_center	Myeloid
CEBPB	Dendritic_cell	206	0.0036575572668286933	17454	17454	cutsite_bigwig	motif_center	Myeloid
CEBPB	Dendritic_cell	207	0.0033582261448376663	17454	17454	cutsite_bigwig	motif_center	Myeloid
CEBPB	Dendritic_cell	208	0.0033212301629847634	17454	17454	cutsite_bigwig	motif_center	Myeloid
CEBPB	Dendritic_cell	209	0.003321230159249655	17454	17454	cutsite_bigwig	motif_center	Myeloid
CEBPB	Dendritic_cell	210	0.0035734754978843787	17454	17454	cutsite_bigwig	motif_center	Myeloid
CEBPB	Dendritic_cell	211	0.0035331162368046113	17454	17454	cutsite_bigwig	motif_center	Myeloid
CEBPB	Dendritic_cell	212	0.0033245934278047806	17454	17454	cutsite_bigwig	motif_center	Myeloid
CEBPB	Dendritic_cell	213	0.0031614747952566982	17454	17454	cutsite_bigwig	motif_center	Myeloid
CEBPB	Dendritic_cell	214	0.0030050826855187386	17454	17454	cutsite_bigwig	motif_center	Myeloid
CEBPB	Dendritic_cell	215	0.0032220136625447865	17454	17454	cutsite_bigwig	motif_center	Myeloid
CEBPB	Dendritic_cell	216	0.002894094733877138	17454	17454	cutsite_bigwig	motif_center	Myeloid
CEBPB	Dendritic_cell	217	0.003280870917379016	17454	17454	cutsite_bigwig	motif_center	Myeloid
CEBPB	Dendritic_cell	218	0.0029462254383681606	17454	17454	cutsite_bigwig	motif_center	Myeloid
CEBPB	Dendritic_cell	219	0.003154748240538079	17454	17454	cutsite_bigwig	motif_center	Myeloid
CEBPB	Dendritic_cell	220	0.0028907314660690337	17454	17454	cutsite_bigwig	motif_center	Myeloid
CEBPB	Dendritic_cell	221	0.0027175230042710326	17454	17454	cutsite_bigwig	motif_center	Myeloid
CEBPB	Dendritic_cell	222	0.0030521684777325845	17454	17454	cutsite_bigwig	motif_center	Myeloid
CEBPB	Dendritic_cell	223	0.0032724627303571054	17454	17454	cutsite_bigwig	motif_center	Myeloid
CEBPB	Dendritic_cell	224	0.0034759406240916723	17454	17454	cutsite_bigwig	motif_center	Myeloid
CEBPB	Dendritic_cell	225	0.002978176515734256	17454	17454	cutsite_bigwig	motif_center	Myeloid
CEBPB	Dendritic_cell	226	0.00338513231419528	17454	17454	cutsite_bigwig	motif_center	Myeloid
CEBPB	Dendritic_cell	227	0.003132886978335208	17454	17454	cutsite_bigwig	motif_center	Myeloid
CEBPB	Dendritic_cell	228	0.003296005630412571	17454	17454	cutsite_bigwig	motif_center	Myeloid
CEBPB	Dendritic_cell	229	0.0030992542751755816	17454	17454	cutsite_bigwig	motif_center	Myeloid
CEBPB	Dendritic_cell	230	0.0029899479666157277	17454	17454	cutsite_bigwig	motif_center	Myeloid
CEBPB	Dendritic_cell	231	0.0031328869751336866	17454	17454	cutsite_bigwig	motif_center	Myeloid
CEBPB	Dendritic_cell	232	0.003477622262691289	17454	17454	cutsite_bigwig	motif_center	Myeloid
CEBPB	Dendritic_cell	233	0.0036743736250783427	17454	17454	cutsite_bigwig	motif_center	Myeloid
CEBPB	Dendritic_cell	234	0.003185017682079209	17454	17454	cutsite_bigwig	motif_center	Myeloid
CEBPB	Dendritic_cell	235	0.0032388300157787193	17454	17454	cutsite_bigwig	motif_center	Myeloid
CEBPB	Dendritic_cell	236	0.00339017720801035	17454	17454	cutsite_bigwig	motif_center	Myeloid
CEBPB	Dendritic_cell	237	0.0031749278694772017	17454	17454	cutsite_bigwig	motif_center	Myeloid
CEBPB	Dendritic_cell	238	0.003676055253433091	17454	17454	cutsite_bigwig	motif_center	Myeloid
CEBPB	Dendritic_cell	239	0.0029933112309021583	17454	17454	cutsite_bigwig	motif_center	Myeloid
CEBPB	Dendritic_cell	240	0.003292642356735011	17454	17454	cutsite_bigwig	motif_center	Myeloid
CEBPB	Dendritic_cell	241	0.003205197309097419	17454	17454	cutsite_bigwig	motif_center	Myeloid
CEBPB	Dendritic_cell	242	0.0030488052055490677	17454	17454	cutsite_bigwig	motif_center	Myeloid
CEBPB	Dendritic_cell	243	0.0033868139438306367	17454	17454	cutsite_bigwig	motif_center	Myeloid
CEBPB	Dendritic_cell	244	0.003331319977400966	17454	17454	cutsite_bigwig	motif_center	Myeloid
CEBPB	Dendritic_cell	245	0.003021899033843672	17454	17454	cutsite_bigwig	motif_center	Myeloid
CEBPB	Dendritic_cell	246	0.003385132310246737	17454	17454	cutsite_bigwig	motif_center	Myeloid
CEBPB	Dendritic_cell	247	0.0027292944567532656	17454	17454	cutsite_bigwig	motif_center	Myeloid
CEBPB	Dendritic_cell	248	0.0030841195724936126	17454	17454	cutsite_bigwig	motif_center	Myeloid
CEBPB	Dendritic_cell	249	0.0030437603051175197	17454	17454	cutsite_bigwig	motif_center	Myeloid
CEBPB	Mixed_myeloid	-250	0.003048477366769848	17454	17454	cutsite_bigwig	motif_center	Myeloid
CEBPB	Mixed_myeloid	-249	0.0032221696791922606	17454	17454	cutsite_bigwig	motif_center	Myeloid
CEBPB	Mixed_myeloid	-248	0.0035128384368402162	17454	17454	cutsite_bigwig	motif_center	Myeloid
CEBPB	Mixed_myeloid	-247	0.003199719643010926	17454	17454	cutsite_bigwig	motif_center	Myeloid
CEBPB	Mixed_myeloid	-246	0.0028251586690027715	17454	17454	cutsite_bigwig	motif_center	Myeloid
CEBPB	Mixed_myeloid	-245	0.0033450540468067708	17454	17454	cutsite_bigwig	motif_center	Myeloid
CEBPB	Mixed_myeloid	-244	0.0035163831788334932	17454	17454	cutsite_bigwig	motif_center	Myeloid
CEBPB	Mixed_myeloid	-243	0.0036829860290396974	17454	17454	cutsite_bigwig	motif_center	Myeloid
CEBPB	Mixed_myeloid	-242	0.0035352884644841605	17454	17454	cutsite_bigwig	motif_center	Myeloid
CEBPB	Mixed_myeloid	-241	0.0031607274955984407	17454	17454	cutsite_bigwig	motif_center	Myeloid
CEBPB	Mixed_myeloid	-240	0.0032812486934889985	17454	17454	cutsite_bigwig	motif_center	Myeloid
CEBPB	Mixed_myeloid	-239	0.0031122826919142317	17454	17454	cutsite_bigwig	motif_center	Myeloid
CEBPB	Mixed_myeloid	-238	0.003070927385022663	17454	17454	cutsite_bigwig	motif_center	Myeloid
CEBPB	Mixed_myeloid	-237	0.0031855406835752074	17454	17454	cutsite_bigwig	motif_center	Myeloid
CEBPB	Mixed_myeloid	-236	0.0031843591113058824	17454	17454	cutsite_bigwig	motif_center	Myeloid
CEBPB	Mixed_myeloid	-235	0.0030839247717621867	17454	17454	cutsite_bigwig	motif_center	Myeloid
CEBPB	Mixed_myeloid	-234	0.0032540723447525392	17454	17454	cutsite_bigwig	motif_center	Myeloid
CEBPB	Mixed_myeloid	-233	0.0032257144216124075	17454	17454	cutsite_bigwig	motif_center	Myeloid
CEBPB	Mixed_myeloid	-232	0.0031571827604350757	17454	17454	cutsite_bigwig	motif_center	Myeloid
CEBPB	Mixed_myeloid	-231	0.003229259161471337	17454	17454	cutsite_bigwig	motif_center	Myeloid
CEBPB	Mixed_myeloid	-230	0.00303311682140498	17454	17454	cutsite_bigwig	motif_center	Myeloid
CEBPB	Mixed_myeloid	-229	0.002998850992523792	17454	17454	cutsite_bigwig	motif_center	Myeloid
CEBPB	Mixed_myeloid	-228	0.0032895197783451356	17454	17454	cutsite_bigwig	motif_center	Myeloid
CEBPB	Mixed_myeloid	-227	0.003476209477507072	17454	17454	cutsite_bigwig	motif_center	Myeloid
CEBPB	Mixed_myeloid	-226	0.00324934602792872	17454	17454	cutsite_bigwig	motif_center	Myeloid
CEBPB	Mixed_myeloid	-225	0.002768442819307552	17454	17454	cutsite_bigwig	motif_center	Myeloid
CEBPB	Mixed_myeloid	-224	0.0028428823772616795	17454	17454	cutsite_bigwig	motif_center	Myeloid
CEBPB	Mixed_myeloid	-223	0.0031264616718396873	17454	17454	cutsite_bigwig	motif_center	Myeloid
CEBPB	Mixed_myeloid	-222	0.0033285119202083172	17454	17454	cutsite_bigwig	motif_center	Myeloid
CEBPB	Mixed_myeloid	-221	0.0036699886371777397	17454	17454	cutsite_bigwig	motif_center	Myeloid
CEBPB	Mixed_myeloid	-220	0.0034100409604415215	17454	17454	cutsite_bigwig	motif_center	Myeloid
CEBPB	Mixed_myeloid	-219	0.0034998410705904294	17454	17454	cutsite_bigwig	motif_center	Myeloid
CEBPB	Mixed_myeloid	-218	0.0028866008602802433	17454	17454	cutsite_bigwig	motif_center	Myeloid
CEBPB	Mixed_myeloid	-217	0.003311969775254475	17454	17454	cutsite_bigwig	motif_center	Myeloid
CEBPB	Mixed_myeloid	-216	0.0035565569181513017	17454	17454	cutsite_bigwig	motif_center	Myeloid
CEBPB	Mixed_myeloid	-215	0.0028180691918461296	17454	17454	cutsite_bigwig	motif_center	Myeloid
CEBPB	Mixed_myeloid	-214	0.003159545922475376	17454	17454	cutsite_bigwig	motif_center	Myeloid
CEBPB	Mixed_myeloid	-213	0.0028546981849019654	17454	17454	cutsite_bigwig	motif_center	Myeloid
CEBPB	Mixed_myeloid	-212	0.0032599802530548123	17454	17454	cutsite_bigwig	motif_center	Myeloid
CEBPB	Mixed_myeloid	-211	0.00319026700680207	17454	17454	cutsite_bigwig	motif_center	Myeloid
CEBPB	Mixed_myeloid	-210	0.003193811756905868	17454	17454	cutsite_bigwig	motif_center	Myeloid
CEBPB	Mixed_myeloid	-209	0.0032434381409699228	17454	17454	cutsite_bigwig	motif_center	Myeloid
CEBPB	Mixed_myeloid	-208	0.0030331168269542835	17454	17454	cutsite_bigwig	motif_center	Myeloid
CEBPB	Mixed_myeloid	-207	0.0032458012752637046	17454	17454	cutsite_bigwig	motif_center	Myeloid
CEBPB	Mixed_myeloid	-206	0.0032375302305333023	17454	17454	cutsite_bigwig	motif_center	Myeloid
CEBPB	Mixed_myeloid	-205	0.0036558096666434135	17454	17454	cutsite_bigwig	motif_center	Myeloid
CEBPB	Mixed_myeloid	-204	0.0032788855369980017	17454	17454	cutsite_bigwig	motif_center	Myeloid
CEBPB	Mixed_myeloid	-203	0.0032895197732227014	17454	17454	cutsite_bigwig	motif_center	Myeloid
CEBPB	Mixed_myeloid	-202	0.0030969221503911893	17454	17454	cutsite_bigwig	motif_center	Myeloid
CEBPB	Mixed_myeloid	-201	0.0032540723481674955	17454	17454	cutsite_bigwig	motif_center	Myeloid
CEBPB	Mixed_myeloid	-200	0.003372230390847665	17454	17454	cutsite_bigwig	motif_center	Myeloid
CEBPB	Mixed_myeloid	-199	0.003438398884435392	17454	17454	cutsite_bigwig	motif_center	Myeloid
CEBPB	Mixed_myeloid	-198	0.003782238781373635	17454	17454	cutsite_bigwig	motif_center	Myeloid
CEBPB	Mixed_myeloid	-197	0.0032930645015561543	17454	17454	cutsite_bigwig	motif_center	Myeloid
CEBPB	Mixed_myeloid	-196	0.003282430278564409	17454	17454	cutsite_bigwig	motif_center	Myeloid
CEBPB	Mixed_myeloid	-195	0.003082743187540515	17454	17454	cutsite_bigwig	motif_center	Myeloid
CEBPB	Mixed_myeloid	-194	0.0030201194367998037	17454	17454	cutsite_bigwig	motif_center	Myeloid
CEBPB	Mixed_myeloid	-193	0.0029811272893873184	17454	17454	cutsite_bigwig	motif_center	Myeloid
CEBPB	Mixed_myeloid	-192	0.003096922162343536	17454	17454	cutsite_bigwig	motif_center	Myeloid
CEBPB	Mixed_myeloid	-191	0.003274159214624878	17454	17454	cutsite_bigwig	motif_center	Myeloid
CEBPB	Mixed_myeloid	-190	0.0031300064142598337	17454	17454	cutsite_bigwig	motif_center	Myeloid
CEBPB	Mixed_myeloid	-189	0.0030342983975161306	17454	17454	cutsite_bigwig	motif_center	Myeloid
CEBPB	Mixed_myeloid	-188	0.0031205537596955884	17454	17454	cutsite_bigwig	motif_center	Myeloid
CEBPB	Mixed_myeloid	-187	0.0032635249924868725	17454	17454	cutsite_bigwig	motif_center	Myeloid
CEBPB	Mixed_myeloid	-186	0.0031418222048253393	17454	17454	cutsite_bigwig	motif_center	Myeloid
CEBPB	Mixed_myeloid	-185	0.003124098509372517	17454	17454	cutsite_bigwig	motif_center	Myeloid
CEBPB	Mixed_myeloid	-184	0.0030555668452070983	17454	17454	cutsite_bigwig	motif_center	Myeloid
CEBPB	Mixed_myeloid	-183	0.0029326824878374573	17454	17454	cutsite_bigwig	motif_center	Myeloid
CEBPB	Mixed_myeloid	-182	0.0028972350755883365	17454	17454	cutsite_bigwig	motif_center	Myeloid
CEBPB	Mixed_myeloid	-181	0.0029752193674252208	17454	17454	cutsite_bigwig	motif_center	Myeloid
CEBPB	Mixed_myeloid	-180	0.003228077575542187	17454	17454	cutsite_bigwig	motif_center	Myeloid
CEBPB	Mixed_myeloid	-179	0.0032009012195489462	17454	17454	cutsite_bigwig	motif_center	Myeloid
CEBPB	Mixed_myeloid	-178	0.0030307536589378094	17454	17454	cutsite_bigwig	motif_center	Myeloid
CEBPB	Mixed_myeloid	-177	0.0029657667350581904	17454	17454	cutsite_bigwig	motif_center	Myeloid
CEBPB	Mixed_myeloid	-176	0.003061474744971981	17454	17454	cutsite_bigwig	motif_center	Myeloid
CEBPB	Mixed_myeloid	-175	0.0032079907146341084	17454	17454	cutsite_bigwig	motif_center	Myeloid
CEBPB	Mixed_myeloid	-174	0.0031749064622909407	17454	17454	cutsite_bigwig	motif_center	Myeloid
CEBPB	Mixed_myeloid	-173	0.0034714831504383844	17454	17454	cutsite_bigwig	motif_center	Myeloid
CEBPB	Mixed_myeloid	-172	0.0032883381749143356	17454	17454	cutsite_bigwig	motif_center	Myeloid
CEBPB	Mixed_myeloid	-171	0.0027861665241515035	17454	17454	cutsite_bigwig	motif_center	Myeloid
CEBPB	Mixed_myeloid	-170	0.0029444982839522665	17454	17454	cutsite_bigwig	motif_center	Myeloid
CEBPB	Mixed_myeloid	-169	0.003003577318738741	17454	17454	cutsite_bigwig	motif_center	Myeloid
CEBPB	Mixed_myeloid	-168	0.0033757751183273784	17454	17454	cutsite_bigwig	motif_center	Myeloid
CEBPB	Mixed_myeloid	-167	0.0032706144769002964	17454	17454	cutsite_bigwig	motif_center	Myeloid
CEBPB	Mixed_myeloid	-166	0.0031347327344986094	17454	17454	cutsite_bigwig	motif_center	Myeloid
CEBPB	Mixed_myeloid	-165	0.0030354799796034546	17454	17454	cutsite_bigwig	motif_center	Myeloid
CEBPB	Mixed_myeloid	-164	0.0033249671645552157	17454	17454	cutsite_bigwig	motif_center	Myeloid
CEBPB	Mixed_myeloid	-163	0.003105193216038198	17454	17454	cutsite_bigwig	motif_center	Myeloid
CEBPB	Mixed_myeloid	-162	0.003277703957045025	17454	17454	cutsite_bigwig	motif_center	Myeloid
CEBPB	Mixed_myeloid	-161	0.0033320566498223785	17454	17454	cutsite_bigwig	motif_center	Myeloid
CEBPB	Mixed_myeloid	-160	0.0029716746412261157	17454	17454	cutsite_bigwig	motif_center	Myeloid
CEBPB	Mixed_myeloid	-159	0.0031264616731202957	17454	17454	cutsite_bigwig	motif_center	Myeloid
CEBPB	Mixed_myeloid	-158	0.0031335511400320693	17454	17454	cutsite_bigwig	motif_center	Myeloid
CEBPB	Mixed_myeloid	-157	0.0035967306591765886	17454	17454	cutsite_bigwig	motif_center	Myeloid
CEBPB	Mixed_myeloid	-156	0.0034194935975041165	17454	17454	cutsite_bigwig	motif_center	Myeloid
CEBPB	Mixed_myeloid	-155	0.003368685650561866	17454	17454	cutsite_bigwig	motif_center	Myeloid
CEBPB	Mixed_myeloid	-154	0.0036853491693096528	17454	17454	cutsite_bigwig	motif_center	Myeloid
CEBPB	Mixed_myeloid	-153	0.0032505276112966526	17454	17454	cutsite_bigwig	motif_center	Myeloid
CEBPB	Mixed_myeloid	-152	0.003133551144727634	17454	17454	cutsite_bigwig	motif_center	Myeloid
CEBPB	Mixed_myeloid	-151	0.003268251306322605	17454	17454	cutsite_bigwig	motif_center	Myeloid
CEBPB	Mixed_myeloid	-150	0.0033934988300012426	17454	17454	cutsite_bigwig	motif_center	Myeloid
CEBPB	Mixed_myeloid	-149	0.003207990698839936	17454	17454	cutsite_bigwig	motif_center	Myeloid
CEBPB	Mixed_myeloid	-148	0.0031276432458164903	17454	17454	cutsite_bigwig	motif_center	Myeloid
CEBPB	Mixed_myeloid	-147	0.002975219378950698	17454	17454	cutsite_bigwig	motif_center	Myeloid
CEBPB	Mixed_myeloid	-146	0.0030272089054190553	17454	17454	cutsite_bigwig	motif_center	Myeloid
CEBPB	Mixed_myeloid	-145	0.003654628085836698	17454	17454	cutsite_bigwig	motif_center	Myeloid
CEBPB	Mixed_myeloid	-144	0.0032375302245571287	17454	17454	cutsite_bigwig	motif_center	Myeloid
CEBPB	Mixed_myeloid	-143	0.0036038201423094036	17454	17454	cutsite_bigwig	motif_center	Myeloid
CEBPB	Mixed_myeloid	-142	0.0036676254747105693	17454	17454	cutsite_bigwig	motif_center	Myeloid
CEBPB	Mixed_myeloid	-141	0.003170180149308947	17454	17454	cutsite_bigwig	motif_center	Myeloid
CEBPB	Mixed_myeloid	-140	0.0033639593239200476	17454	17454	cutsite_bigwig	motif_center	Myeloid
CEBPB	Mixed_myeloid	-139	0.0037054360464387733	17454	17454	cutsite_bigwig	motif_center	Myeloid
CEBPB	Mixed_myeloid	-138	0.003915757347648327	17454	17454	cutsite_bigwig	motif_center	Myeloid
CEBPB	Mixed_myeloid	-137	0.003302517149290487	17454	17454	cutsite_bigwig	motif_center	Myeloid
CEBPB	Mixed_myeloid	-136	0.0032859750248263814	17454	17454	cutsite_bigwig	motif_center	Myeloid
CEBPB	Mixed_myeloid	-135	0.0038318651376911712	17454	17454	cutsite_bigwig	motif_center	Myeloid
CEBPB	Mixed_myeloid	-134	0.0035022042245202094	17454	17454	cutsite_bigwig	motif_center	Myeloid
CEBPB	Mixed_myeloid	-133	0.003751517697473811	17454	17454	cutsite_bigwig	motif_center	Myeloid
CEBPB	Mixed_myeloid	-132	0.003602638546135385	17454	17454	cutsite_bigwig	motif_center	Myeloid
CEBPB	Mixed_myeloid	-131	0.004097720731267053	17454	17454	cutsite_bigwig	motif_center	Myeloid
CEBPB	Mixed_myeloid	-130	0.0037255229146036344	17454	17454	cutsite_bigwig	motif_center	Myeloid
CEBPB	Mixed_myeloid	-129	0.0036191806693188825	17454	17454	cutsite_bigwig	motif_center	Myeloid
CEBPB	Mixed_myeloid	-128	0.003048477360366805	17454	17454	cutsite_bigwig	motif_center	Myeloid
CEBPB	Mixed_myeloid	-127	0.0033793198688580463	17454	17454	cutsite_bigwig	motif_center	Myeloid
CEBPB	Mixed_myeloid	-126	0.0037255229278365895	17454	17454	cutsite_bigwig	motif_center	Myeloid
CEBPB	Mixed_myeloid	-125	0.003641630701231522	17454	17454	cutsite_bigwig	motif_center	Myeloid
CEBPB	Mixed_myeloid	-124	0.0036676254759911778	17454	17454	cutsite_bigwig	motif_center	Myeloid
CEBPB	Mixed_myeloid	-123	0.003524654250883545	17454	17454	cutsite_bigwig	motif_center	Myeloid
CEBPB	Mixed_myeloid	-122	0.003384046195926734	17454	17454	cutsite_bigwig	motif_center	Myeloid
CEBPB	Mixed_myeloid	-121	0.0038129598665540675	17454	17454	cutsite_bigwig	motif_center	Myeloid
CEBPB	Mixed_myeloid	-120	0.0043115867693474495	17454	17454	cutsite_bigwig	motif_center	Myeloid
CEBPB	Mixed_myeloid	-119	0.00386849413715005	17454	17454	cutsite_bigwig	motif_center	Myeloid
CEBPB	Mixed_myeloid	-118	0.003480935777256111	17454	17454	cutsite_bigwig	motif_center	Myeloid
CEBPB	Mixed_myeloid	-117	0.0038082335484496393	17454	17454	cutsite_bigwig	motif_center	Myeloid
CEBPB	Mixed_myeloid	-116	0.003978381120586253	17454	17454	cutsite_bigwig	motif_center	Myeloid
CEBPB	Mixed_myeloid	-115	0.003525835839373912	17454	17454	cutsite_bigwig	motif_center	Myeloid
CEBPB	Mixed_myeloid	-114	0.003294246080228522	17454	17454	cutsite_bigwig	motif_center	Myeloid
CEBPB	Mixed_myeloid	-113	0.0036357228040278565	17454	17454	cutsite_bigwig	motif_center	Myeloid
CEBPB	Mixed_myeloid	-112	0.003840136222974178	17454	17454	cutsite_bigwig	motif_center	Myeloid
CEBPB	Mixed_myeloid	-111	0.00391103102911703	17454	17454	cutsite_bigwig	motif_center	Myeloid
CEBPB	Mixed_myeloid	-110	0.004065818062718688	17454	17454	cutsite_bigwig	motif_center	Myeloid
CEBPB	Mixed_myeloid	-109	0.004452194837537215	17454	17454	cutsite_bigwig	motif_center	Myeloid
CEBPB	Mixed_myeloid	-108	0.003854315181983027	17454	17454	cutsite_bigwig	motif_center	Myeloid
CEBPB	Mixed_myeloid	-107	0.0037621519029639055	17454	17454	cutsite_bigwig	motif_center	Myeloid
CEBPB	Mixed_myeloid	-106	0.003977199535937712	17454	17454	cutsite_bigwig	motif_center	Myeloid
CEBPB	Mixed_myeloid	-105	0.004120170757630388	17454	17454	cutsite_bigwig	motif_center	Myeloid
CEBPB	Mixed_myeloid	-104	0.004456921179546337	17454	17454	cutsite_bigwig	motif_center	Myeloid
CEBPB	Mixed_myeloid	-103	0.0042891367540827206	17454	17454	cutsite_bigwig	motif_center	Myeloid
CEBPB	Mixed_myeloid	-102	0.004036278560906188	17454	17454	cutsite_bigwig	motif_center	Myeloid
CEBPB	Mixed_myeloid	-101	0.003866130977244097	17454	17454	cutsite_bigwig	motif_center	Myeloid
CEBPB	Mixed_myeloid	-100	0.004146165519583959	17454	17454	cutsite_bigwig	motif_center	Myeloid
CEBPB	Mixed_myeloid	-99	0.004401386879069488	17454	17454	cutsite_bigwig	motif_center	Myeloid
CEBPB	Mixed_myeloid	-98	0.004054002257212749	17454	17454	cutsite_bigwig	motif_center	Myeloid
CEBPB	Mixed_myeloid	-97	0.00399019692779967	17454	17454	cutsite_bigwig	motif_center	Myeloid
CEBPB	Mixed_myeloid	-96	0.004130804983183351	17454	17454	cutsite_bigwig	motif_center	Myeloid
CEBPB	Mixed_myeloid	-95	0.004753497844642826	17454	17454	cutsite_bigwig	motif_center	Myeloid
CEBPB	Mixed_myeloid	-94	0.0050370771264147485	17454	17454	cutsite_bigwig	motif_center	Myeloid
CEBPB	Mixed_myeloid	-93	0.004520726517069936	17454	17454	cutsite_bigwig	motif_center	Myeloid
CEBPB	Mixed_myeloid	-92	0.004803124216754534	17454	17454	cutsite_bigwig	motif_center	Myeloid
CEBPB	Mixed_myeloid	-91	0.00493309805811073	17454	17454	cutsite_bigwig	motif_center	Myeloid
CEBPB	Mixed_myeloid	-90	0.0049472770192539265	17454	17454	cutsite_bigwig	motif_center	Myeloid
CEBPB	Mixed_myeloid	-89	0.004998084983697828	17454	17454	cutsite_bigwig	motif_center	Myeloid
CEBPB	Mixed_myeloid	-88	0.004891742753353509	17454	17454	cutsite_bigwig	motif_center	Myeloid
CEBPB	Mixed_myeloid	-87	0.004976816530030686	17454	17454	cutsite_bigwig	motif_center	Myeloid
CEBPB	Mixed_myeloid	-86	0.004487642248505727	17454	17454	cutsite_bigwig	motif_center	Myeloid
CEBPB	Mixed_myeloid	-85	0.004527815986969797	17454	17454	cutsite_bigwig	motif_center	Myeloid
CEBPB	Mixed_myeloid	-84	0.0049212822611421824	17454	17454	cutsite_bigwig	motif_center	Myeloid
CEBPB	Mixed_myeloid	-83	0.0049827244366254814	17454	17454	cutsite_bigwig	motif_center	Myeloid
CEBPB	Mixed_myeloid	-82	0.005141056214354764	17454	17454	cutsite_bigwig	motif_center	Myeloid
CEBPB	Mixed_myeloid	-81	0.005236764210181861	17454	17454	cutsite_bigwig	motif_center	Myeloid
CEBPB	Mixed_myeloid	-80	0.005743662184171556	17454	17454	cutsite_bigwig	motif_center	Myeloid
CEBPB	Mixed_myeloid	-79	0.005922080830919438	17454	17454	cutsite_bigwig	motif_center	Myeloid
CEBPB	Mixed_myeloid	-78	0.004961455988934513	17454	17454	cutsite_bigwig	motif_center	Myeloid
CEBPB	Mixed_myeloid	-77	0.004752316257433068	17454	17454	cutsite_bigwig	motif_center	Myeloid
CEBPB	Mixed_myeloid	-76	0.00449236857215946	17454	17454	cutsite_bigwig	motif_center	Myeloid
CEBPB	Mixed_myeloid	-75	0.004786582092290429	17454	17454	cutsite_bigwig	motif_center	Myeloid
CEBPB	Mixed_myeloid	-74	0.0055723330350700515	17454	17454	cutsite_bigwig	motif_center	Myeloid
CEBPB	Mixed_myeloid	-73	0.00569403581803602	17454	17454	cutsite_bigwig	motif_center	Myeloid
CEBPB	Mixed_myeloid	-72	0.004871655869394476	17454	17454	cutsite_bigwig	motif_center	Myeloid
CEBPB	Mixed_myeloid	-71	0.005132785136328539	17454	17454	cutsite_bigwig	motif_center	Myeloid
CEBPB	Mixed_myeloid	-70	0.005232037890369955	17454	17454	cutsite_bigwig	motif_center	Myeloid
CEBPB	Mixed_myeloid	-69	0.004909466454355635	17454	17454	cutsite_bigwig	motif_center	Myeloid
CEBPB	Mixed_myeloid	-68	0.004845661122808208	17454	17454	cutsite_bigwig	motif_center	Myeloid
CEBPB	Mixed_myeloid	-67	0.004959092830309169	17454	17454	cutsite_bigwig	motif_center	Myeloid
CEBPB	Mixed_myeloid	-66	0.005282845847130204	17454	17454	cutsite_bigwig	motif_center	Myeloid
CEBPB	Mixed_myeloid	-65	0.0054340881319086725	17454	17454	cutsite_bigwig	motif_center	Myeloid
CEBPB	Mixed_myeloid	-64	0.005984704597454322	17454	17454	cutsite_bigwig	motif_center	Myeloid
CEBPB	Mixed_myeloid	-63	0.0050618903250632535	17454	17454	cutsite_bigwig	motif_center	Myeloid
CEBPB	Mixed_myeloid	-62	0.005148145677851582	17454	17454	cutsite_bigwig	motif_center	Myeloid
CEBPB	Mixed_myeloid	-61	0.004948458604756207	17454	17454	cutsite_bigwig	motif_center	Myeloid
CEBPB	Mixed_myeloid	-60	0.00573775429550528	17454	17454	cutsite_bigwig	motif_center	Myeloid
CEBPB	Mixed_myeloid	-59	0.005755477986689407	17454	17454	cutsite_bigwig	motif_center	Myeloid
CEBPB	Mixed_myeloid	-58	0.005455356585575814	17454	17454	cutsite_bigwig	motif_center	Myeloid
CEBPB	Mixed_myeloid	-57	0.005311203772404684	17454	17454	cutsite_bigwig	motif_center	Myeloid
CEBPB	Mixed_myeloid	-56	0.005657406817296533	17454	17454	cutsite_bigwig	motif_center	Myeloid
CEBPB	Mixed_myeloid	-55	0.005422272350307427	17454	17454	cutsite_bigwig	motif_center	Myeloid
CEBPB	Mixed_myeloid	-54	0.0049212822530316615	17454	17454	cutsite_bigwig	motif_center	Myeloid
CEBPB	Mixed_myeloid	-53	0.005020535007073077	17454	17454	cutsite_bigwig	motif_center	Myeloid
CEBPB	Mixed_myeloid	-52	0.005276937940962279	17454	17454	cutsite_bigwig	motif_center	Myeloid
CEBPB	Mixed_myeloid	-51	0.0058594570746294235	17454	17454	cutsite_bigwig	motif_center	Myeloid
CEBPB	Mixed_myeloid	-50	0.005439996053017032	17454	17454	cutsite_bigwig	motif_center	Myeloid
CEBPB	Mixed_myeloid	-49	0.00550380137389272	17454	17454	cutsite_bigwig	motif_center	Myeloid
CEBPB	Mixed_myeloid	-48	0.00509142982047271	17454	17454	cutsite_bigwig	motif_center	Myeloid
CEBPB	Mixed_myeloid	-47	0.005014627097917065	17454	17454	cutsite_bigwig	motif_center	Myeloid
CEBPB	Mixed_myeloid	-46	0.0057460253419431605	17454	17454	cutsite_bigwig	motif_center	Myeloid
CEBPB	Mixed_myeloid	-45	0.005992975647734027	17454	17454	cutsite_bigwig	motif_center	Myeloid
CEBPB	Mixed_myeloid	-44	0.005961072985161835	17454	17454	cutsite_bigwig	motif_center	Myeloid
CEBPB	Mixed_myeloid	-43	0.005444722375817024	17454	17454	cutsite_bigwig	motif_center	Myeloid
CEBPB	Mixed_myeloid	-42	0.005353740679312096	17454	17454	cutsite_bigwig	motif_center	Myeloid
CEBPB	Mixed_myeloid	-41	0.005439996032527294	17454	17454	cutsite_bigwig	motif_center	Myeloid
CEBPB	Mixed_myeloid	-40	0.006312002351573069	17454	17454	cutsite_bigwig	motif_center	Myeloid
CEBPB	Mixed_myeloid	-39	0.006762184475440674	17454	17454	cutsite_bigwig	motif_center	Myeloid
CEBPB	Mixed_myeloid	-38	0.006976050517789766	17454	17454	cutsite_bigwig	motif_center	Myeloid
CEBPB	Mixed_myeloid	-37	0.006981958412432214	17454	17454	cutsite_bigwig	motif_center	Myeloid
CEBPB	Mixed_myeloid	-36	0.006204478531884644	17454	17454	cutsite_bigwig	motif_center	Myeloid
CEBPB	Mixed_myeloid	-35	0.0066038526985651306	17454	17454	cutsite_bigwig	motif_center	Myeloid
CEBPB	Mixed_myeloid	-34	0.0077913409679311926	17454	17454	cutsite_bigwig	motif_center	Myeloid
CEBPB	Mixed_myeloid	-33	0.007082392760513301	17454	17454	cutsite_bigwig	motif_center	Myeloid
CEBPB	Mixed_myeloid	-32	0.008683434169228522	17454	17454	cutsite_bigwig	motif_center	Myeloid
CEBPB	Mixed_myeloid	-31	0.008112730824419405	17454	17454	cutsite_bigwig	motif_center	Myeloid
CEBPB	Mixed_myeloid	-30	0.007560932794714952	17454	17454	cutsite_bigwig	motif_center	Myeloid
CEBPB	Mixed_myeloid	-29	0.00905090565284708	17454	17454	cutsite_bigwig	motif_center	Myeloid
CEBPB	Mixed_myeloid	-28	0.007264356130899071	17454	17454	cutsite_bigwig	motif_center	Myeloid
CEBPB	Mixed_myeloid	-27	0.007676727677916038	17454	17454	cutsite_bigwig	motif_center	Myeloid
CEBPB	Mixed_myeloid	-26	0.00861135775069061	17454	17454	cutsite_bigwig	motif_center	Myeloid
CEBPB	Mixed_myeloid	-25	0.009205692696266737	17454	17454	cutsite_bigwig	motif_center	Myeloid
CEBPB	Mixed_myeloid	-24	0.010185222816645545	17454	17454	cutsite_bigwig	motif_center	Myeloid
CEBPB	Mixed_myeloid	-23	0.008954016060845964	17454	17454	cutsite_bigwig	motif_center	Myeloid
CEBPB	Mixed_myeloid	-22	0.008100915035134508	17454	17454	cutsite_bigwig	motif_center	Myeloid
CEBPB	Mixed_myeloid	-21	0.008522739210676679	17454	17454	cutsite_bigwig	motif_center	Myeloid
CEBPB	Mixed_myeloid	-20	0.009783485454628937	17454	17454	cutsite_bigwig	motif_center	Myeloid
CEBPB	Mixed_myeloid	-19	0.011201381935629496	17454	17454	cutsite_bigwig	motif_center	Myeloid
CEBPB	Mixed_myeloid	-18	0.006686563329849919	17454	17454	cutsite_bigwig	motif_center	Myeloid
CEBPB	Mixed_myeloid	-17	0.004525452825356366	17454	17454	cutsite_bigwig	motif_center	Myeloid
CEBPB	Mixed_myeloid	-16	0.0036451754594458412	17454	17454	cutsite_bigwig	motif_center	Myeloid
CEBPB	Mixed_myeloid	-15	0.003575462216181185	17454	17454	cutsite_bigwig	motif_center	Myeloid
CEBPB	Mixed_myeloid	-14	0.005545156701274026	17454	17454	cutsite_bigwig	motif_center	Myeloid
CEBPB	Mixed_myeloid	-13	0.005171777295693371	17454	17454	cutsite_bigwig	motif_center	Myeloid
CEBPB	Mixed_myeloid	-12	0.0043293105019379195	17454	17454	cutsite_bigwig	motif_center	Myeloid
CEBPB	Mixed_myeloid	-11	0.0049460954452771235	17454	17454	cutsite_bigwig	motif_center	Myeloid
CEBPB	Mixed_myeloid	-10	0.005240308954736355	17454	17454	cutsite_bigwig	motif_center	Myeloid
CEBPB	Mixed_myeloid	-9	0.01046171262552952	17454	17454	cutsite_bigwig	motif_center	Myeloid
CEBPB	Mixed_myeloid	-8	0.008045380761977309	17454	17454	cutsite_bigwig	motif_center	Myeloid
CEBPB	Mixed_myeloid	-7	0.0033036987232672906	17454	17454	cutsite_bigwig	motif_center	Myeloid
CEBPB	Mixed_myeloid	-6	0.00323516706123622	17454	17454	cutsite_bigwig	motif_center	Myeloid
CEBPB	Mixed_myeloid	-5	0.0014805202116784026	17454	17454	cutsite_bigwig	motif_center	Myeloid
CEBPB	Mixed_myeloid	-4	0.006441976209577176	17454	17454	cutsite_bigwig	motif_center	Myeloid
CEBPB	Mixed_myeloid	-3	0.005965799316926089	17454	17454	cutsite_bigwig	motif_center	Myeloid
CEBPB	Mixed_myeloid	-2	0.0019578786847093362	17454	17454	cutsite_bigwig	motif_center	Myeloid
CEBPB	Mixed_myeloid	-1	0.0024647766663826822	17454	17454	cutsite_bigwig	motif_center	Myeloid
CEBPB	Mixed_myeloid	0	0.002322987021228026	17454	17454	cutsite_bigwig	motif_center	Myeloid
CEBPB	Mixed_myeloid	1	0.006668839634397097	17454	17454	cutsite_bigwig	motif_center	Myeloid
CEBPB	Mixed_myeloid	2	0.006306094447966361	17454	17454	cutsite_bigwig	motif_center	Myeloid
CEBPB	Mixed_myeloid	3	0.0014332569947770825	17454	17454	cutsite_bigwig	motif_center	Myeloid
CEBPB	Mixed_myeloid	4	0.002940953556045683	17454	17454	cutsite_bigwig	motif_center	Myeloid
CEBPB	Mixed_myeloid	5	0.0027235427670077497	17454	17454	cutsite_bigwig	motif_center	Myeloid
CEBPB	Mixed_myeloid	6	0.007754711987254572	17454	17454	cutsite_bigwig	motif_center	Myeloid
CEBPB	Mixed_myeloid	7	0.009355753392127969	17454	17454	cutsite_bigwig	motif_center	Myeloid
CEBPB	Mixed_myeloid	8	0.005037077131537182	17454	17454	cutsite_bigwig	motif_center	Myeloid
CEBPB	Mixed_myeloid	9	0.004590439753077811	17454	17454	cutsite_bigwig	motif_center	Myeloid
CEBPB	Mixed_myeloid	10	0.003586096435757974	17454	17454	cutsite_bigwig	motif_center	Myeloid
CEBPB	Mixed_myeloid	11	0.0045916213347382655	17454	17454	cutsite_bigwig	motif_center	Myeloid
CEBPB	Mixed_myeloid	12	0.005019353424985753	17454	17454	cutsite_bigwig	motif_center	Myeloid
CEBPB	Mixed_myeloid	13	0.00395711266905346	17454	17454	cutsite_bigwig	motif_center	Myeloid
CEBPB	Mixed_myeloid	14	0.004134349717066107	17454	17454	cutsite_bigwig	motif_center	Myeloid
CEBPB	Mixed_myeloid	15	0.0048976506356167415	17454	17454	cutsite_bigwig	motif_center	Myeloid
CEBPB	Mixed_myeloid	16	0.00641598142585326	17454	17454	cutsite_bigwig	motif_center	Myeloid
CEBPB	Mixed_myeloid	17	0.010948523713425836	17454	17454	cutsite_bigwig	motif_center	Myeloid
CEBPB	Mixed_myeloid	18	0.009976083087278449	17454	17454	cutsite_bigwig	motif_center	Myeloid
CEBPB	Mixed_myeloid	19	0.00908753464974474	17454	17454	cutsite_bigwig	motif_center	Myeloid
CEBPB	Mixed_myeloid	20	0.008678707813986445	17454	17454	cutsite_bigwig	motif_center	Myeloid
CEBPB	Mixed_myeloid	21	0.008792139565028098	17454	17454	cutsite_bigwig	motif_center	Myeloid
CEBPB	Mixed_myeloid	22	0.010192312293802188	17454	17454	cutsite_bigwig	motif_center	Myeloid
CEBPB	Mixed_myeloid	23	0.009078081996887973	17454	17454	cutsite_bigwig	motif_center	Myeloid
CEBPB	Mixed_myeloid	24	0.009049724064783582	17454	17454	cutsite_bigwig	motif_center	Myeloid
CEBPB	Mixed_myeloid	25	0.007926041140197902	17454	17454	cutsite_bigwig	motif_center	Myeloid
CEBPB	Mixed_myeloid	26	0.007272627173921995	17454	17454	cutsite_bigwig	motif_center	Myeloid
CEBPB	Mixed_myeloid	27	0.007922496404607668	17454	17454	cutsite_bigwig	motif_center	Myeloid
CEBPB	Mixed_myeloid	28	0.007762983040095496	17454	17454	cutsite_bigwig	motif_center	Myeloid
CEBPB	Mixed_myeloid	29	0.008527465555247018	17454	17454	cutsite_bigwig	motif_center	Myeloid
CEBPB	Mixed_myeloid	30	0.009432556102304398	17454	17454	cutsite_bigwig	motif_center	Myeloid
CEBPB	Mixed_myeloid	31	0.00840576274453453	17454	17454	cutsite_bigwig	motif_center	Myeloid
CEBPB	Mixed_myeloid	32	0.0075727486168688015	17454	17454	cutsite_bigwig	motif_center	Myeloid
CEBPB	Mixed_myeloid	33	0.0062186575011383615	17454	17454	cutsite_bigwig	motif_center	Myeloid
CEBPB	Mixed_myeloid	34	0.0067503686596898675	17454	17454	cutsite_bigwig	motif_center	Myeloid
CEBPB	Mixed_myeloid	35	0.006928787321378183	17454	17454	cutsite_bigwig	motif_center	Myeloid
CEBPB	Mixed_myeloid	36	0.006737371284048951	17454	17454	cutsite_bigwig	motif_center	Myeloid
CEBPB	Mixed_myeloid	37	0.007568022286812027	17454	17454	cutsite_bigwig	motif_center	Myeloid
CEBPB	Mixed_myeloid	38	0.006192662739611661	17454	17454	cutsite_bigwig	motif_center	Myeloid
CEBPB	Mixed_myeloid	39	0.005618414669030308	17454	17454	cutsite_bigwig	motif_center	Myeloid
CEBPB	Mixed_myeloid	40	0.005096156152236963	17454	17454	cutsite_bigwig	motif_center	Myeloid
CEBPB	Mixed_myeloid	41	0.005844096528410816	17454	17454	cutsite_bigwig	motif_center	Myeloid
CEBPB	Mixed_myeloid	42	0.006050873088907701	17454	17454	cutsite_bigwig	motif_center	Myeloid
CEBPB	Mixed_myeloid	43	0.005637319958522801	17454	17454	cutsite_bigwig	motif_center	Myeloid
CEBPB	Mixed_myeloid	44	0.00614658110906636	17454	17454	cutsite_bigwig	motif_center	Myeloid
CEBPB	Mixed_myeloid	45	0.00581692017711314	17454	17454	cutsite_bigwig	motif_center	Myeloid
CEBPB	Mixed_myeloid	46	0.005898449221188169	17454	17454	cutsite_bigwig	motif_center	Myeloid
CEBPB	Mixed_myeloid	47	0.005637319960657149	17454	17454	cutsite_bigwig	motif_center	Myeloid
CEBPB	Mixed_myeloid	48	0.005720030586392633	17454	17454	cutsite_bigwig	motif_center	Myeloid
CEBPB	Mixed_myeloid	49	0.005828735983899687	17454	17454	cutsite_bigwig	motif_center	Myeloid
CEBPB	Mixed_myeloid	50	0.0057283016400872955	17454	17454	cutsite_bigwig	motif_center	Myeloid
CEBPB	Mixed_myeloid	51	0.005185956262385871	17454	17454	cutsite_bigwig	motif_center	Myeloid
CEBPB	Mixed_myeloid	52	0.004564444986428676	17454	17454	cutsite_bigwig	motif_center	Myeloid
CEBPB	Mixed_myeloid	53	0.005380917016949948	17454	17454	cutsite_bigwig	motif_center	Myeloid
CEBPB	Mixed_myeloid	54	0.005695217395854649	17454	17454	cutsite_bigwig	motif_center	Myeloid
CEBPB	Mixed_myeloid	55	0.0063273628841318515	17454	17454	cutsite_bigwig	motif_center	Myeloid
CEBPB	Mixed_myeloid	56	0.005416364428772199	17454	17454	cutsite_bigwig	motif_center	Myeloid
CEBPB	Mixed_myeloid	57	0.004985087592689609	17454	17454	cutsite_bigwig	motif_center	Myeloid
CEBPB	Mixed_myeloid	58	0.004796034746000936	17454	17454	cutsite_bigwig	motif_center	Myeloid
CEBPB	Mixed_myeloid	59	0.004959092826894213	17454	17454	cutsite_bigwig	motif_center	Myeloid
CEBPB	Mixed_myeloid	60	0.005604235711728938	17454	17454	cutsite_bigwig	motif_center	Myeloid
CEBPB	Mixed_myeloid	61	0.0052403089560169635	17454	17454	cutsite_bigwig	motif_center	Myeloid
CEBPB	Mixed_myeloid	62	0.005733027968009723	17454	17454	cutsite_bigwig	motif_center	Myeloid
CEBPB	Mixed_myeloid	63	0.005232037893784911	17454	17454	cutsite_bigwig	motif_center	Myeloid
CEBPB	Mixed_myeloid	64	0.004713324108313105	17454	17454	cutsite_bigwig	motif_center	Myeloid
CEBPB	Mixed_myeloid	65	0.005289935327701802	17454	17454	cutsite_bigwig	motif_center	Myeloid
CEBPB	Mixed_myeloid	66	0.005176503619773972	17454	17454	cutsite_bigwig	motif_center	Myeloid
CEBPB	Mixed_myeloid	67	0.004864566396506529	17454	17454	cutsite_bigwig	motif_center	Myeloid
CEBPB	Mixed_myeloid	68	0.005306477470948167	17454	17454	cutsite_bigwig	motif_center	Myeloid
CEBPB	Mixed_myeloid	69	0.005337198537346341	17454	17454	cutsite_bigwig	motif_center	Myeloid
CEBPB	Mixed_myeloid	70	0.0051883194244261716	17454	17454	cutsite_bigwig	motif_center	Myeloid
CEBPB	Mixed_myeloid	71	0.00481021370885161	17454	17454	cutsite_bigwig	motif_center	Myeloid
CEBPB	Mixed_myeloid	72	0.004959092827321082	17454	17454	cutsite_bigwig	motif_center	Myeloid
CEBPB	Mixed_myeloid	73	0.0048858348292570635	17454	17454	cutsite_bigwig	motif_center	Myeloid
CEBPB	Mixed_myeloid	74	0.004764132065500223	17454	17454	cutsite_bigwig	motif_center	Myeloid
CEBPB	Mixed_myeloid	75	0.004954366505801698	17454	17454	cutsite_bigwig	motif_center	Myeloid
CEBPB	Mixed_myeloid	76	0.004890561152910796	17454	17454	cutsite_bigwig	motif_center	Myeloid
CEBPB	Mixed_myeloid	77	0.005867728125762868	17454	17454	cutsite_bigwig	motif_center	Myeloid
CEBPB	Mixed_myeloid	78	0.005604235703618417	17454	17454	cutsite_bigwig	motif_center	Myeloid
CEBPB	Mixed_myeloid	79	0.0051552351622650055	17454	17454	cutsite_bigwig	motif_center	Myeloid
CEBPB	Mixed_myeloid	80	0.004507729126061718	17454	17454	cutsite_bigwig	motif_center	Myeloid
CEBPB	Mixed_myeloid	81	0.004565626567235391	17454	17454	cutsite_bigwig	motif_center	Myeloid
CEBPB	Mixed_myeloid	82	0.004937824367677768	17454	17454	cutsite_bigwig	motif_center	Myeloid
CEBPB	Mixed_myeloid	83	0.004879926938456441	17454	17454	cutsite_bigwig	motif_center	Myeloid
CEBPB	Mixed_myeloid	84	0.004961455979970253	17454	17454	cutsite_bigwig	motif_center	Myeloid
CEBPB	Mixed_myeloid	85	0.00466960562657515	17454	17454	cutsite_bigwig	motif_center	Myeloid
CEBPB	Mixed_myeloid	86	0.004913011193360826	17454	17454	cutsite_bigwig	motif_center	Myeloid
CEBPB	Mixed_myeloid	87	0.005001629707762585	17454	17454	cutsite_bigwig	motif_center	Myeloid
CEBPB	Mixed_myeloid	88	0.004538450206546586	17454	17454	cutsite_bigwig	motif_center	Myeloid
CEBPB	Mixed_myeloid	89	0.004673150374544599	17454	17454	cutsite_bigwig	motif_center	Myeloid
CEBPB	Mixed_myeloid	90	0.004980361269889616	17454	17454	cutsite_bigwig	motif_center	Myeloid
CEBPB	Mixed_myeloid	91	0.005152872012603921	17454	17454	cutsite_bigwig	motif_center	Myeloid
CEBPB	Mixed_myeloid	92	0.005162324642409734	17454	17454	cutsite_bigwig	motif_center	Myeloid
CEBPB	Mixed_myeloid	93	0.005182411501610335	17454	17454	cutsite_bigwig	motif_center	Myeloid
CEBPB	Mixed_myeloid	94	0.004901195389989235	17454	17454	cutsite_bigwig	motif_center	Myeloid
CEBPB	Mixed_myeloid	95	0.004524271241561563	17454	17454	cutsite_bigwig	motif_center	Myeloid
CEBPB	Mixed_myeloid	96	0.004403750036414224	17454	17454	cutsite_bigwig	motif_center	Myeloid
CEBPB	Mixed_myeloid	97	0.0041485286820511285	17454	17454	cutsite_bigwig	motif_center	Myeloid
CEBPB	Mixed_myeloid	98	0.004364757901380955	17454	17454	cutsite_bigwig	motif_center	Myeloid
CEBPB	Mixed_myeloid	99	0.004233602479218043	17454	17454	cutsite_bigwig	motif_center	Myeloid
CEBPB	Mixed_myeloid	100	0.003913394192437939	17454	17454	cutsite_bigwig	motif_center	Myeloid
CEBPB	Mixed_myeloid	101	0.004469918540246819	17454	17454	cutsite_bigwig	motif_center	Myeloid
CEBPB	Mixed_myeloid	102	0.0041071733764401685	17454	17454	cutsite_bigwig	motif_center	Myeloid
CEBPB	Mixed_myeloid	103	0.003997286395992052	17454	17454	cutsite_bigwig	motif_center	Myeloid
CEBPB	Mixed_myeloid	104	0.003933481057614713	17454	17454	cutsite_bigwig	motif_center	Myeloid
CEBPB	Mixed_myeloid	105	0.004036278551941928	17454	17454	cutsite_bigwig	motif_center	Myeloid
CEBPB	Mixed_myeloid	106	0.003561283237109469	17454	17454	cutsite_bigwig	motif_center	Myeloid
CEBPB	Mixed_myeloid	107	0.0040126469460524845	17454	17454	cutsite_bigwig	motif_center	Myeloid
CEBPB	Mixed_myeloid	108	0.004013828525578592	17454	17454	cutsite_bigwig	motif_center	Myeloid
CEBPB	Mixed_myeloid	109	0.004030370659860697	17454	17454	cutsite_bigwig	motif_center	Myeloid
CEBPB	Mixed_myeloid	110	0.0041650708026734085	17454	17454	cutsite_bigwig	motif_center	Myeloid
CEBPB	Mixed_myeloid	111	0.003820049344991318	17454	17454	cutsite_bigwig	motif_center	Myeloid
CEBPB	Mixed_myeloid	112	0.00407054437655442	17454	17454	cutsite_bigwig	motif_center	Myeloid
CEBPB	Mixed_myeloid	113	0.0039452968614131735	17454	17454	cutsite_bigwig	motif_center	Myeloid
CEBPB	Mixed_myeloid	114	0.0036546281050458267	17454	17454	cutsite_bigwig	motif_center	Myeloid
CEBPB	Mixed_myeloid	115	0.0035293805779522333	17454	17454	cutsite_bigwig	motif_center	Myeloid
CEBPB	Mixed_myeloid	116	0.003198538069887862	17454	17454	cutsite_bigwig	motif_center	Myeloid
CEBPB	Mixed_myeloid	117	0.003508112128126918	17454	17454	cutsite_bigwig	motif_center	Myeloid
CEBPB	Mixed_myeloid	118	0.0037716045455758046	17454	17454	cutsite_bigwig	motif_center	Myeloid
CEBPB	Mixed_myeloid	119	0.003666443899880027	17454	17454	cutsite_bigwig	motif_center	Myeloid
CEBPB	Mixed_myeloid	120	0.003402951474747489	17454	17454	cutsite_bigwig	motif_center	Myeloid
CEBPB	Mixed_myeloid	121	0.003592004333388509	17454	17454	cutsite_bigwig	motif_center	Myeloid
CEBPB	Mixed_myeloid	122	0.0034194936086027242	17454	17454	cutsite_bigwig	motif_center	Myeloid
CEBPB	Mixed_myeloid	123	0.003616817521365276	17454	17454	cutsite_bigwig	motif_center	Myeloid
CEBPB	Mixed_myeloid	124	0.003919302109277602	17454	17454	cutsite_bigwig	motif_center	Myeloid
CEBPB	Mixed_myeloid	125	0.0038058703872630778	17454	17454	cutsite_bigwig	motif_center	Myeloid
CEBPB	Mixed_myeloid	126	0.0033840461801325616	17454	17454	cutsite_bigwig	motif_center	Myeloid
CEBPB	Mixed_myeloid	127	0.0031914485829132207	17454	17454	cutsite_bigwig	motif_center	Myeloid
CEBPB	Mixed_myeloid	128	0.0033934988346968073	17454	17454	cutsite_bigwig	motif_center	Myeloid
CEBPB	Mixed_myeloid	129	0.003363959320931961	17454	17454	cutsite_bigwig	motif_center	Myeloid
CEBPB	Mixed_myeloid	130	0.0032351670676392624	17454	17454	cutsite_bigwig	motif_center	Myeloid
CEBPB	Mixed_myeloid	131	0.0034986594769776283	17454	17454	cutsite_bigwig	motif_center	Myeloid
CEBPB	Mixed_myeloid	132	0.003431309405144403	17454	17454	cutsite_bigwig	motif_center	Myeloid
CEBPB	Mixed_myeloid	133	0.0036357228057353344	17454	17454	cutsite_bigwig	motif_center	Myeloid
CEBPB	Mixed_myeloid	134	0.003472664717158406	17454	17454	cutsite_bigwig	motif_center	Myeloid
CEBPB	Mixed_myeloid	135	0.003183177526657341	17454	17454	cutsite_bigwig	motif_center	Myeloid
CEBPB	Mixed_myeloid	136	0.0036558096798763686	17454	17454	cutsite_bigwig	motif_center	Myeloid
CEBPB	Mixed_myeloid	137	0.0034159488563645785	17454	17454	cutsite_bigwig	motif_center	Myeloid
CEBPB	Mixed_myeloid	138	0.0034691199644933906	17454	17454	cutsite_bigwig	motif_center	Myeloid
CEBPB	Mixed_myeloid	139	0.003484480516688171	17454	17454	cutsite_bigwig	motif_center	Myeloid
CEBPB	Mixed_myeloid	140	0.0035317437306014044	17454	17454	cutsite_bigwig	motif_center	Myeloid
CEBPB	Mixed_myeloid	141	0.003601456968743626	17454	17454	cutsite_bigwig	motif_center	Myeloid
CEBPB	Mixed_myeloid	142	0.00362863332217565	17454	17454	cutsite_bigwig	motif_center	Myeloid
CEBPB	Mixed_myeloid	143	0.0035990938250587147	17454	17454	cutsite_bigwig	motif_center	Myeloid
CEBPB	Mixed_myeloid	144	0.003440762055439953	17454	17454	cutsite_bigwig	motif_center	Myeloid
CEBPB	Mixed_myeloid	145	0.003300153983408361	17454	17454	cutsite_bigwig	motif_center	Myeloid
CEBPB	Mixed_myeloid	146	0.003987833752526414	17454	17454	cutsite_bigwig	motif_center	Myeloid
CEBPB	Mixed_myeloid	147	0.0040528206866509014	17454	17454	cutsite_bigwig	motif_center	Myeloid
CEBPB	Mixed_myeloid	148	0.0033722303852983613	17454	17454	cutsite_bigwig	motif_center	Myeloid
CEBPB	Mixed_myeloid	149	0.003249346034331763	17454	17454	cutsite_bigwig	motif_center	Myeloid
CEBPB	Mixed_myeloid	150	0.003232803901757136	17454	17454	cutsite_bigwig	motif_center	Myeloid
CEBPB	Mixed_myeloid	151	0.0036416307037927392	17454	17454	cutsite_bigwig	motif_center	Myeloid
CEBPB	Mixed_myeloid	152	0.0035152016189433843	17454	17454	cutsite_bigwig	motif_center	Myeloid
CEBPB	Mixed_myeloid	153	0.0032729776359525105	17454	17454	cutsite_bigwig	motif_center	Myeloid
CEBPB	Mixed_myeloid	154	0.0034478515206442482	17454	17454	cutsite_bigwig	motif_center	Myeloid
CEBPB	Mixed_myeloid	155	0.0034466699436793585	17454	17454	cutsite_bigwig	motif_center	Myeloid
CEBPB	Mixed_myeloid	156	0.00346793838838224	17454	17454	cutsite_bigwig	motif_center	Myeloid
CEBPB	Mixed_myeloid	157	0.0034372173044824156	17454	17454	cutsite_bigwig	motif_center	Myeloid
CEBPB	Mixed_myeloid	158	0.003193811745380391	17454	17454	cutsite_bigwig	motif_center	Myeloid
CEBPB	Mixed_myeloid	159	0.0036818044367075047	17454	17454	cutsite_bigwig	motif_center	Myeloid
CEBPB	Mixed_myeloid	160	0.003549467437152834	17454	17454	cutsite_bigwig	motif_center	Myeloid
CEBPB	Mixed_myeloid	161	0.0035104752803492194	17454	17454	cutsite_bigwig	motif_center	Myeloid
CEBPB	Mixed_myeloid	162	0.0031158274539703763	17454	17454	cutsite_bigwig	motif_center	Myeloid
CEBPB	Mixed_myeloid	163	0.0033356013973649596	17454	17454	cutsite_bigwig	motif_center	Myeloid
CEBPB	Mixed_myeloid	164	0.0032658881575152597	17454	17454	cutsite_bigwig	motif_center	Myeloid
CEBPB	Mixed_myeloid	165	0.0034147672759847324	17454	17454	cutsite_bigwig	motif_center	Myeloid
CEBPB	Mixed_myeloid	166	0.0033096066217515644	17454	17454	cutsite_bigwig	motif_center	Myeloid
CEBPB	Mixed_myeloid	167	0.002870058730266834	17454	17454	cutsite_bigwig	motif_center	Myeloid
CEBPB	Mixed_myeloid	168	0.0030496589416003903	17454	17454	cutsite_bigwig	motif_center	Myeloid
CEBPB	Mixed_myeloid	169	0.0030862879256919663	17454	17454	cutsite_bigwig	motif_center	Myeloid
CEBPB	Mixed_myeloid	170	0.0032812486883665643	17454	17454	cutsite_bigwig	motif_center	Myeloid
CEBPB	Mixed_myeloid	171	0.002849971859967625	17454	17454	cutsite_bigwig	motif_center	Myeloid
CEBPB	Mixed_myeloid	172	0.003106374797271783	17454	17454	cutsite_bigwig	motif_center	Myeloid
CEBPB	Mixed_myeloid	173	0.0031595459271709413	17454	17454	cutsite_bigwig	motif_center	Myeloid
CEBPB	Mixed_myeloid	174	0.0033556882599805166	17454	17454	cutsite_bigwig	motif_center	Myeloid
CEBPB	Mixed_myeloid	175	0.003438398893399652	17454	17454	cutsite_bigwig	motif_center	Myeloid
CEBPB	Mixed_myeloid	176	0.0027802586218254035	17454	17454	cutsite_bigwig	motif_center	Myeloid
CEBPB	Mixed_myeloid	177	0.0028511534463236446	17454	17454	cutsite_bigwig	motif_center	Myeloid
CEBPB	Mixed_myeloid	178	0.0032339854765876786	17454	17454	cutsite_bigwig	motif_center	Myeloid
CEBPB	Mixed_myeloid	179	0.003354506682588757	17454	17454	cutsite_bigwig	motif_center	Myeloid
CEBPB	Mixed_myeloid	180	0.0034301278247645564	17454	17454	cutsite_bigwig	motif_center	Myeloid
CEBPB	Mixed_myeloid	181	0.0035140200236231053	17454	17454	cutsite_bigwig	motif_center	Myeloid
CEBPB	Mixed_myeloid	182	0.0032918829216031778	17454	17454	cutsite_bigwig	motif_center	Myeloid
CEBPB	Mixed_myeloid	183	0.00298467201857451	17454	17454	cutsite_bigwig	motif_center	Myeloid
CEBPB	Mixed_myeloid	184	0.003048477365916109	17454	17454	cutsite_bigwig	motif_center	Myeloid
CEBPB	Mixed_myeloid	185	0.003262343410826418	17454	17454	cutsite_bigwig	motif_center	Myeloid
CEBPB	Mixed_myeloid	186	0.003313151357341799	17454	17454	cutsite_bigwig	motif_center	Myeloid
CEBPB	Mixed_myeloid	187	0.003245801282947356	17454	17454	cutsite_bigwig	motif_center	Myeloid
CEBPB	Mixed_myeloid	188	0.0036404491319502836	17454	17454	cutsite_bigwig	motif_center	Myeloid
CEBPB	Mixed_myeloid	189	0.0033344198148507658	17454	17454	cutsite_bigwig	motif_center	Myeloid
CEBPB	Mixed_myeloid	190	0.003410040963429608	17454	17454	cutsite_bigwig	motif_center	Myeloid
CEBPB	Mixed_myeloid	191	0.003060293163738396	17454	17454	cutsite_bigwig	motif_center	Myeloid
CEBPB	Mixed_myeloid	192	0.0029976694091558595	17454	17454	cutsite_bigwig	motif_center	Myeloid
CEBPB	Mixed_myeloid	193	0.0031819959385938437	17454	17454	cutsite_bigwig	motif_center	Myeloid
CEBPB	Mixed_myeloid	194	0.0035506490136908543	17454	17454	cutsite_bigwig	motif_center	Myeloid
CEBPB	Mixed_myeloid	195	0.003241074971245971	17454	17454	cutsite_bigwig	motif_center	Myeloid
CEBPB	Mixed_myeloid	196	0.003229259153360816	17454	17454	cutsite_bigwig	motif_center	Myeloid
CEBPB	Mixed_myeloid	197	0.0030803800250733446	17454	17454	cutsite_bigwig	motif_center	Myeloid
CEBPB	Mixed_myeloid	198	0.00384722569116656	17454	17454	cutsite_bigwig	motif_center	Myeloid
CEBPB	Mixed_myeloid	199	0.0037609703166078864	17454	17454	cutsite_bigwig	motif_center	Myeloid
CEBPB	Mixed_myeloid	200	0.003914575772390915	17454	17454	cutsite_bigwig	motif_center	Myeloid
CEBPB	Mixed_myeloid	201	0.0034053146367877896	17454	17454	cutsite_bigwig	motif_center	Myeloid
CEBPB	Mixed_myeloid	202	0.0032257144100869303	17454	17454	cutsite_bigwig	motif_center	Myeloid
CEBPB	Mixed_myeloid	203	0.0031784512064185655	17454	17454	cutsite_bigwig	motif_center	Myeloid
CEBPB	Mixed_myeloid	204	0.002974037794729026	17454	17454	cutsite_bigwig	motif_center	Myeloid
CEBPB	Mixed_myeloid	205	0.0034017698994900773	17454	17454	cutsite_bigwig	motif_center	Myeloid
CEBPB	Mixed_myeloid	206	0.0035849148511094327	17454	17454	cutsite_bigwig	motif_center	Myeloid
CEBPB	Mixed_myeloid	207	0.0034880252599620567	17454	17454	cutsite_bigwig	motif_center	Myeloid
CEBPB	Mixed_myeloid	208	0.003329693487355208	17454	17454	cutsite_bigwig	motif_center	Myeloid
CEBPB	Mixed_myeloid	209	0.0032871565919732723	17454	17454	cutsite_bigwig	motif_center	Myeloid
CEBPB	Mixed_myeloid	210	0.00363572280957716	17454	17454	cutsite_bigwig	motif_center	Myeloid
CEBPB	Mixed_myeloid	211	0.0034691199815681715	17454	17454	cutsite_bigwig	motif_center	Myeloid
CEBPB	Mixed_myeloid	212	0.0035482858644566395	17454	17454	cutsite_bigwig	motif_center	Myeloid
CEBPB	Mixed_myeloid	213	0.003548285858907336	17454	17454	cutsite_bigwig	motif_center	Myeloid
CEBPB	Mixed_myeloid	214	0.0034194935966503776	17454	17454	cutsite_bigwig	motif_center	Myeloid
CEBPB	Mixed_myeloid	215	0.0029858536049305294	17454	17454	cutsite_bigwig	motif_center	Myeloid
CEBPB	Mixed_myeloid	216	0.003402951478162445	17454	17454	cutsite_bigwig	motif_center	Myeloid
CEBPB	Mixed_myeloid	217	0.0035589200840334284	17454	17454	cutsite_bigwig	motif_center	Myeloid
CEBPB	Mixed_myeloid	218	0.0035270174201806276	17454	17454	cutsite_bigwig	motif_center	Myeloid
CEBPB	Mixed_myeloid	219	0.0031335511485694597	17454	17454	cutsite_bigwig	motif_center	Myeloid
CEBPB	Mixed_myeloid	220	0.003063837909573499	17454	17454	cutsite_bigwig	motif_center	Myeloid
CEBPB	Mixed_myeloid	221	0.003380501451799109	17454	17454	cutsite_bigwig	motif_center	Myeloid
CEBPB	Mixed_myeloid	222	0.0034691199627859123	17454	17454	cutsite_bigwig	motif_center	Myeloid
CEBPB	Mixed_myeloid	223	0.003535288472167812	17454	17454	cutsite_bigwig	motif_center	Myeloid
CEBPB	Mixed_myeloid	224	0.0036534465101524167	17454	17454	cutsite_bigwig	motif_center	Myeloid
CEBPB	Mixed_myeloid	225	0.003467938392650935	17454	17454	cutsite_bigwig	motif_center	Myeloid
CEBPB	Mixed_myeloid	226	0.0037633334944423592	17454	17454	cutsite_bigwig	motif_center	Myeloid
CEBPB	Mixed_myeloid	227	0.0036061832911167494	17454	17454	cutsite_bigwig	motif_center	Myeloid
CEBPB	Mixed_myeloid	228	0.003563646405125943	17454	17454	cutsite_bigwig	motif_center	Myeloid
CEBPB	Mixed_myeloid	229	0.0034773910382509205	17454	17454	cutsite_bigwig	motif_center	Myeloid
CEBPB	Mixed_myeloid	230	0.0030673826601041666	17454	17454	cutsite_bigwig	motif_center	Myeloid
CEBPB	Mixed_myeloid	231	0.003499841066321734	17454	17454	cutsite_bigwig	motif_center	Myeloid
CEBPB	Mixed_myeloid	232	0.0036014569717317127	17454	17454	cutsite_bigwig	motif_center	Myeloid
CEBPB	Mixed_myeloid	233	0.0037479729452356654	17454	17454	cutsite_bigwig	motif_center	Myeloid
CEBPB	Mixed_myeloid	234	0.0036439938581493887	17454	17454	cutsite_bigwig	motif_center	Myeloid
CEBPB	Mixed_myeloid	235	0.003406496216740766	17454	17454	cutsite_bigwig	motif_center	Myeloid
CEBPB	Mixed_myeloid	236	0.003498659487222497	17454	17454	cutsite_bigwig	motif_center	Myeloid
CEBPB	Mixed_myeloid	237	0.0036109096134898724	17454	17454	cutsite_bigwig	motif_center	Myeloid
CEBPB	Mixed_myeloid	238	0.0036239070053518305	17454	17454	cutsite_bigwig	motif_center	Myeloid
CEBPB	Mixed_myeloid	239	0.0031111011277554276	17454	17454	cutsite_bigwig	motif_center	Myeloid
CEBPB	Mixed_myeloid	240	0.0033485987742864843	17454	17454	cutsite_bigwig	motif_center	Myeloid
CEBPB	Mixed_myeloid	241	0.0034809357768292417	17454	17454	cutsite_bigwig	motif_center	Myeloid
CEBPB	Mixed_myeloid	242	0.0030236641706825602	17454	17454	cutsite_bigwig	motif_center	Myeloid
CEBPB	Mixed_myeloid	243	0.003584914842998912	17454	17454	cutsite_bigwig	motif_center	Myeloid
CEBPB	Mixed_myeloid	244	0.0035341069028865736	17454	17454	cutsite_bigwig	motif_center	Myeloid
CEBPB	Mixed_myeloid	245	0.003017756279455068	17454	17454	cutsite_bigwig	motif_center	Myeloid
CEBPB	Mixed_myeloid	246	0.003498659490637453	17454	17454	cutsite_bigwig	motif_center	Myeloid
CEBPB	Mixed_myeloid	247	0.002797982323254399	17454	17454	cutsite_bigwig	motif_center	Myeloid
CEBPB	Mixed_myeloid	248	0.003202082813588617	17454	17454	cutsite_bigwig	motif_center	Myeloid
CEBPB	Mixed_myeloid	249	0.0033675040714626282	17454	17454	cutsite_bigwig	motif_center	Myeloid
