normalization	condition	regions	n_replicates	mean_profile	mean_profile_sd	mean_flank	mean_center	aggregate_fp_score
raw	Bcell	IRF1 sites	2	9.45855633020401	5.350567453686013	9.457119596269395	9.480107339223228	9.457119596269395
raw	Tcell	IRF1 sites	2	8.582579785585404	4.749495925287825	8.591697476704915	8.445814418792724	8.737580534617107
sample_quantile	Bcell	IRF1 sites	2	9.23194397886594	1.8263634353412338e-07	9.231584362453885	9.237338225046795	9.231584362453885
sample_quantile	Tcell	IRF1 sites	2	8.820938088496526	7.839313823418813e-07	8.829588887956406	8.691176096598307	8.968001679314506
