normalization	sample	condition	scale_factor	mean_profile	center_mean	flank_mean	footprint_contrast
raw	B cell rep1	B cell	0.7200	5.088066	4.678898	5.708416	1.029519
raw	B cell rep2	B cell	1.3800	9.598464	8.795722	10.772854	1.977132
raw	T cell rep1	T cell	0.8800	5.902960	5.391575	6.661391	1.269816
raw	T cell rep2	T cell	1.6200	10.953933	10.026666	12.340332	2.313667
sample_quantile	B cell rep1	B cell	0.7200	7.887103	7.247967	8.865767	1.617800
sample_quantile	B cell rep2	B cell	1.3800	7.885804	7.218405	8.871244	1.652839
sample_quantile	T cell rep1	T cell	0.8800	7.885523	7.210766	8.875111	1.664345
sample_quantile	T cell rep2	T cell	1.6200	7.886283	7.223952	8.872621	1.648669
