tf	lineage	expected_mean_protection	other_mean_protection	expected_contrast	B_cell_center_protection	CD4_T_center_protection	NK_T_cytotoxic_center_protection	CD14_Monocyte_center_protection	FCGR3A_Monocyte_center_protection	Dendritic_cell_center_protection	Mixed_myeloid_center_protection	plotted_sites	n_sites	total_motif_hits	selection_method	score_min_selected	motif_prefixes	selected_for_figure
SPIB	B_cell	0.0004489324231519764	0.0002990654215539715	0.00014986700159800486	0.0004489324231519764	0.0003292871121515277	0.00036267324582563674	0.00015086111301662757	0.00038815314212347696	0.0003244798287939641	0.0002389380874125961	119634	119634	119634	all	6.77114	SPIB_MA0081.3	True
RUNX3	T_NK	0.00034277934312049966	0.000191085557804834	0.00015169378531566566	0.00024264256974268326	0.0002688995457017773	0.00041665914053922197	0.00012869894862213533	0.0002273823807924707	0.00016780487592064601	0.00018889901394623468	37694	37694	37694	all	7.85948	RUNX3_MA0684.3	True
CEBPB	Myeloid	0.000826673658503617	2.330236768335639e-05	0.0008033712908202605	-8.110217235257494e-06	2.890517103428835e-05	4.9112149251038307e-05	0.0015696390603791664	0.0010743381737354364	-7.396773495498318e-05	0.000736685134854848	17454	17454	17454	all	5.75407	CEBPB_MA0466.4	True
CEBPA	Myeloid	0.0008707053812526339	0.00024465222362073184	0.000626053157631902	0.0002543141799430485	0.00023689503823653263	0.0002427474526826143	0.0012590609153693675	0.0011450759847253646	0.0003253131072184978	0.0007533715176973053	39695	39695	39695	all	7.20382	CEBPA_MA0102.5	True
